ISO-10303-21;
HEADER;
/* Generated by software containing ST-Developer
 * from STEP Tools, Inc. (www.steptools.com) 
 */

FILE_DESCRIPTION(
/* description */ (''),
/* implementation_level */ '2;1');

FILE_NAME(
/* name */ 'chassis.step',
/* time_stamp */ '2026-06-14T20:22:30+03:00',
/* author */ (''),
/* organization */ (''),
/* preprocessor_version */ 'ST-DEVELOPER v20.1',
/* originating_system */ 'Autodesk Translation Framework v15.8.0.0',
/* authorisation */ '');

FILE_SCHEMA (('AUTOMOTIVE_DESIGN { 1 0 10303 214 3 1 1 }'));
ENDSEC;

DATA;
#10=MECHANICAL_DESIGN_GEOMETRIC_PRESENTATION_REPRESENTATION('',(#13),#3520);
#11=SHAPE_REPRESENTATION_RELATIONSHIP('SRR','None',#3527,#12);
#12=ADVANCED_BREP_SHAPE_REPRESENTATION('',(#14),#3519);
#13=STYLED_ITEM('',(#3537),#14);
#14=MANIFOLD_SOLID_BREP('G\X\F6vde1',#1744);
#15=(
BOUNDED_SURFACE()
B_SPLINE_SURFACE(5,1,((#2761,#2762),(#2763,#2764),(#2765,#2766),(#2767,
#2768),(#2769,#2770),(#2771,#2772),(#2773,#2774),(#2775,#2776),(#2777,#2778),
(#2779,#2780),(#2781,#2782),(#2783,#2784),(#2785,#2786),(#2787,#2788),(#2789,
#2790),(#2791,#2792),(#2793,#2794),(#2795,#2796),(#2797,#2798),(#2799,#2800),
(#2801,#2802),(#2803,#2804),(#2805,#2806),(#2807,#2808),(#2809,#2810),(#2811,
#2812),(#2813,#2814),(#2815,#2816),(#2817,#2818),(#2819,#2820),(#2821,#2822),
(#2823,#2824),(#2825,#2826),(#2827,#2828),(#2829,#2830),(#2831,#2832),(#2833,
#2834),(#2835,#2836),(#2837,#2838),(#2839,#2840),(#2841,#2842),(#2843,#2844),
(#2845,#2846),(#2847,#2848),(#2849,#2850),(#2851,#2852),(#2853,#2854),(#2855,
#2856),(#2857,#2858),(#2859,#2860),(#2861,#2862),(#2863,#2864),(#2865,#2866),
(#2867,#2868),(#2869,#2870),(#2871,#2872),(#2873,#2874),(#2875,#2876),(#2877,
#2878),(#2879,#2880),(#2881,#2882),(#2883,#2884),(#2885,#2886),(#2887,#2888),
(#2889,#2890),(#2891,#2892),(#2893,#2894),(#2895,#2896),(#2897,#2898),(#2899,
#2900),(#2901,#2902),(#2903,#2904),(#2905,#2906),(#2907,#2908),(#2909,#2910),
(#2911,#2912),(#2913,#2914),(#2915,#2916),(#2917,#2918),(#2919,#2920)),
 .UNSPECIFIED.,.F.,.F.,.F.)
B_SPLINE_SURFACE_WITH_KNOTS((6,1,1,1,1,1,1,1,1,1,1,1,1,1,1,1,1,1,1,1,1,
1,1,1,1,1,1,1,1,1,1,1,1,1,1,1,1,1,1,1,1,1,1,1,1,1,1,1,1,1,1,1,1,1,1,1,1,
1,1,1,1,1,1,1,1,1,1,1,1,1,1,1,1,1,1,6),(2,2),(-1.,-0.986666666666665,-0.973333333333332,
-0.959999999999999,-0.946666666666665,-0.933333333333332,-0.919999999999999,
-0.906666666666666,-0.893333333333332,-0.879999999999999,-0.866666666666666,
-0.853333333333332,-0.839999999999999,-0.826666666666666,-0.813333333333332,
-0.799999999999999,-0.786666666666666,-0.773333333333332,-0.759999999999999,
-0.746666666666666,-0.733333333333333,-0.719999999999999,-0.706666666666666,
-0.693333333333333,-0.679999999999999,-0.666666666666666,-0.653333333333333,
-0.639999999999999,-0.626666666666666,-0.613333333333333,-0.599999999999999,
-0.586666666666666,-0.573333333333333,-0.559999999999999,-0.546666666666666,
-0.533333333333333,-0.52,-0.506666666666666,-0.493333333333333,-0.48,-0.466666666666666,
-0.453333333333333,-0.44,-0.426666666666666,-0.413333333333333,-0.4,-0.386666666666666,
-0.373333333333333,-0.36,-0.346666666666667,-0.333333333333333,-0.32,-0.306666666666667,
-0.293333333333333,-0.28,-0.266666666666667,-0.253333333333333,-0.24,-0.226666666666667,
-0.213333333333333,-0.2,-0.186666666666667,-0.173333333333333,-0.16,-0.146666666666667,
-0.133333333333333,-0.12,-0.106666666666667,-0.0933333333333333,-0.08,-0.0666666666666667,
-0.0533333333333333,-0.04,-0.0266666666666667,-0.0133333333333333,0.),(0.,
0.2),.UNSPECIFIED.)
GEOMETRIC_REPRESENTATION_ITEM()
RATIONAL_B_SPLINE_SURFACE(((1.,1.),(1.,1.),(1.,1.),(1.,1.),(1.,1.),(1.,
1.),(1.,1.),(1.,1.),(1.,1.),(1.,1.),(1.,1.),(1.,1.),(1.,1.),(1.,1.),(1.,
1.),(1.,1.),(1.,1.),(1.,1.),(1.,1.),(1.,1.),(1.,1.),(1.,1.),(1.,1.),(1.,
1.),(1.,1.),(1.,1.),(1.,1.),(1.,1.),(1.,1.),(1.,1.),(1.,1.),(1.,1.),(1.,
1.),(1.,1.),(1.,1.),(1.,1.),(1.,1.),(1.,1.),(1.,1.),(1.,1.),(1.,1.),(1.,
1.),(1.,1.),(1.,1.),(1.,1.),(1.,1.),(1.,1.),(1.,1.),(1.,1.),(1.,1.),(1.,
1.),(1.,1.),(1.,1.),(1.,1.),(1.,1.),(1.,1.),(1.,1.),(1.,1.),(1.,1.),(1.,
1.),(1.,1.),(1.,1.),(1.,1.),(1.,1.),(1.,1.),(1.,1.),(1.,1.),(1.,1.),(1.,
1.),(1.,1.),(1.,1.),(1.,1.),(1.,1.),(1.,1.),(1.,1.),(1.,1.),(1.,1.),(1.,
1.),(1.,1.),(1.,1.)))
REPRESENTATION_ITEM('')
SURFACE()
);
#16=(
BOUNDED_SURFACE()
B_SPLINE_SURFACE(5,1,((#3015,#3016),(#3017,#3018),(#3019,#3020),(#3021,
#3022),(#3023,#3024),(#3025,#3026),(#3027,#3028),(#3029,#3030),(#3031,#3032),
(#3033,#3034),(#3035,#3036),(#3037,#3038),(#3039,#3040),(#3041,#3042),(#3043,
#3044),(#3045,#3046),(#3047,#3048),(#3049,#3050),(#3051,#3052),(#3053,#3054),
(#3055,#3056),(#3057,#3058),(#3059,#3060),(#3061,#3062),(#3063,#3064),(#3065,
#3066),(#3067,#3068),(#3069,#3070),(#3071,#3072),(#3073,#3074),(#3075,#3076),
(#3077,#3078),(#3079,#3080),(#3081,#3082),(#3083,#3084),(#3085,#3086),(#3087,
#3088),(#3089,#3090),(#3091,#3092),(#3093,#3094),(#3095,#3096),(#3097,#3098),
(#3099,#3100),(#3101,#3102),(#3103,#3104),(#3105,#3106),(#3107,#3108),(#3109,
#3110),(#3111,#3112),(#3113,#3114),(#3115,#3116),(#3117,#3118),(#3119,#3120),
(#3121,#3122),(#3123,#3124),(#3125,#3126),(#3127,#3128),(#3129,#3130),(#3131,
#3132),(#3133,#3134),(#3135,#3136),(#3137,#3138),(#3139,#3140),(#3141,#3142),
(#3143,#3144),(#3145,#3146),(#3147,#3148),(#3149,#3150),(#3151,#3152),(#3153,
#3154),(#3155,#3156),(#3157,#3158),(#3159,#3160),(#3161,#3162),(#3163,#3164),
(#3165,#3166),(#3167,#3168),(#3169,#3170),(#3171,#3172),(#3173,#3174)),
 .UNSPECIFIED.,.F.,.F.,.F.)
B_SPLINE_SURFACE_WITH_KNOTS((6,1,1,1,1,1,1,1,1,1,1,1,1,1,1,1,1,1,1,1,1,
1,1,1,1,1,1,1,1,1,1,1,1,1,1,1,1,1,1,1,1,1,1,1,1,1,1,1,1,1,1,1,1,1,1,1,1,
1,1,1,1,1,1,1,1,1,1,1,1,1,1,1,1,1,1,6),(2,2),(0.,0.0133333333333333,0.0266666666666667,
0.04,0.0533333333333333,0.0666666666666667,0.08,0.0933333333333333,0.106666666666667,
0.12,0.133333333333333,0.146666666666667,0.16,0.173333333333333,0.186666666666667,
0.2,0.213333333333333,0.226666666666667,0.24,0.253333333333333,0.266666666666667,
0.28,0.293333333333333,0.306666666666667,0.32,0.333333333333333,0.346666666666667,
0.36,0.373333333333333,0.386666666666666,0.4,0.413333333333333,0.426666666666666,
0.44,0.453333333333333,0.466666666666666,0.48,0.493333333333333,0.506666666666666,
0.52,0.533333333333333,0.546666666666666,0.559999999999999,0.573333333333333,
0.586666666666666,0.599999999999999,0.613333333333333,0.626666666666666,
0.639999999999999,0.653333333333333,0.666666666666666,0.679999999999999,
0.693333333333333,0.706666666666666,0.719999999999999,0.733333333333333,
0.746666666666666,0.759999999999999,0.773333333333332,0.786666666666666,
0.799999999999999,0.813333333333332,0.826666666666666,0.839999999999999,
0.853333333333332,0.866666666666666,0.879999999999999,0.893333333333332,
0.906666666666666,0.919999999999999,0.933333333333332,0.946666666666665,
0.959999999999999,0.973333333333332,0.986666666666665,1.),(0.,0.2),
 .UNSPECIFIED.)
GEOMETRIC_REPRESENTATION_ITEM()
RATIONAL_B_SPLINE_SURFACE(((1.,1.),(1.,1.),(1.,1.),(1.,1.),(1.,1.),(1.,
1.),(1.,1.),(1.,1.),(1.,1.),(1.,1.),(1.,1.),(1.,1.),(1.,1.),(1.,1.),(1.,
1.),(1.,1.),(1.,1.),(1.,1.),(1.,1.),(1.,1.),(1.,1.),(1.,1.),(1.,1.),(1.,
1.),(1.,1.),(1.,1.),(1.,1.),(1.,1.),(1.,1.),(1.,1.),(1.,1.),(1.,1.),(1.,
1.),(1.,1.),(1.,1.),(1.,1.),(1.,1.),(1.,1.),(1.,1.),(1.,1.),(1.,1.),(1.,
1.),(1.,1.),(1.,1.),(1.,1.),(1.,1.),(1.,1.),(1.,1.),(1.,1.),(1.,1.),(1.,
1.),(1.,1.),(1.,1.),(1.,1.),(1.,1.),(1.,1.),(1.,1.),(1.,1.),(1.,1.),(1.,
1.),(1.,1.),(1.,1.),(1.,1.),(1.,1.),(1.,1.),(1.,1.),(1.,1.),(1.,1.),(1.,
1.),(1.,1.),(1.,1.),(1.,1.),(1.,1.),(1.,1.),(1.,1.),(1.,1.),(1.,1.),(1.,
1.),(1.,1.),(1.,1.)))
REPRESENTATION_ITEM('')
SURFACE()
);
#17=(
BOUNDED_CURVE()
B_SPLINE_CURVE(5,(#2582,#2583,#2584,#2585,#2586,#2587,#2588,#2589,#2590,
#2591,#2592,#2593,#2594,#2595,#2596,#2597,#2598,#2599,#2600,#2601,#2602,
#2603,#2604,#2605,#2606,#2607,#2608,#2609,#2610,#2611,#2612,#2613,#2614,
#2615,#2616,#2617,#2618,#2619,#2620,#2621,#2622,#2623,#2624,#2625,#2626,
#2627,#2628,#2629,#2630,#2631,#2632,#2633,#2634,#2635,#2636,#2637,#2638,
#2639,#2640,#2641,#2642,#2643,#2644,#2645,#2646,#2647,#2648,#2649,#2650,
#2651,#2652,#2653,#2654,#2655,#2656,#2657,#2658,#2659,#2660,#2661),
 .UNSPECIFIED.,.F.,.F.)
B_SPLINE_CURVE_WITH_KNOTS((6,1,1,1,1,1,1,1,1,1,1,1,1,1,1,1,1,1,1,1,1,1,
1,1,1,1,1,1,1,1,1,1,1,1,1,1,1,1,1,1,1,1,1,1,1,1,1,1,1,1,1,1,1,1,1,1,1,1,
1,1,1,1,1,1,1,1,1,1,1,1,1,1,1,1,1,6),(-1.,-0.986666666666665,-0.973333333333332,
-0.959999999999999,-0.946666666666665,-0.933333333333332,-0.919999999999999,
-0.906666666666666,-0.893333333333332,-0.879999999999999,-0.866666666666666,
-0.853333333333332,-0.839999999999999,-0.826666666666666,-0.813333333333332,
-0.799999999999999,-0.786666666666666,-0.773333333333332,-0.759999999999999,
-0.746666666666666,-0.733333333333333,-0.719999999999999,-0.706666666666666,
-0.693333333333333,-0.679999999999999,-0.666666666666666,-0.653333333333333,
-0.639999999999999,-0.626666666666666,-0.613333333333333,-0.599999999999999,
-0.586666666666666,-0.573333333333333,-0.559999999999999,-0.546666666666666,
-0.533333333333333,-0.52,-0.506666666666666,-0.493333333333333,-0.48,-0.466666666666666,
-0.453333333333333,-0.44,-0.426666666666666,-0.413333333333333,-0.4,-0.386666666666666,
-0.373333333333333,-0.36,-0.346666666666667,-0.333333333333333,-0.32,-0.306666666666667,
-0.293333333333333,-0.28,-0.266666666666667,-0.253333333333333,-0.24,-0.226666666666667,
-0.213333333333333,-0.2,-0.186666666666667,-0.173333333333333,-0.16,-0.146666666666667,
-0.133333333333333,-0.12,-0.106666666666667,-0.0933333333333333,-0.08,-0.0666666666666667,
-0.0533333333333333,-0.04,-0.0266666666666667,-0.0133333333333333,0.),
 .UNSPECIFIED.)
CURVE()
GEOMETRIC_REPRESENTATION_ITEM()
RATIONAL_B_SPLINE_CURVE((1.,1.,1.,1.,1.,1.,1.,1.,1.,1.,1.,1.,1.,1.,1.,1.,
1.,1.,1.,1.,1.,1.,1.,1.,1.,1.,1.,1.,1.,1.,1.,1.,1.,1.,1.,1.,1.,1.,1.,1.,
1.,1.,1.,1.,1.,1.,1.,1.,1.,1.,1.,1.,1.,1.,1.,1.,1.,1.,1.,1.,1.,1.,1.,1.,
1.,1.,1.,1.,1.,1.,1.,1.,1.,1.,1.,1.,1.,1.,1.,1.))
REPRESENTATION_ITEM('')
);
#18=(
BOUNDED_CURVE()
B_SPLINE_CURVE(5,(#2668,#2669,#2670,#2671,#2672,#2673,#2674,#2675,#2676,
#2677,#2678,#2679,#2680,#2681,#2682,#2683,#2684,#2685,#2686,#2687,#2688,
#2689,#2690,#2691,#2692,#2693,#2694,#2695,#2696,#2697,#2698,#2699,#2700,
#2701,#2702,#2703,#2704,#2705,#2706,#2707,#2708,#2709,#2710,#2711,#2712,
#2713,#2714,#2715,#2716,#2717,#2718,#2719,#2720,#2721,#2722,#2723,#2724,
#2725,#2726,#2727,#2728,#2729,#2730,#2731,#2732,#2733,#2734,#2735,#2736,
#2737,#2738,#2739,#2740,#2741,#2742,#2743,#2744,#2745,#2746,#2747),
 .UNSPECIFIED.,.F.,.F.)
B_SPLINE_CURVE_WITH_KNOTS((6,1,1,1,1,1,1,1,1,1,1,1,1,1,1,1,1,1,1,1,1,1,
1,1,1,1,1,1,1,1,1,1,1,1,1,1,1,1,1,1,1,1,1,1,1,1,1,1,1,1,1,1,1,1,1,1,1,1,
1,1,1,1,1,1,1,1,1,1,1,1,1,1,1,1,1,6),(0.,0.0133333333333333,0.0266666666666667,
0.04,0.0533333333333333,0.0666666666666667,0.08,0.0933333333333333,0.106666666666667,
0.12,0.133333333333333,0.146666666666667,0.16,0.173333333333333,0.186666666666667,
0.2,0.213333333333333,0.226666666666667,0.24,0.253333333333333,0.266666666666667,
0.28,0.293333333333333,0.306666666666667,0.32,0.333333333333333,0.346666666666667,
0.36,0.373333333333333,0.386666666666666,0.4,0.413333333333333,0.426666666666666,
0.44,0.453333333333333,0.466666666666666,0.48,0.493333333333333,0.506666666666666,
0.52,0.533333333333333,0.546666666666666,0.559999999999999,0.573333333333333,
0.586666666666666,0.599999999999999,0.613333333333333,0.626666666666666,
0.639999999999999,0.653333333333333,0.666666666666666,0.679999999999999,
0.693333333333333,0.706666666666666,0.719999999999999,0.733333333333333,
0.746666666666666,0.759999999999999,0.773333333333332,0.786666666666666,
0.799999999999999,0.813333333333332,0.826666666666666,0.839999999999999,
0.853333333333332,0.866666666666666,0.879999999999999,0.893333333333332,
0.906666666666666,0.919999999999999,0.933333333333332,0.946666666666665,
0.959999999999999,0.973333333333332,0.986666666666665,1.),.UNSPECIFIED.)
CURVE()
GEOMETRIC_REPRESENTATION_ITEM()
RATIONAL_B_SPLINE_CURVE((1.,1.,1.,1.,1.,1.,1.,1.,1.,1.,1.,1.,1.,1.,1.,1.,
1.,1.,1.,1.,1.,1.,1.,1.,1.,1.,1.,1.,1.,1.,1.,1.,1.,1.,1.,1.,1.,1.,1.,1.,
1.,1.,1.,1.,1.,1.,1.,1.,1.,1.,1.,1.,1.,1.,1.,1.,1.,1.,1.,1.,1.,1.,1.,1.,
1.,1.,1.,1.,1.,1.,1.,1.,1.,1.,1.,1.,1.,1.,1.,1.))
REPRESENTATION_ITEM('')
);
#19=(
BOUNDED_CURVE()
B_SPLINE_CURVE(5,(#2923,#2924,#2925,#2926,#2927,#2928,#2929,#2930,#2931,
#2932,#2933,#2934,#2935,#2936,#2937,#2938,#2939,#2940,#2941,#2942,#2943,
#2944,#2945,#2946,#2947,#2948,#2949,#2950,#2951,#2952,#2953,#2954,#2955,
#2956,#2957,#2958,#2959,#2960,#2961,#2962,#2963,#2964,#2965,#2966,#2967,
#2968,#2969,#2970,#2971,#2972,#2973,#2974,#2975,#2976,#2977,#2978,#2979,
#2980,#2981,#2982,#2983,#2984,#2985,#2986,#2987,#2988,#2989,#2990,#2991,
#2992,#2993,#2994,#2995,#2996,#2997,#2998,#2999,#3000,#3001,#3002),
 .UNSPECIFIED.,.F.,.F.)
B_SPLINE_CURVE_WITH_KNOTS((6,1,1,1,1,1,1,1,1,1,1,1,1,1,1,1,1,1,1,1,1,1,
1,1,1,1,1,1,1,1,1,1,1,1,1,1,1,1,1,1,1,1,1,1,1,1,1,1,1,1,1,1,1,1,1,1,1,1,
1,1,1,1,1,1,1,1,1,1,1,1,1,1,1,1,1,6),(0.,0.0133333333333333,0.0266666666666667,
0.04,0.0533333333333333,0.0666666666666667,0.08,0.0933333333333333,0.106666666666667,
0.12,0.133333333333333,0.146666666666667,0.16,0.173333333333333,0.186666666666667,
0.2,0.213333333333333,0.226666666666667,0.24,0.253333333333333,0.266666666666667,
0.28,0.293333333333333,0.306666666666667,0.32,0.333333333333333,0.346666666666667,
0.36,0.373333333333333,0.386666666666666,0.4,0.413333333333333,0.426666666666666,
0.44,0.453333333333333,0.466666666666666,0.48,0.493333333333333,0.506666666666666,
0.52,0.533333333333333,0.546666666666666,0.559999999999999,0.573333333333333,
0.586666666666666,0.599999999999999,0.613333333333333,0.626666666666666,
0.639999999999999,0.653333333333333,0.666666666666666,0.679999999999999,
0.693333333333333,0.706666666666666,0.719999999999999,0.733333333333333,
0.746666666666666,0.759999999999999,0.773333333333332,0.786666666666666,
0.799999999999999,0.813333333333332,0.826666666666666,0.839999999999999,
0.853333333333332,0.866666666666666,0.879999999999999,0.893333333333332,
0.906666666666666,0.919999999999999,0.933333333333332,0.946666666666665,
0.959999999999999,0.973333333333332,0.986666666666665,1.),.UNSPECIFIED.)
CURVE()
GEOMETRIC_REPRESENTATION_ITEM()
RATIONAL_B_SPLINE_CURVE((1.,1.,1.,1.,1.,1.,1.,1.,1.,1.,1.,1.,1.,1.,1.,1.,
1.,1.,1.,1.,1.,1.,1.,1.,1.,1.,1.,1.,1.,1.,1.,1.,1.,1.,1.,1.,1.,1.,1.,1.,
1.,1.,1.,1.,1.,1.,1.,1.,1.,1.,1.,1.,1.,1.,1.,1.,1.,1.,1.,1.,1.,1.,1.,1.,
1.,1.,1.,1.,1.,1.,1.,1.,1.,1.,1.,1.,1.,1.,1.,1.))
REPRESENTATION_ITEM('')
);
#20=(
BOUNDED_CURVE()
B_SPLINE_CURVE(5,(#3175,#3176,#3177,#3178,#3179,#3180,#3181,#3182,#3183,
#3184,#3185,#3186,#3187,#3188,#3189,#3190,#3191,#3192,#3193,#3194,#3195,
#3196,#3197,#3198,#3199,#3200,#3201,#3202,#3203,#3204,#3205,#3206,#3207,
#3208,#3209,#3210,#3211,#3212,#3213,#3214,#3215,#3216,#3217,#3218,#3219,
#3220,#3221,#3222,#3223,#3224,#3225,#3226,#3227,#3228,#3229,#3230,#3231,
#3232,#3233,#3234,#3235,#3236,#3237,#3238,#3239,#3240,#3241,#3242,#3243,
#3244,#3245,#3246,#3247,#3248,#3249,#3250,#3251,#3252,#3253,#3254),
 .UNSPECIFIED.,.F.,.F.)
B_SPLINE_CURVE_WITH_KNOTS((6,1,1,1,1,1,1,1,1,1,1,1,1,1,1,1,1,1,1,1,1,1,
1,1,1,1,1,1,1,1,1,1,1,1,1,1,1,1,1,1,1,1,1,1,1,1,1,1,1,1,1,1,1,1,1,1,1,1,
1,1,1,1,1,1,1,1,1,1,1,1,1,1,1,1,1,6),(0.,0.0133333333333333,0.0266666666666667,
0.04,0.0533333333333333,0.0666666666666667,0.08,0.0933333333333333,0.106666666666667,
0.12,0.133333333333333,0.146666666666667,0.16,0.173333333333333,0.186666666666667,
0.2,0.213333333333333,0.226666666666667,0.24,0.253333333333333,0.266666666666667,
0.28,0.293333333333333,0.306666666666667,0.32,0.333333333333333,0.346666666666667,
0.36,0.373333333333333,0.386666666666666,0.4,0.413333333333333,0.426666666666666,
0.44,0.453333333333333,0.466666666666666,0.48,0.493333333333333,0.506666666666666,
0.52,0.533333333333333,0.546666666666666,0.559999999999999,0.573333333333333,
0.586666666666666,0.599999999999999,0.613333333333333,0.626666666666666,
0.639999999999999,0.653333333333333,0.666666666666666,0.679999999999999,
0.693333333333333,0.706666666666666,0.719999999999999,0.733333333333333,
0.746666666666666,0.759999999999999,0.773333333333332,0.786666666666666,
0.799999999999999,0.813333333333332,0.826666666666666,0.839999999999999,
0.853333333333332,0.866666666666666,0.879999999999999,0.893333333333332,
0.906666666666666,0.919999999999999,0.933333333333332,0.946666666666665,
0.959999999999999,0.973333333333332,0.986666666666665,1.),.UNSPECIFIED.)
CURVE()
GEOMETRIC_REPRESENTATION_ITEM()
RATIONAL_B_SPLINE_CURVE((1.,1.,1.,1.,1.,1.,1.,1.,1.,1.,1.,1.,1.,1.,1.,1.,
1.,1.,1.,1.,1.,1.,1.,1.,1.,1.,1.,1.,1.,1.,1.,1.,1.,1.,1.,1.,1.,1.,1.,1.,
1.,1.,1.,1.,1.,1.,1.,1.,1.,1.,1.,1.,1.,1.,1.,1.,1.,1.,1.,1.,1.,1.,1.,1.,
1.,1.,1.,1.,1.,1.,1.,1.,1.,1.,1.,1.,1.,1.,1.,1.))
REPRESENTATION_ITEM('')
);
#21=FACE_BOUND('',#275,.T.);
#22=FACE_BOUND('',#280,.T.);
#23=FACE_BOUND('',#294,.T.);
#24=FACE_BOUND('',#295,.T.);
#25=FACE_BOUND('',#296,.T.);
#26=FACE_BOUND('',#297,.T.);
#27=FACE_BOUND('',#298,.T.);
#28=FACE_BOUND('',#299,.T.);
#29=FACE_BOUND('',#300,.T.);
#30=FACE_BOUND('',#301,.T.);
#31=FACE_BOUND('',#302,.T.);
#32=FACE_BOUND('',#303,.T.);
#33=FACE_BOUND('',#304,.T.);
#34=FACE_BOUND('',#312,.T.);
#35=FACE_BOUND('',#317,.T.);
#36=FACE_BOUND('',#322,.T.);
#37=FACE_BOUND('',#326,.T.);
#38=FACE_BOUND('',#342,.T.);
#39=FACE_BOUND('',#346,.T.);
#40=FACE_BOUND('',#348,.T.);
#41=FACE_BOUND('',#349,.T.);
#42=FACE_BOUND('',#351,.T.);
#43=FACE_BOUND('',#355,.T.);
#44=FACE_BOUND('',#359,.T.);
#45=FACE_BOUND('',#363,.T.);
#46=FACE_BOUND('',#372,.T.);
#47=FACE_BOUND('',#373,.T.);
#48=FACE_BOUND('',#374,.T.);
#49=FACE_BOUND('',#375,.T.);
#50=FACE_BOUND('',#376,.T.);
#51=FACE_BOUND('',#377,.T.);
#52=FACE_BOUND('',#378,.T.);
#53=FACE_BOUND('',#379,.T.);
#54=FACE_BOUND('',#380,.T.);
#55=FACE_BOUND('',#381,.T.);
#56=FACE_BOUND('',#382,.T.);
#57=FACE_BOUND('',#383,.T.);
#58=FACE_BOUND('',#384,.T.);
#59=FACE_BOUND('',#385,.T.);
#60=FACE_BOUND('',#386,.T.);
#61=FACE_BOUND('',#387,.T.);
#62=FACE_BOUND('',#388,.T.);
#63=FACE_BOUND('',#389,.T.);
#64=FACE_BOUND('',#390,.T.);
#65=FACE_BOUND('',#391,.T.);
#66=FACE_BOUND('',#392,.T.);
#67=FACE_BOUND('',#395,.T.);
#68=CIRCLE('',#1764,2.00000000000003);
#69=CIRCLE('',#1765,2.00000000000003);
#70=CIRCLE('',#1767,1.99999999999999);
#71=CIRCLE('',#1768,1.99999999999999);
#72=CIRCLE('',#1770,2.);
#73=CIRCLE('',#1771,2.);
#74=CIRCLE('',#1773,2.);
#75=CIRCLE('',#1774,2.);
#76=CIRCLE('',#1776,2.);
#77=CIRCLE('',#1777,2.);
#78=CIRCLE('',#1779,2.);
#79=CIRCLE('',#1780,2.);
#80=CIRCLE('',#1783,3.);
#81=CIRCLE('',#1784,3.);
#82=CIRCLE('',#1787,2.);
#83=CIRCLE('',#1789,3.00000000000001);
#84=CIRCLE('',#1790,3.00000000000001);
#85=CIRCLE('',#1794,1.99999999999999);
#86=CIRCLE('',#1797,2.);
#87=CIRCLE('',#1800,1.99999999999999);
#88=CIRCLE('',#1803,3.00000000000001);
#89=CIRCLE('',#1804,3.00000000000001);
#90=CIRCLE('',#1807,3.);
#91=CIRCLE('',#1808,3.);
#92=CIRCLE('',#1814,2.);
#93=CIRCLE('',#1815,1.99999999999999);
#94=CIRCLE('',#1816,1.99999999999999);
#95=CIRCLE('',#1817,2.);
#96=CIRCLE('',#1819,1.49999999999999);
#97=CIRCLE('',#1823,1.5);
#98=CIRCLE('',#1825,3.);
#99=CIRCLE('',#1826,1.49999999999999);
#100=CIRCLE('',#1828,3.);
#101=CIRCLE('',#1831,1.49999999999999);
#102=CIRCLE('',#1833,3.);
#103=CIRCLE('',#1834,1.5);
#104=CIRCLE('',#1836,3.);
#105=CIRCLE('',#1839,1.5);
#106=CIRCLE('',#1841,3.);
#107=CIRCLE('',#1842,1.49999999999999);
#108=CIRCLE('',#1844,3.);
#109=CIRCLE('',#1847,3.);
#110=CIRCLE('',#1848,1.5);
#111=CIRCLE('',#1850,3.);
#112=CIRCLE('',#1865,3.99999999999999);
#113=CIRCLE('',#1866,2.29999999999999);
#114=CIRCLE('',#1870,3.99999999999999);
#115=CIRCLE('',#1871,2.29999999999999);
#116=CIRCLE('',#1873,3.99999999999999);
#117=CIRCLE('',#1874,3.99999999999999);
#118=CIRCLE('',#1875,2.29999999999999);
#119=CIRCLE('',#1876,2.29999999999999);
#120=CIRCLE('',#1878,3.99999999999999);
#121=CIRCLE('',#1879,2.29999999999999);
#122=CIRCLE('',#1883,3.99999999999999);
#123=CIRCLE('',#1884,2.29999999999999);
#124=CIRCLE('',#1888,3.99999999999999);
#125=CIRCLE('',#1889,2.29999999999999);
#126=CIRCLE('',#1893,3.99999999999999);
#127=CIRCLE('',#1894,2.29999999999999);
#128=CIRCLE('',#1898,2.);
#129=CIRCLE('',#1900,1.99999999999999);
#130=CIRCLE('',#1902,1.99999999999999);
#131=CIRCLE('',#1904,2.);
#132=CYLINDRICAL_SURFACE('',#1763,2.00000000000003);
#133=CYLINDRICAL_SURFACE('',#1766,1.99999999999999);
#134=CYLINDRICAL_SURFACE('',#1769,2.);
#135=CYLINDRICAL_SURFACE('',#1772,2.);
#136=CYLINDRICAL_SURFACE('',#1775,2.);
#137=CYLINDRICAL_SURFACE('',#1778,2.);
#138=CYLINDRICAL_SURFACE('',#1782,3.);
#139=CYLINDRICAL_SURFACE('',#1788,3.00000000000001);
#140=CYLINDRICAL_SURFACE('',#1796,2.);
#141=CYLINDRICAL_SURFACE('',#1799,1.99999999999999);
#142=CYLINDRICAL_SURFACE('',#1802,3.00000000000001);
#143=CYLINDRICAL_SURFACE('',#1806,3.);
#144=CYLINDRICAL_SURFACE('',#1827,3.);
#145=CYLINDRICAL_SURFACE('',#1829,1.49999999999999);
#146=CYLINDRICAL_SURFACE('',#1835,3.);
#147=CYLINDRICAL_SURFACE('',#1837,1.5);
#148=CYLINDRICAL_SURFACE('',#1843,3.);
#149=CYLINDRICAL_SURFACE('',#1845,1.49999999999999);
#150=CYLINDRICAL_SURFACE('',#1849,3.);
#151=CYLINDRICAL_SURFACE('',#1851,1.5);
#152=CYLINDRICAL_SURFACE('',#1880,3.99999999999999);
#153=CYLINDRICAL_SURFACE('',#1881,2.29999999999999);
#154=CYLINDRICAL_SURFACE('',#1885,3.99999999999999);
#155=CYLINDRICAL_SURFACE('',#1886,2.29999999999999);
#156=CYLINDRICAL_SURFACE('',#1890,3.99999999999999);
#157=CYLINDRICAL_SURFACE('',#1891,2.29999999999999);
#158=CYLINDRICAL_SURFACE('',#1895,3.99999999999999);
#159=CYLINDRICAL_SURFACE('',#1896,2.29999999999999);
#160=CYLINDRICAL_SURFACE('',#1897,2.);
#161=CYLINDRICAL_SURFACE('',#1899,1.99999999999999);
#162=CYLINDRICAL_SURFACE('',#1901,1.99999999999999);
#163=CYLINDRICAL_SURFACE('',#1903,2.);
#164=FACE_OUTER_BOUND('',#260,.T.);
#165=FACE_OUTER_BOUND('',#261,.T.);
#166=FACE_OUTER_BOUND('',#262,.T.);
#167=FACE_OUTER_BOUND('',#263,.T.);
#168=FACE_OUTER_BOUND('',#264,.T.);
#169=FACE_OUTER_BOUND('',#265,.T.);
#170=FACE_OUTER_BOUND('',#266,.T.);
#171=FACE_OUTER_BOUND('',#267,.T.);
#172=FACE_OUTER_BOUND('',#268,.T.);
#173=FACE_OUTER_BOUND('',#269,.T.);
#174=FACE_OUTER_BOUND('',#270,.T.);
#175=FACE_OUTER_BOUND('',#271,.T.);
#176=FACE_OUTER_BOUND('',#272,.T.);
#177=FACE_OUTER_BOUND('',#273,.T.);
#178=FACE_OUTER_BOUND('',#274,.T.);
#179=FACE_OUTER_BOUND('',#276,.T.);
#180=FACE_OUTER_BOUND('',#277,.T.);
#181=FACE_OUTER_BOUND('',#278,.T.);
#182=FACE_OUTER_BOUND('',#279,.T.);
#183=FACE_OUTER_BOUND('',#281,.T.);
#184=FACE_OUTER_BOUND('',#282,.T.);
#185=FACE_OUTER_BOUND('',#283,.T.);
#186=FACE_OUTER_BOUND('',#284,.T.);
#187=FACE_OUTER_BOUND('',#285,.T.);
#188=FACE_OUTER_BOUND('',#286,.T.);
#189=FACE_OUTER_BOUND('',#287,.T.);
#190=FACE_OUTER_BOUND('',#288,.T.);
#191=FACE_OUTER_BOUND('',#289,.T.);
#192=FACE_OUTER_BOUND('',#290,.T.);
#193=FACE_OUTER_BOUND('',#291,.T.);
#194=FACE_OUTER_BOUND('',#292,.T.);
#195=FACE_OUTER_BOUND('',#293,.T.);
#196=FACE_OUTER_BOUND('',#305,.T.);
#197=FACE_OUTER_BOUND('',#306,.T.);
#198=FACE_OUTER_BOUND('',#307,.T.);
#199=FACE_OUTER_BOUND('',#308,.T.);
#200=FACE_OUTER_BOUND('',#309,.T.);
#201=FACE_OUTER_BOUND('',#310,.T.);
#202=FACE_OUTER_BOUND('',#311,.T.);
#203=FACE_OUTER_BOUND('',#313,.T.);
#204=FACE_OUTER_BOUND('',#314,.T.);
#205=FACE_OUTER_BOUND('',#315,.T.);
#206=FACE_OUTER_BOUND('',#316,.T.);
#207=FACE_OUTER_BOUND('',#318,.T.);
#208=FACE_OUTER_BOUND('',#319,.T.);
#209=FACE_OUTER_BOUND('',#320,.T.);
#210=FACE_OUTER_BOUND('',#321,.T.);
#211=FACE_OUTER_BOUND('',#323,.T.);
#212=FACE_OUTER_BOUND('',#324,.T.);
#213=FACE_OUTER_BOUND('',#325,.T.);
#214=FACE_OUTER_BOUND('',#327,.T.);
#215=FACE_OUTER_BOUND('',#328,.T.);
#216=FACE_OUTER_BOUND('',#329,.T.);
#217=FACE_OUTER_BOUND('',#330,.T.);
#218=FACE_OUTER_BOUND('',#331,.T.);
#219=FACE_OUTER_BOUND('',#332,.T.);
#220=FACE_OUTER_BOUND('',#333,.T.);
#221=FACE_OUTER_BOUND('',#334,.T.);
#222=FACE_OUTER_BOUND('',#335,.T.);
#223=FACE_OUTER_BOUND('',#336,.T.);
#224=FACE_OUTER_BOUND('',#337,.T.);
#225=FACE_OUTER_BOUND('',#338,.T.);
#226=FACE_OUTER_BOUND('',#339,.T.);
#227=FACE_OUTER_BOUND('',#340,.T.);
#228=FACE_OUTER_BOUND('',#341,.T.);
#229=FACE_OUTER_BOUND('',#343,.T.);
#230=FACE_OUTER_BOUND('',#344,.T.);
#231=FACE_OUTER_BOUND('',#345,.T.);
#232=FACE_OUTER_BOUND('',#347,.T.);
#233=FACE_OUTER_BOUND('',#350,.T.);
#234=FACE_OUTER_BOUND('',#352,.T.);
#235=FACE_OUTER_BOUND('',#353,.T.);
#236=FACE_OUTER_BOUND('',#354,.T.);
#237=FACE_OUTER_BOUND('',#356,.T.);
#238=FACE_OUTER_BOUND('',#357,.T.);
#239=FACE_OUTER_BOUND('',#358,.T.);
#240=FACE_OUTER_BOUND('',#360,.T.);
#241=FACE_OUTER_BOUND('',#361,.T.);
#242=FACE_OUTER_BOUND('',#362,.T.);
#243=FACE_OUTER_BOUND('',#364,.T.);
#244=FACE_OUTER_BOUND('',#365,.T.);
#245=FACE_OUTER_BOUND('',#366,.T.);
#246=FACE_OUTER_BOUND('',#367,.T.);
#247=FACE_OUTER_BOUND('',#368,.T.);
#248=FACE_OUTER_BOUND('',#369,.T.);
#249=FACE_OUTER_BOUND('',#370,.T.);
#250=FACE_OUTER_BOUND('',#371,.T.);
#251=FACE_OUTER_BOUND('',#393,.T.);
#252=FACE_OUTER_BOUND('',#394,.T.);
#253=FACE_OUTER_BOUND('',#396,.T.);
#254=FACE_OUTER_BOUND('',#397,.T.);
#255=FACE_OUTER_BOUND('',#398,.T.);
#256=FACE_OUTER_BOUND('',#399,.T.);
#257=FACE_OUTER_BOUND('',#400,.T.);
#258=FACE_OUTER_BOUND('',#401,.T.);
#259=FACE_OUTER_BOUND('',#402,.T.);
#260=EDGE_LOOP('',(#1120,#1121,#1122,#1123,#1124,#1125,#1126,#1127));
#261=EDGE_LOOP('',(#1128,#1129,#1130,#1131));
#262=EDGE_LOOP('',(#1132,#1133,#1134,#1135));
#263=EDGE_LOOP('',(#1136,#1137,#1138,#1139));
#264=EDGE_LOOP('',(#1140,#1141,#1142,#1143,#1144,#1145,#1146,#1147));
#265=EDGE_LOOP('',(#1148,#1149,#1150,#1151));
#266=EDGE_LOOP('',(#1152,#1153,#1154,#1155));
#267=EDGE_LOOP('',(#1156,#1157,#1158,#1159));
#268=EDGE_LOOP('',(#1160,#1161,#1162,#1163));
#269=EDGE_LOOP('',(#1164,#1165,#1166,#1167));
#270=EDGE_LOOP('',(#1168,#1169,#1170,#1171));
#271=EDGE_LOOP('',(#1172,#1173,#1174,#1175));
#272=EDGE_LOOP('',(#1176,#1177,#1178,#1179));
#273=EDGE_LOOP('',(#1180,#1181,#1182,#1183));
#274=EDGE_LOOP('',(#1184,#1185,#1186,#1187));
#275=EDGE_LOOP('',(#1188));
#276=EDGE_LOOP('',(#1189,#1190,#1191,#1192));
#277=EDGE_LOOP('',(#1193,#1194,#1195,#1196));
#278=EDGE_LOOP('',(#1197,#1198,#1199,#1200));
#279=EDGE_LOOP('',(#1201,#1202,#1203,#1204));
#280=EDGE_LOOP('',(#1205));
#281=EDGE_LOOP('',(#1206,#1207,#1208,#1209));
#282=EDGE_LOOP('',(#1210,#1211,#1212,#1213));
#283=EDGE_LOOP('',(#1214));
#284=EDGE_LOOP('',(#1215,#1216,#1217,#1218));
#285=EDGE_LOOP('',(#1219));
#286=EDGE_LOOP('',(#1220,#1221,#1222,#1223));
#287=EDGE_LOOP('',(#1224));
#288=EDGE_LOOP('',(#1225,#1226,#1227,#1228));
#289=EDGE_LOOP('',(#1229));
#290=EDGE_LOOP('',(#1230,#1231,#1232,#1233));
#291=EDGE_LOOP('',(#1234,#1235,#1236,#1237));
#292=EDGE_LOOP('',(#1238,#1239,#1240,#1241));
#293=EDGE_LOOP('',(#1242,#1243,#1244,#1245,#1246));
#294=EDGE_LOOP('',(#1247));
#295=EDGE_LOOP('',(#1248));
#296=EDGE_LOOP('',(#1249,#1250,#1251,#1252,#1253,#1254,#1255,#1256));
#297=EDGE_LOOP('',(#1257));
#298=EDGE_LOOP('',(#1258));
#299=EDGE_LOOP('',(#1259));
#300=EDGE_LOOP('',(#1260));
#301=EDGE_LOOP('',(#1261));
#302=EDGE_LOOP('',(#1262));
#303=EDGE_LOOP('',(#1263));
#304=EDGE_LOOP('',(#1264));
#305=EDGE_LOOP('',(#1265));
#306=EDGE_LOOP('',(#1266,#1267,#1268,#1269));
#307=EDGE_LOOP('',(#1270,#1271,#1272,#1273));
#308=EDGE_LOOP('',(#1274,#1275,#1276,#1277));
#309=EDGE_LOOP('',(#1278,#1279,#1280,#1281));
#310=EDGE_LOOP('',(#1282));
#311=EDGE_LOOP('',(#1283));
#312=EDGE_LOOP('',(#1284));
#313=EDGE_LOOP('',(#1285,#1286,#1287,#1288));
#314=EDGE_LOOP('',(#1289,#1290,#1291,#1292));
#315=EDGE_LOOP('',(#1293));
#316=EDGE_LOOP('',(#1294));
#317=EDGE_LOOP('',(#1295));
#318=EDGE_LOOP('',(#1296,#1297,#1298,#1299));
#319=EDGE_LOOP('',(#1300,#1301,#1302,#1303));
#320=EDGE_LOOP('',(#1304));
#321=EDGE_LOOP('',(#1305));
#322=EDGE_LOOP('',(#1306));
#323=EDGE_LOOP('',(#1307,#1308,#1309,#1310));
#324=EDGE_LOOP('',(#1311,#1312,#1313,#1314));
#325=EDGE_LOOP('',(#1315));
#326=EDGE_LOOP('',(#1316));
#327=EDGE_LOOP('',(#1317,#1318,#1319,#1320));
#328=EDGE_LOOP('',(#1321,#1322,#1323,#1324));
#329=EDGE_LOOP('',(#1325,#1326,#1327,#1328));
#330=EDGE_LOOP('',(#1329,#1330,#1331,#1332));
#331=EDGE_LOOP('',(#1333,#1334,#1335,#1336));
#332=EDGE_LOOP('',(#1337,#1338,#1339,#1340));
#333=EDGE_LOOP('',(#1341,#1342,#1343,#1344));
#334=EDGE_LOOP('',(#1345,#1346,#1347,#1348));
#335=EDGE_LOOP('',(#1349,#1350,#1351,#1352));
#336=EDGE_LOOP('',(#1353,#1354,#1355,#1356));
#337=EDGE_LOOP('',(#1357,#1358,#1359,#1360,#1361,#1362,#1363,#1364,#1365,
#1366,#1367,#1368,#1369,#1370,#1371,#1372));
#338=EDGE_LOOP('',(#1373,#1374,#1375,#1376));
#339=EDGE_LOOP('',(#1377,#1378,#1379,#1380,#1381,#1382,#1383,#1384,#1385,
#1386,#1387,#1388,#1389,#1390,#1391,#1392));
#340=EDGE_LOOP('',(#1393,#1394,#1395,#1396));
#341=EDGE_LOOP('',(#1397,#1398,#1399,#1400));
#342=EDGE_LOOP('',(#1401));
#343=EDGE_LOOP('',(#1402,#1403,#1404,#1405));
#344=EDGE_LOOP('',(#1406,#1407,#1408,#1409));
#345=EDGE_LOOP('',(#1410,#1411,#1412,#1413));
#346=EDGE_LOOP('',(#1414));
#347=EDGE_LOOP('',(#1415,#1416,#1417,#1418));
#348=EDGE_LOOP('',(#1419));
#349=EDGE_LOOP('',(#1420));
#350=EDGE_LOOP('',(#1421,#1422,#1423,#1424));
#351=EDGE_LOOP('',(#1425));
#352=EDGE_LOOP('',(#1426,#1427,#1428,#1429));
#353=EDGE_LOOP('',(#1430,#1431,#1432,#1433));
#354=EDGE_LOOP('',(#1434,#1435,#1436,#1437));
#355=EDGE_LOOP('',(#1438));
#356=EDGE_LOOP('',(#1439,#1440,#1441,#1442));
#357=EDGE_LOOP('',(#1443,#1444,#1445,#1446));
#358=EDGE_LOOP('',(#1447,#1448,#1449,#1450));
#359=EDGE_LOOP('',(#1451));
#360=EDGE_LOOP('',(#1452,#1453,#1454,#1455));
#361=EDGE_LOOP('',(#1456,#1457,#1458,#1459));
#362=EDGE_LOOP('',(#1460,#1461,#1462,#1463));
#363=EDGE_LOOP('',(#1464));
#364=EDGE_LOOP('',(#1465,#1466,#1467,#1468));
#365=EDGE_LOOP('',(#1469,#1470,#1471,#1472));
#366=EDGE_LOOP('',(#1473,#1474,#1475,#1476));
#367=EDGE_LOOP('',(#1477,#1478,#1479,#1480));
#368=EDGE_LOOP('',(#1481,#1482,#1483,#1484));
#369=EDGE_LOOP('',(#1485,#1486,#1487,#1488));
#370=EDGE_LOOP('',(#1489,#1490,#1491,#1492));
#371=EDGE_LOOP('',(#1493,#1494,#1495,#1496,#1497));
#372=EDGE_LOOP('',(#1498));
#373=EDGE_LOOP('',(#1499));
#374=EDGE_LOOP('',(#1500));
#375=EDGE_LOOP('',(#1501,#1502,#1503,#1504));
#376=EDGE_LOOP('',(#1505));
#377=EDGE_LOOP('',(#1506));
#378=EDGE_LOOP('',(#1507));
#379=EDGE_LOOP('',(#1508));
#380=EDGE_LOOP('',(#1509));
#381=EDGE_LOOP('',(#1510));
#382=EDGE_LOOP('',(#1511));
#383=EDGE_LOOP('',(#1512));
#384=EDGE_LOOP('',(#1513,#1514,#1515,#1516));
#385=EDGE_LOOP('',(#1517,#1518,#1519,#1520));
#386=EDGE_LOOP('',(#1521,#1522,#1523,#1524));
#387=EDGE_LOOP('',(#1525,#1526,#1527,#1528));
#388=EDGE_LOOP('',(#1529));
#389=EDGE_LOOP('',(#1530));
#390=EDGE_LOOP('',(#1531));
#391=EDGE_LOOP('',(#1532));
#392=EDGE_LOOP('',(#1533));
#393=EDGE_LOOP('',(#1534,#1535,#1536,#1537));
#394=EDGE_LOOP('',(#1538,#1539,#1540,#1541));
#395=EDGE_LOOP('',(#1542,#1543,#1544,#1545));
#396=EDGE_LOOP('',(#1546,#1547,#1548,#1549));
#397=EDGE_LOOP('',(#1550,#1551,#1552,#1553));
#398=EDGE_LOOP('',(#1554,#1555,#1556,#1557));
#399=EDGE_LOOP('',(#1558,#1559,#1560,#1561,#1562,#1563,#1564,#1565));
#400=EDGE_LOOP('',(#1566,#1567,#1568,#1569,#1570,#1571,#1572,#1573));
#401=EDGE_LOOP('',(#1574,#1575,#1576,#1577,#1578,#1579));
#402=EDGE_LOOP('',(#1580,#1581,#1582,#1583,#1584,#1585));
#403=LINE('',#2403,#568);
#404=LINE('',#2405,#569);
#405=LINE('',#2407,#570);
#406=LINE('',#2409,#571);
#407=LINE('',#2411,#572);
#408=LINE('',#2413,#573);
#409=LINE('',#2415,#574);
#410=LINE('',#2416,#575);
#411=LINE('',#2419,#576);
#412=LINE('',#2421,#577);
#413=LINE('',#2422,#578);
#414=LINE('',#2425,#579);
#415=LINE('',#2426,#580);
#416=LINE('',#2429,#581);
#417=LINE('',#2431,#582);
#418=LINE('',#2432,#583);
#419=LINE('',#2436,#584);
#420=LINE('',#2438,#585);
#421=LINE('',#2439,#586);
#422=LINE('',#2440,#587);
#423=LINE('',#2441,#588);
#424=LINE('',#2446,#589);
#425=LINE('',#2452,#590);
#426=LINE('',#2458,#591);
#427=LINE('',#2464,#592);
#428=LINE('',#2470,#593);
#429=LINE('',#2476,#594);
#430=LINE('',#2481,#595);
#431=LINE('',#2483,#596);
#432=LINE('',#2485,#597);
#433=LINE('',#2486,#598);
#434=LINE('',#2491,#599);
#435=LINE('',#2495,#600);
#436=LINE('',#2497,#601);
#437=LINE('',#2498,#602);
#438=LINE('',#2500,#603);
#439=LINE('',#2508,#604);
#440=LINE('',#2511,#605);
#441=LINE('',#2514,#606);
#442=LINE('',#2516,#607);
#443=LINE('',#2517,#608);
#444=LINE('',#2520,#609);
#445=LINE('',#2522,#610);
#446=LINE('',#2523,#611);
#447=LINE('',#2525,#612);
#448=LINE('',#2530,#613);
#449=LINE('',#2532,#614);
#450=LINE('',#2533,#615);
#451=LINE('',#2536,#616);
#452=LINE('',#2541,#617);
#453=LINE('',#2548,#618);
#454=LINE('',#2555,#619);
#455=LINE('',#2561,#620);
#456=LINE('',#2563,#621);
#457=LINE('',#2565,#622);
#458=LINE('',#2566,#623);
#459=LINE('',#2570,#624);
#460=LINE('',#2572,#625);
#461=LINE('',#2574,#626);
#462=LINE('',#2575,#627);
#463=LINE('',#2577,#628);
#464=LINE('',#2578,#629);
#465=LINE('',#2663,#630);
#466=LINE('',#2665,#631);
#467=LINE('',#2667,#632);
#468=LINE('',#2748,#633);
#469=LINE('',#2749,#634);
#470=LINE('',#3003,#635);
#471=LINE('',#3004,#636);
#472=LINE('',#3008,#637);
#473=LINE('',#3009,#638);
#474=LINE('',#3010,#639);
#475=LINE('',#3013,#640);
#476=LINE('',#3014,#641);
#477=LINE('',#3265,#642);
#478=LINE('',#3268,#643);
#479=LINE('',#3279,#644);
#480=LINE('',#3282,#645);
#481=LINE('',#3293,#646);
#482=LINE('',#3296,#647);
#483=LINE('',#3304,#648);
#484=LINE('',#3307,#649);
#485=LINE('',#3309,#650);
#486=LINE('',#3311,#651);
#487=LINE('',#3312,#652);
#488=LINE('',#3317,#653);
#489=LINE('',#3319,#654);
#490=LINE('',#3321,#655);
#491=LINE('',#3322,#656);
#492=LINE('',#3326,#657);
#493=LINE('',#3327,#658);
#494=LINE('',#3328,#659);
#495=LINE('',#3331,#660);
#496=LINE('',#3332,#661);
#497=LINE('',#3335,#662);
#498=LINE('',#3336,#663);
#499=LINE('',#3338,#664);
#500=LINE('',#3342,#665);
#501=LINE('',#3344,#666);
#502=LINE('',#3346,#667);
#503=LINE('',#3348,#668);
#504=LINE('',#3350,#669);
#505=LINE('',#3352,#670);
#506=LINE('',#3354,#671);
#507=LINE('',#3356,#672);
#508=LINE('',#3358,#673);
#509=LINE('',#3360,#674);
#510=LINE('',#3362,#675);
#511=LINE('',#3364,#676);
#512=LINE('',#3366,#677);
#513=LINE('',#3368,#678);
#514=LINE('',#3370,#679);
#515=LINE('',#3371,#680);
#516=LINE('',#3374,#681);
#517=LINE('',#3376,#682);
#518=LINE('',#3377,#683);
#519=LINE('',#3380,#684);
#520=LINE('',#3382,#685);
#521=LINE('',#3384,#686);
#522=LINE('',#3386,#687);
#523=LINE('',#3388,#688);
#524=LINE('',#3390,#689);
#525=LINE('',#3392,#690);
#526=LINE('',#3394,#691);
#527=LINE('',#3396,#692);
#528=LINE('',#3398,#693);
#529=LINE('',#3400,#694);
#530=LINE('',#3402,#695);
#531=LINE('',#3404,#696);
#532=LINE('',#3406,#697);
#533=LINE('',#3407,#698);
#534=LINE('',#3409,#699);
#535=LINE('',#3410,#700);
#536=LINE('',#3416,#701);
#537=LINE('',#3417,#702);
#538=LINE('',#3419,#703);
#539=LINE('',#3420,#704);
#540=LINE('',#3438,#705);
#541=LINE('',#3445,#706);
#542=LINE('',#3452,#707);
#543=LINE('',#3459,#708);
#544=LINE('',#3463,#709);
#545=LINE('',#3467,#710);
#546=LINE('',#3471,#711);
#547=LINE('',#3475,#712);
#548=LINE('',#3477,#713);
#549=LINE('',#3481,#714);
#550=LINE('',#3483,#715);
#551=LINE('',#3485,#716);
#552=LINE('',#3486,#717);
#553=LINE('',#3489,#718);
#554=LINE('',#3491,#719);
#555=LINE('',#3492,#720);
#556=LINE('',#3495,#721);
#557=LINE('',#3496,#722);
#558=LINE('',#3497,#723);
#559=LINE('',#3500,#724);
#560=LINE('',#3501,#725);
#561=LINE('',#3503,#726);
#562=LINE('',#3507,#727);
#563=LINE('',#3508,#728);
#564=LINE('',#3510,#729);
#565=LINE('',#3511,#730);
#566=LINE('',#3513,#731);
#567=LINE('',#3514,#732);
#568=VECTOR('',#1920,10.);
#569=VECTOR('',#1921,10.);
#570=VECTOR('',#1922,10.);
#571=VECTOR('',#1923,10.);
#572=VECTOR('',#1924,10.);
#573=VECTOR('',#1925,10.);
#574=VECTOR('',#1926,10.);
#575=VECTOR('',#1927,10.);
#576=VECTOR('',#1930,10.);
#577=VECTOR('',#1931,10.);
#578=VECTOR('',#1932,10.);
#579=VECTOR('',#1935,10.);
#580=VECTOR('',#1936,10.);
#581=VECTOR('',#1939,10.);
#582=VECTOR('',#1940,10.);
#583=VECTOR('',#1941,10.);
#584=VECTOR('',#1944,10.);
#585=VECTOR('',#1945,10.);
#586=VECTOR('',#1946,10.);
#587=VECTOR('',#1947,10.);
#588=VECTOR('',#1948,10.);
#589=VECTOR('',#1953,2.00000000000003);
#590=VECTOR('',#1960,1.99999999999999);
#591=VECTOR('',#1967,2.);
#592=VECTOR('',#1974,2.);
#593=VECTOR('',#1981,2.);
#594=VECTOR('',#1988,2.);
#595=VECTOR('',#1993,10.);
#596=VECTOR('',#1994,10.);
#597=VECTOR('',#1995,10.);
#598=VECTOR('',#1996,10.);
#599=VECTOR('',#2001,10.);
#600=VECTOR('',#2006,10.);
#601=VECTOR('',#2007,10.);
#602=VECTOR('',#2008,10.);
#603=VECTOR('',#2011,10.);
#604=VECTOR('',#2018,10.);
#605=VECTOR('',#2021,10.);
#606=VECTOR('',#2024,10.);
#607=VECTOR('',#2025,10.);
#608=VECTOR('',#2026,10.);
#609=VECTOR('',#2029,10.);
#610=VECTOR('',#2030,10.);
#611=VECTOR('',#2031,10.);
#612=VECTOR('',#2034,10.);
#613=VECTOR('',#2039,10.);
#614=VECTOR('',#2040,10.);
#615=VECTOR('',#2041,10.);
#616=VECTOR('',#2044,2.);
#617=VECTOR('',#2051,1.99999999999999);
#618=VECTOR('',#2060,3.00000000000001);
#619=VECTOR('',#2069,3.);
#620=VECTOR('',#2076,10.);
#621=VECTOR('',#2077,10.);
#622=VECTOR('',#2078,10.);
#623=VECTOR('',#2079,10.);
#624=VECTOR('',#2082,10.);
#625=VECTOR('',#2083,10.);
#626=VECTOR('',#2084,10.);
#627=VECTOR('',#2085,10.);
#628=VECTOR('',#2088,10.);
#629=VECTOR('',#2089,10.);
#630=VECTOR('',#2092,10.);
#631=VECTOR('',#2093,10.);
#632=VECTOR('',#2094,10.);
#633=VECTOR('',#2095,10.);
#634=VECTOR('',#2096,10.);
#635=VECTOR('',#2109,10.);
#636=VECTOR('',#2110,10.);
#637=VECTOR('',#2113,10.);
#638=VECTOR('',#2114,10.);
#639=VECTOR('',#2115,10.);
#640=VECTOR('',#2118,10.);
#641=VECTOR('',#2119,10.);
#642=VECTOR('',#2132,3.);
#643=VECTOR('',#2137,1.49999999999999);
#644=VECTOR('',#2150,3.);
#645=VECTOR('',#2155,1.5);
#646=VECTOR('',#2168,3.);
#647=VECTOR('',#2173,1.49999999999999);
#648=VECTOR('',#2182,3.);
#649=VECTOR('',#2187,1.5);
#650=VECTOR('',#2190,10.);
#651=VECTOR('',#2193,10.);
#652=VECTOR('',#2194,10.);
#653=VECTOR('',#2199,10.);
#654=VECTOR('',#2200,10.);
#655=VECTOR('',#2201,10.);
#656=VECTOR('',#2202,10.);
#657=VECTOR('',#2205,10.);
#658=VECTOR('',#2206,10.);
#659=VECTOR('',#2207,10.);
#660=VECTOR('',#2210,10.);
#661=VECTOR('',#2211,10.);
#662=VECTOR('',#2214,10.);
#663=VECTOR('',#2215,10.);
#664=VECTOR('',#2218,10.);
#665=VECTOR('',#2221,10.);
#666=VECTOR('',#2222,10.);
#667=VECTOR('',#2223,10.);
#668=VECTOR('',#2224,10.);
#669=VECTOR('',#2225,10.);
#670=VECTOR('',#2226,10.);
#671=VECTOR('',#2227,10.);
#672=VECTOR('',#2228,10.);
#673=VECTOR('',#2229,10.);
#674=VECTOR('',#2230,10.);
#675=VECTOR('',#2231,10.);
#676=VECTOR('',#2232,10.);
#677=VECTOR('',#2233,10.);
#678=VECTOR('',#2234,10.);
#679=VECTOR('',#2235,10.);
#680=VECTOR('',#2236,10.);
#681=VECTOR('',#2239,10.);
#682=VECTOR('',#2240,10.);
#683=VECTOR('',#2241,10.);
#684=VECTOR('',#2244,10.);
#685=VECTOR('',#2245,10.);
#686=VECTOR('',#2246,10.);
#687=VECTOR('',#2247,10.);
#688=VECTOR('',#2248,10.);
#689=VECTOR('',#2249,10.);
#690=VECTOR('',#2250,10.);
#691=VECTOR('',#2251,10.);
#692=VECTOR('',#2252,10.);
#693=VECTOR('',#2253,10.);
#694=VECTOR('',#2254,10.);
#695=VECTOR('',#2255,10.);
#696=VECTOR('',#2256,10.);
#697=VECTOR('',#2257,10.);
#698=VECTOR('',#2258,10.);
#699=VECTOR('',#2261,10.);
#700=VECTOR('',#2262,10.);
#701=VECTOR('',#2271,10.);
#702=VECTOR('',#2272,10.);
#703=VECTOR('',#2275,10.);
#704=VECTOR('',#2276,10.);
#705=VECTOR('',#2303,1.99999999999999);
#706=VECTOR('',#2314,1.99999999999999);
#707=VECTOR('',#2325,1.99999999999999);
#708=VECTOR('',#2336,1.99999999999999);
#709=VECTOR('',#2341,2.);
#710=VECTOR('',#2346,1.99999999999999);
#711=VECTOR('',#2351,1.99999999999999);
#712=VECTOR('',#2356,2.);
#713=VECTOR('',#2359,10.);
#714=VECTOR('',#2362,10.);
#715=VECTOR('',#2363,10.);
#716=VECTOR('',#2364,10.);
#717=VECTOR('',#2365,10.);
#718=VECTOR('',#2368,10.);
#719=VECTOR('',#2369,10.);
#720=VECTOR('',#2370,10.);
#721=VECTOR('',#2373,10.);
#722=VECTOR('',#2374,10.);
#723=VECTOR('',#2375,10.);
#724=VECTOR('',#2378,10.);
#725=VECTOR('',#2379,10.);
#726=VECTOR('',#2382,10.);
#727=VECTOR('',#2387,10.);
#728=VECTOR('',#2388,10.);
#729=VECTOR('',#2389,10.);
#730=VECTOR('',#2390,10.);
#731=VECTOR('',#2393,10.);
#732=VECTOR('',#2394,10.);
#733=VERTEX_POINT('',#2401);
#734=VERTEX_POINT('',#2402);
#735=VERTEX_POINT('',#2404);
#736=VERTEX_POINT('',#2406);
#737=VERTEX_POINT('',#2408);
#738=VERTEX_POINT('',#2410);
#739=VERTEX_POINT('',#2412);
#740=VERTEX_POINT('',#2414);
#741=VERTEX_POINT('',#2418);
#742=VERTEX_POINT('',#2420);
#743=VERTEX_POINT('',#2424);
#744=VERTEX_POINT('',#2428);
#745=VERTEX_POINT('',#2430);
#746=VERTEX_POINT('',#2434);
#747=VERTEX_POINT('',#2435);
#748=VERTEX_POINT('',#2437);
#749=VERTEX_POINT('',#2443);
#750=VERTEX_POINT('',#2445);
#751=VERTEX_POINT('',#2449);
#752=VERTEX_POINT('',#2451);
#753=VERTEX_POINT('',#2455);
#754=VERTEX_POINT('',#2457);
#755=VERTEX_POINT('',#2461);
#756=VERTEX_POINT('',#2463);
#757=VERTEX_POINT('',#2467);
#758=VERTEX_POINT('',#2469);
#759=VERTEX_POINT('',#2473);
#760=VERTEX_POINT('',#2475);
#761=VERTEX_POINT('',#2479);
#762=VERTEX_POINT('',#2480);
#763=VERTEX_POINT('',#2482);
#764=VERTEX_POINT('',#2484);
#765=VERTEX_POINT('',#2488);
#766=VERTEX_POINT('',#2490);
#767=VERTEX_POINT('',#2494);
#768=VERTEX_POINT('',#2496);
#769=VERTEX_POINT('',#2501);
#770=VERTEX_POINT('',#2504);
#771=VERTEX_POINT('',#2505);
#772=VERTEX_POINT('',#2507);
#773=VERTEX_POINT('',#2509);
#774=VERTEX_POINT('',#2513);
#775=VERTEX_POINT('',#2515);
#776=VERTEX_POINT('',#2519);
#777=VERTEX_POINT('',#2521);
#778=VERTEX_POINT('',#2526);
#779=VERTEX_POINT('',#2529);
#780=VERTEX_POINT('',#2531);
#781=VERTEX_POINT('',#2535);
#782=VERTEX_POINT('',#2540);
#783=VERTEX_POINT('',#2545);
#784=VERTEX_POINT('',#2547);
#785=VERTEX_POINT('',#2552);
#786=VERTEX_POINT('',#2554);
#787=VERTEX_POINT('',#2559);
#788=VERTEX_POINT('',#2560);
#789=VERTEX_POINT('',#2562);
#790=VERTEX_POINT('',#2564);
#791=VERTEX_POINT('',#2568);
#792=VERTEX_POINT('',#2569);
#793=VERTEX_POINT('',#2571);
#794=VERTEX_POINT('',#2573);
#795=VERTEX_POINT('',#2580);
#796=VERTEX_POINT('',#2581);
#797=VERTEX_POINT('',#2662);
#798=VERTEX_POINT('',#2664);
#799=VERTEX_POINT('',#2666);
#800=VERTEX_POINT('',#2750);
#801=VERTEX_POINT('',#2752);
#802=VERTEX_POINT('',#2754);
#803=VERTEX_POINT('',#2756);
#804=VERTEX_POINT('',#2759);
#805=VERTEX_POINT('',#2921);
#806=VERTEX_POINT('',#2922);
#807=VERTEX_POINT('',#3006);
#808=VERTEX_POINT('',#3007);
#809=VERTEX_POINT('',#3012);
#810=VERTEX_POINT('',#3256);
#811=VERTEX_POINT('',#3259);
#812=VERTEX_POINT('',#3261);
#813=VERTEX_POINT('',#3264);
#814=VERTEX_POINT('',#3270);
#815=VERTEX_POINT('',#3273);
#816=VERTEX_POINT('',#3275);
#817=VERTEX_POINT('',#3278);
#818=VERTEX_POINT('',#3284);
#819=VERTEX_POINT('',#3287);
#820=VERTEX_POINT('',#3289);
#821=VERTEX_POINT('',#3292);
#822=VERTEX_POINT('',#3298);
#823=VERTEX_POINT('',#3300);
#824=VERTEX_POINT('',#3303);
#825=VERTEX_POINT('',#3315);
#826=VERTEX_POINT('',#3316);
#827=VERTEX_POINT('',#3318);
#828=VERTEX_POINT('',#3320);
#829=VERTEX_POINT('',#3324);
#830=VERTEX_POINT('',#3325);
#831=VERTEX_POINT('',#3330);
#832=VERTEX_POINT('',#3334);
#833=VERTEX_POINT('',#3340);
#834=VERTEX_POINT('',#3341);
#835=VERTEX_POINT('',#3343);
#836=VERTEX_POINT('',#3345);
#837=VERTEX_POINT('',#3347);
#838=VERTEX_POINT('',#3349);
#839=VERTEX_POINT('',#3351);
#840=VERTEX_POINT('',#3353);
#841=VERTEX_POINT('',#3355);
#842=VERTEX_POINT('',#3357);
#843=VERTEX_POINT('',#3359);
#844=VERTEX_POINT('',#3361);
#845=VERTEX_POINT('',#3363);
#846=VERTEX_POINT('',#3365);
#847=VERTEX_POINT('',#3367);
#848=VERTEX_POINT('',#3369);
#849=VERTEX_POINT('',#3373);
#850=VERTEX_POINT('',#3375);
#851=VERTEX_POINT('',#3379);
#852=VERTEX_POINT('',#3381);
#853=VERTEX_POINT('',#3383);
#854=VERTEX_POINT('',#3385);
#855=VERTEX_POINT('',#3387);
#856=VERTEX_POINT('',#3389);
#857=VERTEX_POINT('',#3391);
#858=VERTEX_POINT('',#3393);
#859=VERTEX_POINT('',#3395);
#860=VERTEX_POINT('',#3397);
#861=VERTEX_POINT('',#3399);
#862=VERTEX_POINT('',#3401);
#863=VERTEX_POINT('',#3403);
#864=VERTEX_POINT('',#3405);
#865=VERTEX_POINT('',#3413);
#866=VERTEX_POINT('',#3423);
#867=VERTEX_POINT('',#3428);
#868=VERTEX_POINT('',#3430);
#869=VERTEX_POINT('',#3434);
#870=VERTEX_POINT('',#3441);
#871=VERTEX_POINT('',#3448);
#872=VERTEX_POINT('',#3455);
#873=VERTEX_POINT('',#3461);
#874=VERTEX_POINT('',#3465);
#875=VERTEX_POINT('',#3469);
#876=VERTEX_POINT('',#3473);
#877=VERTEX_POINT('',#3479);
#878=VERTEX_POINT('',#3480);
#879=VERTEX_POINT('',#3482);
#880=VERTEX_POINT('',#3484);
#881=VERTEX_POINT('',#3488);
#882=VERTEX_POINT('',#3490);
#883=VERTEX_POINT('',#3494);
#884=VERTEX_POINT('',#3499);
#885=VERTEX_POINT('',#3506);
#886=VERTEX_POINT('',#3509);
#887=EDGE_CURVE('',#733,#734,#403,.T.);
#888=EDGE_CURVE('',#735,#733,#404,.T.);
#889=EDGE_CURVE('',#736,#735,#405,.T.);
#890=EDGE_CURVE('',#737,#736,#406,.T.);
#891=EDGE_CURVE('',#738,#737,#407,.T.);
#892=EDGE_CURVE('',#739,#738,#408,.T.);
#893=EDGE_CURVE('',#740,#739,#409,.T.);
#894=EDGE_CURVE('',#734,#740,#410,.T.);
#895=EDGE_CURVE('',#736,#741,#411,.T.);
#896=EDGE_CURVE('',#741,#742,#412,.T.);
#897=EDGE_CURVE('',#742,#737,#413,.T.);
#898=EDGE_CURVE('',#743,#735,#414,.T.);
#899=EDGE_CURVE('',#743,#741,#415,.T.);
#900=EDGE_CURVE('',#744,#734,#416,.T.);
#901=EDGE_CURVE('',#744,#745,#417,.T.);
#902=EDGE_CURVE('',#745,#733,#418,.T.);
#903=EDGE_CURVE('',#746,#747,#419,.T.);
#904=EDGE_CURVE('',#748,#746,#420,.T.);
#905=EDGE_CURVE('',#742,#748,#421,.T.);
#906=EDGE_CURVE('',#745,#743,#422,.T.);
#907=EDGE_CURVE('',#747,#744,#423,.T.);
#908=EDGE_CURVE('',#749,#749,#68,.T.);
#909=EDGE_CURVE('',#749,#750,#424,.T.);
#910=EDGE_CURVE('',#750,#750,#69,.T.);
#911=EDGE_CURVE('',#751,#751,#70,.T.);
#912=EDGE_CURVE('',#751,#752,#425,.T.);
#913=EDGE_CURVE('',#752,#752,#71,.T.);
#914=EDGE_CURVE('',#753,#753,#72,.T.);
#915=EDGE_CURVE('',#753,#754,#426,.T.);
#916=EDGE_CURVE('',#754,#754,#73,.T.);
#917=EDGE_CURVE('',#755,#755,#74,.T.);
#918=EDGE_CURVE('',#755,#756,#427,.T.);
#919=EDGE_CURVE('',#756,#756,#75,.T.);
#920=EDGE_CURVE('',#757,#757,#76,.T.);
#921=EDGE_CURVE('',#757,#758,#428,.T.);
#922=EDGE_CURVE('',#758,#758,#77,.T.);
#923=EDGE_CURVE('',#759,#759,#78,.T.);
#924=EDGE_CURVE('',#759,#760,#429,.T.);
#925=EDGE_CURVE('',#760,#760,#79,.T.);
#926=EDGE_CURVE('',#761,#762,#430,.T.);
#927=EDGE_CURVE('',#761,#763,#431,.T.);
#928=EDGE_CURVE('',#763,#764,#432,.T.);
#929=EDGE_CURVE('',#764,#762,#433,.T.);
#930=EDGE_CURVE('',#765,#761,#80,.T.);
#931=EDGE_CURVE('',#765,#766,#434,.T.);
#932=EDGE_CURVE('',#766,#763,#81,.T.);
#933=EDGE_CURVE('',#767,#765,#435,.T.);
#934=EDGE_CURVE('',#767,#768,#436,.F.);
#935=EDGE_CURVE('',#768,#766,#437,.T.);
#936=EDGE_CURVE('',#764,#768,#438,.T.);
#937=EDGE_CURVE('',#769,#769,#82,.T.);
#938=EDGE_CURVE('',#770,#771,#83,.T.);
#939=EDGE_CURVE('',#770,#772,#439,.T.);
#940=EDGE_CURVE('',#772,#773,#84,.T.);
#941=EDGE_CURVE('',#771,#773,#440,.T.);
#942=EDGE_CURVE('',#774,#770,#441,.T.);
#943=EDGE_CURVE('',#775,#774,#442,.F.);
#944=EDGE_CURVE('',#775,#772,#443,.T.);
#945=EDGE_CURVE('',#771,#776,#444,.T.);
#946=EDGE_CURVE('',#773,#777,#445,.T.);
#947=EDGE_CURVE('',#777,#776,#446,.T.);
#948=EDGE_CURVE('',#777,#775,#447,.T.);
#949=EDGE_CURVE('',#778,#778,#85,.T.);
#950=EDGE_CURVE('',#779,#775,#448,.F.);
#951=EDGE_CURVE('',#780,#779,#449,.F.);
#952=EDGE_CURVE('',#780,#777,#450,.T.);
#953=EDGE_CURVE('',#769,#781,#451,.T.);
#954=EDGE_CURVE('',#781,#781,#86,.T.);
#955=EDGE_CURVE('',#778,#782,#452,.T.);
#956=EDGE_CURVE('',#782,#782,#87,.T.);
#957=EDGE_CURVE('',#783,#783,#88,.T.);
#958=EDGE_CURVE('',#783,#784,#453,.T.);
#959=EDGE_CURVE('',#784,#784,#89,.T.);
#960=EDGE_CURVE('',#785,#785,#90,.T.);
#961=EDGE_CURVE('',#785,#786,#454,.T.);
#962=EDGE_CURVE('',#786,#786,#91,.T.);
#963=EDGE_CURVE('',#787,#788,#455,.T.);
#964=EDGE_CURVE('',#787,#789,#456,.T.);
#965=EDGE_CURVE('',#790,#789,#457,.F.);
#966=EDGE_CURVE('',#788,#790,#458,.T.);
#967=EDGE_CURVE('',#791,#792,#459,.T.);
#968=EDGE_CURVE('',#791,#793,#460,.T.);
#969=EDGE_CURVE('',#794,#793,#461,.F.);
#970=EDGE_CURVE('',#792,#794,#462,.T.);
#971=EDGE_CURVE('',#788,#791,#463,.T.);
#972=EDGE_CURVE('',#793,#790,#464,.F.);
#973=EDGE_CURVE('',#795,#796,#17,.T.);
#974=EDGE_CURVE('',#796,#797,#465,.T.);
#975=EDGE_CURVE('',#797,#798,#466,.T.);
#976=EDGE_CURVE('',#798,#799,#467,.T.);
#977=EDGE_CURVE('',#799,#795,#18,.T.);
#978=EDGE_CURVE('',#762,#774,#468,.T.);
#979=EDGE_CURVE('',#776,#767,#469,.T.);
#980=EDGE_CURVE('',#800,#800,#92,.T.);
#981=EDGE_CURVE('',#801,#801,#93,.T.);
#982=EDGE_CURVE('',#802,#802,#94,.T.);
#983=EDGE_CURVE('',#803,#803,#95,.T.);
#984=EDGE_CURVE('',#804,#804,#96,.T.);
#985=EDGE_CURVE('',#805,#806,#19,.T.);
#986=EDGE_CURVE('',#805,#796,#470,.T.);
#987=EDGE_CURVE('',#806,#795,#471,.T.);
#988=EDGE_CURVE('',#807,#808,#472,.T.);
#989=EDGE_CURVE('',#808,#798,#473,.T.);
#990=EDGE_CURVE('',#807,#797,#474,.T.);
#991=EDGE_CURVE('',#808,#809,#475,.T.);
#992=EDGE_CURVE('',#809,#799,#476,.T.);
#993=EDGE_CURVE('',#809,#806,#20,.T.);
#994=EDGE_CURVE('',#810,#810,#97,.T.);
#995=EDGE_CURVE('',#811,#811,#98,.T.);
#996=EDGE_CURVE('',#812,#812,#99,.T.);
#997=EDGE_CURVE('',#811,#813,#477,.T.);
#998=EDGE_CURVE('',#813,#813,#100,.T.);
#999=EDGE_CURVE('',#812,#804,#478,.T.);
#1000=EDGE_CURVE('',#814,#814,#101,.T.);
#1001=EDGE_CURVE('',#815,#815,#102,.T.);
#1002=EDGE_CURVE('',#816,#816,#103,.T.);
#1003=EDGE_CURVE('',#815,#817,#479,.T.);
#1004=EDGE_CURVE('',#817,#817,#104,.T.);
#1005=EDGE_CURVE('',#816,#810,#480,.T.);
#1006=EDGE_CURVE('',#818,#818,#105,.T.);
#1007=EDGE_CURVE('',#819,#819,#106,.T.);
#1008=EDGE_CURVE('',#820,#820,#107,.T.);
#1009=EDGE_CURVE('',#819,#821,#481,.T.);
#1010=EDGE_CURVE('',#821,#821,#108,.T.);
#1011=EDGE_CURVE('',#820,#814,#482,.T.);
#1012=EDGE_CURVE('',#822,#822,#109,.T.);
#1013=EDGE_CURVE('',#823,#823,#110,.T.);
#1014=EDGE_CURVE('',#822,#824,#483,.T.);
#1015=EDGE_CURVE('',#824,#824,#111,.T.);
#1016=EDGE_CURVE('',#823,#818,#484,.T.);
#1017=EDGE_CURVE('',#738,#748,#485,.T.);
#1018=EDGE_CURVE('',#746,#739,#486,.T.);
#1019=EDGE_CURVE('',#747,#740,#487,.T.);
#1020=EDGE_CURVE('',#825,#826,#488,.T.);
#1021=EDGE_CURVE('',#826,#827,#489,.T.);
#1022=EDGE_CURVE('',#827,#828,#490,.T.);
#1023=EDGE_CURVE('',#828,#825,#491,.T.);
#1024=EDGE_CURVE('',#829,#830,#492,.T.);
#1025=EDGE_CURVE('',#829,#826,#493,.T.);
#1026=EDGE_CURVE('',#830,#825,#494,.T.);
#1027=EDGE_CURVE('',#831,#829,#495,.T.);
#1028=EDGE_CURVE('',#831,#827,#496,.T.);
#1029=EDGE_CURVE('',#832,#831,#497,.T.);
#1030=EDGE_CURVE('',#832,#828,#498,.T.);
#1031=EDGE_CURVE('',#830,#832,#499,.T.);
#1032=EDGE_CURVE('',#833,#834,#500,.T.);
#1033=EDGE_CURVE('',#833,#835,#501,.T.);
#1034=EDGE_CURVE('',#835,#836,#502,.T.);
#1035=EDGE_CURVE('',#836,#837,#503,.T.);
#1036=EDGE_CURVE('',#838,#837,#504,.T.);
#1037=EDGE_CURVE('',#838,#839,#505,.T.);
#1038=EDGE_CURVE('',#840,#839,#506,.T.);
#1039=EDGE_CURVE('',#841,#840,#507,.T.);
#1040=EDGE_CURVE('',#842,#841,#508,.T.);
#1041=EDGE_CURVE('',#842,#843,#509,.T.);
#1042=EDGE_CURVE('',#844,#843,#510,.T.);
#1043=EDGE_CURVE('',#845,#844,#511,.T.);
#1044=EDGE_CURVE('',#846,#845,#512,.T.);
#1045=EDGE_CURVE('',#847,#846,#513,.T.);
#1046=EDGE_CURVE('',#848,#847,#514,.T.);
#1047=EDGE_CURVE('',#834,#848,#515,.T.);
#1048=EDGE_CURVE('',#849,#835,#516,.T.);
#1049=EDGE_CURVE('',#850,#833,#517,.T.);
#1050=EDGE_CURVE('',#850,#849,#518,.T.);
#1051=EDGE_CURVE('',#851,#850,#519,.T.);
#1052=EDGE_CURVE('',#851,#852,#520,.T.);
#1053=EDGE_CURVE('',#852,#853,#521,.T.);
#1054=EDGE_CURVE('',#853,#854,#522,.T.);
#1055=EDGE_CURVE('',#855,#854,#523,.T.);
#1056=EDGE_CURVE('',#855,#856,#524,.T.);
#1057=EDGE_CURVE('',#857,#856,#525,.T.);
#1058=EDGE_CURVE('',#858,#857,#526,.T.);
#1059=EDGE_CURVE('',#859,#858,#527,.T.);
#1060=EDGE_CURVE('',#859,#860,#528,.T.);
#1061=EDGE_CURVE('',#861,#860,#529,.T.);
#1062=EDGE_CURVE('',#862,#861,#530,.T.);
#1063=EDGE_CURVE('',#863,#862,#531,.T.);
#1064=EDGE_CURVE('',#864,#863,#532,.T.);
#1065=EDGE_CURVE('',#849,#864,#533,.T.);
#1066=EDGE_CURVE('',#838,#862,#534,.T.);
#1067=EDGE_CURVE('',#861,#839,#535,.T.);
#1068=EDGE_CURVE('',#836,#864,#112,.T.);
#1069=EDGE_CURVE('',#865,#865,#113,.T.);
#1070=EDGE_CURVE('',#848,#852,#536,.T.);
#1071=EDGE_CURVE('',#834,#851,#537,.T.);
#1072=EDGE_CURVE('',#855,#845,#538,.T.);
#1073=EDGE_CURVE('',#844,#856,#539,.T.);
#1074=EDGE_CURVE('',#853,#847,#114,.T.);
#1075=EDGE_CURVE('',#866,#866,#115,.T.);
#1076=EDGE_CURVE('',#841,#859,#116,.T.);
#1077=EDGE_CURVE('',#858,#842,#117,.T.);
#1078=EDGE_CURVE('',#867,#867,#118,.F.);
#1079=EDGE_CURVE('',#868,#868,#119,.F.);
#1080=EDGE_CURVE('',#843,#857,#120,.T.);
#1081=EDGE_CURVE('',#869,#869,#121,.T.);
#1082=EDGE_CURVE('',#869,#868,#540,.T.);
#1083=EDGE_CURVE('',#860,#840,#122,.T.);
#1084=EDGE_CURVE('',#870,#870,#123,.T.);
#1085=EDGE_CURVE('',#870,#867,#541,.T.);
#1086=EDGE_CURVE('',#837,#863,#124,.T.);
#1087=EDGE_CURVE('',#871,#871,#125,.F.);
#1088=EDGE_CURVE('',#871,#865,#542,.T.);
#1089=EDGE_CURVE('',#854,#846,#126,.T.);
#1090=EDGE_CURVE('',#872,#872,#127,.F.);
#1091=EDGE_CURVE('',#872,#866,#543,.T.);
#1092=EDGE_CURVE('',#873,#873,#128,.T.);
#1093=EDGE_CURVE('',#873,#800,#544,.T.);
#1094=EDGE_CURVE('',#874,#874,#129,.T.);
#1095=EDGE_CURVE('',#874,#801,#545,.T.);
#1096=EDGE_CURVE('',#875,#875,#130,.T.);
#1097=EDGE_CURVE('',#875,#802,#546,.T.);
#1098=EDGE_CURVE('',#876,#876,#131,.T.);
#1099=EDGE_CURVE('',#876,#803,#547,.T.);
#1100=EDGE_CURVE('',#805,#807,#548,.T.);
#1101=EDGE_CURVE('',#877,#878,#549,.T.);
#1102=EDGE_CURVE('',#878,#879,#550,.T.);
#1103=EDGE_CURVE('',#879,#880,#551,.T.);
#1104=EDGE_CURVE('',#880,#877,#552,.T.);
#1105=EDGE_CURVE('',#880,#881,#553,.T.);
#1106=EDGE_CURVE('',#882,#881,#554,.T.);
#1107=EDGE_CURVE('',#877,#882,#555,.T.);
#1108=EDGE_CURVE('',#879,#883,#556,.T.);
#1109=EDGE_CURVE('',#881,#883,#557,.T.);
#1110=EDGE_CURVE('',#792,#787,#558,.T.);
#1111=EDGE_CURVE('',#878,#884,#559,.T.);
#1112=EDGE_CURVE('',#883,#884,#560,.T.);
#1113=EDGE_CURVE('',#884,#882,#561,.T.);
#1114=EDGE_CURVE('',#768,#885,#562,.F.);
#1115=EDGE_CURVE('',#794,#885,#563,.F.);
#1116=EDGE_CURVE('',#886,#789,#564,.F.);
#1117=EDGE_CURVE('',#886,#764,#565,.T.);
#1118=EDGE_CURVE('',#885,#780,#566,.F.);
#1119=EDGE_CURVE('',#779,#886,#567,.F.);
#1120=ORIENTED_EDGE('',*,*,#887,.F.);
#1121=ORIENTED_EDGE('',*,*,#888,.F.);
#1122=ORIENTED_EDGE('',*,*,#889,.F.);
#1123=ORIENTED_EDGE('',*,*,#890,.F.);
#1124=ORIENTED_EDGE('',*,*,#891,.F.);
#1125=ORIENTED_EDGE('',*,*,#892,.F.);
#1126=ORIENTED_EDGE('',*,*,#893,.F.);
#1127=ORIENTED_EDGE('',*,*,#894,.F.);
#1128=ORIENTED_EDGE('',*,*,#890,.T.);
#1129=ORIENTED_EDGE('',*,*,#895,.T.);
#1130=ORIENTED_EDGE('',*,*,#896,.T.);
#1131=ORIENTED_EDGE('',*,*,#897,.T.);
#1132=ORIENTED_EDGE('',*,*,#889,.T.);
#1133=ORIENTED_EDGE('',*,*,#898,.F.);
#1134=ORIENTED_EDGE('',*,*,#899,.T.);
#1135=ORIENTED_EDGE('',*,*,#895,.F.);
#1136=ORIENTED_EDGE('',*,*,#887,.T.);
#1137=ORIENTED_EDGE('',*,*,#900,.F.);
#1138=ORIENTED_EDGE('',*,*,#901,.T.);
#1139=ORIENTED_EDGE('',*,*,#902,.T.);
#1140=ORIENTED_EDGE('',*,*,#903,.F.);
#1141=ORIENTED_EDGE('',*,*,#904,.F.);
#1142=ORIENTED_EDGE('',*,*,#905,.F.);
#1143=ORIENTED_EDGE('',*,*,#896,.F.);
#1144=ORIENTED_EDGE('',*,*,#899,.F.);
#1145=ORIENTED_EDGE('',*,*,#906,.F.);
#1146=ORIENTED_EDGE('',*,*,#901,.F.);
#1147=ORIENTED_EDGE('',*,*,#907,.F.);
#1148=ORIENTED_EDGE('',*,*,#908,.F.);
#1149=ORIENTED_EDGE('',*,*,#909,.T.);
#1150=ORIENTED_EDGE('',*,*,#910,.F.);
#1151=ORIENTED_EDGE('',*,*,#909,.F.);
#1152=ORIENTED_EDGE('',*,*,#911,.F.);
#1153=ORIENTED_EDGE('',*,*,#912,.T.);
#1154=ORIENTED_EDGE('',*,*,#913,.F.);
#1155=ORIENTED_EDGE('',*,*,#912,.F.);
#1156=ORIENTED_EDGE('',*,*,#914,.F.);
#1157=ORIENTED_EDGE('',*,*,#915,.T.);
#1158=ORIENTED_EDGE('',*,*,#916,.F.);
#1159=ORIENTED_EDGE('',*,*,#915,.F.);
#1160=ORIENTED_EDGE('',*,*,#917,.F.);
#1161=ORIENTED_EDGE('',*,*,#918,.T.);
#1162=ORIENTED_EDGE('',*,*,#919,.F.);
#1163=ORIENTED_EDGE('',*,*,#918,.F.);
#1164=ORIENTED_EDGE('',*,*,#920,.F.);
#1165=ORIENTED_EDGE('',*,*,#921,.T.);
#1166=ORIENTED_EDGE('',*,*,#922,.F.);
#1167=ORIENTED_EDGE('',*,*,#921,.F.);
#1168=ORIENTED_EDGE('',*,*,#923,.F.);
#1169=ORIENTED_EDGE('',*,*,#924,.T.);
#1170=ORIENTED_EDGE('',*,*,#925,.F.);
#1171=ORIENTED_EDGE('',*,*,#924,.F.);
#1172=ORIENTED_EDGE('',*,*,#926,.F.);
#1173=ORIENTED_EDGE('',*,*,#927,.T.);
#1174=ORIENTED_EDGE('',*,*,#928,.T.);
#1175=ORIENTED_EDGE('',*,*,#929,.T.);
#1176=ORIENTED_EDGE('',*,*,#930,.F.);
#1177=ORIENTED_EDGE('',*,*,#931,.T.);
#1178=ORIENTED_EDGE('',*,*,#932,.T.);
#1179=ORIENTED_EDGE('',*,*,#927,.F.);
#1180=ORIENTED_EDGE('',*,*,#933,.F.);
#1181=ORIENTED_EDGE('',*,*,#934,.T.);
#1182=ORIENTED_EDGE('',*,*,#935,.T.);
#1183=ORIENTED_EDGE('',*,*,#931,.F.);
#1184=ORIENTED_EDGE('',*,*,#936,.F.);
#1185=ORIENTED_EDGE('',*,*,#928,.F.);
#1186=ORIENTED_EDGE('',*,*,#932,.F.);
#1187=ORIENTED_EDGE('',*,*,#935,.F.);
#1188=ORIENTED_EDGE('',*,*,#937,.F.);
#1189=ORIENTED_EDGE('',*,*,#938,.F.);
#1190=ORIENTED_EDGE('',*,*,#939,.T.);
#1191=ORIENTED_EDGE('',*,*,#940,.T.);
#1192=ORIENTED_EDGE('',*,*,#941,.F.);
#1193=ORIENTED_EDGE('',*,*,#942,.F.);
#1194=ORIENTED_EDGE('',*,*,#943,.F.);
#1195=ORIENTED_EDGE('',*,*,#944,.T.);
#1196=ORIENTED_EDGE('',*,*,#939,.F.);
#1197=ORIENTED_EDGE('',*,*,#945,.F.);
#1198=ORIENTED_EDGE('',*,*,#941,.T.);
#1199=ORIENTED_EDGE('',*,*,#946,.T.);
#1200=ORIENTED_EDGE('',*,*,#947,.T.);
#1201=ORIENTED_EDGE('',*,*,#946,.F.);
#1202=ORIENTED_EDGE('',*,*,#940,.F.);
#1203=ORIENTED_EDGE('',*,*,#944,.F.);
#1204=ORIENTED_EDGE('',*,*,#948,.F.);
#1205=ORIENTED_EDGE('',*,*,#949,.F.);
#1206=ORIENTED_EDGE('',*,*,#948,.T.);
#1207=ORIENTED_EDGE('',*,*,#950,.F.);
#1208=ORIENTED_EDGE('',*,*,#951,.F.);
#1209=ORIENTED_EDGE('',*,*,#952,.T.);
#1210=ORIENTED_EDGE('',*,*,#937,.T.);
#1211=ORIENTED_EDGE('',*,*,#953,.T.);
#1212=ORIENTED_EDGE('',*,*,#954,.T.);
#1213=ORIENTED_EDGE('',*,*,#953,.F.);
#1214=ORIENTED_EDGE('',*,*,#954,.F.);
#1215=ORIENTED_EDGE('',*,*,#949,.T.);
#1216=ORIENTED_EDGE('',*,*,#955,.T.);
#1217=ORIENTED_EDGE('',*,*,#956,.T.);
#1218=ORIENTED_EDGE('',*,*,#955,.F.);
#1219=ORIENTED_EDGE('',*,*,#956,.F.);
#1220=ORIENTED_EDGE('',*,*,#957,.F.);
#1221=ORIENTED_EDGE('',*,*,#958,.T.);
#1222=ORIENTED_EDGE('',*,*,#959,.F.);
#1223=ORIENTED_EDGE('',*,*,#958,.F.);
#1224=ORIENTED_EDGE('',*,*,#957,.T.);
#1225=ORIENTED_EDGE('',*,*,#960,.F.);
#1226=ORIENTED_EDGE('',*,*,#961,.T.);
#1227=ORIENTED_EDGE('',*,*,#962,.F.);
#1228=ORIENTED_EDGE('',*,*,#961,.F.);
#1229=ORIENTED_EDGE('',*,*,#960,.T.);
#1230=ORIENTED_EDGE('',*,*,#963,.F.);
#1231=ORIENTED_EDGE('',*,*,#964,.T.);
#1232=ORIENTED_EDGE('',*,*,#965,.F.);
#1233=ORIENTED_EDGE('',*,*,#966,.F.);
#1234=ORIENTED_EDGE('',*,*,#967,.F.);
#1235=ORIENTED_EDGE('',*,*,#968,.T.);
#1236=ORIENTED_EDGE('',*,*,#969,.F.);
#1237=ORIENTED_EDGE('',*,*,#970,.F.);
#1238=ORIENTED_EDGE('',*,*,#971,.F.);
#1239=ORIENTED_EDGE('',*,*,#966,.T.);
#1240=ORIENTED_EDGE('',*,*,#972,.F.);
#1241=ORIENTED_EDGE('',*,*,#968,.F.);
#1242=ORIENTED_EDGE('',*,*,#973,.T.);
#1243=ORIENTED_EDGE('',*,*,#974,.T.);
#1244=ORIENTED_EDGE('',*,*,#975,.T.);
#1245=ORIENTED_EDGE('',*,*,#976,.T.);
#1246=ORIENTED_EDGE('',*,*,#977,.T.);
#1247=ORIENTED_EDGE('',*,*,#916,.T.);
#1248=ORIENTED_EDGE('',*,*,#919,.T.);
#1249=ORIENTED_EDGE('',*,*,#933,.T.);
#1250=ORIENTED_EDGE('',*,*,#930,.T.);
#1251=ORIENTED_EDGE('',*,*,#926,.T.);
#1252=ORIENTED_EDGE('',*,*,#978,.T.);
#1253=ORIENTED_EDGE('',*,*,#942,.T.);
#1254=ORIENTED_EDGE('',*,*,#938,.T.);
#1255=ORIENTED_EDGE('',*,*,#945,.T.);
#1256=ORIENTED_EDGE('',*,*,#979,.T.);
#1257=ORIENTED_EDGE('',*,*,#980,.T.);
#1258=ORIENTED_EDGE('',*,*,#981,.T.);
#1259=ORIENTED_EDGE('',*,*,#982,.T.);
#1260=ORIENTED_EDGE('',*,*,#983,.T.);
#1261=ORIENTED_EDGE('',*,*,#925,.T.);
#1262=ORIENTED_EDGE('',*,*,#922,.T.);
#1263=ORIENTED_EDGE('',*,*,#913,.T.);
#1264=ORIENTED_EDGE('',*,*,#910,.T.);
#1265=ORIENTED_EDGE('',*,*,#984,.T.);
#1266=ORIENTED_EDGE('',*,*,#985,.F.);
#1267=ORIENTED_EDGE('',*,*,#986,.T.);
#1268=ORIENTED_EDGE('',*,*,#973,.F.);
#1269=ORIENTED_EDGE('',*,*,#987,.F.);
#1270=ORIENTED_EDGE('',*,*,#988,.T.);
#1271=ORIENTED_EDGE('',*,*,#989,.T.);
#1272=ORIENTED_EDGE('',*,*,#975,.F.);
#1273=ORIENTED_EDGE('',*,*,#990,.F.);
#1274=ORIENTED_EDGE('',*,*,#991,.T.);
#1275=ORIENTED_EDGE('',*,*,#992,.T.);
#1276=ORIENTED_EDGE('',*,*,#976,.F.);
#1277=ORIENTED_EDGE('',*,*,#989,.F.);
#1278=ORIENTED_EDGE('',*,*,#993,.T.);
#1279=ORIENTED_EDGE('',*,*,#987,.T.);
#1280=ORIENTED_EDGE('',*,*,#977,.F.);
#1281=ORIENTED_EDGE('',*,*,#992,.F.);
#1282=ORIENTED_EDGE('',*,*,#994,.T.);
#1283=ORIENTED_EDGE('',*,*,#995,.T.);
#1284=ORIENTED_EDGE('',*,*,#996,.T.);
#1285=ORIENTED_EDGE('',*,*,#995,.F.);
#1286=ORIENTED_EDGE('',*,*,#997,.T.);
#1287=ORIENTED_EDGE('',*,*,#998,.F.);
#1288=ORIENTED_EDGE('',*,*,#997,.F.);
#1289=ORIENTED_EDGE('',*,*,#996,.F.);
#1290=ORIENTED_EDGE('',*,*,#999,.T.);
#1291=ORIENTED_EDGE('',*,*,#984,.F.);
#1292=ORIENTED_EDGE('',*,*,#999,.F.);
#1293=ORIENTED_EDGE('',*,*,#1000,.T.);
#1294=ORIENTED_EDGE('',*,*,#1001,.T.);
#1295=ORIENTED_EDGE('',*,*,#1002,.T.);
#1296=ORIENTED_EDGE('',*,*,#1001,.F.);
#1297=ORIENTED_EDGE('',*,*,#1003,.T.);
#1298=ORIENTED_EDGE('',*,*,#1004,.F.);
#1299=ORIENTED_EDGE('',*,*,#1003,.F.);
#1300=ORIENTED_EDGE('',*,*,#1002,.F.);
#1301=ORIENTED_EDGE('',*,*,#1005,.T.);
#1302=ORIENTED_EDGE('',*,*,#994,.F.);
#1303=ORIENTED_EDGE('',*,*,#1005,.F.);
#1304=ORIENTED_EDGE('',*,*,#1006,.T.);
#1305=ORIENTED_EDGE('',*,*,#1007,.T.);
#1306=ORIENTED_EDGE('',*,*,#1008,.T.);
#1307=ORIENTED_EDGE('',*,*,#1007,.F.);
#1308=ORIENTED_EDGE('',*,*,#1009,.T.);
#1309=ORIENTED_EDGE('',*,*,#1010,.F.);
#1310=ORIENTED_EDGE('',*,*,#1009,.F.);
#1311=ORIENTED_EDGE('',*,*,#1008,.F.);
#1312=ORIENTED_EDGE('',*,*,#1011,.T.);
#1313=ORIENTED_EDGE('',*,*,#1000,.F.);
#1314=ORIENTED_EDGE('',*,*,#1011,.F.);
#1315=ORIENTED_EDGE('',*,*,#1012,.T.);
#1316=ORIENTED_EDGE('',*,*,#1013,.T.);
#1317=ORIENTED_EDGE('',*,*,#1012,.F.);
#1318=ORIENTED_EDGE('',*,*,#1014,.T.);
#1319=ORIENTED_EDGE('',*,*,#1015,.F.);
#1320=ORIENTED_EDGE('',*,*,#1014,.F.);
#1321=ORIENTED_EDGE('',*,*,#1013,.F.);
#1322=ORIENTED_EDGE('',*,*,#1016,.T.);
#1323=ORIENTED_EDGE('',*,*,#1006,.F.);
#1324=ORIENTED_EDGE('',*,*,#1016,.F.);
#1325=ORIENTED_EDGE('',*,*,#891,.T.);
#1326=ORIENTED_EDGE('',*,*,#897,.F.);
#1327=ORIENTED_EDGE('',*,*,#905,.T.);
#1328=ORIENTED_EDGE('',*,*,#1017,.F.);
#1329=ORIENTED_EDGE('',*,*,#893,.T.);
#1330=ORIENTED_EDGE('',*,*,#1018,.F.);
#1331=ORIENTED_EDGE('',*,*,#903,.T.);
#1332=ORIENTED_EDGE('',*,*,#1019,.T.);
#1333=ORIENTED_EDGE('',*,*,#894,.T.);
#1334=ORIENTED_EDGE('',*,*,#1019,.F.);
#1335=ORIENTED_EDGE('',*,*,#907,.T.);
#1336=ORIENTED_EDGE('',*,*,#900,.T.);
#1337=ORIENTED_EDGE('',*,*,#1020,.T.);
#1338=ORIENTED_EDGE('',*,*,#1021,.T.);
#1339=ORIENTED_EDGE('',*,*,#1022,.T.);
#1340=ORIENTED_EDGE('',*,*,#1023,.T.);
#1341=ORIENTED_EDGE('',*,*,#1024,.F.);
#1342=ORIENTED_EDGE('',*,*,#1025,.T.);
#1343=ORIENTED_EDGE('',*,*,#1020,.F.);
#1344=ORIENTED_EDGE('',*,*,#1026,.F.);
#1345=ORIENTED_EDGE('',*,*,#1027,.F.);
#1346=ORIENTED_EDGE('',*,*,#1028,.T.);
#1347=ORIENTED_EDGE('',*,*,#1021,.F.);
#1348=ORIENTED_EDGE('',*,*,#1025,.F.);
#1349=ORIENTED_EDGE('',*,*,#1029,.F.);
#1350=ORIENTED_EDGE('',*,*,#1030,.T.);
#1351=ORIENTED_EDGE('',*,*,#1022,.F.);
#1352=ORIENTED_EDGE('',*,*,#1028,.F.);
#1353=ORIENTED_EDGE('',*,*,#1031,.F.);
#1354=ORIENTED_EDGE('',*,*,#1026,.T.);
#1355=ORIENTED_EDGE('',*,*,#1023,.F.);
#1356=ORIENTED_EDGE('',*,*,#1030,.F.);
#1357=ORIENTED_EDGE('',*,*,#1032,.F.);
#1358=ORIENTED_EDGE('',*,*,#1033,.T.);
#1359=ORIENTED_EDGE('',*,*,#1034,.T.);
#1360=ORIENTED_EDGE('',*,*,#1035,.T.);
#1361=ORIENTED_EDGE('',*,*,#1036,.F.);
#1362=ORIENTED_EDGE('',*,*,#1037,.T.);
#1363=ORIENTED_EDGE('',*,*,#1038,.F.);
#1364=ORIENTED_EDGE('',*,*,#1039,.F.);
#1365=ORIENTED_EDGE('',*,*,#1040,.F.);
#1366=ORIENTED_EDGE('',*,*,#1041,.T.);
#1367=ORIENTED_EDGE('',*,*,#1042,.F.);
#1368=ORIENTED_EDGE('',*,*,#1043,.F.);
#1369=ORIENTED_EDGE('',*,*,#1044,.F.);
#1370=ORIENTED_EDGE('',*,*,#1045,.F.);
#1371=ORIENTED_EDGE('',*,*,#1046,.F.);
#1372=ORIENTED_EDGE('',*,*,#1047,.F.);
#1373=ORIENTED_EDGE('',*,*,#1048,.T.);
#1374=ORIENTED_EDGE('',*,*,#1033,.F.);
#1375=ORIENTED_EDGE('',*,*,#1049,.F.);
#1376=ORIENTED_EDGE('',*,*,#1050,.T.);
#1377=ORIENTED_EDGE('',*,*,#1051,.F.);
#1378=ORIENTED_EDGE('',*,*,#1052,.T.);
#1379=ORIENTED_EDGE('',*,*,#1053,.T.);
#1380=ORIENTED_EDGE('',*,*,#1054,.T.);
#1381=ORIENTED_EDGE('',*,*,#1055,.F.);
#1382=ORIENTED_EDGE('',*,*,#1056,.T.);
#1383=ORIENTED_EDGE('',*,*,#1057,.F.);
#1384=ORIENTED_EDGE('',*,*,#1058,.F.);
#1385=ORIENTED_EDGE('',*,*,#1059,.F.);
#1386=ORIENTED_EDGE('',*,*,#1060,.T.);
#1387=ORIENTED_EDGE('',*,*,#1061,.F.);
#1388=ORIENTED_EDGE('',*,*,#1062,.F.);
#1389=ORIENTED_EDGE('',*,*,#1063,.F.);
#1390=ORIENTED_EDGE('',*,*,#1064,.F.);
#1391=ORIENTED_EDGE('',*,*,#1065,.F.);
#1392=ORIENTED_EDGE('',*,*,#1050,.F.);
#1393=ORIENTED_EDGE('',*,*,#1066,.T.);
#1394=ORIENTED_EDGE('',*,*,#1062,.T.);
#1395=ORIENTED_EDGE('',*,*,#1067,.T.);
#1396=ORIENTED_EDGE('',*,*,#1037,.F.);
#1397=ORIENTED_EDGE('',*,*,#1048,.F.);
#1398=ORIENTED_EDGE('',*,*,#1065,.T.);
#1399=ORIENTED_EDGE('',*,*,#1068,.F.);
#1400=ORIENTED_EDGE('',*,*,#1034,.F.);
#1401=ORIENTED_EDGE('',*,*,#1069,.F.);
#1402=ORIENTED_EDGE('',*,*,#1070,.T.);
#1403=ORIENTED_EDGE('',*,*,#1052,.F.);
#1404=ORIENTED_EDGE('',*,*,#1071,.F.);
#1405=ORIENTED_EDGE('',*,*,#1047,.T.);
#1406=ORIENTED_EDGE('',*,*,#1072,.T.);
#1407=ORIENTED_EDGE('',*,*,#1043,.T.);
#1408=ORIENTED_EDGE('',*,*,#1073,.T.);
#1409=ORIENTED_EDGE('',*,*,#1056,.F.);
#1410=ORIENTED_EDGE('',*,*,#1070,.F.);
#1411=ORIENTED_EDGE('',*,*,#1046,.T.);
#1412=ORIENTED_EDGE('',*,*,#1074,.F.);
#1413=ORIENTED_EDGE('',*,*,#1053,.F.);
#1414=ORIENTED_EDGE('',*,*,#1075,.F.);
#1415=ORIENTED_EDGE('',*,*,#1040,.T.);
#1416=ORIENTED_EDGE('',*,*,#1076,.T.);
#1417=ORIENTED_EDGE('',*,*,#1059,.T.);
#1418=ORIENTED_EDGE('',*,*,#1077,.T.);
#1419=ORIENTED_EDGE('',*,*,#1078,.T.);
#1420=ORIENTED_EDGE('',*,*,#1079,.T.);
#1421=ORIENTED_EDGE('',*,*,#1080,.T.);
#1422=ORIENTED_EDGE('',*,*,#1057,.T.);
#1423=ORIENTED_EDGE('',*,*,#1073,.F.);
#1424=ORIENTED_EDGE('',*,*,#1042,.T.);
#1425=ORIENTED_EDGE('',*,*,#1081,.T.);
#1426=ORIENTED_EDGE('',*,*,#1077,.F.);
#1427=ORIENTED_EDGE('',*,*,#1058,.T.);
#1428=ORIENTED_EDGE('',*,*,#1080,.F.);
#1429=ORIENTED_EDGE('',*,*,#1041,.F.);
#1430=ORIENTED_EDGE('',*,*,#1081,.F.);
#1431=ORIENTED_EDGE('',*,*,#1082,.T.);
#1432=ORIENTED_EDGE('',*,*,#1079,.F.);
#1433=ORIENTED_EDGE('',*,*,#1082,.F.);
#1434=ORIENTED_EDGE('',*,*,#1083,.T.);
#1435=ORIENTED_EDGE('',*,*,#1038,.T.);
#1436=ORIENTED_EDGE('',*,*,#1067,.F.);
#1437=ORIENTED_EDGE('',*,*,#1061,.T.);
#1438=ORIENTED_EDGE('',*,*,#1084,.T.);
#1439=ORIENTED_EDGE('',*,*,#1076,.F.);
#1440=ORIENTED_EDGE('',*,*,#1039,.T.);
#1441=ORIENTED_EDGE('',*,*,#1083,.F.);
#1442=ORIENTED_EDGE('',*,*,#1060,.F.);
#1443=ORIENTED_EDGE('',*,*,#1084,.F.);
#1444=ORIENTED_EDGE('',*,*,#1085,.T.);
#1445=ORIENTED_EDGE('',*,*,#1078,.F.);
#1446=ORIENTED_EDGE('',*,*,#1085,.F.);
#1447=ORIENTED_EDGE('',*,*,#1086,.T.);
#1448=ORIENTED_EDGE('',*,*,#1063,.T.);
#1449=ORIENTED_EDGE('',*,*,#1066,.F.);
#1450=ORIENTED_EDGE('',*,*,#1036,.T.);
#1451=ORIENTED_EDGE('',*,*,#1087,.T.);
#1452=ORIENTED_EDGE('',*,*,#1068,.T.);
#1453=ORIENTED_EDGE('',*,*,#1064,.T.);
#1454=ORIENTED_EDGE('',*,*,#1086,.F.);
#1455=ORIENTED_EDGE('',*,*,#1035,.F.);
#1456=ORIENTED_EDGE('',*,*,#1087,.F.);
#1457=ORIENTED_EDGE('',*,*,#1088,.T.);
#1458=ORIENTED_EDGE('',*,*,#1069,.T.);
#1459=ORIENTED_EDGE('',*,*,#1088,.F.);
#1460=ORIENTED_EDGE('',*,*,#1089,.T.);
#1461=ORIENTED_EDGE('',*,*,#1044,.T.);
#1462=ORIENTED_EDGE('',*,*,#1072,.F.);
#1463=ORIENTED_EDGE('',*,*,#1055,.T.);
#1464=ORIENTED_EDGE('',*,*,#1090,.T.);
#1465=ORIENTED_EDGE('',*,*,#1074,.T.);
#1466=ORIENTED_EDGE('',*,*,#1045,.T.);
#1467=ORIENTED_EDGE('',*,*,#1089,.F.);
#1468=ORIENTED_EDGE('',*,*,#1054,.F.);
#1469=ORIENTED_EDGE('',*,*,#1090,.F.);
#1470=ORIENTED_EDGE('',*,*,#1091,.T.);
#1471=ORIENTED_EDGE('',*,*,#1075,.T.);
#1472=ORIENTED_EDGE('',*,*,#1091,.F.);
#1473=ORIENTED_EDGE('',*,*,#1092,.F.);
#1474=ORIENTED_EDGE('',*,*,#1093,.T.);
#1475=ORIENTED_EDGE('',*,*,#980,.F.);
#1476=ORIENTED_EDGE('',*,*,#1093,.F.);
#1477=ORIENTED_EDGE('',*,*,#1094,.F.);
#1478=ORIENTED_EDGE('',*,*,#1095,.T.);
#1479=ORIENTED_EDGE('',*,*,#981,.F.);
#1480=ORIENTED_EDGE('',*,*,#1095,.F.);
#1481=ORIENTED_EDGE('',*,*,#1096,.F.);
#1482=ORIENTED_EDGE('',*,*,#1097,.T.);
#1483=ORIENTED_EDGE('',*,*,#982,.F.);
#1484=ORIENTED_EDGE('',*,*,#1097,.F.);
#1485=ORIENTED_EDGE('',*,*,#1098,.F.);
#1486=ORIENTED_EDGE('',*,*,#1099,.T.);
#1487=ORIENTED_EDGE('',*,*,#983,.F.);
#1488=ORIENTED_EDGE('',*,*,#1099,.F.);
#1489=ORIENTED_EDGE('',*,*,#1100,.T.);
#1490=ORIENTED_EDGE('',*,*,#990,.T.);
#1491=ORIENTED_EDGE('',*,*,#974,.F.);
#1492=ORIENTED_EDGE('',*,*,#986,.F.);
#1493=ORIENTED_EDGE('',*,*,#991,.F.);
#1494=ORIENTED_EDGE('',*,*,#988,.F.);
#1495=ORIENTED_EDGE('',*,*,#1100,.F.);
#1496=ORIENTED_EDGE('',*,*,#985,.T.);
#1497=ORIENTED_EDGE('',*,*,#993,.F.);
#1498=ORIENTED_EDGE('',*,*,#914,.T.);
#1499=ORIENTED_EDGE('',*,*,#917,.T.);
#1500=ORIENTED_EDGE('',*,*,#959,.T.);
#1501=ORIENTED_EDGE('',*,*,#1101,.T.);
#1502=ORIENTED_EDGE('',*,*,#1102,.T.);
#1503=ORIENTED_EDGE('',*,*,#1103,.T.);
#1504=ORIENTED_EDGE('',*,*,#1104,.T.);
#1505=ORIENTED_EDGE('',*,*,#1004,.T.);
#1506=ORIENTED_EDGE('',*,*,#1015,.T.);
#1507=ORIENTED_EDGE('',*,*,#1098,.T.);
#1508=ORIENTED_EDGE('',*,*,#1096,.T.);
#1509=ORIENTED_EDGE('',*,*,#1094,.T.);
#1510=ORIENTED_EDGE('',*,*,#1092,.T.);
#1511=ORIENTED_EDGE('',*,*,#998,.T.);
#1512=ORIENTED_EDGE('',*,*,#1010,.T.);
#1513=ORIENTED_EDGE('',*,*,#906,.T.);
#1514=ORIENTED_EDGE('',*,*,#898,.T.);
#1515=ORIENTED_EDGE('',*,*,#888,.T.);
#1516=ORIENTED_EDGE('',*,*,#902,.F.);
#1517=ORIENTED_EDGE('',*,*,#1017,.T.);
#1518=ORIENTED_EDGE('',*,*,#904,.T.);
#1519=ORIENTED_EDGE('',*,*,#1018,.T.);
#1520=ORIENTED_EDGE('',*,*,#892,.T.);
#1521=ORIENTED_EDGE('',*,*,#1031,.T.);
#1522=ORIENTED_EDGE('',*,*,#1029,.T.);
#1523=ORIENTED_EDGE('',*,*,#1027,.T.);
#1524=ORIENTED_EDGE('',*,*,#1024,.T.);
#1525=ORIENTED_EDGE('',*,*,#1071,.T.);
#1526=ORIENTED_EDGE('',*,*,#1051,.T.);
#1527=ORIENTED_EDGE('',*,*,#1049,.T.);
#1528=ORIENTED_EDGE('',*,*,#1032,.T.);
#1529=ORIENTED_EDGE('',*,*,#962,.T.);
#1530=ORIENTED_EDGE('',*,*,#923,.T.);
#1531=ORIENTED_EDGE('',*,*,#920,.T.);
#1532=ORIENTED_EDGE('',*,*,#911,.T.);
#1533=ORIENTED_EDGE('',*,*,#908,.T.);
#1534=ORIENTED_EDGE('',*,*,#1104,.F.);
#1535=ORIENTED_EDGE('',*,*,#1105,.T.);
#1536=ORIENTED_EDGE('',*,*,#1106,.F.);
#1537=ORIENTED_EDGE('',*,*,#1107,.F.);
#1538=ORIENTED_EDGE('',*,*,#1103,.F.);
#1539=ORIENTED_EDGE('',*,*,#1108,.T.);
#1540=ORIENTED_EDGE('',*,*,#1109,.F.);
#1541=ORIENTED_EDGE('',*,*,#1105,.F.);
#1542=ORIENTED_EDGE('',*,*,#963,.T.);
#1543=ORIENTED_EDGE('',*,*,#971,.T.);
#1544=ORIENTED_EDGE('',*,*,#967,.T.);
#1545=ORIENTED_EDGE('',*,*,#1110,.T.);
#1546=ORIENTED_EDGE('',*,*,#1102,.F.);
#1547=ORIENTED_EDGE('',*,*,#1111,.T.);
#1548=ORIENTED_EDGE('',*,*,#1112,.F.);
#1549=ORIENTED_EDGE('',*,*,#1108,.F.);
#1550=ORIENTED_EDGE('',*,*,#1101,.F.);
#1551=ORIENTED_EDGE('',*,*,#1107,.T.);
#1552=ORIENTED_EDGE('',*,*,#1113,.F.);
#1553=ORIENTED_EDGE('',*,*,#1111,.F.);
#1554=ORIENTED_EDGE('',*,*,#1106,.T.);
#1555=ORIENTED_EDGE('',*,*,#1109,.T.);
#1556=ORIENTED_EDGE('',*,*,#1112,.T.);
#1557=ORIENTED_EDGE('',*,*,#1113,.T.);
#1558=ORIENTED_EDGE('',*,*,#936,.T.);
#1559=ORIENTED_EDGE('',*,*,#1114,.T.);
#1560=ORIENTED_EDGE('',*,*,#1115,.F.);
#1561=ORIENTED_EDGE('',*,*,#969,.T.);
#1562=ORIENTED_EDGE('',*,*,#972,.T.);
#1563=ORIENTED_EDGE('',*,*,#965,.T.);
#1564=ORIENTED_EDGE('',*,*,#1116,.F.);
#1565=ORIENTED_EDGE('',*,*,#1117,.T.);
#1566=ORIENTED_EDGE('',*,*,#1116,.T.);
#1567=ORIENTED_EDGE('',*,*,#964,.F.);
#1568=ORIENTED_EDGE('',*,*,#1110,.F.);
#1569=ORIENTED_EDGE('',*,*,#970,.T.);
#1570=ORIENTED_EDGE('',*,*,#1115,.T.);
#1571=ORIENTED_EDGE('',*,*,#1118,.T.);
#1572=ORIENTED_EDGE('',*,*,#951,.T.);
#1573=ORIENTED_EDGE('',*,*,#1119,.T.);
#1574=ORIENTED_EDGE('',*,*,#1117,.F.);
#1575=ORIENTED_EDGE('',*,*,#1119,.F.);
#1576=ORIENTED_EDGE('',*,*,#950,.T.);
#1577=ORIENTED_EDGE('',*,*,#943,.T.);
#1578=ORIENTED_EDGE('',*,*,#978,.F.);
#1579=ORIENTED_EDGE('',*,*,#929,.F.);
#1580=ORIENTED_EDGE('',*,*,#952,.F.);
#1581=ORIENTED_EDGE('',*,*,#1118,.F.);
#1582=ORIENTED_EDGE('',*,*,#1114,.F.);
#1583=ORIENTED_EDGE('',*,*,#934,.F.);
#1584=ORIENTED_EDGE('',*,*,#979,.F.);
#1585=ORIENTED_EDGE('',*,*,#947,.F.);
#1586=PLANE('',#1758);
#1587=PLANE('',#1759);
#1588=PLANE('',#1760);
#1589=PLANE('',#1761);
#1590=PLANE('',#1762);
#1591=PLANE('',#1781);
#1592=PLANE('',#1785);
#1593=PLANE('',#1786);
#1594=PLANE('',#1791);
#1595=PLANE('',#1792);
#1596=PLANE('',#1793);
#1597=PLANE('',#1795);
#1598=PLANE('',#1798);
#1599=PLANE('',#1801);
#1600=PLANE('',#1805);
#1601=PLANE('',#1809);
#1602=PLANE('',#1810);
#1603=PLANE('',#1811);
#1604=PLANE('',#1812);
#1605=PLANE('',#1813);
#1606=PLANE('',#1818);
#1607=PLANE('',#1820);
#1608=PLANE('',#1821);
#1609=PLANE('',#1822);
#1610=PLANE('',#1824);
#1611=PLANE('',#1830);
#1612=PLANE('',#1832);
#1613=PLANE('',#1838);
#1614=PLANE('',#1840);
#1615=PLANE('',#1846);
#1616=PLANE('',#1852);
#1617=PLANE('',#1853);
#1618=PLANE('',#1854);
#1619=PLANE('',#1855);
#1620=PLANE('',#1856);
#1621=PLANE('',#1857);
#1622=PLANE('',#1858);
#1623=PLANE('',#1859);
#1624=PLANE('',#1860);
#1625=PLANE('',#1861);
#1626=PLANE('',#1862);
#1627=PLANE('',#1863);
#1628=PLANE('',#1864);
#1629=PLANE('',#1867);
#1630=PLANE('',#1868);
#1631=PLANE('',#1869);
#1632=PLANE('',#1872);
#1633=PLANE('',#1877);
#1634=PLANE('',#1882);
#1635=PLANE('',#1887);
#1636=PLANE('',#1892);
#1637=PLANE('',#1905);
#1638=PLANE('',#1906);
#1639=PLANE('',#1907);
#1640=PLANE('',#1908);
#1641=PLANE('',#1909);
#1642=PLANE('',#1910);
#1643=PLANE('',#1911);
#1644=PLANE('',#1912);
#1645=PLANE('',#1913);
#1646=PLANE('',#1914);
#1647=PLANE('',#1915);
#1648=ADVANCED_FACE('',(#164),#1586,.F.);
#1649=ADVANCED_FACE('',(#165),#1587,.T.);
#1650=ADVANCED_FACE('',(#166),#1588,.T.);
#1651=ADVANCED_FACE('',(#167),#1589,.F.);
#1652=ADVANCED_FACE('',(#168),#1590,.F.);
#1653=ADVANCED_FACE('',(#169),#132,.F.);
#1654=ADVANCED_FACE('',(#170),#133,.F.);
#1655=ADVANCED_FACE('',(#171),#134,.F.);
#1656=ADVANCED_FACE('',(#172),#135,.F.);
#1657=ADVANCED_FACE('',(#173),#136,.F.);
#1658=ADVANCED_FACE('',(#174),#137,.F.);
#1659=ADVANCED_FACE('',(#175),#1591,.F.);
#1660=ADVANCED_FACE('',(#176),#138,.F.);
#1661=ADVANCED_FACE('',(#177),#1592,.F.);
#1662=ADVANCED_FACE('',(#178,#21),#1593,.T.);
#1663=ADVANCED_FACE('',(#179),#139,.F.);
#1664=ADVANCED_FACE('',(#180),#1594,.F.);
#1665=ADVANCED_FACE('',(#181),#1595,.F.);
#1666=ADVANCED_FACE('',(#182,#22),#1596,.T.);
#1667=ADVANCED_FACE('',(#183),#1597,.T.);
#1668=ADVANCED_FACE('',(#184),#140,.F.);
#1669=ADVANCED_FACE('',(#185),#1598,.T.);
#1670=ADVANCED_FACE('',(#186),#141,.F.);
#1671=ADVANCED_FACE('',(#187),#1599,.T.);
#1672=ADVANCED_FACE('',(#188),#142,.T.);
#1673=ADVANCED_FACE('',(#189),#1600,.F.);
#1674=ADVANCED_FACE('',(#190),#143,.T.);
#1675=ADVANCED_FACE('',(#191),#1601,.F.);
#1676=ADVANCED_FACE('',(#192),#1602,.F.);
#1677=ADVANCED_FACE('',(#193),#1603,.F.);
#1678=ADVANCED_FACE('',(#194),#1604,.F.);
#1679=ADVANCED_FACE('',(#195,#23,#24,#25,#26,#27,#28,#29,#30,#31,#32,#33),
#1605,.F.);
#1680=ADVANCED_FACE('',(#196),#1606,.T.);
#1681=ADVANCED_FACE('',(#197),#15,.T.);
#1682=ADVANCED_FACE('',(#198),#1607,.T.);
#1683=ADVANCED_FACE('',(#199),#1608,.T.);
#1684=ADVANCED_FACE('',(#200),#16,.T.);
#1685=ADVANCED_FACE('',(#201),#1609,.T.);
#1686=ADVANCED_FACE('',(#202,#34),#1610,.F.);
#1687=ADVANCED_FACE('',(#203),#144,.T.);
#1688=ADVANCED_FACE('',(#204),#145,.F.);
#1689=ADVANCED_FACE('',(#205),#1611,.T.);
#1690=ADVANCED_FACE('',(#206,#35),#1612,.F.);
#1691=ADVANCED_FACE('',(#207),#146,.T.);
#1692=ADVANCED_FACE('',(#208),#147,.F.);
#1693=ADVANCED_FACE('',(#209),#1613,.T.);
#1694=ADVANCED_FACE('',(#210,#36),#1614,.F.);
#1695=ADVANCED_FACE('',(#211),#148,.T.);
#1696=ADVANCED_FACE('',(#212),#149,.F.);
#1697=ADVANCED_FACE('',(#213,#37),#1615,.F.);
#1698=ADVANCED_FACE('',(#214),#150,.T.);
#1699=ADVANCED_FACE('',(#215),#151,.F.);
#1700=ADVANCED_FACE('',(#216),#1616,.T.);
#1701=ADVANCED_FACE('',(#217),#1617,.F.);
#1702=ADVANCED_FACE('',(#218),#1618,.F.);
#1703=ADVANCED_FACE('',(#219),#1619,.T.);
#1704=ADVANCED_FACE('',(#220),#1620,.T.);
#1705=ADVANCED_FACE('',(#221),#1621,.T.);
#1706=ADVANCED_FACE('',(#222),#1622,.T.);
#1707=ADVANCED_FACE('',(#223),#1623,.T.);
#1708=ADVANCED_FACE('',(#224),#1624,.T.);
#1709=ADVANCED_FACE('',(#225),#1625,.T.);
#1710=ADVANCED_FACE('',(#226),#1626,.T.);
#1711=ADVANCED_FACE('',(#227),#1627,.T.);
#1712=ADVANCED_FACE('',(#228,#38),#1628,.T.);
#1713=ADVANCED_FACE('',(#229),#1629,.T.);
#1714=ADVANCED_FACE('',(#230),#1630,.T.);
#1715=ADVANCED_FACE('',(#231,#39),#1631,.T.);
#1716=ADVANCED_FACE('',(#232,#40,#41),#1632,.T.);
#1717=ADVANCED_FACE('',(#233,#42),#1633,.F.);
#1718=ADVANCED_FACE('',(#234),#152,.T.);
#1719=ADVANCED_FACE('',(#235),#153,.F.);
#1720=ADVANCED_FACE('',(#236,#43),#1634,.F.);
#1721=ADVANCED_FACE('',(#237),#154,.T.);
#1722=ADVANCED_FACE('',(#238),#155,.F.);
#1723=ADVANCED_FACE('',(#239,#44),#1635,.T.);
#1724=ADVANCED_FACE('',(#240),#156,.T.);
#1725=ADVANCED_FACE('',(#241),#157,.F.);
#1726=ADVANCED_FACE('',(#242,#45),#1636,.T.);
#1727=ADVANCED_FACE('',(#243),#158,.T.);
#1728=ADVANCED_FACE('',(#244),#159,.F.);
#1729=ADVANCED_FACE('',(#245),#160,.F.);
#1730=ADVANCED_FACE('',(#246),#161,.F.);
#1731=ADVANCED_FACE('',(#247),#162,.F.);
#1732=ADVANCED_FACE('',(#248),#163,.F.);
#1733=ADVANCED_FACE('',(#249),#1637,.T.);
#1734=ADVANCED_FACE('',(#250,#46,#47,#48,#49,#50,#51,#52,#53,#54,#55,#56,
#57,#58,#59,#60,#61,#62,#63,#64,#65,#66),#1638,.T.);
#1735=ADVANCED_FACE('',(#251),#1639,.T.);
#1736=ADVANCED_FACE('',(#252,#67),#1640,.T.);
#1737=ADVANCED_FACE('',(#253),#1641,.T.);
#1738=ADVANCED_FACE('',(#254),#1642,.T.);
#1739=ADVANCED_FACE('',(#255),#1643,.T.);
#1740=ADVANCED_FACE('',(#256),#1644,.T.);
#1741=ADVANCED_FACE('',(#257),#1645,.F.);
#1742=ADVANCED_FACE('',(#258),#1646,.T.);
#1743=ADVANCED_FACE('',(#259),#1647,.T.);
#1744=CLOSED_SHELL('',(#1648,#1649,#1650,#1651,#1652,#1653,#1654,#1655,
#1656,#1657,#1658,#1659,#1660,#1661,#1662,#1663,#1664,#1665,#1666,#1667,
#1668,#1669,#1670,#1671,#1672,#1673,#1674,#1675,#1676,#1677,#1678,#1679,
#1680,#1681,#1682,#1683,#1684,#1685,#1686,#1687,#1688,#1689,#1690,#1691,
#1692,#1693,#1694,#1695,#1696,#1697,#1698,#1699,#1700,#1701,#1702,#1703,
#1704,#1705,#1706,#1707,#1708,#1709,#1710,#1711,#1712,#1713,#1714,#1715,
#1716,#1717,#1718,#1719,#1720,#1721,#1722,#1723,#1724,#1725,#1726,#1727,
#1728,#1729,#1730,#1731,#1732,#1733,#1734,#1735,#1736,#1737,#1738,#1739,
#1740,#1741,#1742,#1743));
#1745=DERIVED_UNIT_ELEMENT(#1747,1.);
#1746=DERIVED_UNIT_ELEMENT(#3522,-3.);
#1747=(
MASS_UNIT()
NAMED_UNIT(*)
SI_UNIT(.KILO.,.GRAM.)
);
#1748=DERIVED_UNIT((#1745,#1746));
#1749=MEASURE_REPRESENTATION_ITEM('density measure',
POSITIVE_RATIO_MEASURE(7850.),#1748);
#1750=PROPERTY_DEFINITION_REPRESENTATION(#1755,#1752);
#1751=PROPERTY_DEFINITION_REPRESENTATION(#1756,#1753);
#1752=REPRESENTATION('material name',(#1754),#3519);
#1753=REPRESENTATION('density',(#1749),#3519);
#1754=DESCRIPTIVE_REPRESENTATION_ITEM('\X\C7elik','\X\C7elik');
#1755=PROPERTY_DEFINITION('material property','material name',#3529);
#1756=PROPERTY_DEFINITION('material property','density of part',#3529);
#1757=AXIS2_PLACEMENT_3D('',#2399,#1916,#1917);
#1758=AXIS2_PLACEMENT_3D('',#2400,#1918,#1919);
#1759=AXIS2_PLACEMENT_3D('',#2417,#1928,#1929);
#1760=AXIS2_PLACEMENT_3D('',#2423,#1933,#1934);
#1761=AXIS2_PLACEMENT_3D('',#2427,#1937,#1938);
#1762=AXIS2_PLACEMENT_3D('',#2433,#1942,#1943);
#1763=AXIS2_PLACEMENT_3D('',#2442,#1949,#1950);
#1764=AXIS2_PLACEMENT_3D('',#2444,#1951,#1952);
#1765=AXIS2_PLACEMENT_3D('',#2447,#1954,#1955);
#1766=AXIS2_PLACEMENT_3D('',#2448,#1956,#1957);
#1767=AXIS2_PLACEMENT_3D('',#2450,#1958,#1959);
#1768=AXIS2_PLACEMENT_3D('',#2453,#1961,#1962);
#1769=AXIS2_PLACEMENT_3D('',#2454,#1963,#1964);
#1770=AXIS2_PLACEMENT_3D('',#2456,#1965,#1966);
#1771=AXIS2_PLACEMENT_3D('',#2459,#1968,#1969);
#1772=AXIS2_PLACEMENT_3D('',#2460,#1970,#1971);
#1773=AXIS2_PLACEMENT_3D('',#2462,#1972,#1973);
#1774=AXIS2_PLACEMENT_3D('',#2465,#1975,#1976);
#1775=AXIS2_PLACEMENT_3D('',#2466,#1977,#1978);
#1776=AXIS2_PLACEMENT_3D('',#2468,#1979,#1980);
#1777=AXIS2_PLACEMENT_3D('',#2471,#1982,#1983);
#1778=AXIS2_PLACEMENT_3D('',#2472,#1984,#1985);
#1779=AXIS2_PLACEMENT_3D('',#2474,#1986,#1987);
#1780=AXIS2_PLACEMENT_3D('',#2477,#1989,#1990);
#1781=AXIS2_PLACEMENT_3D('',#2478,#1991,#1992);
#1782=AXIS2_PLACEMENT_3D('',#2487,#1997,#1998);
#1783=AXIS2_PLACEMENT_3D('',#2489,#1999,#2000);
#1784=AXIS2_PLACEMENT_3D('',#2492,#2002,#2003);
#1785=AXIS2_PLACEMENT_3D('',#2493,#2004,#2005);
#1786=AXIS2_PLACEMENT_3D('',#2499,#2009,#2010);
#1787=AXIS2_PLACEMENT_3D('',#2502,#2012,#2013);
#1788=AXIS2_PLACEMENT_3D('',#2503,#2014,#2015);
#1789=AXIS2_PLACEMENT_3D('',#2506,#2016,#2017);
#1790=AXIS2_PLACEMENT_3D('',#2510,#2019,#2020);
#1791=AXIS2_PLACEMENT_3D('',#2512,#2022,#2023);
#1792=AXIS2_PLACEMENT_3D('',#2518,#2027,#2028);
#1793=AXIS2_PLACEMENT_3D('',#2524,#2032,#2033);
#1794=AXIS2_PLACEMENT_3D('',#2527,#2035,#2036);
#1795=AXIS2_PLACEMENT_3D('',#2528,#2037,#2038);
#1796=AXIS2_PLACEMENT_3D('',#2534,#2042,#2043);
#1797=AXIS2_PLACEMENT_3D('',#2537,#2045,#2046);
#1798=AXIS2_PLACEMENT_3D('',#2538,#2047,#2048);
#1799=AXIS2_PLACEMENT_3D('',#2539,#2049,#2050);
#1800=AXIS2_PLACEMENT_3D('',#2542,#2052,#2053);
#1801=AXIS2_PLACEMENT_3D('',#2543,#2054,#2055);
#1802=AXIS2_PLACEMENT_3D('',#2544,#2056,#2057);
#1803=AXIS2_PLACEMENT_3D('',#2546,#2058,#2059);
#1804=AXIS2_PLACEMENT_3D('',#2549,#2061,#2062);
#1805=AXIS2_PLACEMENT_3D('',#2550,#2063,#2064);
#1806=AXIS2_PLACEMENT_3D('',#2551,#2065,#2066);
#1807=AXIS2_PLACEMENT_3D('',#2553,#2067,#2068);
#1808=AXIS2_PLACEMENT_3D('',#2556,#2070,#2071);
#1809=AXIS2_PLACEMENT_3D('',#2557,#2072,#2073);
#1810=AXIS2_PLACEMENT_3D('',#2558,#2074,#2075);
#1811=AXIS2_PLACEMENT_3D('',#2567,#2080,#2081);
#1812=AXIS2_PLACEMENT_3D('',#2576,#2086,#2087);
#1813=AXIS2_PLACEMENT_3D('',#2579,#2090,#2091);
#1814=AXIS2_PLACEMENT_3D('',#2751,#2097,#2098);
#1815=AXIS2_PLACEMENT_3D('',#2753,#2099,#2100);
#1816=AXIS2_PLACEMENT_3D('',#2755,#2101,#2102);
#1817=AXIS2_PLACEMENT_3D('',#2757,#2103,#2104);
#1818=AXIS2_PLACEMENT_3D('',#2758,#2105,#2106);
#1819=AXIS2_PLACEMENT_3D('',#2760,#2107,#2108);
#1820=AXIS2_PLACEMENT_3D('',#3005,#2111,#2112);
#1821=AXIS2_PLACEMENT_3D('',#3011,#2116,#2117);
#1822=AXIS2_PLACEMENT_3D('',#3255,#2120,#2121);
#1823=AXIS2_PLACEMENT_3D('',#3257,#2122,#2123);
#1824=AXIS2_PLACEMENT_3D('',#3258,#2124,#2125);
#1825=AXIS2_PLACEMENT_3D('',#3260,#2126,#2127);
#1826=AXIS2_PLACEMENT_3D('',#3262,#2128,#2129);
#1827=AXIS2_PLACEMENT_3D('',#3263,#2130,#2131);
#1828=AXIS2_PLACEMENT_3D('',#3266,#2133,#2134);
#1829=AXIS2_PLACEMENT_3D('',#3267,#2135,#2136);
#1830=AXIS2_PLACEMENT_3D('',#3269,#2138,#2139);
#1831=AXIS2_PLACEMENT_3D('',#3271,#2140,#2141);
#1832=AXIS2_PLACEMENT_3D('',#3272,#2142,#2143);
#1833=AXIS2_PLACEMENT_3D('',#3274,#2144,#2145);
#1834=AXIS2_PLACEMENT_3D('',#3276,#2146,#2147);
#1835=AXIS2_PLACEMENT_3D('',#3277,#2148,#2149);
#1836=AXIS2_PLACEMENT_3D('',#3280,#2151,#2152);
#1837=AXIS2_PLACEMENT_3D('',#3281,#2153,#2154);
#1838=AXIS2_PLACEMENT_3D('',#3283,#2156,#2157);
#1839=AXIS2_PLACEMENT_3D('',#3285,#2158,#2159);
#1840=AXIS2_PLACEMENT_3D('',#3286,#2160,#2161);
#1841=AXIS2_PLACEMENT_3D('',#3288,#2162,#2163);
#1842=AXIS2_PLACEMENT_3D('',#3290,#2164,#2165);
#1843=AXIS2_PLACEMENT_3D('',#3291,#2166,#2167);
#1844=AXIS2_PLACEMENT_3D('',#3294,#2169,#2170);
#1845=AXIS2_PLACEMENT_3D('',#3295,#2171,#2172);
#1846=AXIS2_PLACEMENT_3D('',#3297,#2174,#2175);
#1847=AXIS2_PLACEMENT_3D('',#3299,#2176,#2177);
#1848=AXIS2_PLACEMENT_3D('',#3301,#2178,#2179);
#1849=AXIS2_PLACEMENT_3D('',#3302,#2180,#2181);
#1850=AXIS2_PLACEMENT_3D('',#3305,#2183,#2184);
#1851=AXIS2_PLACEMENT_3D('',#3306,#2185,#2186);
#1852=AXIS2_PLACEMENT_3D('',#3308,#2188,#2189);
#1853=AXIS2_PLACEMENT_3D('',#3310,#2191,#2192);
#1854=AXIS2_PLACEMENT_3D('',#3313,#2195,#2196);
#1855=AXIS2_PLACEMENT_3D('',#3314,#2197,#2198);
#1856=AXIS2_PLACEMENT_3D('',#3323,#2203,#2204);
#1857=AXIS2_PLACEMENT_3D('',#3329,#2208,#2209);
#1858=AXIS2_PLACEMENT_3D('',#3333,#2212,#2213);
#1859=AXIS2_PLACEMENT_3D('',#3337,#2216,#2217);
#1860=AXIS2_PLACEMENT_3D('',#3339,#2219,#2220);
#1861=AXIS2_PLACEMENT_3D('',#3372,#2237,#2238);
#1862=AXIS2_PLACEMENT_3D('',#3378,#2242,#2243);
#1863=AXIS2_PLACEMENT_3D('',#3408,#2259,#2260);
#1864=AXIS2_PLACEMENT_3D('',#3411,#2263,#2264);
#1865=AXIS2_PLACEMENT_3D('',#3412,#2265,#2266);
#1866=AXIS2_PLACEMENT_3D('',#3414,#2267,#2268);
#1867=AXIS2_PLACEMENT_3D('',#3415,#2269,#2270);
#1868=AXIS2_PLACEMENT_3D('',#3418,#2273,#2274);
#1869=AXIS2_PLACEMENT_3D('',#3421,#2277,#2278);
#1870=AXIS2_PLACEMENT_3D('',#3422,#2279,#2280);
#1871=AXIS2_PLACEMENT_3D('',#3424,#2281,#2282);
#1872=AXIS2_PLACEMENT_3D('',#3425,#2283,#2284);
#1873=AXIS2_PLACEMENT_3D('',#3426,#2285,#2286);
#1874=AXIS2_PLACEMENT_3D('',#3427,#2287,#2288);
#1875=AXIS2_PLACEMENT_3D('',#3429,#2289,#2290);
#1876=AXIS2_PLACEMENT_3D('',#3431,#2291,#2292);
#1877=AXIS2_PLACEMENT_3D('',#3432,#2293,#2294);
#1878=AXIS2_PLACEMENT_3D('',#3433,#2295,#2296);
#1879=AXIS2_PLACEMENT_3D('',#3435,#2297,#2298);
#1880=AXIS2_PLACEMENT_3D('',#3436,#2299,#2300);
#1881=AXIS2_PLACEMENT_3D('',#3437,#2301,#2302);
#1882=AXIS2_PLACEMENT_3D('',#3439,#2304,#2305);
#1883=AXIS2_PLACEMENT_3D('',#3440,#2306,#2307);
#1884=AXIS2_PLACEMENT_3D('',#3442,#2308,#2309);
#1885=AXIS2_PLACEMENT_3D('',#3443,#2310,#2311);
#1886=AXIS2_PLACEMENT_3D('',#3444,#2312,#2313);
#1887=AXIS2_PLACEMENT_3D('',#3446,#2315,#2316);
#1888=AXIS2_PLACEMENT_3D('',#3447,#2317,#2318);
#1889=AXIS2_PLACEMENT_3D('',#3449,#2319,#2320);
#1890=AXIS2_PLACEMENT_3D('',#3450,#2321,#2322);
#1891=AXIS2_PLACEMENT_3D('',#3451,#2323,#2324);
#1892=AXIS2_PLACEMENT_3D('',#3453,#2326,#2327);
#1893=AXIS2_PLACEMENT_3D('',#3454,#2328,#2329);
#1894=AXIS2_PLACEMENT_3D('',#3456,#2330,#2331);
#1895=AXIS2_PLACEMENT_3D('',#3457,#2332,#2333);
#1896=AXIS2_PLACEMENT_3D('',#3458,#2334,#2335);
#1897=AXIS2_PLACEMENT_3D('',#3460,#2337,#2338);
#1898=AXIS2_PLACEMENT_3D('',#3462,#2339,#2340);
#1899=AXIS2_PLACEMENT_3D('',#3464,#2342,#2343);
#1900=AXIS2_PLACEMENT_3D('',#3466,#2344,#2345);
#1901=AXIS2_PLACEMENT_3D('',#3468,#2347,#2348);
#1902=AXIS2_PLACEMENT_3D('',#3470,#2349,#2350);
#1903=AXIS2_PLACEMENT_3D('',#3472,#2352,#2353);
#1904=AXIS2_PLACEMENT_3D('',#3474,#2354,#2355);
#1905=AXIS2_PLACEMENT_3D('',#3476,#2357,#2358);
#1906=AXIS2_PLACEMENT_3D('',#3478,#2360,#2361);
#1907=AXIS2_PLACEMENT_3D('',#3487,#2366,#2367);
#1908=AXIS2_PLACEMENT_3D('',#3493,#2371,#2372);
#1909=AXIS2_PLACEMENT_3D('',#3498,#2376,#2377);
#1910=AXIS2_PLACEMENT_3D('',#3502,#2380,#2381);
#1911=AXIS2_PLACEMENT_3D('',#3504,#2383,#2384);
#1912=AXIS2_PLACEMENT_3D('',#3505,#2385,#2386);
#1913=AXIS2_PLACEMENT_3D('',#3512,#2391,#2392);
#1914=AXIS2_PLACEMENT_3D('',#3515,#2395,#2396);
#1915=AXIS2_PLACEMENT_3D('',#3516,#2397,#2398);
#1916=DIRECTION('axis',(0.,0.,1.));
#1917=DIRECTION('refdir',(1.,0.,0.));
#1918=DIRECTION('center_axis',(0.,0.,1.));
#1919=DIRECTION('ref_axis',(1.,0.,0.));
#1920=DIRECTION('',(0.,1.,0.));
#1921=DIRECTION('',(1.,0.,3.8336342106341E-17));
#1922=DIRECTION('',(0.,-1.,0.));
#1923=DIRECTION('',(-1.,0.,0.));
#1924=DIRECTION('',(0.,1.,0.));
#1925=DIRECTION('',(1.,0.,3.8336342106341E-17));
#1926=DIRECTION('',(0.,-1.,0.));
#1927=DIRECTION('',(1.,0.,0.));
#1928=DIRECTION('center_axis',(0.,1.,0.));
#1929=DIRECTION('ref_axis',(0.,0.,1.));
#1930=DIRECTION('',(0.,0.,1.));
#1931=DIRECTION('',(1.,0.,0.));
#1932=DIRECTION('',(0.,0.,-1.));
#1933=DIRECTION('center_axis',(-1.,0.,0.));
#1934=DIRECTION('ref_axis',(0.,0.,1.));
#1935=DIRECTION('',(0.,0.,-1.));
#1936=DIRECTION('',(0.,1.,0.));
#1937=DIRECTION('center_axis',(-1.,0.,0.));
#1938=DIRECTION('ref_axis',(0.,1.,0.));
#1939=DIRECTION('',(0.,0.,-1.));
#1940=DIRECTION('',(0.,-1.,0.));
#1941=DIRECTION('',(0.,0.,-1.));
#1942=DIRECTION('center_axis',(0.,0.,-1.));
#1943=DIRECTION('ref_axis',(-1.,0.,0.));
#1944=DIRECTION('',(0.,1.,0.));
#1945=DIRECTION('',(-1.,0.,-7.66726842126821E-17));
#1946=DIRECTION('',(0.,-1.,0.));
#1947=DIRECTION('',(-1.,0.,-7.66726842126821E-17));
#1948=DIRECTION('',(-1.,0.,0.));
#1949=DIRECTION('center_axis',(0.,-1.,0.));
#1950=DIRECTION('ref_axis',(-1.,0.,0.));
#1951=DIRECTION('center_axis',(0.,-1.,0.));
#1952=DIRECTION('ref_axis',(-1.,0.,0.));
#1953=DIRECTION('',(0.,-1.,0.));
#1954=DIRECTION('center_axis',(0.,1.,0.));
#1955=DIRECTION('ref_axis',(-1.,0.,0.));
#1956=DIRECTION('center_axis',(0.,-1.,0.));
#1957=DIRECTION('ref_axis',(-1.,0.,0.));
#1958=DIRECTION('center_axis',(0.,-1.,0.));
#1959=DIRECTION('ref_axis',(-1.,0.,0.));
#1960=DIRECTION('',(0.,-1.,0.));
#1961=DIRECTION('center_axis',(0.,1.,0.));
#1962=DIRECTION('ref_axis',(-1.,0.,0.));
#1963=DIRECTION('center_axis',(0.,1.,0.));
#1964=DIRECTION('ref_axis',(-1.,0.,0.));
#1965=DIRECTION('center_axis',(0.,-1.,0.));
#1966=DIRECTION('ref_axis',(-1.,0.,0.));
#1967=DIRECTION('',(0.,-1.,0.));
#1968=DIRECTION('center_axis',(0.,1.,0.));
#1969=DIRECTION('ref_axis',(-1.,0.,0.));
#1970=DIRECTION('center_axis',(0.,1.,0.));
#1971=DIRECTION('ref_axis',(-1.,0.,0.));
#1972=DIRECTION('center_axis',(0.,-1.,0.));
#1973=DIRECTION('ref_axis',(-1.,0.,0.));
#1974=DIRECTION('',(0.,-1.,0.));
#1975=DIRECTION('center_axis',(0.,1.,0.));
#1976=DIRECTION('ref_axis',(-1.,0.,0.));
#1977=DIRECTION('center_axis',(0.,-1.,0.));
#1978=DIRECTION('ref_axis',(-1.,0.,0.));
#1979=DIRECTION('center_axis',(0.,-1.,0.));
#1980=DIRECTION('ref_axis',(-1.,0.,0.));
#1981=DIRECTION('',(0.,-1.,0.));
#1982=DIRECTION('center_axis',(0.,1.,0.));
#1983=DIRECTION('ref_axis',(-1.,0.,0.));
#1984=DIRECTION('center_axis',(0.,-1.,0.));
#1985=DIRECTION('ref_axis',(-1.,0.,0.));
#1986=DIRECTION('center_axis',(0.,-1.,0.));
#1987=DIRECTION('ref_axis',(-1.,0.,0.));
#1988=DIRECTION('',(0.,-1.,0.));
#1989=DIRECTION('center_axis',(0.,1.,0.));
#1990=DIRECTION('ref_axis',(-1.,0.,0.));
#1991=DIRECTION('center_axis',(0.784675243855941,0.,-0.619907058904494));
#1992=DIRECTION('ref_axis',(-0.619907058904494,0.,-0.784675243855941));
#1993=DIRECTION('',(-0.619907058904494,0.,-0.784675243855941));
#1994=DIRECTION('',(0.,1.,0.));
#1995=DIRECTION('',(-0.619907058904494,0.,-0.784675243855941));
#1996=DIRECTION('',(0.,-1.,0.));
#1997=DIRECTION('center_axis',(0.,1.,0.));
#1998=DIRECTION('ref_axis',(1.,0.,0.));
#1999=DIRECTION('center_axis',(0.,1.,0.));
#2000=DIRECTION('ref_axis',(1.,0.,0.));
#2001=DIRECTION('',(0.,1.,0.));
#2002=DIRECTION('center_axis',(0.,1.,0.));
#2003=DIRECTION('ref_axis',(1.,0.,0.));
#2004=DIRECTION('center_axis',(0.784675243855938,0.,0.619907058904497));
#2005=DIRECTION('ref_axis',(0.619907058904497,0.,-0.784675243855938));
#2006=DIRECTION('',(0.619907058904497,0.,-0.784675243855938));
#2007=DIRECTION('',(0.,-1.,0.));
#2008=DIRECTION('',(0.619907058904497,0.,-0.784675243855938));
#2009=DIRECTION('center_axis',(0.,-1.,0.));
#2010=DIRECTION('ref_axis',(1.,0.,0.));
#2011=DIRECTION('',(-2.96059473233375E-15,0.,1.));
#2012=DIRECTION('center_axis',(0.,-1.,0.));
#2013=DIRECTION('ref_axis',(1.,0.,0.));
#2014=DIRECTION('center_axis',(0.,1.,0.));
#2015=DIRECTION('ref_axis',(-1.,0.,-9.44833808676605E-15));
#2016=DIRECTION('center_axis',(0.,1.,0.));
#2017=DIRECTION('ref_axis',(1.,0.,0.));
#2018=DIRECTION('',(0.,1.,0.));
#2019=DIRECTION('center_axis',(0.,1.,0.));
#2020=DIRECTION('ref_axis',(1.,0.,0.));
#2021=DIRECTION('',(0.,1.,0.));
#2022=DIRECTION('center_axis',(-0.784675243855938,0.,-0.619907058904498));
#2023=DIRECTION('ref_axis',(-0.619907058904498,0.,0.784675243855938));
#2024=DIRECTION('',(-0.619907058904498,0.,0.784675243855938));
#2025=DIRECTION('',(0.,1.,0.));
#2026=DIRECTION('',(-0.619907058904498,0.,0.784675243855938));
#2027=DIRECTION('center_axis',(-0.784675243855942,0.,0.619907058904493));
#2028=DIRECTION('ref_axis',(0.619907058904493,0.,0.784675243855942));
#2029=DIRECTION('',(0.619907058904493,0.,0.784675243855942));
#2030=DIRECTION('',(0.619907058904493,0.,0.784675243855942));
#2031=DIRECTION('',(0.,-1.,0.));
#2032=DIRECTION('center_axis',(0.,-1.,0.));
#2033=DIRECTION('ref_axis',(1.,0.,0.));
#2034=DIRECTION('',(4.19611851826831E-15,0.,-1.));
#2035=DIRECTION('center_axis',(0.,-1.,0.));
#2036=DIRECTION('ref_axis',(1.,0.,0.));
#2037=DIRECTION('center_axis',(1.,0.,4.19611851826831E-15));
#2038=DIRECTION('ref_axis',(4.19611851826831E-15,0.,-1.));
#2039=DIRECTION('',(0.,1.,0.));
#2040=DIRECTION('',(-4.19611851826831E-15,0.,1.));
#2041=DIRECTION('',(0.,-1.,0.));
#2042=DIRECTION('center_axis',(0.,1.,0.));
#2043=DIRECTION('ref_axis',(1.,0.,0.));
#2044=DIRECTION('',(0.,1.,0.));
#2045=DIRECTION('center_axis',(0.,1.,0.));
#2046=DIRECTION('ref_axis',(1.,0.,0.));
#2047=DIRECTION('center_axis',(0.,-1.,0.));
#2048=DIRECTION('ref_axis',(1.,0.,0.));
#2049=DIRECTION('center_axis',(0.,1.,0.));
#2050=DIRECTION('ref_axis',(1.,0.,0.));
#2051=DIRECTION('',(0.,1.,0.));
#2052=DIRECTION('center_axis',(0.,1.,0.));
#2053=DIRECTION('ref_axis',(1.,0.,0.));
#2054=DIRECTION('center_axis',(0.,-1.,0.));
#2055=DIRECTION('ref_axis',(1.,0.,0.));
#2056=DIRECTION('center_axis',(0.,1.,0.));
#2057=DIRECTION('ref_axis',(1.,0.,0.));
#2058=DIRECTION('center_axis',(0.,1.,0.));
#2059=DIRECTION('ref_axis',(1.,0.,0.));
#2060=DIRECTION('',(0.,-1.,0.));
#2061=DIRECTION('center_axis',(0.,-1.,0.));
#2062=DIRECTION('ref_axis',(1.,0.,0.));
#2063=DIRECTION('center_axis',(0.,-1.,0.));
#2064=DIRECTION('ref_axis',(1.,0.,0.));
#2065=DIRECTION('center_axis',(0.,1.,0.));
#2066=DIRECTION('ref_axis',(1.,0.,0.));
#2067=DIRECTION('center_axis',(0.,1.,0.));
#2068=DIRECTION('ref_axis',(1.,0.,0.));
#2069=DIRECTION('',(0.,-1.,0.));
#2070=DIRECTION('center_axis',(0.,-1.,0.));
#2071=DIRECTION('ref_axis',(1.,0.,0.));
#2072=DIRECTION('center_axis',(0.,-1.,0.));
#2073=DIRECTION('ref_axis',(1.,0.,0.));
#2074=DIRECTION('center_axis',(0.,0.,-1.));
#2075=DIRECTION('ref_axis',(0.,-1.,0.));
#2076=DIRECTION('',(0.,-1.,0.));
#2077=DIRECTION('',(-1.,0.,0.));
#2078=DIRECTION('',(0.,-1.,0.));
#2079=DIRECTION('',(-1.,0.,0.));
#2080=DIRECTION('center_axis',(0.,0.,1.));
#2081=DIRECTION('ref_axis',(0.,1.,0.));
#2082=DIRECTION('',(0.,1.,0.));
#2083=DIRECTION('',(-1.,0.,0.));
#2084=DIRECTION('',(0.,1.,0.));
#2085=DIRECTION('',(-1.,0.,0.));
#2086=DIRECTION('center_axis',(0.,-1.,0.));
#2087=DIRECTION('ref_axis',(0.,0.,1.));
#2088=DIRECTION('',(-2.96059473233375E-15,0.,1.));
#2089=DIRECTION('',(-2.96059473233375E-15,0.,1.));
#2090=DIRECTION('center_axis',(0.,1.,0.));
#2091=DIRECTION('ref_axis',(1.,0.,0.));
#2092=DIRECTION('',(1.,0.,0.));
#2093=DIRECTION('',(0.,0.,1.));
#2094=DIRECTION('',(-1.,0.,0.));
#2095=DIRECTION('',(-1.,0.,-3.17206578464333E-15));
#2096=DIRECTION('',(1.,0.,4.23553292631563E-15));
#2097=DIRECTION('center_axis',(0.,1.,0.));
#2098=DIRECTION('ref_axis',(-1.,0.,0.));
#2099=DIRECTION('center_axis',(0.,1.,0.));
#2100=DIRECTION('ref_axis',(-1.,0.,0.));
#2101=DIRECTION('center_axis',(0.,1.,0.));
#2102=DIRECTION('ref_axis',(-1.,0.,0.));
#2103=DIRECTION('center_axis',(0.,1.,0.));
#2104=DIRECTION('ref_axis',(-1.,0.,0.));
#2105=DIRECTION('center_axis',(0.,1.,0.));
#2106=DIRECTION('ref_axis',(1.,0.,0.));
#2107=DIRECTION('center_axis',(0.,1.,0.));
#2108=DIRECTION('ref_axis',(-1.,0.,0.));
#2109=DIRECTION('',(0.,-1.,0.));
#2110=DIRECTION('',(0.,-1.,0.));
#2111=DIRECTION('center_axis',(1.,0.,0.));
#2112=DIRECTION('ref_axis',(0.,0.,1.));
#2113=DIRECTION('',(0.,0.,1.));
#2114=DIRECTION('',(0.,-1.,0.));
#2115=DIRECTION('',(0.,-1.,0.));
#2116=DIRECTION('center_axis',(0.,0.,1.));
#2117=DIRECTION('ref_axis',(-1.,0.,0.));
#2118=DIRECTION('',(-1.,0.,0.));
#2119=DIRECTION('',(0.,-1.,0.));
#2120=DIRECTION('center_axis',(0.,1.,0.));
#2121=DIRECTION('ref_axis',(1.,0.,0.));
#2122=DIRECTION('center_axis',(0.,1.,0.));
#2123=DIRECTION('ref_axis',(-1.,0.,0.));
#2124=DIRECTION('center_axis',(-3.49148133884314E-15,-1.,3.01841884819972E-16));
#2125=DIRECTION('ref_axis',(0.,-3.01841884819972E-16,-1.));
#2126=DIRECTION('center_axis',(3.49148133884314E-15,1.,-3.01841884819972E-16));
#2127=DIRECTION('ref_axis',(-1.,0.,0.));
#2128=DIRECTION('center_axis',(-3.49148133884314E-15,-1.,3.01841884819972E-16));
#2129=DIRECTION('ref_axis',(-1.,0.,0.));
#2130=DIRECTION('center_axis',(0.,1.,0.));
#2131=DIRECTION('ref_axis',(-1.,0.,0.));
#2132=DIRECTION('',(0.,-1.,0.));
#2133=DIRECTION('center_axis',(0.,-1.,0.));
#2134=DIRECTION('ref_axis',(-1.,0.,0.));
#2135=DIRECTION('center_axis',(0.,1.,0.));
#2136=DIRECTION('ref_axis',(-1.,0.,0.));
#2137=DIRECTION('',(0.,-1.,0.));
#2138=DIRECTION('center_axis',(0.,1.,0.));
#2139=DIRECTION('ref_axis',(1.,0.,0.));
#2140=DIRECTION('center_axis',(0.,1.,0.));
#2141=DIRECTION('ref_axis',(-1.,0.,0.));
#2142=DIRECTION('center_axis',(-3.49148133884314E-15,-1.,3.01841884819972E-16));
#2143=DIRECTION('ref_axis',(0.,-3.01841884819972E-16,-1.));
#2144=DIRECTION('center_axis',(3.49148133884314E-15,1.,-3.01841884819972E-16));
#2145=DIRECTION('ref_axis',(-1.,0.,0.));
#2146=DIRECTION('center_axis',(-3.49148133884314E-15,-1.,3.01841884819972E-16));
#2147=DIRECTION('ref_axis',(-1.,0.,0.));
#2148=DIRECTION('center_axis',(0.,1.,0.));
#2149=DIRECTION('ref_axis',(-1.,0.,0.));
#2150=DIRECTION('',(0.,-1.,0.));
#2151=DIRECTION('center_axis',(0.,-1.,0.));
#2152=DIRECTION('ref_axis',(-1.,0.,0.));
#2153=DIRECTION('center_axis',(0.,1.,0.));
#2154=DIRECTION('ref_axis',(-1.,0.,0.));
#2155=DIRECTION('',(0.,-1.,0.));
#2156=DIRECTION('center_axis',(0.,1.,0.));
#2157=DIRECTION('ref_axis',(1.,0.,0.));
#2158=DIRECTION('center_axis',(0.,1.,0.));
#2159=DIRECTION('ref_axis',(-1.,0.,0.));
#2160=DIRECTION('center_axis',(-3.49148133884314E-15,-1.,3.01841884819972E-16));
#2161=DIRECTION('ref_axis',(0.,-3.01841884819972E-16,-1.));
#2162=DIRECTION('center_axis',(3.49148133884314E-15,1.,-3.01841884819972E-16));
#2163=DIRECTION('ref_axis',(-1.,0.,0.));
#2164=DIRECTION('center_axis',(-3.49148133884314E-15,-1.,3.01841884819972E-16));
#2165=DIRECTION('ref_axis',(-1.,0.,0.));
#2166=DIRECTION('center_axis',(0.,1.,0.));
#2167=DIRECTION('ref_axis',(-1.,0.,0.));
#2168=DIRECTION('',(0.,-1.,0.));
#2169=DIRECTION('center_axis',(0.,-1.,0.));
#2170=DIRECTION('ref_axis',(-1.,0.,0.));
#2171=DIRECTION('center_axis',(0.,1.,0.));
#2172=DIRECTION('ref_axis',(-1.,0.,0.));
#2173=DIRECTION('',(0.,-1.,0.));
#2174=DIRECTION('center_axis',(-3.49148133884314E-15,-1.,3.01841884819972E-16));
#2175=DIRECTION('ref_axis',(0.,-3.01841884819972E-16,-1.));
#2176=DIRECTION('center_axis',(3.49148133884314E-15,1.,-3.01841884819972E-16));
#2177=DIRECTION('ref_axis',(-1.,0.,0.));
#2178=DIRECTION('center_axis',(-3.49148133884314E-15,-1.,3.01841884819972E-16));
#2179=DIRECTION('ref_axis',(-1.,0.,0.));
#2180=DIRECTION('center_axis',(0.,1.,0.));
#2181=DIRECTION('ref_axis',(-1.,0.,0.));
#2182=DIRECTION('',(0.,-1.,0.));
#2183=DIRECTION('center_axis',(0.,-1.,0.));
#2184=DIRECTION('ref_axis',(-1.,0.,0.));
#2185=DIRECTION('center_axis',(0.,1.,0.));
#2186=DIRECTION('ref_axis',(-1.,0.,0.));
#2187=DIRECTION('',(0.,-1.,0.));
#2188=DIRECTION('center_axis',(1.,0.,0.));
#2189=DIRECTION('ref_axis',(0.,0.,-1.));
#2190=DIRECTION('',(0.,0.,1.));
#2191=DIRECTION('center_axis',(1.,0.,0.));
#2192=DIRECTION('ref_axis',(0.,-1.,0.));
#2193=DIRECTION('',(0.,0.,-1.));
#2194=DIRECTION('',(0.,0.,-1.));
#2195=DIRECTION('center_axis',(0.,1.,0.));
#2196=DIRECTION('ref_axis',(1.,0.,0.));
#2197=DIRECTION('center_axis',(0.,1.,0.));
#2198=DIRECTION('ref_axis',(0.,0.,1.));
#2199=DIRECTION('',(1.,0.,-3.88578058618805E-15));
#2200=DIRECTION('',(0.,0.,-1.));
#2201=DIRECTION('',(-1.,0.,3.77475828372553E-15));
#2202=DIRECTION('',(0.,0.,1.));
#2203=DIRECTION('center_axis',(3.88578058618805E-15,0.,1.));
#2204=DIRECTION('ref_axis',(1.,0.,-3.88578058618805E-15));
#2205=DIRECTION('',(-1.,0.,3.88578058618805E-15));
#2206=DIRECTION('',(0.,1.,0.));
#2207=DIRECTION('',(0.,1.,0.));
#2208=DIRECTION('center_axis',(1.,0.,0.));
#2209=DIRECTION('ref_axis',(0.,0.,-1.));
#2210=DIRECTION('',(0.,0.,1.));
#2211=DIRECTION('',(0.,1.,0.));
#2212=DIRECTION('center_axis',(-3.77475828372553E-15,0.,-1.));
#2213=DIRECTION('ref_axis',(-1.,0.,3.77475828372553E-15));
#2214=DIRECTION('',(1.,0.,-3.77475828372553E-15));
#2215=DIRECTION('',(0.,1.,0.));
#2216=DIRECTION('center_axis',(-1.,0.,0.));
#2217=DIRECTION('ref_axis',(0.,0.,1.));
#2218=DIRECTION('',(0.,0.,-1.));
#2219=DIRECTION('center_axis',(-1.,0.,0.));
#2220=DIRECTION('ref_axis',(0.,0.,1.));
#2221=DIRECTION('',(0.,0.,-1.));
#2222=DIRECTION('',(0.,1.,0.));
#2223=DIRECTION('',(0.,0.,1.));
#2224=DIRECTION('',(0.,1.,0.));
#2225=DIRECTION('',(-5.9211894646675E-15,0.,1.));
#2226=DIRECTION('',(0.,1.,0.));
#2227=DIRECTION('',(5.9211894646675E-15,0.,-1.));
#2228=DIRECTION('',(0.,-1.,0.));
#2229=DIRECTION('',(1.1842378929335E-14,0.,1.));
#2230=DIRECTION('',(0.,-1.,0.));
#2231=DIRECTION('',(-1.1842378929335E-14,0.,-1.));
#2232=DIRECTION('',(0.,1.,0.));
#2233=DIRECTION('',(1.1842378929335E-14,0.,1.));
#2234=DIRECTION('',(0.,1.,0.));
#2235=DIRECTION('',(0.,0.,-1.));
#2236=DIRECTION('',(0.,1.,0.));
#2237=DIRECTION('center_axis',(0.,0.,1.));
#2238=DIRECTION('ref_axis',(1.,0.,0.));
#2239=DIRECTION('',(-1.,0.,0.));
#2240=DIRECTION('',(-1.,0.,0.));
#2241=DIRECTION('',(0.,1.,0.));
#2242=DIRECTION('center_axis',(1.,0.,0.));
#2243=DIRECTION('ref_axis',(0.,0.,-1.));
#2244=DIRECTION('',(0.,0.,1.));
#2245=DIRECTION('',(0.,1.,0.));
#2246=DIRECTION('',(0.,0.,-1.));
#2247=DIRECTION('',(0.,1.,0.));
#2248=DIRECTION('',(-5.9211894646675E-15,0.,-1.));
#2249=DIRECTION('',(0.,1.,0.));
#2250=DIRECTION('',(5.9211894646675E-15,0.,1.));
#2251=DIRECTION('',(0.,-1.,0.));
#2252=DIRECTION('',(5.9211894646675E-15,0.,-1.));
#2253=DIRECTION('',(0.,-1.,0.));
#2254=DIRECTION('',(-5.9211894646675E-15,0.,1.));
#2255=DIRECTION('',(-1.42108547152016E-14,1.,0.));
#2256=DIRECTION('',(5.9211894646675E-15,0.,-1.));
#2257=DIRECTION('',(0.,1.,0.));
#2258=DIRECTION('',(0.,0.,1.));
#2259=DIRECTION('center_axis',(0.,0.,1.));
#2260=DIRECTION('ref_axis',(1.,0.,0.));
#2261=DIRECTION('',(1.,0.,0.));
#2262=DIRECTION('',(-1.,0.,0.));
#2263=DIRECTION('center_axis',(0.,-1.,0.));
#2264=DIRECTION('ref_axis',(1.,0.,0.));
#2265=DIRECTION('center_axis',(0.,1.,0.));
#2266=DIRECTION('ref_axis',(-1.,0.,0.));
#2267=DIRECTION('center_axis',(0.,-1.,0.));
#2268=DIRECTION('ref_axis',(-1.,0.,0.));
#2269=DIRECTION('center_axis',(-6.93889390390722E-16,0.,-1.));
#2270=DIRECTION('ref_axis',(-1.,0.,6.93889390390722E-16));
#2271=DIRECTION('',(1.,0.,-6.93889390390722E-16));
#2272=DIRECTION('',(1.,0.,-6.93889390390722E-16));
#2273=DIRECTION('center_axis',(0.,0.,-1.));
#2274=DIRECTION('ref_axis',(-1.,0.,0.));
#2275=DIRECTION('',(-1.,0.,0.));
#2276=DIRECTION('',(1.,0.,0.));
#2277=DIRECTION('center_axis',(0.,-1.,0.));
#2278=DIRECTION('ref_axis',(-1.,0.,-5.84327905406094E-17));
#2279=DIRECTION('center_axis',(0.,1.,0.));
#2280=DIRECTION('ref_axis',(-1.,0.,0.));
#2281=DIRECTION('center_axis',(0.,-1.,0.));
#2282=DIRECTION('ref_axis',(-1.,0.,0.));
#2283=DIRECTION('center_axis',(0.,1.,0.));
#2284=DIRECTION('ref_axis',(0.,0.,1.));
#2285=DIRECTION('center_axis',(0.,1.,0.));
#2286=DIRECTION('ref_axis',(-1.,0.,0.));
#2287=DIRECTION('center_axis',(0.,1.,0.));
#2288=DIRECTION('ref_axis',(-1.,0.,0.));
#2289=DIRECTION('center_axis',(0.,1.,0.));
#2290=DIRECTION('ref_axis',(-1.,0.,0.));
#2291=DIRECTION('center_axis',(0.,1.,0.));
#2292=DIRECTION('ref_axis',(-1.,0.,0.));
#2293=DIRECTION('center_axis',(0.,1.,0.));
#2294=DIRECTION('ref_axis',(-1.,0.,0.));
#2295=DIRECTION('center_axis',(0.,-1.,0.));
#2296=DIRECTION('ref_axis',(-1.,0.,0.));
#2297=DIRECTION('center_axis',(0.,1.,0.));
#2298=DIRECTION('ref_axis',(-1.,0.,0.));
#2299=DIRECTION('center_axis',(0.,-1.,0.));
#2300=DIRECTION('ref_axis',(-1.,0.,0.));
#2301=DIRECTION('center_axis',(0.,-1.,0.));
#2302=DIRECTION('ref_axis',(-1.,0.,0.));
#2303=DIRECTION('',(0.,1.,0.));
#2304=DIRECTION('center_axis',(0.,1.,0.));
#2305=DIRECTION('ref_axis',(-1.,0.,0.));
#2306=DIRECTION('center_axis',(0.,-1.,0.));
#2307=DIRECTION('ref_axis',(-1.,0.,0.));
#2308=DIRECTION('center_axis',(0.,1.,0.));
#2309=DIRECTION('ref_axis',(-1.,0.,0.));
#2310=DIRECTION('center_axis',(0.,-1.,0.));
#2311=DIRECTION('ref_axis',(-1.,0.,0.));
#2312=DIRECTION('center_axis',(0.,-1.,0.));
#2313=DIRECTION('ref_axis',(-1.,0.,0.));
#2314=DIRECTION('',(0.,1.,0.));
#2315=DIRECTION('center_axis',(0.,1.,0.));
#2316=DIRECTION('ref_axis',(-1.,0.,0.));
#2317=DIRECTION('center_axis',(0.,1.,0.));
#2318=DIRECTION('ref_axis',(-1.,0.,0.));
#2319=DIRECTION('center_axis',(0.,1.,0.));
#2320=DIRECTION('ref_axis',(-1.,0.,0.));
#2321=DIRECTION('center_axis',(0.,1.,0.));
#2322=DIRECTION('ref_axis',(-1.,0.,0.));
#2323=DIRECTION('center_axis',(0.,1.,0.));
#2324=DIRECTION('ref_axis',(-1.,0.,0.));
#2325=DIRECTION('',(0.,-1.,0.));
#2326=DIRECTION('center_axis',(0.,1.,0.));
#2327=DIRECTION('ref_axis',(-1.,0.,0.));
#2328=DIRECTION('center_axis',(0.,1.,0.));
#2329=DIRECTION('ref_axis',(-1.,0.,0.));
#2330=DIRECTION('center_axis',(0.,1.,0.));
#2331=DIRECTION('ref_axis',(-1.,0.,0.));
#2332=DIRECTION('center_axis',(0.,1.,0.));
#2333=DIRECTION('ref_axis',(-1.,0.,0.));
#2334=DIRECTION('center_axis',(0.,1.,0.));
#2335=DIRECTION('ref_axis',(-1.,0.,0.));
#2336=DIRECTION('',(0.,-1.,0.));
#2337=DIRECTION('center_axis',(0.,-1.,0.));
#2338=DIRECTION('ref_axis',(-1.,0.,0.));
#2339=DIRECTION('center_axis',(0.,-1.,0.));
#2340=DIRECTION('ref_axis',(-1.,0.,0.));
#2341=DIRECTION('',(0.,-1.,0.));
#2342=DIRECTION('center_axis',(0.,-1.,0.));
#2343=DIRECTION('ref_axis',(-1.,0.,0.));
#2344=DIRECTION('center_axis',(0.,-1.,0.));
#2345=DIRECTION('ref_axis',(-1.,0.,0.));
#2346=DIRECTION('',(0.,-1.,0.));
#2347=DIRECTION('center_axis',(0.,-1.,0.));
#2348=DIRECTION('ref_axis',(-1.,0.,0.));
#2349=DIRECTION('center_axis',(0.,-1.,0.));
#2350=DIRECTION('ref_axis',(-1.,0.,0.));
#2351=DIRECTION('',(0.,-1.,0.));
#2352=DIRECTION('center_axis',(0.,-1.,0.));
#2353=DIRECTION('ref_axis',(-1.,0.,0.));
#2354=DIRECTION('center_axis',(0.,-1.,0.));
#2355=DIRECTION('ref_axis',(-1.,0.,0.));
#2356=DIRECTION('',(0.,-1.,0.));
#2357=DIRECTION('center_axis',(0.,0.,-1.));
#2358=DIRECTION('ref_axis',(1.,0.,0.));
#2359=DIRECTION('',(1.,0.,0.));
#2360=DIRECTION('center_axis',(0.,1.,0.));
#2361=DIRECTION('ref_axis',(1.,0.,0.));
#2362=DIRECTION('',(4.5257499093E-15,0.,-1.));
#2363=DIRECTION('',(1.,0.,3.00060276925719E-15));
#2364=DIRECTION('',(-2.96059473233375E-15,0.,1.));
#2365=DIRECTION('',(-1.,0.,-4.2700885562506E-15));
#2366=DIRECTION('center_axis',(-4.2700885562506E-15,0.,1.));
#2367=DIRECTION('ref_axis',(1.,0.,4.2700885562506E-15));
#2368=DIRECTION('',(0.,1.,0.));
#2369=DIRECTION('',(1.,0.,4.2700885562506E-15));
#2370=DIRECTION('',(0.,1.,0.));
#2371=DIRECTION('center_axis',(1.,0.,2.96059473233375E-15));
#2372=DIRECTION('ref_axis',(2.96059473233375E-15,0.,-1.));
#2373=DIRECTION('',(0.,1.,0.));
#2374=DIRECTION('',(2.96059473233375E-15,0.,-1.));
#2375=DIRECTION('',(2.96059473233375E-15,0.,-1.));
#2376=DIRECTION('center_axis',(3.00060276925719E-15,0.,-1.));
#2377=DIRECTION('ref_axis',(-1.,0.,-3.00060276925719E-15));
#2378=DIRECTION('',(0.,1.,0.));
#2379=DIRECTION('',(-1.,0.,-3.00060276925719E-15));
#2380=DIRECTION('center_axis',(-1.,0.,-4.5257499093E-15));
#2381=DIRECTION('ref_axis',(-4.5257499093E-15,0.,1.));
#2382=DIRECTION('',(-4.5257499093E-15,0.,1.));
#2383=DIRECTION('center_axis',(0.,1.,0.));
#2384=DIRECTION('ref_axis',(0.,0.,1.));
#2385=DIRECTION('center_axis',(-1.,0.,-2.96059473233375E-15));
#2386=DIRECTION('ref_axis',(-2.96059473233375E-15,0.,1.));
#2387=DIRECTION('',(0.,-1.,0.));
#2388=DIRECTION('',(2.96059473233375E-15,0.,-1.));
#2389=DIRECTION('',(2.96059473233375E-15,0.,-1.));
#2390=DIRECTION('',(0.,-1.,0.));
#2391=DIRECTION('center_axis',(0.,1.,0.));
#2392=DIRECTION('ref_axis',(-1.,0.,0.));
#2393=DIRECTION('',(1.,0.,4.23553292631563E-15));
#2394=DIRECTION('',(-1.,0.,-3.17206578464333E-15));
#2395=DIRECTION('center_axis',(-3.17206578464333E-15,0.,1.));
#2396=DIRECTION('ref_axis',(1.,0.,3.17206578464333E-15));
#2397=DIRECTION('center_axis',(4.23553292631563E-15,0.,-1.));
#2398=DIRECTION('ref_axis',(-1.,0.,-4.23553292631563E-15));
#2399=CARTESIAN_POINT('',(0.,0.,0.));
#2400=CARTESIAN_POINT('Origin',(-149.140825663367,0.,-6.00000010430812));
#2401=CARTESIAN_POINT('',(-176.100892368362,0.,-6.00000010430812));
#2402=CARTESIAN_POINT('',(-176.100892368362,8.,-6.00000010430812));
#2403=CARTESIAN_POINT('',(-176.100892368362,0.,-6.00000010430812));
#2404=CARTESIAN_POINT('',(-178.100892368362,0.,-6.00000010430812));
#2405=CARTESIAN_POINT('',(-136.494933286551,0.,-6.00000010430812));
#2406=CARTESIAN_POINT('',(-178.100892368362,10.,-6.00000010430812));
#2407=CARTESIAN_POINT('',(-178.100892368362,0.,-6.00000010430812));
#2408=CARTESIAN_POINT('',(-149.140825663367,10.,-6.00000010430812));
#2409=CARTESIAN_POINT('',(-156.380842339615,10.,-6.00000010430812));
#2410=CARTESIAN_POINT('',(-149.140825663367,0.,-6.00000010430812));
#2411=CARTESIAN_POINT('',(-149.140825663367,0.,-6.00000010430812));
#2412=CARTESIAN_POINT('',(-151.140825663367,0.,-6.00000010430812));
#2413=CARTESIAN_POINT('',(-136.494933286551,0.,-6.00000010430812));
#2414=CARTESIAN_POINT('',(-151.140825663367,8.,-6.00000010430812));
#2415=CARTESIAN_POINT('',(-151.140825663367,4.,-6.00000010430812));
#2416=CARTESIAN_POINT('',(-162.620859015864,8.,-6.00000010430812));
#2417=CARTESIAN_POINT('Origin',(-163.620859015864,10.,1.11022302462516E-15));
#2418=CARTESIAN_POINT('',(-178.100892368362,10.,6.00000010430812));
#2419=CARTESIAN_POINT('',(-178.100892368362,10.,7.00000010430812));
#2420=CARTESIAN_POINT('',(-149.140825663367,10.,6.00000010430812));
#2421=CARTESIAN_POINT('',(-170.860875692113,10.,6.00000010430812));
#2422=CARTESIAN_POINT('',(-149.140825663367,10.,-7.00000010430812));
#2423=CARTESIAN_POINT('Origin',(-178.100892368362,0.,-7.00000010430812));
#2424=CARTESIAN_POINT('',(-178.100892368362,0.,6.00000010430812));
#2425=CARTESIAN_POINT('',(-178.100892368362,0.,-3.50000005215406));
#2426=CARTESIAN_POINT('',(-178.100892368362,0.,6.00000010430812));
#2427=CARTESIAN_POINT('Origin',(-176.100892368362,0.,7.00000010430812));
#2428=CARTESIAN_POINT('',(-176.100892368362,8.,6.00000010430812));
#2429=CARTESIAN_POINT('',(-176.100892368362,8.,7.00000010430812));
#2430=CARTESIAN_POINT('',(-176.100892368362,0.,6.00000010430812));
#2431=CARTESIAN_POINT('',(-176.100892368362,0.,6.00000010430812));
#2432=CARTESIAN_POINT('',(-176.100892368362,0.,7.00000010430812));
#2433=CARTESIAN_POINT('Origin',(-178.100892368362,0.,6.00000010430812));
#2434=CARTESIAN_POINT('',(-151.140825663367,0.,6.00000010430812));
#2435=CARTESIAN_POINT('',(-151.140825663367,8.,6.00000010430812));
#2436=CARTESIAN_POINT('',(-151.140825663367,4.,6.00000010430812));
#2437=CARTESIAN_POINT('',(-149.140825663367,0.,6.00000010430812));
#2438=CARTESIAN_POINT('',(-150.974966639049,0.,6.00000010430812));
#2439=CARTESIAN_POINT('',(-149.140825663367,0.,6.00000010430812));
#2440=CARTESIAN_POINT('',(-150.974966639049,0.,6.00000010430812));
#2441=CARTESIAN_POINT('',(-177.100892368362,8.,6.00000010430812));
#2442=CARTESIAN_POINT('Origin',(-162.670859012313,2.,10.9615622952376));
#2443=CARTESIAN_POINT('',(-160.670859012313,0.,10.9615622952376));
#2444=CARTESIAN_POINT('Origin',(-162.670859012313,0.,10.9615622952376));
#2445=CARTESIAN_POINT('',(-160.670859012313,-2.,10.9615622952376));
#2446=CARTESIAN_POINT('',(-160.670859012313,2.,10.9615622952376));
#2447=CARTESIAN_POINT('Origin',(-162.670859012313,-2.,10.9615622952376));
#2448=CARTESIAN_POINT('Origin',(-162.670859012313,2.,-10.9615622952379));
#2449=CARTESIAN_POINT('',(-160.670859012313,0.,-10.9615622952379));
#2450=CARTESIAN_POINT('Origin',(-162.670859012313,0.,-10.9615622952379));
#2451=CARTESIAN_POINT('',(-160.670859012313,-2.,-10.9615622952379));
#2452=CARTESIAN_POINT('',(-160.670859012313,2.,-10.9615622952379));
#2453=CARTESIAN_POINT('Origin',(-162.670859012313,-2.,-10.9615622952379));
#2454=CARTESIAN_POINT('Origin',(-10.9322881292415,2.,-20.8589676559675));
#2455=CARTESIAN_POINT('',(-8.93228812924154,0.,-20.8589676559675));
#2456=CARTESIAN_POINT('Origin',(-10.9322881292415,0.,-20.8589676559675));
#2457=CARTESIAN_POINT('',(-8.93228812924154,-2.,-20.8589676559675));
#2458=CARTESIAN_POINT('',(-8.93228812924154,2.,-20.8589676559675));
#2459=CARTESIAN_POINT('Origin',(-10.9322881292415,-2.,-20.8589676559675));
#2460=CARTESIAN_POINT('Origin',(10.930295906288,2.,-20.8589676559675));
#2461=CARTESIAN_POINT('',(12.930295906288,0.,-20.8589676559675));
#2462=CARTESIAN_POINT('Origin',(10.930295906288,0.,-20.8589676559675));
#2463=CARTESIAN_POINT('',(12.930295906288,-2.,-20.8589676559675));
#2464=CARTESIAN_POINT('',(12.930295906288,2.,-20.8589676559675));
#2465=CARTESIAN_POINT('Origin',(10.930295906288,-2.,-20.8589676559675));
#2466=CARTESIAN_POINT('Origin',(10.930295906288,2.,20.8589676559675));
#2467=CARTESIAN_POINT('',(12.930295906288,0.,20.8589676559675));
#2468=CARTESIAN_POINT('Origin',(10.930295906288,0.,20.8589676559675));
#2469=CARTESIAN_POINT('',(12.930295906288,-2.,20.8589676559675));
#2470=CARTESIAN_POINT('',(12.930295906288,2.,20.8589676559675));
#2471=CARTESIAN_POINT('Origin',(10.930295906288,-2.,20.8589676559675));
#2472=CARTESIAN_POINT('Origin',(-10.9322881292415,2.,20.8589676559675));
#2473=CARTESIAN_POINT('',(-8.93228812924154,0.,20.8589676559675));
#2474=CARTESIAN_POINT('Origin',(-10.9322881292415,0.,20.8589676559675));
#2475=CARTESIAN_POINT('',(-8.93228812924154,-2.,20.8589676559675));
#2476=CARTESIAN_POINT('',(-8.93228812924154,2.,20.8589676559675));
#2477=CARTESIAN_POINT('Origin',(-10.9322881292415,-2.,20.8589676559675));
#2478=CARTESIAN_POINT('Origin',(-54.745015178168,-2.,-1.8597211767133));
#2479=CARTESIAN_POINT('',(-54.745015178168,-2.,-1.8597211767133));
#2480=CARTESIAN_POINT('',(-64.0990409097358,-2.,-13.6999999999997));
#2481=CARTESIAN_POINT('',(-67.5705190992254,-2.,-18.0941796689524));
#2482=CARTESIAN_POINT('',(-54.745015178168,-1.,-1.8597211767133));
#2483=CARTESIAN_POINT('',(-54.745015178168,-2.,-1.8597211767133));
#2484=CARTESIAN_POINT('',(-64.0990409097358,-1.,-13.6999999999998));
#2485=CARTESIAN_POINT('',(-64.0990409097358,-1.,-13.6999999999998));
#2486=CARTESIAN_POINT('',(-64.0990409097358,0.,-13.6999999999997));
#2487=CARTESIAN_POINT('Origin',(-57.0990409097358,-2.,2.08721928629529E-13));
#2488=CARTESIAN_POINT('',(-54.745015178168,-2.,1.85972117671369));
#2489=CARTESIAN_POINT('Origin',(-57.0990409097358,-2.,2.08721928629529E-13));
#2490=CARTESIAN_POINT('',(-54.745015178168,-1.,1.85972117671369));
#2491=CARTESIAN_POINT('',(-54.745015178168,-2.,1.85972117671369));
#2492=CARTESIAN_POINT('Origin',(-57.0990409097358,-1.,2.08721928629529E-13));
#2493=CARTESIAN_POINT('Origin',(-64.0990409097358,-2.,13.7000000000002));
#2494=CARTESIAN_POINT('',(-64.0990409097358,-2.,13.7000000000002));
#2495=CARTESIAN_POINT('',(-72.2475319650093,-2.,24.0143190805959));
#2496=CARTESIAN_POINT('',(-64.0990409097358,-1.,13.7000000000002));
#2497=CARTESIAN_POINT('',(-64.0990409097358,0.,13.7000000000002));
#2498=CARTESIAN_POINT('',(-64.0990409097358,-1.,13.7000000000002));
#2499=CARTESIAN_POINT('Origin',(-59.0990409097358,-1.,2.42028619368284E-13));
#2500=CARTESIAN_POINT('',(-64.0990409097358,-1.,-6.34999999999976));
#2501=CARTESIAN_POINT('',(-59.0990409097358,-1.,2.084769992697E-13));
#2502=CARTESIAN_POINT('Origin',(-57.0990409097358,-1.,2.08721928629529E-13));
#2503=CARTESIAN_POINT('Origin',(-127.199040909736,-2.,2.61591235291241E-14));
#2504=CARTESIAN_POINT('',(-129.553066641304,-2.,-1.8597211767135));
#2505=CARTESIAN_POINT('',(-129.553066641304,-2.,1.8597211767135));
#2506=CARTESIAN_POINT('Origin',(-127.199040909736,-2.,2.61591235291241E-14));
#2507=CARTESIAN_POINT('',(-129.553066641304,-1.,-1.8597211767135));
#2508=CARTESIAN_POINT('',(-129.553066641304,-2.,-1.8597211767135));
#2509=CARTESIAN_POINT('',(-129.553066641304,-1.,1.8597211767135));
#2510=CARTESIAN_POINT('Origin',(-127.199040909736,-1.,2.61591235291241E-14));
#2511=CARTESIAN_POINT('',(-129.553066641304,-2.,1.8597211767135));
#2512=CARTESIAN_POINT('Origin',(-120.199040909736,-2.,-13.6999999999999));
#2513=CARTESIAN_POINT('',(-120.199040909736,-2.,-13.6999999999999));
#2514=CARTESIAN_POINT('',(-124.232376799706,-2.,-8.59462367373498));
#2515=CARTESIAN_POINT('',(-120.199040909736,-1.,-13.6999999999999));
#2516=CARTESIAN_POINT('',(-120.199040909736,0.,-13.6999999999999));
#2517=CARTESIAN_POINT('',(-120.199040909736,-1.,-13.6999999999999));
#2518=CARTESIAN_POINT('Origin',(-129.553066641304,-2.,1.8597211767135));
#2519=CARTESIAN_POINT('',(-120.199040909736,-2.,13.7));
#2520=CARTESIAN_POINT('',(-128.90938966549,-2.,2.67448426209178));
#2521=CARTESIAN_POINT('',(-120.199040909736,-1.,13.7));
#2522=CARTESIAN_POINT('',(-120.199040909736,-1.,13.7));
#2523=CARTESIAN_POINT('',(-120.199040909736,0.,13.7));
#2524=CARTESIAN_POINT('Origin',(-125.199040909736,-1.,4.88498130835069E-14));
#2525=CARTESIAN_POINT('',(-120.199040909736,-1.,6.35000000000004));
#2526=CARTESIAN_POINT('',(-129.199040909736,-1.,2.59141941692946E-14));
#2527=CARTESIAN_POINT('Origin',(-127.199040909736,-1.,2.61591235291241E-14));
#2528=CARTESIAN_POINT('Origin',(-120.199040909736,0.,12.7));
#2529=CARTESIAN_POINT('',(-120.199040909736,19.,-13.6999999999999));
#2530=CARTESIAN_POINT('',(-120.199040909736,0.,-13.6999999999999));
#2531=CARTESIAN_POINT('',(-120.199040909736,19.,13.7));
#2532=CARTESIAN_POINT('',(-120.199040909736,19.,6.35000000000001));
#2533=CARTESIAN_POINT('',(-120.199040909736,0.,13.7));
#2534=CARTESIAN_POINT('Origin',(-57.0990409097358,-2.,2.08721928629529E-13));
#2535=CARTESIAN_POINT('',(-59.0990409097358,5.,2.084769992697E-13));
#2536=CARTESIAN_POINT('',(-59.0990409097358,-2.,2.08966857989359E-13));
#2537=CARTESIAN_POINT('Origin',(-57.0990409097358,5.,2.08721928629529E-13));
#2538=CARTESIAN_POINT('Origin',(-57.0990409097358,5.,2.08721928629529E-13));
#2539=CARTESIAN_POINT('Origin',(-127.199040909736,-2.,2.61591235291241E-14));
#2540=CARTESIAN_POINT('',(-129.199040909736,5.,2.59141941692946E-14));
#2541=CARTESIAN_POINT('',(-129.199040909736,-2.,2.64040528889535E-14));
#2542=CARTESIAN_POINT('Origin',(-127.199040909736,5.,2.61591235291241E-14));
#2543=CARTESIAN_POINT('Origin',(-127.199040909736,5.,2.60902410786912E-14));
#2544=CARTESIAN_POINT('Origin',(-127.199040909736,-2.,2.61591235291241E-14));
#2545=CARTESIAN_POINT('',(-130.199040909736,8.,2.57917294893799E-14));
#2546=CARTESIAN_POINT('Origin',(-127.199040909736,8.,2.61591235291241E-14));
#2547=CARTESIAN_POINT('',(-130.199040909736,0.,2.57917294893799E-14));
#2548=CARTESIAN_POINT('',(-130.199040909736,-2.,2.65265175688683E-14));
#2549=CARTESIAN_POINT('Origin',(-127.199040909736,0.,2.61591235291241E-14));
#2550=CARTESIAN_POINT('Origin',(-127.199040909736,8.,2.60902410786912E-14));
#2551=CARTESIAN_POINT('Origin',(-57.0990409097358,-2.,2.08721928629529E-13));
#2552=CARTESIAN_POINT('',(-60.0990409097358,8.,2.08354534589785E-13));
#2553=CARTESIAN_POINT('Origin',(-57.0990409097358,8.,2.08721928629529E-13));
#2554=CARTESIAN_POINT('',(-60.0990409097358,0.,2.08354534589785E-13));
#2555=CARTESIAN_POINT('',(-60.0990409097358,-2.,2.09089322669274E-13));
#2556=CARTESIAN_POINT('Origin',(-57.0990409097358,0.,2.08721928629529E-13));
#2557=CARTESIAN_POINT('Origin',(-57.0990409097358,8.,2.08721928629529E-13));
#2558=CARTESIAN_POINT('Origin',(-62.0990409097358,19.,-2.99999999999956));
#2559=CARTESIAN_POINT('',(-62.0990409097358,19.,-2.99999999999956));
#2560=CARTESIAN_POINT('',(-62.0990409097358,17.,-2.99999999999956));
#2561=CARTESIAN_POINT('',(-62.0990409097358,9.5,-2.99999999999956));
#2562=CARTESIAN_POINT('',(-64.0990409097358,19.,-2.99999999999956));
#2563=CARTESIAN_POINT('',(-62.0990409097358,19.,-2.99999999999956));
#2564=CARTESIAN_POINT('',(-64.0990409097358,17.,-2.99999999999956));
#2565=CARTESIAN_POINT('',(-64.0990409097358,9.5,-2.99999999999956));
#2566=CARTESIAN_POINT('',(-62.0990409097358,17.,-2.99999999999956));
#2567=CARTESIAN_POINT('Origin',(-62.0990409097358,17.,3.00000000000044));
#2568=CARTESIAN_POINT('',(-62.0990409097358,17.,3.00000000000044));
#2569=CARTESIAN_POINT('',(-62.0990409097358,19.,3.00000000000044));
#2570=CARTESIAN_POINT('',(-62.0990409097358,8.5,3.00000000000044));
#2571=CARTESIAN_POINT('',(-64.0990409097358,17.,3.00000000000044));
#2572=CARTESIAN_POINT('',(-62.0990409097358,17.,3.00000000000044));
#2573=CARTESIAN_POINT('',(-64.0990409097358,19.,3.00000000000044));
#2574=CARTESIAN_POINT('',(-64.0990409097358,8.5,3.00000000000044));
#2575=CARTESIAN_POINT('',(-62.0990409097358,19.,3.00000000000044));
#2576=CARTESIAN_POINT('Origin',(-62.0990409097358,17.,-2.99999999999956));
#2577=CARTESIAN_POINT('',(-62.0990409097358,17.,6.35000000000035));
#2578=CARTESIAN_POINT('',(-64.0990409097358,17.,-7.84999999999965));
#2579=CARTESIAN_POINT('Origin',(-123.849040909736,-2.,0.));
#2580=CARTESIAN_POINT('',(-265.931527944759,-2.,0.));
#2581=CARTESIAN_POINT('',(-18.2334461252871,-2.,-28.8089676595188));
#2582=CARTESIAN_POINT('Ctrl Pts',(-265.931527944759,-2.,0.));
#2583=CARTESIAN_POINT('Ctrl Pts',(-265.711150102733,-2.,-0.528166884608279));
#2584=CARTESIAN_POINT('Ctrl Pts',(-265.158807188644,-2.,-1.50992009655037));
#2585=CARTESIAN_POINT('Ctrl Pts',(-263.995589201531,-2.,-2.75881538352495));
#2586=CARTESIAN_POINT('Ctrl Pts',(-261.872539835864,-2.,-4.00132033853669));
#2587=CARTESIAN_POINT('Ctrl Pts',(-258.777713969188,-2.,-4.99300842055464));
#2588=CARTESIAN_POINT('Ctrl Pts',(-255.792045793721,-2.,-5.60288825799132));
#2589=CARTESIAN_POINT('Ctrl Pts',(-253.299132826092,-2.,-6.00605303178184));
#2590=CARTESIAN_POINT('Ctrl Pts',(-251.245842095611,-2.,-6.32385446972462));
#2591=CARTESIAN_POINT('Ctrl Pts',(-249.281441154866,-2.,-6.62628015221961));
#2592=CARTESIAN_POINT('Ctrl Pts',(-246.983254905914,-2.,-6.9473101622819));
#2593=CARTESIAN_POINT('Ctrl Pts',(-244.091622685838,-2.,-7.29678946735919));
#2594=CARTESIAN_POINT('Ctrl Pts',(-240.60344369841,-2.,-7.67031745510255));
#2595=CARTESIAN_POINT('Ctrl Pts',(-236.661855283117,-2.,-8.05334429412772));
#2596=CARTESIAN_POINT('Ctrl Pts',(-232.497819128548,-2.,-8.42692925969324));
#2597=CARTESIAN_POINT('Ctrl Pts',(-228.352656875102,-2.,-8.77266857608855));
#2598=CARTESIAN_POINT('Ctrl Pts',(-224.404171486582,-2.,-9.07830777904852));
#2599=CARTESIAN_POINT('Ctrl Pts',(-220.704809139215,-2.,-9.34209071580335));
#2600=CARTESIAN_POINT('Ctrl Pts',(-217.222299201766,-2.,-9.56997471015256));
#2601=CARTESIAN_POINT('Ctrl Pts',(-213.867945427058,-2.,-9.77364422511467));
#2602=CARTESIAN_POINT('Ctrl Pts',(-210.530203317788,-2.,-9.96820299953805));
#2603=CARTESIAN_POINT('Ctrl Pts',(-207.104648742851,-2.,-10.1700599696608));
#2604=CARTESIAN_POINT('Ctrl Pts',(-203.528970676436,-2.,-10.3945970037851));
#2605=CARTESIAN_POINT('Ctrl Pts',(-199.780942671358,-2.,-10.6553453715681));
#2606=CARTESIAN_POINT('Ctrl Pts',(-195.870559353899,-2.,-10.9634274795914));
#2607=CARTESIAN_POINT('Ctrl Pts',(-191.834267854722,-2.,-11.3268420000766));
#2608=CARTESIAN_POINT('Ctrl Pts',(-187.728302334648,-2.,-11.7499496814441));
#2609=CARTESIAN_POINT('Ctrl Pts',(-183.622556254702,-2.,-12.232535869508));
#2610=CARTESIAN_POINT('Ctrl Pts',(-179.593838231133,-2.,-12.7701016534032));
#2611=CARTESIAN_POINT('Ctrl Pts',(-175.717424611867,-2.,-13.3582808172573));
#2612=CARTESIAN_POINT('Ctrl Pts',(-172.05912708989,-2.,-13.9963761760793));
#2613=CARTESIAN_POINT('Ctrl Pts',(-168.666638843661,-2.,-14.691624449336));
#2614=CARTESIAN_POINT('Ctrl Pts',(-165.562343348475,-2.,-15.4622853739768));
#2615=CARTESIAN_POINT('Ctrl Pts',(-162.732501843298,-2.,-16.3434530674032));
#2616=CARTESIAN_POINT('Ctrl Pts',(-160.132356746942,-2.,-17.3808750168635));
#2617=CARTESIAN_POINT('Ctrl Pts',(-157.700861675899,-2.,-18.6171226173774));
#2618=CARTESIAN_POINT('Ctrl Pts',(-155.371789724574,-2.,-20.0812473942153));
#2619=CARTESIAN_POINT('Ctrl Pts',(-153.087837544016,-2.,-21.7743329108438));
#2620=CARTESIAN_POINT('Ctrl Pts',(-150.808220541881,-2.,-23.6659507913731));
#2621=CARTESIAN_POINT('Ctrl Pts',(-148.506696050445,-2.,-25.7075589939595));
#2622=CARTESIAN_POINT('Ctrl Pts',(-146.171792943974,-2.,-27.8420385834987));
#2623=CARTESIAN_POINT('Ctrl Pts',(-143.806129047885,-2.,-30.0146654464028));
#2624=CARTESIAN_POINT('Ctrl Pts',(-141.426280922625,-2.,-32.1837521044101));
#2625=CARTESIAN_POINT('Ctrl Pts',(-139.049263822129,-2.,-34.3163340930896));
#2626=CARTESIAN_POINT('Ctrl Pts',(-136.677837688508,-2.,-36.3831506210936));
#2627=CARTESIAN_POINT('Ctrl Pts',(-134.287971159079,-2.,-38.3542701926926));
#2628=CARTESIAN_POINT('Ctrl Pts',(-131.811280985158,-2.,-40.1935729351776));
#2629=CARTESIAN_POINT('Ctrl Pts',(-129.132584615479,-2.,-41.856502380112));
#2630=CARTESIAN_POINT('Ctrl Pts',(-126.125834719625,-2.,-43.2961659157867));
#2631=CARTESIAN_POINT('Ctrl Pts',(-122.684160015558,-2.,-44.4680035500677));
#2632=CARTESIAN_POINT('Ctrl Pts',(-118.749462792814,-2.,-45.3347428138172));
#2633=CARTESIAN_POINT('Ctrl Pts',(-114.348921409892,-2.,-45.8719163369931));
#2634=CARTESIAN_POINT('Ctrl Pts',(-109.606417231432,-2.,-46.0708970949204));
#2635=CARTESIAN_POINT('Ctrl Pts',(-104.701303421147,-2.,-45.9365250978288));
#2636=CARTESIAN_POINT('Ctrl Pts',(-99.8379936924452,-2.,-45.48590469743));
#2637=CARTESIAN_POINT('Ctrl Pts',(-95.2120581028856,-2.,-44.746738122081));
#2638=CARTESIAN_POINT('Ctrl Pts',(-90.9759997876149,-2.,-43.7559014029665));
#2639=CARTESIAN_POINT('Ctrl Pts',(-87.209370953483,-2.,-42.5578625161953));
#2640=CARTESIAN_POINT('Ctrl Pts',(-83.8761763849865,-2.,-41.2033489619732));
#2641=CARTESIAN_POINT('Ctrl Pts',(-80.8435205255394,-2.,-39.7470387930955));
#2642=CARTESIAN_POINT('Ctrl Pts',(-77.9290821066398,-2.,-38.2448207360575));
#2643=CARTESIAN_POINT('Ctrl Pts',(-74.941057190925,-2.,-36.7511465592463));
#2644=CARTESIAN_POINT('Ctrl Pts',(-71.7175794026494,-2.,-35.3164457502471));
#2645=CARTESIAN_POINT('Ctrl Pts',(-68.175315624739,-2.,-33.9842610786415));
#2646=CARTESIAN_POINT('Ctrl Pts',(-64.3177853852115,-2.,-32.789496870946));
#2647=CARTESIAN_POINT('Ctrl Pts',(-60.2058801166209,-2.,-31.7576317713745));
#2648=CARTESIAN_POINT('Ctrl Pts',(-55.9393474006754,-2.,-30.9037394745495));
#2649=CARTESIAN_POINT('Ctrl Pts',(-51.6330913920576,-2.,-30.2313844837282));
#2650=CARTESIAN_POINT('Ctrl Pts',(-47.3974458566345,-2.,-29.7319974973826));
#2651=CARTESIAN_POINT('Ctrl Pts',(-43.3124751125691,-2.,-29.3829374470003));
#2652=CARTESIAN_POINT('Ctrl Pts',(-39.4220071269276,-2.,-29.1504963328335));
#2653=CARTESIAN_POINT('Ctrl Pts',(-35.7457357275481,-2.,-28.997548978101));
#2654=CARTESIAN_POINT('Ctrl Pts',(-32.2863565853986,-2.,-28.8899433809297));
#2655=CARTESIAN_POINT('Ctrl Pts',(-29.0386701651126,-2.,-28.8033490745273));
#2656=CARTESIAN_POINT('Ctrl Pts',(-25.9979218222151,-2.,-28.7300557348971));
#2657=CARTESIAN_POINT('Ctrl Pts',(-23.1682032792611,-2.,-28.6854273343654));
#2658=CARTESIAN_POINT('Ctrl Pts',(-21.0799570303246,-2.,-28.6936193901857));
#2659=CARTESIAN_POINT('Ctrl Pts',(-19.6163244914334,-2.,-28.7358251482358));
#2660=CARTESIAN_POINT('Ctrl Pts',(-18.686714676439,-2.,-28.7816404271994));
#2661=CARTESIAN_POINT('Ctrl Pts',(-18.2334461252871,-2.,-28.8089676595188));
#2662=CARTESIAN_POINT('',(18.2334461252871,-2.,-28.8089676595188));
#2663=CARTESIAN_POINT('',(-18.2334461252871,-2.,-28.8089676595188));
#2664=CARTESIAN_POINT('',(18.2334461252871,-2.,28.8089676595188));
#2665=CARTESIAN_POINT('',(18.2334461252871,-2.,-28.8089676595188));
#2666=CARTESIAN_POINT('',(-18.2334461252871,-2.,28.8089676595188));
#2667=CARTESIAN_POINT('',(18.2334461252871,-2.,28.8089676595188));
#2668=CARTESIAN_POINT('Ctrl Pts',(-18.2334461252871,-2.,28.8089676595188));
#2669=CARTESIAN_POINT('Ctrl Pts',(-18.686714676439,-2.,28.7816404271994));
#2670=CARTESIAN_POINT('Ctrl Pts',(-19.6163244914334,-2.,28.7358251482358));
#2671=CARTESIAN_POINT('Ctrl Pts',(-21.0799570303246,-2.,28.6936193901857));
#2672=CARTESIAN_POINT('Ctrl Pts',(-23.1682032792611,-2.,28.6854273343654));
#2673=CARTESIAN_POINT('Ctrl Pts',(-25.9979218222151,-2.,28.7300557348971));
#2674=CARTESIAN_POINT('Ctrl Pts',(-29.0386701651126,-2.,28.8033490745273));
#2675=CARTESIAN_POINT('Ctrl Pts',(-32.2863565853986,-2.,28.8899433809297));
#2676=CARTESIAN_POINT('Ctrl Pts',(-35.7457357275481,-2.,28.997548978101));
#2677=CARTESIAN_POINT('Ctrl Pts',(-39.4220071269276,-2.,29.1504963328335));
#2678=CARTESIAN_POINT('Ctrl Pts',(-43.3124751125691,-2.,29.3829374470003));
#2679=CARTESIAN_POINT('Ctrl Pts',(-47.3974458566345,-2.,29.7319974973826));
#2680=CARTESIAN_POINT('Ctrl Pts',(-51.6330913920576,-2.,30.2313844837282));
#2681=CARTESIAN_POINT('Ctrl Pts',(-55.9393474006754,-2.,30.9037394745495));
#2682=CARTESIAN_POINT('Ctrl Pts',(-60.2058801166209,-2.,31.7576317713745));
#2683=CARTESIAN_POINT('Ctrl Pts',(-64.3177853852115,-2.,32.789496870946));
#2684=CARTESIAN_POINT('Ctrl Pts',(-68.175315624739,-2.,33.9842610786415));
#2685=CARTESIAN_POINT('Ctrl Pts',(-71.7175794026494,-2.,35.3164457502471));
#2686=CARTESIAN_POINT('Ctrl Pts',(-74.941057190925,-2.,36.7511465592463));
#2687=CARTESIAN_POINT('Ctrl Pts',(-77.9290821066398,-2.,38.2448207360575));
#2688=CARTESIAN_POINT('Ctrl Pts',(-80.8435205255394,-2.,39.7470387930955));
#2689=CARTESIAN_POINT('Ctrl Pts',(-83.8761763849865,-2.,41.2033489619732));
#2690=CARTESIAN_POINT('Ctrl Pts',(-87.209370953483,-2.,42.5578625161953));
#2691=CARTESIAN_POINT('Ctrl Pts',(-90.9759997876149,-2.,43.7559014029665));
#2692=CARTESIAN_POINT('Ctrl Pts',(-95.2120581028856,-2.,44.746738122081));
#2693=CARTESIAN_POINT('Ctrl Pts',(-99.8379936924452,-2.,45.48590469743));
#2694=CARTESIAN_POINT('Ctrl Pts',(-104.701303421147,-2.,45.9365250978288));
#2695=CARTESIAN_POINT('Ctrl Pts',(-109.606417231432,-2.,46.0708970949204));
#2696=CARTESIAN_POINT('Ctrl Pts',(-114.348921409892,-2.,45.8719163369931));
#2697=CARTESIAN_POINT('Ctrl Pts',(-118.749462792814,-2.,45.3347428138172));
#2698=CARTESIAN_POINT('Ctrl Pts',(-122.684160015558,-2.,44.4680035500677));
#2699=CARTESIAN_POINT('Ctrl Pts',(-126.125834719625,-2.,43.2961659157867));
#2700=CARTESIAN_POINT('Ctrl Pts',(-129.132584615479,-2.,41.856502380112));
#2701=CARTESIAN_POINT('Ctrl Pts',(-131.811280985158,-2.,40.1935729351776));
#2702=CARTESIAN_POINT('Ctrl Pts',(-134.287971159079,-2.,38.3542701926926));
#2703=CARTESIAN_POINT('Ctrl Pts',(-136.677837688508,-2.,36.3831506210936));
#2704=CARTESIAN_POINT('Ctrl Pts',(-139.049263822129,-2.,34.3163340930896));
#2705=CARTESIAN_POINT('Ctrl Pts',(-141.426280922625,-2.,32.1837521044101));
#2706=CARTESIAN_POINT('Ctrl Pts',(-143.806129047885,-2.,30.0146654464028));
#2707=CARTESIAN_POINT('Ctrl Pts',(-146.171792943974,-2.,27.8420385834987));
#2708=CARTESIAN_POINT('Ctrl Pts',(-148.506696050445,-2.,25.7075589939595));
#2709=CARTESIAN_POINT('Ctrl Pts',(-150.808220541881,-2.,23.6659507913731));
#2710=CARTESIAN_POINT('Ctrl Pts',(-153.087837544016,-2.,21.7743329108438));
#2711=CARTESIAN_POINT('Ctrl Pts',(-155.371789724574,-2.,20.0812473942153));
#2712=CARTESIAN_POINT('Ctrl Pts',(-157.700861675899,-2.,18.6171226173774));
#2713=CARTESIAN_POINT('Ctrl Pts',(-160.132356746942,-2.,17.3808750168635));
#2714=CARTESIAN_POINT('Ctrl Pts',(-162.732501843298,-2.,16.3434530674032));
#2715=CARTESIAN_POINT('Ctrl Pts',(-165.562343348475,-2.,15.4622853739768));
#2716=CARTESIAN_POINT('Ctrl Pts',(-168.666638843661,-2.,14.691624449336));
#2717=CARTESIAN_POINT('Ctrl Pts',(-172.05912708989,-2.,13.9963761760793));
#2718=CARTESIAN_POINT('Ctrl Pts',(-175.717424611867,-2.,13.3582808172573));
#2719=CARTESIAN_POINT('Ctrl Pts',(-179.593838231133,-2.,12.7701016534032));
#2720=CARTESIAN_POINT('Ctrl Pts',(-183.622556254702,-2.,12.232535869508));
#2721=CARTESIAN_POINT('Ctrl Pts',(-187.728302334648,-2.,11.7499496814441));
#2722=CARTESIAN_POINT('Ctrl Pts',(-191.834267854722,-2.,11.3268420000766));
#2723=CARTESIAN_POINT('Ctrl Pts',(-195.870559353899,-2.,10.9634274795914));
#2724=CARTESIAN_POINT('Ctrl Pts',(-199.780942671358,-2.,10.6553453715681));
#2725=CARTESIAN_POINT('Ctrl Pts',(-203.528970676436,-2.,10.3945970037851));
#2726=CARTESIAN_POINT('Ctrl Pts',(-207.104648742851,-2.,10.1700599696608));
#2727=CARTESIAN_POINT('Ctrl Pts',(-210.530203317788,-2.,9.96820299953805));
#2728=CARTESIAN_POINT('Ctrl Pts',(-213.867945427058,-2.,9.77364422511467));
#2729=CARTESIAN_POINT('Ctrl Pts',(-217.222299201766,-2.,9.56997471015256));
#2730=CARTESIAN_POINT('Ctrl Pts',(-220.704809139215,-2.,9.34209071580335));
#2731=CARTESIAN_POINT('Ctrl Pts',(-224.404171486582,-2.,9.07830777904852));
#2732=CARTESIAN_POINT('Ctrl Pts',(-228.352656875102,-2.,8.77266857608855));
#2733=CARTESIAN_POINT('Ctrl Pts',(-232.497819128548,-2.,8.42692925969324));
#2734=CARTESIAN_POINT('Ctrl Pts',(-236.661855283117,-2.,8.05334429412772));
#2735=CARTESIAN_POINT('Ctrl Pts',(-240.60344369841,-2.,7.67031745510255));
#2736=CARTESIAN_POINT('Ctrl Pts',(-244.091622685838,-2.,7.29678946735919));
#2737=CARTESIAN_POINT('Ctrl Pts',(-246.983254905914,-2.,6.9473101622819));
#2738=CARTESIAN_POINT('Ctrl Pts',(-249.281441154866,-2.,6.62628015221961));
#2739=CARTESIAN_POINT('Ctrl Pts',(-251.245842095611,-2.,6.32385446972462));
#2740=CARTESIAN_POINT('Ctrl Pts',(-253.299132826092,-2.,6.00605303178184));
#2741=CARTESIAN_POINT('Ctrl Pts',(-255.792045793721,-2.,5.60288825799132));
#2742=CARTESIAN_POINT('Ctrl Pts',(-258.777713969188,-2.,4.99300842055464));
#2743=CARTESIAN_POINT('Ctrl Pts',(-261.872539835864,-2.,4.00132033853669));
#2744=CARTESIAN_POINT('Ctrl Pts',(-263.995589201531,-2.,2.75881538352495));
#2745=CARTESIAN_POINT('Ctrl Pts',(-265.158807188644,-2.,1.50992009655037));
#2746=CARTESIAN_POINT('Ctrl Pts',(-265.711150102733,-2.,0.528166884608279));
#2747=CARTESIAN_POINT('Ctrl Pts',(-265.931527944759,-2.,0.));
#2748=CARTESIAN_POINT('',(-121.524040909736,-2.,-13.6999999999999));
#2749=CARTESIAN_POINT('',(-94.4740409097358,-2.,13.7000000000001));
#2750=CARTESIAN_POINT('',(-46.4641504514532,-2.,-16.4416567250933));
#2751=CARTESIAN_POINT('Origin',(-48.4641504514532,-2.,-16.4416567250933));
#2752=CARTESIAN_POINT('',(-121.849040909736,-2.,34.6264733909361));
#2753=CARTESIAN_POINT('Origin',(-123.849040909736,-2.,34.6264733909361));
#2754=CARTESIAN_POINT('',(-121.849040909736,-2.,-34.6264733909361));
#2755=CARTESIAN_POINT('Origin',(-123.849040909736,-2.,-34.6264733909361));
#2756=CARTESIAN_POINT('',(-46.4641504514532,-2.,16.4416567250933));
#2757=CARTESIAN_POINT('Origin',(-48.4641504514532,-2.,16.4416567250933));
#2758=CARTESIAN_POINT('Origin',(-123.849040909736,0.,0.));
#2759=CARTESIAN_POINT('',(-32.0481372727291,0.,12.3350000000016));
#2760=CARTESIAN_POINT('Origin',(-33.5481372727291,0.,12.3350000000016));
#2761=CARTESIAN_POINT('Ctrl Pts',(-265.931527944759,0.,0.));
#2762=CARTESIAN_POINT('Ctrl Pts',(-265.931527944759,-2.,0.));
#2763=CARTESIAN_POINT('Ctrl Pts',(-265.711150102733,0.,-0.528166884608279));
#2764=CARTESIAN_POINT('Ctrl Pts',(-265.711150102733,-2.,-0.528166884608279));
#2765=CARTESIAN_POINT('Ctrl Pts',(-265.158807188644,0.,-1.50992009655037));
#2766=CARTESIAN_POINT('Ctrl Pts',(-265.158807188644,-2.,-1.50992009655037));
#2767=CARTESIAN_POINT('Ctrl Pts',(-263.995589201531,0.,-2.75881538352495));
#2768=CARTESIAN_POINT('Ctrl Pts',(-263.995589201531,-2.,-2.75881538352495));
#2769=CARTESIAN_POINT('Ctrl Pts',(-261.872539835864,0.,-4.00132033853669));
#2770=CARTESIAN_POINT('Ctrl Pts',(-261.872539835864,-2.,-4.00132033853669));
#2771=CARTESIAN_POINT('Ctrl Pts',(-258.777713969188,0.,-4.99300842055464));
#2772=CARTESIAN_POINT('Ctrl Pts',(-258.777713969188,-2.,-4.99300842055464));
#2773=CARTESIAN_POINT('Ctrl Pts',(-255.792045793721,0.,-5.60288825799132));
#2774=CARTESIAN_POINT('Ctrl Pts',(-255.792045793721,-2.,-5.60288825799132));
#2775=CARTESIAN_POINT('Ctrl Pts',(-253.299132826092,0.,-6.00605303178184));
#2776=CARTESIAN_POINT('Ctrl Pts',(-253.299132826092,-2.,-6.00605303178184));
#2777=CARTESIAN_POINT('Ctrl Pts',(-251.245842095611,0.,-6.32385446972462));
#2778=CARTESIAN_POINT('Ctrl Pts',(-251.245842095611,-2.,-6.32385446972462));
#2779=CARTESIAN_POINT('Ctrl Pts',(-249.281441154866,0.,-6.62628015221961));
#2780=CARTESIAN_POINT('Ctrl Pts',(-249.281441154866,-2.,-6.62628015221961));
#2781=CARTESIAN_POINT('Ctrl Pts',(-246.983254905914,0.,-6.9473101622819));
#2782=CARTESIAN_POINT('Ctrl Pts',(-246.983254905914,-2.,-6.9473101622819));
#2783=CARTESIAN_POINT('Ctrl Pts',(-244.091622685838,0.,-7.29678946735919));
#2784=CARTESIAN_POINT('Ctrl Pts',(-244.091622685838,-2.,-7.29678946735919));
#2785=CARTESIAN_POINT('Ctrl Pts',(-240.60344369841,0.,-7.67031745510255));
#2786=CARTESIAN_POINT('Ctrl Pts',(-240.60344369841,-2.,-7.67031745510255));
#2787=CARTESIAN_POINT('Ctrl Pts',(-236.661855283117,0.,-8.05334429412772));
#2788=CARTESIAN_POINT('Ctrl Pts',(-236.661855283117,-2.,-8.05334429412772));
#2789=CARTESIAN_POINT('Ctrl Pts',(-232.497819128548,0.,-8.42692925969324));
#2790=CARTESIAN_POINT('Ctrl Pts',(-232.497819128548,-2.,-8.42692925969324));
#2791=CARTESIAN_POINT('Ctrl Pts',(-228.352656875102,0.,-8.77266857608855));
#2792=CARTESIAN_POINT('Ctrl Pts',(-228.352656875102,-2.,-8.77266857608855));
#2793=CARTESIAN_POINT('Ctrl Pts',(-224.404171486582,0.,-9.07830777904852));
#2794=CARTESIAN_POINT('Ctrl Pts',(-224.404171486582,-2.,-9.07830777904852));
#2795=CARTESIAN_POINT('Ctrl Pts',(-220.704809139215,0.,-9.34209071580335));
#2796=CARTESIAN_POINT('Ctrl Pts',(-220.704809139215,-2.,-9.34209071580335));
#2797=CARTESIAN_POINT('Ctrl Pts',(-217.222299201766,0.,-9.56997471015256));
#2798=CARTESIAN_POINT('Ctrl Pts',(-217.222299201766,-2.,-9.56997471015256));
#2799=CARTESIAN_POINT('Ctrl Pts',(-213.867945427058,0.,-9.77364422511467));
#2800=CARTESIAN_POINT('Ctrl Pts',(-213.867945427058,-2.,-9.77364422511467));
#2801=CARTESIAN_POINT('Ctrl Pts',(-210.530203317788,0.,-9.96820299953805));
#2802=CARTESIAN_POINT('Ctrl Pts',(-210.530203317788,-2.,-9.96820299953805));
#2803=CARTESIAN_POINT('Ctrl Pts',(-207.104648742851,0.,-10.1700599696608));
#2804=CARTESIAN_POINT('Ctrl Pts',(-207.104648742851,-2.,-10.1700599696608));
#2805=CARTESIAN_POINT('Ctrl Pts',(-203.528970676436,0.,-10.3945970037851));
#2806=CARTESIAN_POINT('Ctrl Pts',(-203.528970676436,-2.,-10.3945970037851));
#2807=CARTESIAN_POINT('Ctrl Pts',(-199.780942671358,0.,-10.6553453715681));
#2808=CARTESIAN_POINT('Ctrl Pts',(-199.780942671358,-2.,-10.6553453715681));
#2809=CARTESIAN_POINT('Ctrl Pts',(-195.870559353899,0.,-10.9634274795914));
#2810=CARTESIAN_POINT('Ctrl Pts',(-195.870559353899,-2.,-10.9634274795914));
#2811=CARTESIAN_POINT('Ctrl Pts',(-191.834267854722,0.,-11.3268420000766));
#2812=CARTESIAN_POINT('Ctrl Pts',(-191.834267854722,-2.,-11.3268420000766));
#2813=CARTESIAN_POINT('Ctrl Pts',(-187.728302334648,0.,-11.7499496814441));
#2814=CARTESIAN_POINT('Ctrl Pts',(-187.728302334648,-2.,-11.7499496814441));
#2815=CARTESIAN_POINT('Ctrl Pts',(-183.622556254702,0.,-12.232535869508));
#2816=CARTESIAN_POINT('Ctrl Pts',(-183.622556254702,-2.,-12.232535869508));
#2817=CARTESIAN_POINT('Ctrl Pts',(-179.593838231133,0.,-12.7701016534032));
#2818=CARTESIAN_POINT('Ctrl Pts',(-179.593838231133,-2.,-12.7701016534032));
#2819=CARTESIAN_POINT('Ctrl Pts',(-175.717424611867,0.,-13.3582808172573));
#2820=CARTESIAN_POINT('Ctrl Pts',(-175.717424611867,-2.,-13.3582808172573));
#2821=CARTESIAN_POINT('Ctrl Pts',(-172.05912708989,0.,-13.9963761760793));
#2822=CARTESIAN_POINT('Ctrl Pts',(-172.05912708989,-2.,-13.9963761760793));
#2823=CARTESIAN_POINT('Ctrl Pts',(-168.666638843661,0.,-14.691624449336));
#2824=CARTESIAN_POINT('Ctrl Pts',(-168.666638843661,-2.,-14.691624449336));
#2825=CARTESIAN_POINT('Ctrl Pts',(-165.562343348475,0.,-15.4622853739768));
#2826=CARTESIAN_POINT('Ctrl Pts',(-165.562343348475,-2.,-15.4622853739768));
#2827=CARTESIAN_POINT('Ctrl Pts',(-162.732501843298,0.,-16.3434530674032));
#2828=CARTESIAN_POINT('Ctrl Pts',(-162.732501843298,-2.,-16.3434530674032));
#2829=CARTESIAN_POINT('Ctrl Pts',(-160.132356746942,0.,-17.3808750168635));
#2830=CARTESIAN_POINT('Ctrl Pts',(-160.132356746942,-2.,-17.3808750168635));
#2831=CARTESIAN_POINT('Ctrl Pts',(-157.700861675899,0.,-18.6171226173774));
#2832=CARTESIAN_POINT('Ctrl Pts',(-157.700861675899,-2.,-18.6171226173774));
#2833=CARTESIAN_POINT('Ctrl Pts',(-155.371789724574,0.,-20.0812473942153));
#2834=CARTESIAN_POINT('Ctrl Pts',(-155.371789724574,-2.,-20.0812473942153));
#2835=CARTESIAN_POINT('Ctrl Pts',(-153.087837544016,0.,-21.7743329108438));
#2836=CARTESIAN_POINT('Ctrl Pts',(-153.087837544016,-2.,-21.7743329108438));
#2837=CARTESIAN_POINT('Ctrl Pts',(-150.808220541881,0.,-23.6659507913731));
#2838=CARTESIAN_POINT('Ctrl Pts',(-150.808220541881,-2.,-23.6659507913731));
#2839=CARTESIAN_POINT('Ctrl Pts',(-148.506696050445,0.,-25.7075589939595));
#2840=CARTESIAN_POINT('Ctrl Pts',(-148.506696050445,-2.,-25.7075589939595));
#2841=CARTESIAN_POINT('Ctrl Pts',(-146.171792943974,0.,-27.8420385834987));
#2842=CARTESIAN_POINT('Ctrl Pts',(-146.171792943974,-2.,-27.8420385834987));
#2843=CARTESIAN_POINT('Ctrl Pts',(-143.806129047885,0.,-30.0146654464028));
#2844=CARTESIAN_POINT('Ctrl Pts',(-143.806129047885,-2.,-30.0146654464028));
#2845=CARTESIAN_POINT('Ctrl Pts',(-141.426280922625,0.,-32.1837521044101));
#2846=CARTESIAN_POINT('Ctrl Pts',(-141.426280922625,-2.,-32.1837521044101));
#2847=CARTESIAN_POINT('Ctrl Pts',(-139.049263822129,0.,-34.3163340930896));
#2848=CARTESIAN_POINT('Ctrl Pts',(-139.049263822129,-2.,-34.3163340930896));
#2849=CARTESIAN_POINT('Ctrl Pts',(-136.677837688508,0.,-36.3831506210936));
#2850=CARTESIAN_POINT('Ctrl Pts',(-136.677837688508,-2.,-36.3831506210936));
#2851=CARTESIAN_POINT('Ctrl Pts',(-134.287971159079,0.,-38.3542701926926));
#2852=CARTESIAN_POINT('Ctrl Pts',(-134.287971159079,-2.,-38.3542701926926));
#2853=CARTESIAN_POINT('Ctrl Pts',(-131.811280985158,0.,-40.1935729351776));
#2854=CARTESIAN_POINT('Ctrl Pts',(-131.811280985158,-2.,-40.1935729351776));
#2855=CARTESIAN_POINT('Ctrl Pts',(-129.132584615479,0.,-41.856502380112));
#2856=CARTESIAN_POINT('Ctrl Pts',(-129.132584615479,-2.,-41.856502380112));
#2857=CARTESIAN_POINT('Ctrl Pts',(-126.125834719625,0.,-43.2961659157867));
#2858=CARTESIAN_POINT('Ctrl Pts',(-126.125834719625,-2.,-43.2961659157867));
#2859=CARTESIAN_POINT('Ctrl Pts',(-122.684160015558,0.,-44.4680035500677));
#2860=CARTESIAN_POINT('Ctrl Pts',(-122.684160015558,-2.,-44.4680035500677));
#2861=CARTESIAN_POINT('Ctrl Pts',(-118.749462792814,0.,-45.3347428138172));
#2862=CARTESIAN_POINT('Ctrl Pts',(-118.749462792814,-2.,-45.3347428138172));
#2863=CARTESIAN_POINT('Ctrl Pts',(-114.348921409892,0.,-45.8719163369931));
#2864=CARTESIAN_POINT('Ctrl Pts',(-114.348921409892,-2.,-45.8719163369931));
#2865=CARTESIAN_POINT('Ctrl Pts',(-109.606417231432,0.,-46.0708970949204));
#2866=CARTESIAN_POINT('Ctrl Pts',(-109.606417231432,-2.,-46.0708970949204));
#2867=CARTESIAN_POINT('Ctrl Pts',(-104.701303421147,0.,-45.9365250978288));
#2868=CARTESIAN_POINT('Ctrl Pts',(-104.701303421147,-2.,-45.9365250978288));
#2869=CARTESIAN_POINT('Ctrl Pts',(-99.8379936924452,0.,-45.48590469743));
#2870=CARTESIAN_POINT('Ctrl Pts',(-99.8379936924452,-2.,-45.48590469743));
#2871=CARTESIAN_POINT('Ctrl Pts',(-95.2120581028856,0.,-44.746738122081));
#2872=CARTESIAN_POINT('Ctrl Pts',(-95.2120581028856,-2.,-44.746738122081));
#2873=CARTESIAN_POINT('Ctrl Pts',(-90.9759997876149,0.,-43.7559014029665));
#2874=CARTESIAN_POINT('Ctrl Pts',(-90.9759997876149,-2.,-43.7559014029665));
#2875=CARTESIAN_POINT('Ctrl Pts',(-87.209370953483,0.,-42.5578625161953));
#2876=CARTESIAN_POINT('Ctrl Pts',(-87.209370953483,-2.,-42.5578625161953));
#2877=CARTESIAN_POINT('Ctrl Pts',(-83.8761763849865,0.,-41.2033489619732));
#2878=CARTESIAN_POINT('Ctrl Pts',(-83.8761763849865,-2.,-41.2033489619732));
#2879=CARTESIAN_POINT('Ctrl Pts',(-80.8435205255394,0.,-39.7470387930955));
#2880=CARTESIAN_POINT('Ctrl Pts',(-80.8435205255394,-2.,-39.7470387930955));
#2881=CARTESIAN_POINT('Ctrl Pts',(-77.9290821066398,0.,-38.2448207360575));
#2882=CARTESIAN_POINT('Ctrl Pts',(-77.9290821066398,-2.,-38.2448207360575));
#2883=CARTESIAN_POINT('Ctrl Pts',(-74.941057190925,0.,-36.7511465592463));
#2884=CARTESIAN_POINT('Ctrl Pts',(-74.941057190925,-2.,-36.7511465592463));
#2885=CARTESIAN_POINT('Ctrl Pts',(-71.7175794026494,0.,-35.3164457502471));
#2886=CARTESIAN_POINT('Ctrl Pts',(-71.7175794026494,-2.,-35.3164457502471));
#2887=CARTESIAN_POINT('Ctrl Pts',(-68.175315624739,0.,-33.9842610786415));
#2888=CARTESIAN_POINT('Ctrl Pts',(-68.175315624739,-2.,-33.9842610786415));
#2889=CARTESIAN_POINT('Ctrl Pts',(-64.3177853852115,0.,-32.789496870946));
#2890=CARTESIAN_POINT('Ctrl Pts',(-64.3177853852115,-2.,-32.789496870946));
#2891=CARTESIAN_POINT('Ctrl Pts',(-60.2058801166209,0.,-31.7576317713745));
#2892=CARTESIAN_POINT('Ctrl Pts',(-60.2058801166209,-2.,-31.7576317713745));
#2893=CARTESIAN_POINT('Ctrl Pts',(-55.9393474006754,0.,-30.9037394745495));
#2894=CARTESIAN_POINT('Ctrl Pts',(-55.9393474006754,-2.,-30.9037394745495));
#2895=CARTESIAN_POINT('Ctrl Pts',(-51.6330913920576,0.,-30.2313844837282));
#2896=CARTESIAN_POINT('Ctrl Pts',(-51.6330913920576,-2.,-30.2313844837282));
#2897=CARTESIAN_POINT('Ctrl Pts',(-47.3974458566345,0.,-29.7319974973826));
#2898=CARTESIAN_POINT('Ctrl Pts',(-47.3974458566345,-2.,-29.7319974973826));
#2899=CARTESIAN_POINT('Ctrl Pts',(-43.3124751125691,0.,-29.3829374470003));
#2900=CARTESIAN_POINT('Ctrl Pts',(-43.3124751125691,-2.,-29.3829374470003));
#2901=CARTESIAN_POINT('Ctrl Pts',(-39.4220071269276,0.,-29.1504963328335));
#2902=CARTESIAN_POINT('Ctrl Pts',(-39.4220071269276,-2.,-29.1504963328335));
#2903=CARTESIAN_POINT('Ctrl Pts',(-35.7457357275481,0.,-28.997548978101));
#2904=CARTESIAN_POINT('Ctrl Pts',(-35.7457357275481,-2.,-28.997548978101));
#2905=CARTESIAN_POINT('Ctrl Pts',(-32.2863565853986,0.,-28.8899433809297));
#2906=CARTESIAN_POINT('Ctrl Pts',(-32.2863565853986,-2.,-28.8899433809297));
#2907=CARTESIAN_POINT('Ctrl Pts',(-29.0386701651126,0.,-28.8033490745273));
#2908=CARTESIAN_POINT('Ctrl Pts',(-29.0386701651126,-2.,-28.8033490745273));
#2909=CARTESIAN_POINT('Ctrl Pts',(-25.9979218222151,0.,-28.7300557348971));
#2910=CARTESIAN_POINT('Ctrl Pts',(-25.9979218222151,-2.,-28.7300557348971));
#2911=CARTESIAN_POINT('Ctrl Pts',(-23.1682032792611,0.,-28.6854273343654));
#2912=CARTESIAN_POINT('Ctrl Pts',(-23.1682032792611,-2.,-28.6854273343654));
#2913=CARTESIAN_POINT('Ctrl Pts',(-21.0799570303246,0.,-28.6936193901857));
#2914=CARTESIAN_POINT('Ctrl Pts',(-21.0799570303246,-2.,-28.6936193901857));
#2915=CARTESIAN_POINT('Ctrl Pts',(-19.6163244914334,0.,-28.7358251482358));
#2916=CARTESIAN_POINT('Ctrl Pts',(-19.6163244914334,-2.,-28.7358251482358));
#2917=CARTESIAN_POINT('Ctrl Pts',(-18.686714676439,0.,-28.7816404271994));
#2918=CARTESIAN_POINT('Ctrl Pts',(-18.686714676439,-2.,-28.7816404271994));
#2919=CARTESIAN_POINT('Ctrl Pts',(-18.2334461252871,0.,-28.8089676595188));
#2920=CARTESIAN_POINT('Ctrl Pts',(-18.2334461252871,-2.,-28.8089676595188));
#2921=CARTESIAN_POINT('',(-18.2334461252871,0.,-28.8089676595188));
#2922=CARTESIAN_POINT('',(-265.931527944759,0.,0.));
#2923=CARTESIAN_POINT('Ctrl Pts',(-18.2334461252871,0.,-28.8089676595188));
#2924=CARTESIAN_POINT('Ctrl Pts',(-18.686714676439,0.,-28.7816404271994));
#2925=CARTESIAN_POINT('Ctrl Pts',(-19.6163244914334,0.,-28.7358251482358));
#2926=CARTESIAN_POINT('Ctrl Pts',(-21.0799570303246,0.,-28.6936193901857));
#2927=CARTESIAN_POINT('Ctrl Pts',(-23.1682032792611,0.,-28.6854273343654));
#2928=CARTESIAN_POINT('Ctrl Pts',(-25.9979218222151,0.,-28.7300557348971));
#2929=CARTESIAN_POINT('Ctrl Pts',(-29.0386701651126,0.,-28.8033490745273));
#2930=CARTESIAN_POINT('Ctrl Pts',(-32.2863565853986,0.,-28.8899433809297));
#2931=CARTESIAN_POINT('Ctrl Pts',(-35.7457357275481,0.,-28.997548978101));
#2932=CARTESIAN_POINT('Ctrl Pts',(-39.4220071269276,0.,-29.1504963328335));
#2933=CARTESIAN_POINT('Ctrl Pts',(-43.3124751125691,0.,-29.3829374470003));
#2934=CARTESIAN_POINT('Ctrl Pts',(-47.3974458566345,0.,-29.7319974973826));
#2935=CARTESIAN_POINT('Ctrl Pts',(-51.6330913920576,0.,-30.2313844837282));
#2936=CARTESIAN_POINT('Ctrl Pts',(-55.9393474006754,0.,-30.9037394745495));
#2937=CARTESIAN_POINT('Ctrl Pts',(-60.2058801166209,0.,-31.7576317713745));
#2938=CARTESIAN_POINT('Ctrl Pts',(-64.3177853852115,0.,-32.789496870946));
#2939=CARTESIAN_POINT('Ctrl Pts',(-68.175315624739,0.,-33.9842610786415));
#2940=CARTESIAN_POINT('Ctrl Pts',(-71.7175794026494,0.,-35.3164457502471));
#2941=CARTESIAN_POINT('Ctrl Pts',(-74.941057190925,0.,-36.7511465592463));
#2942=CARTESIAN_POINT('Ctrl Pts',(-77.9290821066398,0.,-38.2448207360575));
#2943=CARTESIAN_POINT('Ctrl Pts',(-80.8435205255394,0.,-39.7470387930955));
#2944=CARTESIAN_POINT('Ctrl Pts',(-83.8761763849865,0.,-41.2033489619732));
#2945=CARTESIAN_POINT('Ctrl Pts',(-87.209370953483,0.,-42.5578625161953));
#2946=CARTESIAN_POINT('Ctrl Pts',(-90.9759997876149,0.,-43.7559014029665));
#2947=CARTESIAN_POINT('Ctrl Pts',(-95.2120581028856,0.,-44.746738122081));
#2948=CARTESIAN_POINT('Ctrl Pts',(-99.8379936924452,0.,-45.48590469743));
#2949=CARTESIAN_POINT('Ctrl Pts',(-104.701303421147,0.,-45.9365250978288));
#2950=CARTESIAN_POINT('Ctrl Pts',(-109.606417231432,0.,-46.0708970949204));
#2951=CARTESIAN_POINT('Ctrl Pts',(-114.348921409892,0.,-45.8719163369931));
#2952=CARTESIAN_POINT('Ctrl Pts',(-118.749462792814,0.,-45.3347428138172));
#2953=CARTESIAN_POINT('Ctrl Pts',(-122.684160015558,0.,-44.4680035500677));
#2954=CARTESIAN_POINT('Ctrl Pts',(-126.125834719625,0.,-43.2961659157867));
#2955=CARTESIAN_POINT('Ctrl Pts',(-129.132584615479,0.,-41.856502380112));
#2956=CARTESIAN_POINT('Ctrl Pts',(-131.811280985158,0.,-40.1935729351776));
#2957=CARTESIAN_POINT('Ctrl Pts',(-134.287971159079,0.,-38.3542701926926));
#2958=CARTESIAN_POINT('Ctrl Pts',(-136.677837688508,0.,-36.3831506210936));
#2959=CARTESIAN_POINT('Ctrl Pts',(-139.049263822129,0.,-34.3163340930896));
#2960=CARTESIAN_POINT('Ctrl Pts',(-141.426280922625,0.,-32.1837521044101));
#2961=CARTESIAN_POINT('Ctrl Pts',(-143.806129047885,0.,-30.0146654464028));
#2962=CARTESIAN_POINT('Ctrl Pts',(-146.171792943974,0.,-27.8420385834987));
#2963=CARTESIAN_POINT('Ctrl Pts',(-148.506696050445,0.,-25.7075589939595));
#2964=CARTESIAN_POINT('Ctrl Pts',(-150.808220541881,0.,-23.6659507913731));
#2965=CARTESIAN_POINT('Ctrl Pts',(-153.087837544016,0.,-21.7743329108438));
#2966=CARTESIAN_POINT('Ctrl Pts',(-155.371789724574,0.,-20.0812473942153));
#2967=CARTESIAN_POINT('Ctrl Pts',(-157.700861675899,0.,-18.6171226173774));
#2968=CARTESIAN_POINT('Ctrl Pts',(-160.132356746942,0.,-17.3808750168635));
#2969=CARTESIAN_POINT('Ctrl Pts',(-162.732501843298,0.,-16.3434530674032));
#2970=CARTESIAN_POINT('Ctrl Pts',(-165.562343348475,0.,-15.4622853739768));
#2971=CARTESIAN_POINT('Ctrl Pts',(-168.666638843661,0.,-14.691624449336));
#2972=CARTESIAN_POINT('Ctrl Pts',(-172.05912708989,0.,-13.9963761760793));
#2973=CARTESIAN_POINT('Ctrl Pts',(-175.717424611867,0.,-13.3582808172573));
#2974=CARTESIAN_POINT('Ctrl Pts',(-179.593838231133,0.,-12.7701016534032));
#2975=CARTESIAN_POINT('Ctrl Pts',(-183.622556254702,0.,-12.232535869508));
#2976=CARTESIAN_POINT('Ctrl Pts',(-187.728302334648,0.,-11.7499496814441));
#2977=CARTESIAN_POINT('Ctrl Pts',(-191.834267854722,0.,-11.3268420000766));
#2978=CARTESIAN_POINT('Ctrl Pts',(-195.870559353899,0.,-10.9634274795914));
#2979=CARTESIAN_POINT('Ctrl Pts',(-199.780942671358,0.,-10.6553453715681));
#2980=CARTESIAN_POINT('Ctrl Pts',(-203.528970676436,0.,-10.3945970037851));
#2981=CARTESIAN_POINT('Ctrl Pts',(-207.104648742851,0.,-10.1700599696608));
#2982=CARTESIAN_POINT('Ctrl Pts',(-210.530203317788,0.,-9.96820299953805));
#2983=CARTESIAN_POINT('Ctrl Pts',(-213.867945427058,0.,-9.77364422511467));
#2984=CARTESIAN_POINT('Ctrl Pts',(-217.222299201766,0.,-9.56997471015256));
#2985=CARTESIAN_POINT('Ctrl Pts',(-220.704809139215,0.,-9.34209071580335));
#2986=CARTESIAN_POINT('Ctrl Pts',(-224.404171486582,0.,-9.07830777904852));
#2987=CARTESIAN_POINT('Ctrl Pts',(-228.352656875102,0.,-8.77266857608855));
#2988=CARTESIAN_POINT('Ctrl Pts',(-232.497819128548,0.,-8.42692925969324));
#2989=CARTESIAN_POINT('Ctrl Pts',(-236.661855283117,0.,-8.05334429412772));
#2990=CARTESIAN_POINT('Ctrl Pts',(-240.60344369841,0.,-7.67031745510255));
#2991=CARTESIAN_POINT('Ctrl Pts',(-244.091622685838,0.,-7.29678946735919));
#2992=CARTESIAN_POINT('Ctrl Pts',(-246.983254905914,0.,-6.9473101622819));
#2993=CARTESIAN_POINT('Ctrl Pts',(-249.281441154866,0.,-6.62628015221961));
#2994=CARTESIAN_POINT('Ctrl Pts',(-251.245842095611,0.,-6.32385446972462));
#2995=CARTESIAN_POINT('Ctrl Pts',(-253.299132826092,0.,-6.00605303178184));
#2996=CARTESIAN_POINT('Ctrl Pts',(-255.792045793721,0.,-5.60288825799132));
#2997=CARTESIAN_POINT('Ctrl Pts',(-258.777713969188,0.,-4.99300842055464));
#2998=CARTESIAN_POINT('Ctrl Pts',(-261.872539835864,0.,-4.00132033853669));
#2999=CARTESIAN_POINT('Ctrl Pts',(-263.995589201531,0.,-2.75881538352495));
#3000=CARTESIAN_POINT('Ctrl Pts',(-265.158807188644,0.,-1.50992009655037));
#3001=CARTESIAN_POINT('Ctrl Pts',(-265.711150102733,0.,-0.528166884608279));
#3002=CARTESIAN_POINT('Ctrl Pts',(-265.931527944759,0.,0.));
#3003=CARTESIAN_POINT('',(-18.2334461252871,0.,-28.8089676595188));
#3004=CARTESIAN_POINT('',(-265.931527944759,0.,0.));
#3005=CARTESIAN_POINT('Origin',(18.2334461252871,0.,-28.8089676595188));
#3006=CARTESIAN_POINT('',(18.2334461252871,0.,-28.8089676595188));
#3007=CARTESIAN_POINT('',(18.2334461252871,0.,28.8089676595188));
#3008=CARTESIAN_POINT('',(18.2334461252871,0.,-28.8089676595188));
#3009=CARTESIAN_POINT('',(18.2334461252871,0.,28.8089676595188));
#3010=CARTESIAN_POINT('',(18.2334461252871,0.,-28.8089676595188));
#3011=CARTESIAN_POINT('Origin',(18.2334461252871,0.,28.8089676595188));
#3012=CARTESIAN_POINT('',(-18.2334461252871,0.,28.8089676595188));
#3013=CARTESIAN_POINT('',(18.2334461252871,0.,28.8089676595188));
#3014=CARTESIAN_POINT('',(-18.2334461252871,0.,28.8089676595188));
#3015=CARTESIAN_POINT('Ctrl Pts',(-18.2334461252871,0.,28.8089676595188));
#3016=CARTESIAN_POINT('Ctrl Pts',(-18.2334461252871,-2.,28.8089676595188));
#3017=CARTESIAN_POINT('Ctrl Pts',(-18.686714676439,0.,28.7816404271994));
#3018=CARTESIAN_POINT('Ctrl Pts',(-18.686714676439,-2.,28.7816404271994));
#3019=CARTESIAN_POINT('Ctrl Pts',(-19.6163244914334,0.,28.7358251482358));
#3020=CARTESIAN_POINT('Ctrl Pts',(-19.6163244914334,-2.,28.7358251482358));
#3021=CARTESIAN_POINT('Ctrl Pts',(-21.0799570303246,0.,28.6936193901857));
#3022=CARTESIAN_POINT('Ctrl Pts',(-21.0799570303246,-2.,28.6936193901857));
#3023=CARTESIAN_POINT('Ctrl Pts',(-23.1682032792611,0.,28.6854273343654));
#3024=CARTESIAN_POINT('Ctrl Pts',(-23.1682032792611,-2.,28.6854273343654));
#3025=CARTESIAN_POINT('Ctrl Pts',(-25.9979218222151,0.,28.7300557348971));
#3026=CARTESIAN_POINT('Ctrl Pts',(-25.9979218222151,-2.,28.7300557348971));
#3027=CARTESIAN_POINT('Ctrl Pts',(-29.0386701651126,0.,28.8033490745273));
#3028=CARTESIAN_POINT('Ctrl Pts',(-29.0386701651126,-2.,28.8033490745273));
#3029=CARTESIAN_POINT('Ctrl Pts',(-32.2863565853986,0.,28.8899433809297));
#3030=CARTESIAN_POINT('Ctrl Pts',(-32.2863565853986,-2.,28.8899433809297));
#3031=CARTESIAN_POINT('Ctrl Pts',(-35.7457357275481,0.,28.997548978101));
#3032=CARTESIAN_POINT('Ctrl Pts',(-35.7457357275481,-2.,28.997548978101));
#3033=CARTESIAN_POINT('Ctrl Pts',(-39.4220071269276,0.,29.1504963328335));
#3034=CARTESIAN_POINT('Ctrl Pts',(-39.4220071269276,-2.,29.1504963328335));
#3035=CARTESIAN_POINT('Ctrl Pts',(-43.3124751125691,0.,29.3829374470003));
#3036=CARTESIAN_POINT('Ctrl Pts',(-43.3124751125691,-2.,29.3829374470003));
#3037=CARTESIAN_POINT('Ctrl Pts',(-47.3974458566345,0.,29.7319974973826));
#3038=CARTESIAN_POINT('Ctrl Pts',(-47.3974458566345,-2.,29.7319974973826));
#3039=CARTESIAN_POINT('Ctrl Pts',(-51.6330913920576,0.,30.2313844837282));
#3040=CARTESIAN_POINT('Ctrl Pts',(-51.6330913920576,-2.,30.2313844837282));
#3041=CARTESIAN_POINT('Ctrl Pts',(-55.9393474006754,0.,30.9037394745495));
#3042=CARTESIAN_POINT('Ctrl Pts',(-55.9393474006754,-2.,30.9037394745495));
#3043=CARTESIAN_POINT('Ctrl Pts',(-60.2058801166209,0.,31.7576317713745));
#3044=CARTESIAN_POINT('Ctrl Pts',(-60.2058801166209,-2.,31.7576317713745));
#3045=CARTESIAN_POINT('Ctrl Pts',(-64.3177853852115,0.,32.789496870946));
#3046=CARTESIAN_POINT('Ctrl Pts',(-64.3177853852115,-2.,32.789496870946));
#3047=CARTESIAN_POINT('Ctrl Pts',(-68.175315624739,0.,33.9842610786415));
#3048=CARTESIAN_POINT('Ctrl Pts',(-68.175315624739,-2.,33.9842610786415));
#3049=CARTESIAN_POINT('Ctrl Pts',(-71.7175794026494,0.,35.3164457502471));
#3050=CARTESIAN_POINT('Ctrl Pts',(-71.7175794026494,-2.,35.3164457502471));
#3051=CARTESIAN_POINT('Ctrl Pts',(-74.941057190925,0.,36.7511465592463));
#3052=CARTESIAN_POINT('Ctrl Pts',(-74.941057190925,-2.,36.7511465592463));
#3053=CARTESIAN_POINT('Ctrl Pts',(-77.9290821066398,0.,38.2448207360575));
#3054=CARTESIAN_POINT('Ctrl Pts',(-77.9290821066398,-2.,38.2448207360575));
#3055=CARTESIAN_POINT('Ctrl Pts',(-80.8435205255394,0.,39.7470387930955));
#3056=CARTESIAN_POINT('Ctrl Pts',(-80.8435205255394,-2.,39.7470387930955));
#3057=CARTESIAN_POINT('Ctrl Pts',(-83.8761763849865,0.,41.2033489619732));
#3058=CARTESIAN_POINT('Ctrl Pts',(-83.8761763849865,-2.,41.2033489619732));
#3059=CARTESIAN_POINT('Ctrl Pts',(-87.209370953483,0.,42.5578625161953));
#3060=CARTESIAN_POINT('Ctrl Pts',(-87.209370953483,-2.,42.5578625161953));
#3061=CARTESIAN_POINT('Ctrl Pts',(-90.9759997876149,0.,43.7559014029665));
#3062=CARTESIAN_POINT('Ctrl Pts',(-90.9759997876149,-2.,43.7559014029665));
#3063=CARTESIAN_POINT('Ctrl Pts',(-95.2120581028856,0.,44.746738122081));
#3064=CARTESIAN_POINT('Ctrl Pts',(-95.2120581028856,-2.,44.746738122081));
#3065=CARTESIAN_POINT('Ctrl Pts',(-99.8379936924452,0.,45.48590469743));
#3066=CARTESIAN_POINT('Ctrl Pts',(-99.8379936924452,-2.,45.48590469743));
#3067=CARTESIAN_POINT('Ctrl Pts',(-104.701303421147,0.,45.9365250978288));
#3068=CARTESIAN_POINT('Ctrl Pts',(-104.701303421147,-2.,45.9365250978288));
#3069=CARTESIAN_POINT('Ctrl Pts',(-109.606417231432,0.,46.0708970949204));
#3070=CARTESIAN_POINT('Ctrl Pts',(-109.606417231432,-2.,46.0708970949204));
#3071=CARTESIAN_POINT('Ctrl Pts',(-114.348921409892,0.,45.8719163369931));
#3072=CARTESIAN_POINT('Ctrl Pts',(-114.348921409892,-2.,45.8719163369931));
#3073=CARTESIAN_POINT('Ctrl Pts',(-118.749462792814,0.,45.3347428138172));
#3074=CARTESIAN_POINT('Ctrl Pts',(-118.749462792814,-2.,45.3347428138172));
#3075=CARTESIAN_POINT('Ctrl Pts',(-122.684160015558,0.,44.4680035500677));
#3076=CARTESIAN_POINT('Ctrl Pts',(-122.684160015558,-2.,44.4680035500677));
#3077=CARTESIAN_POINT('Ctrl Pts',(-126.125834719625,0.,43.2961659157867));
#3078=CARTESIAN_POINT('Ctrl Pts',(-126.125834719625,-2.,43.2961659157867));
#3079=CARTESIAN_POINT('Ctrl Pts',(-129.132584615479,0.,41.856502380112));
#3080=CARTESIAN_POINT('Ctrl Pts',(-129.132584615479,-2.,41.856502380112));
#3081=CARTESIAN_POINT('Ctrl Pts',(-131.811280985158,0.,40.1935729351776));
#3082=CARTESIAN_POINT('Ctrl Pts',(-131.811280985158,-2.,40.1935729351776));
#3083=CARTESIAN_POINT('Ctrl Pts',(-134.287971159079,0.,38.3542701926926));
#3084=CARTESIAN_POINT('Ctrl Pts',(-134.287971159079,-2.,38.3542701926926));
#3085=CARTESIAN_POINT('Ctrl Pts',(-136.677837688508,0.,36.3831506210936));
#3086=CARTESIAN_POINT('Ctrl Pts',(-136.677837688508,-2.,36.3831506210936));
#3087=CARTESIAN_POINT('Ctrl Pts',(-139.049263822129,0.,34.3163340930896));
#3088=CARTESIAN_POINT('Ctrl Pts',(-139.049263822129,-2.,34.3163340930896));
#3089=CARTESIAN_POINT('Ctrl Pts',(-141.426280922625,0.,32.1837521044101));
#3090=CARTESIAN_POINT('Ctrl Pts',(-141.426280922625,-2.,32.1837521044101));
#3091=CARTESIAN_POINT('Ctrl Pts',(-143.806129047885,0.,30.0146654464028));
#3092=CARTESIAN_POINT('Ctrl Pts',(-143.806129047885,-2.,30.0146654464028));
#3093=CARTESIAN_POINT('Ctrl Pts',(-146.171792943974,0.,27.8420385834987));
#3094=CARTESIAN_POINT('Ctrl Pts',(-146.171792943974,-2.,27.8420385834987));
#3095=CARTESIAN_POINT('Ctrl Pts',(-148.506696050445,0.,25.7075589939595));
#3096=CARTESIAN_POINT('Ctrl Pts',(-148.506696050445,-2.,25.7075589939595));
#3097=CARTESIAN_POINT('Ctrl Pts',(-150.808220541881,0.,23.6659507913731));
#3098=CARTESIAN_POINT('Ctrl Pts',(-150.808220541881,-2.,23.6659507913731));
#3099=CARTESIAN_POINT('Ctrl Pts',(-153.087837544016,0.,21.7743329108438));
#3100=CARTESIAN_POINT('Ctrl Pts',(-153.087837544016,-2.,21.7743329108438));
#3101=CARTESIAN_POINT('Ctrl Pts',(-155.371789724574,0.,20.0812473942153));
#3102=CARTESIAN_POINT('Ctrl Pts',(-155.371789724574,-2.,20.0812473942153));
#3103=CARTESIAN_POINT('Ctrl Pts',(-157.700861675899,0.,18.6171226173774));
#3104=CARTESIAN_POINT('Ctrl Pts',(-157.700861675899,-2.,18.6171226173774));
#3105=CARTESIAN_POINT('Ctrl Pts',(-160.132356746942,0.,17.3808750168635));
#3106=CARTESIAN_POINT('Ctrl Pts',(-160.132356746942,-2.,17.3808750168635));
#3107=CARTESIAN_POINT('Ctrl Pts',(-162.732501843298,0.,16.3434530674032));
#3108=CARTESIAN_POINT('Ctrl Pts',(-162.732501843298,-2.,16.3434530674032));
#3109=CARTESIAN_POINT('Ctrl Pts',(-165.562343348475,0.,15.4622853739768));
#3110=CARTESIAN_POINT('Ctrl Pts',(-165.562343348475,-2.,15.4622853739768));
#3111=CARTESIAN_POINT('Ctrl Pts',(-168.666638843661,0.,14.691624449336));
#3112=CARTESIAN_POINT('Ctrl Pts',(-168.666638843661,-2.,14.691624449336));
#3113=CARTESIAN_POINT('Ctrl Pts',(-172.05912708989,0.,13.9963761760793));
#3114=CARTESIAN_POINT('Ctrl Pts',(-172.05912708989,-2.,13.9963761760793));
#3115=CARTESIAN_POINT('Ctrl Pts',(-175.717424611867,0.,13.3582808172573));
#3116=CARTESIAN_POINT('Ctrl Pts',(-175.717424611867,-2.,13.3582808172573));
#3117=CARTESIAN_POINT('Ctrl Pts',(-179.593838231133,0.,12.7701016534032));
#3118=CARTESIAN_POINT('Ctrl Pts',(-179.593838231133,-2.,12.7701016534032));
#3119=CARTESIAN_POINT('Ctrl Pts',(-183.622556254702,0.,12.232535869508));
#3120=CARTESIAN_POINT('Ctrl Pts',(-183.622556254702,-2.,12.232535869508));
#3121=CARTESIAN_POINT('Ctrl Pts',(-187.728302334648,0.,11.7499496814441));
#3122=CARTESIAN_POINT('Ctrl Pts',(-187.728302334648,-2.,11.7499496814441));
#3123=CARTESIAN_POINT('Ctrl Pts',(-191.834267854722,0.,11.3268420000766));
#3124=CARTESIAN_POINT('Ctrl Pts',(-191.834267854722,-2.,11.3268420000766));
#3125=CARTESIAN_POINT('Ctrl Pts',(-195.870559353899,0.,10.9634274795914));
#3126=CARTESIAN_POINT('Ctrl Pts',(-195.870559353899,-2.,10.9634274795914));
#3127=CARTESIAN_POINT('Ctrl Pts',(-199.780942671358,0.,10.6553453715681));
#3128=CARTESIAN_POINT('Ctrl Pts',(-199.780942671358,-2.,10.6553453715681));
#3129=CARTESIAN_POINT('Ctrl Pts',(-203.528970676436,0.,10.3945970037851));
#3130=CARTESIAN_POINT('Ctrl Pts',(-203.528970676436,-2.,10.3945970037851));
#3131=CARTESIAN_POINT('Ctrl Pts',(-207.104648742851,0.,10.1700599696608));
#3132=CARTESIAN_POINT('Ctrl Pts',(-207.104648742851,-2.,10.1700599696608));
#3133=CARTESIAN_POINT('Ctrl Pts',(-210.530203317788,0.,9.96820299953805));
#3134=CARTESIAN_POINT('Ctrl Pts',(-210.530203317788,-2.,9.96820299953805));
#3135=CARTESIAN_POINT('Ctrl Pts',(-213.867945427058,0.,9.77364422511467));
#3136=CARTESIAN_POINT('Ctrl Pts',(-213.867945427058,-2.,9.77364422511467));
#3137=CARTESIAN_POINT('Ctrl Pts',(-217.222299201766,0.,9.56997471015256));
#3138=CARTESIAN_POINT('Ctrl Pts',(-217.222299201766,-2.,9.56997471015256));
#3139=CARTESIAN_POINT('Ctrl Pts',(-220.704809139215,0.,9.34209071580335));
#3140=CARTESIAN_POINT('Ctrl Pts',(-220.704809139215,-2.,9.34209071580335));
#3141=CARTESIAN_POINT('Ctrl Pts',(-224.404171486582,0.,9.07830777904852));
#3142=CARTESIAN_POINT('Ctrl Pts',(-224.404171486582,-2.,9.07830777904852));
#3143=CARTESIAN_POINT('Ctrl Pts',(-228.352656875102,0.,8.77266857608855));
#3144=CARTESIAN_POINT('Ctrl Pts',(-228.352656875102,-2.,8.77266857608855));
#3145=CARTESIAN_POINT('Ctrl Pts',(-232.497819128548,0.,8.42692925969324));
#3146=CARTESIAN_POINT('Ctrl Pts',(-232.497819128548,-2.,8.42692925969324));
#3147=CARTESIAN_POINT('Ctrl Pts',(-236.661855283117,0.,8.05334429412772));
#3148=CARTESIAN_POINT('Ctrl Pts',(-236.661855283117,-2.,8.05334429412772));
#3149=CARTESIAN_POINT('Ctrl Pts',(-240.60344369841,0.,7.67031745510255));
#3150=CARTESIAN_POINT('Ctrl Pts',(-240.60344369841,-2.,7.67031745510255));
#3151=CARTESIAN_POINT('Ctrl Pts',(-244.091622685838,0.,7.29678946735919));
#3152=CARTESIAN_POINT('Ctrl Pts',(-244.091622685838,-2.,7.29678946735919));
#3153=CARTESIAN_POINT('Ctrl Pts',(-246.983254905914,0.,6.9473101622819));
#3154=CARTESIAN_POINT('Ctrl Pts',(-246.983254905914,-2.,6.9473101622819));
#3155=CARTESIAN_POINT('Ctrl Pts',(-249.281441154866,0.,6.62628015221961));
#3156=CARTESIAN_POINT('Ctrl Pts',(-249.281441154866,-2.,6.62628015221961));
#3157=CARTESIAN_POINT('Ctrl Pts',(-251.245842095611,0.,6.32385446972462));
#3158=CARTESIAN_POINT('Ctrl Pts',(-251.245842095611,-2.,6.32385446972462));
#3159=CARTESIAN_POINT('Ctrl Pts',(-253.299132826092,0.,6.00605303178184));
#3160=CARTESIAN_POINT('Ctrl Pts',(-253.299132826092,-2.,6.00605303178184));
#3161=CARTESIAN_POINT('Ctrl Pts',(-255.792045793721,0.,5.60288825799132));
#3162=CARTESIAN_POINT('Ctrl Pts',(-255.792045793721,-2.,5.60288825799132));
#3163=CARTESIAN_POINT('Ctrl Pts',(-258.777713969188,0.,4.99300842055464));
#3164=CARTESIAN_POINT('Ctrl Pts',(-258.777713969188,-2.,4.99300842055464));
#3165=CARTESIAN_POINT('Ctrl Pts',(-261.872539835864,0.,4.00132033853669));
#3166=CARTESIAN_POINT('Ctrl Pts',(-261.872539835864,-2.,4.00132033853669));
#3167=CARTESIAN_POINT('Ctrl Pts',(-263.995589201531,0.,2.75881538352495));
#3168=CARTESIAN_POINT('Ctrl Pts',(-263.995589201531,-2.,2.75881538352495));
#3169=CARTESIAN_POINT('Ctrl Pts',(-265.158807188644,0.,1.50992009655037));
#3170=CARTESIAN_POINT('Ctrl Pts',(-265.158807188644,-2.,1.50992009655037));
#3171=CARTESIAN_POINT('Ctrl Pts',(-265.711150102733,0.,0.528166884608279));
#3172=CARTESIAN_POINT('Ctrl Pts',(-265.711150102733,-2.,0.528166884608279));
#3173=CARTESIAN_POINT('Ctrl Pts',(-265.931527944759,0.,0.));
#3174=CARTESIAN_POINT('Ctrl Pts',(-265.931527944759,-2.,0.));
#3175=CARTESIAN_POINT('Ctrl Pts',(-18.2334461252871,0.,28.8089676595188));
#3176=CARTESIAN_POINT('Ctrl Pts',(-18.686714676439,0.,28.7816404271994));
#3177=CARTESIAN_POINT('Ctrl Pts',(-19.6163244914334,0.,28.7358251482358));
#3178=CARTESIAN_POINT('Ctrl Pts',(-21.0799570303246,0.,28.6936193901857));
#3179=CARTESIAN_POINT('Ctrl Pts',(-23.1682032792611,0.,28.6854273343654));
#3180=CARTESIAN_POINT('Ctrl Pts',(-25.9979218222151,0.,28.7300557348971));
#3181=CARTESIAN_POINT('Ctrl Pts',(-29.0386701651126,0.,28.8033490745273));
#3182=CARTESIAN_POINT('Ctrl Pts',(-32.2863565853986,0.,28.8899433809297));
#3183=CARTESIAN_POINT('Ctrl Pts',(-35.7457357275481,0.,28.997548978101));
#3184=CARTESIAN_POINT('Ctrl Pts',(-39.4220071269276,0.,29.1504963328335));
#3185=CARTESIAN_POINT('Ctrl Pts',(-43.3124751125691,0.,29.3829374470003));
#3186=CARTESIAN_POINT('Ctrl Pts',(-47.3974458566345,0.,29.7319974973826));
#3187=CARTESIAN_POINT('Ctrl Pts',(-51.6330913920576,0.,30.2313844837282));
#3188=CARTESIAN_POINT('Ctrl Pts',(-55.9393474006754,0.,30.9037394745495));
#3189=CARTESIAN_POINT('Ctrl Pts',(-60.2058801166209,0.,31.7576317713745));
#3190=CARTESIAN_POINT('Ctrl Pts',(-64.3177853852115,0.,32.789496870946));
#3191=CARTESIAN_POINT('Ctrl Pts',(-68.175315624739,0.,33.9842610786415));
#3192=CARTESIAN_POINT('Ctrl Pts',(-71.7175794026494,0.,35.3164457502471));
#3193=CARTESIAN_POINT('Ctrl Pts',(-74.941057190925,0.,36.7511465592463));
#3194=CARTESIAN_POINT('Ctrl Pts',(-77.9290821066398,0.,38.2448207360575));
#3195=CARTESIAN_POINT('Ctrl Pts',(-80.8435205255394,0.,39.7470387930955));
#3196=CARTESIAN_POINT('Ctrl Pts',(-83.8761763849865,0.,41.2033489619732));
#3197=CARTESIAN_POINT('Ctrl Pts',(-87.209370953483,0.,42.5578625161953));
#3198=CARTESIAN_POINT('Ctrl Pts',(-90.9759997876149,0.,43.7559014029665));
#3199=CARTESIAN_POINT('Ctrl Pts',(-95.2120581028856,0.,44.746738122081));
#3200=CARTESIAN_POINT('Ctrl Pts',(-99.8379936924452,0.,45.48590469743));
#3201=CARTESIAN_POINT('Ctrl Pts',(-104.701303421147,0.,45.9365250978288));
#3202=CARTESIAN_POINT('Ctrl Pts',(-109.606417231432,0.,46.0708970949204));
#3203=CARTESIAN_POINT('Ctrl Pts',(-114.348921409892,0.,45.8719163369931));
#3204=CARTESIAN_POINT('Ctrl Pts',(-118.749462792814,0.,45.3347428138172));
#3205=CARTESIAN_POINT('Ctrl Pts',(-122.684160015558,0.,44.4680035500677));
#3206=CARTESIAN_POINT('Ctrl Pts',(-126.125834719625,0.,43.2961659157867));
#3207=CARTESIAN_POINT('Ctrl Pts',(-129.132584615479,0.,41.856502380112));
#3208=CARTESIAN_POINT('Ctrl Pts',(-131.811280985158,0.,40.1935729351776));
#3209=CARTESIAN_POINT('Ctrl Pts',(-134.287971159079,0.,38.3542701926926));
#3210=CARTESIAN_POINT('Ctrl Pts',(-136.677837688508,0.,36.3831506210936));
#3211=CARTESIAN_POINT('Ctrl Pts',(-139.049263822129,0.,34.3163340930896));
#3212=CARTESIAN_POINT('Ctrl Pts',(-141.426280922625,0.,32.1837521044101));
#3213=CARTESIAN_POINT('Ctrl Pts',(-143.806129047885,0.,30.0146654464028));
#3214=CARTESIAN_POINT('Ctrl Pts',(-146.171792943974,0.,27.8420385834987));
#3215=CARTESIAN_POINT('Ctrl Pts',(-148.506696050445,0.,25.7075589939595));
#3216=CARTESIAN_POINT('Ctrl Pts',(-150.808220541881,0.,23.6659507913731));
#3217=CARTESIAN_POINT('Ctrl Pts',(-153.087837544016,0.,21.7743329108438));
#3218=CARTESIAN_POINT('Ctrl Pts',(-155.371789724574,0.,20.0812473942153));
#3219=CARTESIAN_POINT('Ctrl Pts',(-157.700861675899,0.,18.6171226173774));
#3220=CARTESIAN_POINT('Ctrl Pts',(-160.132356746942,0.,17.3808750168635));
#3221=CARTESIAN_POINT('Ctrl Pts',(-162.732501843298,0.,16.3434530674032));
#3222=CARTESIAN_POINT('Ctrl Pts',(-165.562343348475,0.,15.4622853739768));
#3223=CARTESIAN_POINT('Ctrl Pts',(-168.666638843661,0.,14.691624449336));
#3224=CARTESIAN_POINT('Ctrl Pts',(-172.05912708989,0.,13.9963761760793));
#3225=CARTESIAN_POINT('Ctrl Pts',(-175.717424611867,0.,13.3582808172573));
#3226=CARTESIAN_POINT('Ctrl Pts',(-179.593838231133,0.,12.7701016534032));
#3227=CARTESIAN_POINT('Ctrl Pts',(-183.622556254702,0.,12.232535869508));
#3228=CARTESIAN_POINT('Ctrl Pts',(-187.728302334648,0.,11.7499496814441));
#3229=CARTESIAN_POINT('Ctrl Pts',(-191.834267854722,0.,11.3268420000766));
#3230=CARTESIAN_POINT('Ctrl Pts',(-195.870559353899,0.,10.9634274795914));
#3231=CARTESIAN_POINT('Ctrl Pts',(-199.780942671358,0.,10.6553453715681));
#3232=CARTESIAN_POINT('Ctrl Pts',(-203.528970676436,0.,10.3945970037851));
#3233=CARTESIAN_POINT('Ctrl Pts',(-207.104648742851,0.,10.1700599696608));
#3234=CARTESIAN_POINT('Ctrl Pts',(-210.530203317788,0.,9.96820299953805));
#3235=CARTESIAN_POINT('Ctrl Pts',(-213.867945427058,0.,9.77364422511467));
#3236=CARTESIAN_POINT('Ctrl Pts',(-217.222299201766,0.,9.56997471015256));
#3237=CARTESIAN_POINT('Ctrl Pts',(-220.704809139215,0.,9.34209071580335));
#3238=CARTESIAN_POINT('Ctrl Pts',(-224.404171486582,0.,9.07830777904852));
#3239=CARTESIAN_POINT('Ctrl Pts',(-228.352656875102,0.,8.77266857608855));
#3240=CARTESIAN_POINT('Ctrl Pts',(-232.497819128548,0.,8.42692925969324));
#3241=CARTESIAN_POINT('Ctrl Pts',(-236.661855283117,0.,8.05334429412772));
#3242=CARTESIAN_POINT('Ctrl Pts',(-240.60344369841,0.,7.67031745510255));
#3243=CARTESIAN_POINT('Ctrl Pts',(-244.091622685838,0.,7.29678946735919));
#3244=CARTESIAN_POINT('Ctrl Pts',(-246.983254905914,0.,6.9473101622819));
#3245=CARTESIAN_POINT('Ctrl Pts',(-249.281441154866,0.,6.62628015221961));
#3246=CARTESIAN_POINT('Ctrl Pts',(-251.245842095611,0.,6.32385446972462));
#3247=CARTESIAN_POINT('Ctrl Pts',(-253.299132826092,0.,6.00605303178184));
#3248=CARTESIAN_POINT('Ctrl Pts',(-255.792045793721,0.,5.60288825799132));
#3249=CARTESIAN_POINT('Ctrl Pts',(-258.777713969188,0.,4.99300842055464));
#3250=CARTESIAN_POINT('Ctrl Pts',(-261.872539835864,0.,4.00132033853669));
#3251=CARTESIAN_POINT('Ctrl Pts',(-263.995589201531,0.,2.75881538352495));
#3252=CARTESIAN_POINT('Ctrl Pts',(-265.158807188644,0.,1.50992009655037));
#3253=CARTESIAN_POINT('Ctrl Pts',(-265.711150102733,0.,0.528166884608279));
#3254=CARTESIAN_POINT('Ctrl Pts',(-265.931527944759,0.,0.));
#3255=CARTESIAN_POINT('Origin',(-123.849040909736,0.,0.));
#3256=CARTESIAN_POINT('',(14.4518627272705,0.,-12.164999999999));
#3257=CARTESIAN_POINT('Origin',(12.9518627272705,0.,-12.164999999999));
#3258=CARTESIAN_POINT('Origin',(-10.2981372727293,13.1999999999995,0.0850000000013196));
#3259=CARTESIAN_POINT('',(-30.5481372727291,13.1999999999995,12.3350000000016));
#3260=CARTESIAN_POINT('Origin',(-33.5481372727291,13.1999999999995,12.3350000000016));
#3261=CARTESIAN_POINT('',(-32.0481372727291,13.1999999999995,12.3350000000016));
#3262=CARTESIAN_POINT('Origin',(-33.5481372727291,13.1999999999995,12.3350000000016));
#3263=CARTESIAN_POINT('Origin',(-33.5481372727291,0.,12.3350000000016));
#3264=CARTESIAN_POINT('',(-30.5481372727291,0.,12.3350000000016));
#3265=CARTESIAN_POINT('',(-30.5481372727291,0.,12.3350000000016));
#3266=CARTESIAN_POINT('Origin',(-33.5481372727291,0.,12.3350000000016));
#3267=CARTESIAN_POINT('Origin',(-33.5481372727291,0.,12.3350000000016));
#3268=CARTESIAN_POINT('',(-32.0481372727291,0.,12.3350000000016));
#3269=CARTESIAN_POINT('Origin',(-123.849040909736,0.,0.));
#3270=CARTESIAN_POINT('',(-32.0481372727295,0.,-12.1649999999983));
#3271=CARTESIAN_POINT('Origin',(-33.5481372727295,0.,-12.1649999999983));
#3272=CARTESIAN_POINT('Origin',(-10.2981372727293,13.1999999999995,0.0850000000013196));
#3273=CARTESIAN_POINT('',(15.9518627272705,13.1999999999995,-12.164999999999));
#3274=CARTESIAN_POINT('Origin',(12.9518627272705,13.1999999999995,-12.164999999999));
#3275=CARTESIAN_POINT('',(14.4518627272705,13.1999999999995,-12.164999999999));
#3276=CARTESIAN_POINT('Origin',(12.9518627272705,13.1999999999995,-12.164999999999));
#3277=CARTESIAN_POINT('Origin',(12.9518627272705,0.,-12.164999999999));
#3278=CARTESIAN_POINT('',(15.9518627272705,0.,-12.164999999999));
#3279=CARTESIAN_POINT('',(15.9518627272705,0.,-12.164999999999));
#3280=CARTESIAN_POINT('Origin',(12.9518627272705,0.,-12.164999999999));
#3281=CARTESIAN_POINT('Origin',(12.9518627272705,0.,-12.164999999999));
#3282=CARTESIAN_POINT('',(14.4518627272705,0.,-12.164999999999));
#3283=CARTESIAN_POINT('Origin',(-123.849040909736,0.,0.));
#3284=CARTESIAN_POINT('',(14.4518627272708,0.,12.335000000001));
#3285=CARTESIAN_POINT('Origin',(12.9518627272708,0.,12.335000000001));
#3286=CARTESIAN_POINT('Origin',(-10.2981372727293,13.1999999999995,0.0850000000013196));
#3287=CARTESIAN_POINT('',(-30.5481372727295,13.1999999999995,-12.1649999999983));
#3288=CARTESIAN_POINT('Origin',(-33.5481372727295,13.1999999999995,-12.1649999999983));
#3289=CARTESIAN_POINT('',(-32.0481372727295,13.1999999999995,-12.1649999999983));
#3290=CARTESIAN_POINT('Origin',(-33.5481372727295,13.1999999999995,-12.1649999999983));
#3291=CARTESIAN_POINT('Origin',(-33.5481372727295,0.,-12.1649999999983));
#3292=CARTESIAN_POINT('',(-30.5481372727295,0.,-12.1649999999983));
#3293=CARTESIAN_POINT('',(-30.5481372727295,0.,-12.1649999999983));
#3294=CARTESIAN_POINT('Origin',(-33.5481372727295,0.,-12.1649999999983));
#3295=CARTESIAN_POINT('Origin',(-33.5481372727295,0.,-12.1649999999983));
#3296=CARTESIAN_POINT('',(-32.0481372727295,0.,-12.1649999999983));
#3297=CARTESIAN_POINT('Origin',(-10.2981372727293,13.1999999999995,0.0850000000013196));
#3298=CARTESIAN_POINT('',(15.9518627272708,13.1999999999995,12.335000000001));
#3299=CARTESIAN_POINT('Origin',(12.9518627272708,13.1999999999995,12.335000000001));
#3300=CARTESIAN_POINT('',(14.4518627272708,13.1999999999995,12.335000000001));
#3301=CARTESIAN_POINT('Origin',(12.9518627272708,13.1999999999995,12.335000000001));
#3302=CARTESIAN_POINT('Origin',(12.9518627272708,0.,12.335000000001));
#3303=CARTESIAN_POINT('',(15.9518627272708,0.,12.335000000001));
#3304=CARTESIAN_POINT('',(15.9518627272708,0.,12.335000000001));
#3305=CARTESIAN_POINT('Origin',(12.9518627272708,0.,12.335000000001));
#3306=CARTESIAN_POINT('Origin',(12.9518627272708,0.,12.335000000001));
#3307=CARTESIAN_POINT('',(14.4518627272708,0.,12.335000000001));
#3308=CARTESIAN_POINT('Origin',(-149.140825663367,0.,7.00000010430813));
#3309=CARTESIAN_POINT('',(-149.140825663367,0.,3.50000005215406));
#3310=CARTESIAN_POINT('Origin',(-151.140825663367,8.,7.00000010430812));
#3311=CARTESIAN_POINT('',(-151.140825663367,0.,7.00000010430812));
#3312=CARTESIAN_POINT('',(-151.140825663367,8.,7.00000010430812));
#3313=CARTESIAN_POINT('Origin',(-176.100892368362,8.,7.00000010430812));
#3314=CARTESIAN_POINT('Origin',(-187.911036377039,5.,-2.44249065417534E-14));
#3315=CARTESIAN_POINT('',(-192.911036377039,5.,10.));
#3316=CARTESIAN_POINT('',(-182.911036377039,5.,9.99999999999996));
#3317=CARTESIAN_POINT('',(-182.911036377039,5.,9.99999999999996));
#3318=CARTESIAN_POINT('',(-182.911036377039,5.,-10.));
#3319=CARTESIAN_POINT('',(-182.911036377039,5.,-10.));
#3320=CARTESIAN_POINT('',(-192.911036377039,5.,-10.));
#3321=CARTESIAN_POINT('',(-192.911036377039,5.,-10.));
#3322=CARTESIAN_POINT('',(-192.911036377039,5.,10.));
#3323=CARTESIAN_POINT('Origin',(-192.911036377039,0.,10.));
#3324=CARTESIAN_POINT('',(-182.911036377039,0.,9.99999999999996));
#3325=CARTESIAN_POINT('',(-192.911036377039,0.,10.));
#3326=CARTESIAN_POINT('',(-158.380038643387,0.,9.99999999999986));
#3327=CARTESIAN_POINT('',(-182.911036377039,0.,9.99999999999996));
#3328=CARTESIAN_POINT('',(-192.911036377039,0.,10.));
#3329=CARTESIAN_POINT('Origin',(-182.911036377039,0.,9.99999999999996));
#3330=CARTESIAN_POINT('',(-182.911036377039,0.,-10.));
#3331=CARTESIAN_POINT('',(-182.911036377039,0.,4.99999999999998));
#3332=CARTESIAN_POINT('',(-182.911036377039,0.,-10.));
#3333=CARTESIAN_POINT('Origin',(-182.911036377039,0.,-10.));
#3334=CARTESIAN_POINT('',(-192.911036377039,0.,-10.));
#3335=CARTESIAN_POINT('',(-153.380038643387,0.,-10.0000000000002));
#3336=CARTESIAN_POINT('',(-192.911036377039,0.,-10.));
#3337=CARTESIAN_POINT('Origin',(-192.911036377039,0.,-10.));
#3338=CARTESIAN_POINT('',(-192.911036377039,0.,-5.));
#3339=CARTESIAN_POINT('Origin',(-205.000002995133,0.,-9.00000000000006));
#3340=CARTESIAN_POINT('',(-205.000002995133,0.,8.99999999999994));
#3341=CARTESIAN_POINT('',(-205.000002995133,0.,-9.00000000000006));
#3342=CARTESIAN_POINT('',(-205.000002995133,0.,-4.50000000000003));
#3343=CARTESIAN_POINT('',(-205.000002995133,5.,8.99999999999998));
#3344=CARTESIAN_POINT('',(-205.000002995133,0.,8.99999999999994));
#3345=CARTESIAN_POINT('',(-205.000002995133,5.,34.9999996482861));
#3346=CARTESIAN_POINT('',(-205.000002995133,5.,8.99999999999998));
#3347=CARTESIAN_POINT('',(-205.000002995133,7.,34.9999996482861));
#3348=CARTESIAN_POINT('',(-205.000002995133,5.,34.9999996482861));
#3349=CARTESIAN_POINT('',(-205.000002995133,7.,29.));
#3350=CARTESIAN_POINT('',(-205.000002995133,7.,35.));
#3351=CARTESIAN_POINT('',(-205.000002995133,9.7,29.));
#3352=CARTESIAN_POINT('',(-205.000002995133,10.,29.));
#3353=CARTESIAN_POINT('',(-205.000002995133,9.7,34.9999996482861));
#3354=CARTESIAN_POINT('',(-205.000002995133,9.7,35.));
#3355=CARTESIAN_POINT('',(-205.000002995133,11.7,34.9999996482861));
#3356=CARTESIAN_POINT('',(-205.000002995133,11.7,34.9999996482861));
#3357=CARTESIAN_POINT('',(-205.000002995133,11.7,-35.));
#3358=CARTESIAN_POINT('',(-205.000002995133,11.7,-35.));
#3359=CARTESIAN_POINT('',(-205.000002995133,9.7,-35.));
#3360=CARTESIAN_POINT('',(-205.000002995133,11.7,-35.));
#3361=CARTESIAN_POINT('',(-205.000002995133,9.7,-29.));
#3362=CARTESIAN_POINT('',(-205.000002995133,9.7,-35.));
#3363=CARTESIAN_POINT('',(-205.000002995133,7.,-29.));
#3364=CARTESIAN_POINT('',(-205.000002995133,0.,-29.));
#3365=CARTESIAN_POINT('',(-205.000002995133,7.,-35.));
#3366=CARTESIAN_POINT('',(-205.000002995133,7.,-35.));
#3367=CARTESIAN_POINT('',(-205.000002995133,5.,-35.));
#3368=CARTESIAN_POINT('',(-205.000002995133,5.,-35.));
#3369=CARTESIAN_POINT('',(-205.000002995133,5.,-9.00000000000002));
#3370=CARTESIAN_POINT('',(-205.000002995133,5.,-9.00000000000002));
#3371=CARTESIAN_POINT('',(-205.000002995133,0.,-9.00000000000006));
#3372=CARTESIAN_POINT('Origin',(-205.000002995133,0.,8.99999999999994));
#3373=CARTESIAN_POINT('',(-197.000002995133,5.,8.99999999999998));
#3374=CARTESIAN_POINT('',(-205.000002995133,5.,8.99999999999994));
#3375=CARTESIAN_POINT('',(-197.000002995133,0.,8.99999999999994));
#3376=CARTESIAN_POINT('',(-164.424521952435,0.,8.99999999999994));
#3377=CARTESIAN_POINT('',(-197.000002995133,0.,8.99999999999994));
#3378=CARTESIAN_POINT('Origin',(-197.000002995133,0.,8.99999999999994));
#3379=CARTESIAN_POINT('',(-197.000002995133,0.,-9.00000000000006));
#3380=CARTESIAN_POINT('',(-197.000002995133,0.,4.49999999999997));
#3381=CARTESIAN_POINT('',(-197.000002995133,5.,-9.00000000000002));
#3382=CARTESIAN_POINT('',(-197.000002995133,0.,-9.00000000000006));
#3383=CARTESIAN_POINT('',(-197.000002995134,5.,-35.));
#3384=CARTESIAN_POINT('',(-197.000002995133,5.,-9.00000000000002));
#3385=CARTESIAN_POINT('',(-197.000002995134,7.,-35.));
#3386=CARTESIAN_POINT('',(-197.000002995134,5.,-35.));
#3387=CARTESIAN_POINT('',(-197.000002995133,7.,-29.));
#3388=CARTESIAN_POINT('',(-197.000002995134,7.,-35.));
#3389=CARTESIAN_POINT('',(-197.000002995133,9.7,-29.));
#3390=CARTESIAN_POINT('',(-197.000002995133,10.0000000000001,-29.));
#3391=CARTESIAN_POINT('',(-197.000002995134,9.7,-35.));
#3392=CARTESIAN_POINT('',(-197.000002995134,9.7,-35.));
#3393=CARTESIAN_POINT('',(-197.000002995134,11.7,-35.));
#3394=CARTESIAN_POINT('',(-197.000002995134,11.7,-35.));
#3395=CARTESIAN_POINT('',(-197.000002995134,11.7,35.));
#3396=CARTESIAN_POINT('',(-197.000002995134,11.7,35.));
#3397=CARTESIAN_POINT('',(-197.000002995134,9.7,35.));
#3398=CARTESIAN_POINT('',(-197.000002995134,11.7,35.));
#3399=CARTESIAN_POINT('',(-197.000002995133,9.7,29.));
#3400=CARTESIAN_POINT('',(-197.000002995134,9.7,35.));
#3401=CARTESIAN_POINT('',(-197.000002995133,7.,29.));
#3402=CARTESIAN_POINT('',(-197.000002995133,10.0000000000001,29.));
#3403=CARTESIAN_POINT('',(-197.000002995134,7.,35.));
#3404=CARTESIAN_POINT('',(-197.000002995134,7.,35.));
#3405=CARTESIAN_POINT('',(-197.000002995134,5.,35.));
#3406=CARTESIAN_POINT('',(-197.000002995134,5.,35.));
#3407=CARTESIAN_POINT('',(-197.000002995133,5.,8.99999999999998));
#3408=CARTESIAN_POINT('Origin',(-201.000002995133,7.50000000000006,29.));
#3409=CARTESIAN_POINT('',(-201.000002995133,7.,29.));
#3410=CARTESIAN_POINT('',(-201.000002995133,9.7,29.));
#3411=CARTESIAN_POINT('Origin',(-205.000002995133,5.,8.99999999999998));
#3412=CARTESIAN_POINT('Origin',(-201.000002995134,5.,35.));
#3413=CARTESIAN_POINT('',(-198.700002995134,5.,35.));
#3414=CARTESIAN_POINT('Origin',(-201.000002995134,5.,35.));
#3415=CARTESIAN_POINT('Origin',(-197.000002995133,0.,-9.00000000000006));
#3416=CARTESIAN_POINT('',(-197.000002995133,5.,-9.00000000000006));
#3417=CARTESIAN_POINT('',(-160.424521952435,0.,-9.00000000000009));
#3418=CARTESIAN_POINT('Origin',(-201.000002995133,7.50000000000006,-29.));
#3419=CARTESIAN_POINT('',(-201.000002995133,7.,-29.));
#3420=CARTESIAN_POINT('',(-201.000002995133,9.7,-29.));
#3421=CARTESIAN_POINT('Origin',(-197.000002995133,5.,-9.00000000000002));
#3422=CARTESIAN_POINT('Origin',(-201.000002995134,5.,-35.));
#3423=CARTESIAN_POINT('',(-198.700002995134,5.,-35.));
#3424=CARTESIAN_POINT('Origin',(-201.000002995134,5.,-35.));
#3425=CARTESIAN_POINT('Origin',(-201.000002995133,11.7,4.49999999999997));
#3426=CARTESIAN_POINT('Origin',(-201.000002995134,11.7,35.));
#3427=CARTESIAN_POINT('Origin',(-201.000002995134,11.7,-35.));
#3428=CARTESIAN_POINT('',(-198.700002995134,11.7,35.));
#3429=CARTESIAN_POINT('Origin',(-201.000002995134,11.7,35.));
#3430=CARTESIAN_POINT('',(-198.700002995134,11.7,-35.));
#3431=CARTESIAN_POINT('Origin',(-201.000002995134,11.7,-35.));
#3432=CARTESIAN_POINT('Origin',(-201.000002995133,9.7,-34.));
#3433=CARTESIAN_POINT('Origin',(-201.000002995134,9.7,-35.));
#3434=CARTESIAN_POINT('',(-198.700002995134,9.7,-35.));
#3435=CARTESIAN_POINT('Origin',(-201.000002995134,9.7,-35.));
#3436=CARTESIAN_POINT('Origin',(-201.000002995134,11.7,-35.));
#3437=CARTESIAN_POINT('Origin',(-201.000002995134,11.7,-35.));
#3438=CARTESIAN_POINT('',(-198.700002995134,11.7,-35.));
#3439=CARTESIAN_POINT('Origin',(-201.000002995133,9.7,34.));
#3440=CARTESIAN_POINT('Origin',(-201.000002995134,9.7,35.));
#3441=CARTESIAN_POINT('',(-198.700002995134,9.7,35.));
#3442=CARTESIAN_POINT('Origin',(-201.000002995134,9.7,35.));
#3443=CARTESIAN_POINT('Origin',(-201.000002995134,11.7,35.));
#3444=CARTESIAN_POINT('Origin',(-201.000002995134,11.7,35.));
#3445=CARTESIAN_POINT('',(-198.700002995134,11.7,35.));
#3446=CARTESIAN_POINT('Origin',(-201.000002995133,7.,34.));
#3447=CARTESIAN_POINT('Origin',(-201.000002995134,7.,35.));
#3448=CARTESIAN_POINT('',(-198.700002995134,7.,35.));
#3449=CARTESIAN_POINT('Origin',(-201.000002995134,7.,35.));
#3450=CARTESIAN_POINT('Origin',(-201.000002995134,5.,35.));
#3451=CARTESIAN_POINT('Origin',(-201.000002995134,5.,35.));
#3452=CARTESIAN_POINT('',(-198.700002995134,5.,35.));
#3453=CARTESIAN_POINT('Origin',(-201.000002995133,7.,-34.));
#3454=CARTESIAN_POINT('Origin',(-201.000002995134,7.,-35.));
#3455=CARTESIAN_POINT('',(-198.700002995134,7.,-35.));
#3456=CARTESIAN_POINT('Origin',(-201.000002995134,7.,-35.));
#3457=CARTESIAN_POINT('Origin',(-201.000002995134,5.,-35.));
#3458=CARTESIAN_POINT('Origin',(-201.000002995134,5.,-35.));
#3459=CARTESIAN_POINT('',(-198.700002995134,5.,-35.));
#3460=CARTESIAN_POINT('Origin',(-48.4641504514532,0.,-16.4416567250933));
#3461=CARTESIAN_POINT('',(-46.4641504514532,0.,-16.4416567250933));
#3462=CARTESIAN_POINT('Origin',(-48.4641504514532,0.,-16.4416567250933));
#3463=CARTESIAN_POINT('',(-46.4641504514532,0.,-16.4416567250933));
#3464=CARTESIAN_POINT('Origin',(-123.849040909736,0.,34.6264733909361));
#3465=CARTESIAN_POINT('',(-121.849040909736,0.,34.6264733909361));
#3466=CARTESIAN_POINT('Origin',(-123.849040909736,0.,34.6264733909361));
#3467=CARTESIAN_POINT('',(-121.849040909736,0.,34.6264733909361));
#3468=CARTESIAN_POINT('Origin',(-123.849040909736,0.,-34.6264733909361));
#3469=CARTESIAN_POINT('',(-121.849040909736,0.,-34.6264733909361));
#3470=CARTESIAN_POINT('Origin',(-123.849040909736,0.,-34.6264733909361));
#3471=CARTESIAN_POINT('',(-121.849040909736,0.,-34.6264733909361));
#3472=CARTESIAN_POINT('Origin',(-48.4641504514532,0.,16.4416567250933));
#3473=CARTESIAN_POINT('',(-46.4641504514532,0.,16.4416567250933));
#3474=CARTESIAN_POINT('Origin',(-48.4641504514532,0.,16.4416567250933));
#3475=CARTESIAN_POINT('',(-46.4641504514532,0.,16.4416567250933));
#3476=CARTESIAN_POINT('Origin',(-18.2334461252871,0.,-28.8089676595188));
#3477=CARTESIAN_POINT('',(-18.2334461252871,0.,-28.8089676595188));
#3478=CARTESIAN_POINT('Origin',(-123.849040909736,0.,0.));
#3479=CARTESIAN_POINT('',(-122.199040909736,0.,15.7));
#3480=CARTESIAN_POINT('',(-122.199040909736,0.,-15.7));
#3481=CARTESIAN_POINT('',(-122.199040909736,0.,-7.84999999999999));
#3482=CARTESIAN_POINT('',(-62.0990409097357,0.,-15.6999999999997));
#3483=CARTESIAN_POINT('',(-92.9740409097357,0.,-15.6999999999998));
#3484=CARTESIAN_POINT('',(-62.0990409097358,0.,15.7000000000003));
#3485=CARTESIAN_POINT('',(-62.0990409097358,0.,7.85000000000022));
#3486=CARTESIAN_POINT('',(-123.024040909736,0.,15.7));
#3487=CARTESIAN_POINT('Origin',(-122.199040909736,0.,15.7));
#3488=CARTESIAN_POINT('',(-62.0990409097358,21.,15.7000000000003));
#3489=CARTESIAN_POINT('',(-62.0990409097358,0.,15.7000000000003));
#3490=CARTESIAN_POINT('',(-122.199040909736,21.,15.7));
#3491=CARTESIAN_POINT('',(-109.199040909736,21.,15.7000000000001));
#3492=CARTESIAN_POINT('',(-122.199040909736,0.,15.7));
#3493=CARTESIAN_POINT('Origin',(-62.0990409097358,0.,15.7000000000003));
#3494=CARTESIAN_POINT('',(-62.0990409097357,21.,-15.6999999999997));
#3495=CARTESIAN_POINT('',(-62.0990409097357,0.,-15.6999999999997));
#3496=CARTESIAN_POINT('',(-62.0990409097358,21.,15.7000000000003));
#3497=CARTESIAN_POINT('',(-62.0990409097358,19.,9.35000000000035));
#3498=CARTESIAN_POINT('Origin',(-62.0990409097357,0.,-15.6999999999997));
#3499=CARTESIAN_POINT('',(-122.199040909736,21.,-15.7));
#3500=CARTESIAN_POINT('',(-122.199040909736,0.,-15.7));
#3501=CARTESIAN_POINT('',(-65.7990409097357,21.,-15.6999999999997));
#3502=CARTESIAN_POINT('Origin',(-122.199040909736,0.,-15.7));
#3503=CARTESIAN_POINT('',(-122.199040909736,21.,15.7));
#3504=CARTESIAN_POINT('Origin',(-92.1490409097358,21.,1.33226762955019E-13));
#3505=CARTESIAN_POINT('Origin',(-64.0990409097358,0.,-12.6999999999997));
#3506=CARTESIAN_POINT('',(-64.0990409097358,19.,13.7000000000002));
#3507=CARTESIAN_POINT('',(-64.0990409097358,0.,13.7000000000002));
#3508=CARTESIAN_POINT('',(-64.0990409097358,19.,-6.34999999999977));
#3509=CARTESIAN_POINT('',(-64.0990409097358,19.,-13.6999999999997));
#3510=CARTESIAN_POINT('',(-64.0990409097358,19.,-6.34999999999977));
#3511=CARTESIAN_POINT('',(-64.0990409097358,0.,-13.6999999999997));
#3512=CARTESIAN_POINT('Origin',(-92.1490409097358,19.,1.33226762955019E-13));
#3513=CARTESIAN_POINT('',(-78.6240409097358,19.,13.7000000000002));
#3514=CARTESIAN_POINT('',(-105.674040909736,19.,-13.6999999999999));
#3515=CARTESIAN_POINT('Origin',(-119.199040909736,0.,-13.6999999999999));
#3516=CARTESIAN_POINT('Origin',(-65.0990409097358,0.,13.7000000000002));
#3517=UNCERTAINTY_MEASURE_WITH_UNIT(LENGTH_MEASURE(0.01),#3521,
'DISTANCE_ACCURACY_VALUE',
'Maximum model space distance between geometric entities at asserted c
onnectivities');
#3518=UNCERTAINTY_MEASURE_WITH_UNIT(LENGTH_MEASURE(0.01),#3521,
'DISTANCE_ACCURACY_VALUE',
'Maximum model space distance between geometric entities at asserted c
onnectivities');
#3519=(
GEOMETRIC_REPRESENTATION_CONTEXT(3)
GLOBAL_UNCERTAINTY_ASSIGNED_CONTEXT((#3517))
GLOBAL_UNIT_ASSIGNED_CONTEXT((#3521,#3523,#3524))
REPRESENTATION_CONTEXT('','3D')
);
#3520=(
GEOMETRIC_REPRESENTATION_CONTEXT(3)
GLOBAL_UNCERTAINTY_ASSIGNED_CONTEXT((#3518))
GLOBAL_UNIT_ASSIGNED_CONTEXT((#3521,#3523,#3524))
REPRESENTATION_CONTEXT('','3D')
);
#3521=(
LENGTH_UNIT()
NAMED_UNIT(*)
SI_UNIT(.MILLI.,.METRE.)
);
#3522=(
LENGTH_UNIT()
NAMED_UNIT(*)
SI_UNIT($,.METRE.)
);
#3523=(
NAMED_UNIT(*)
PLANE_ANGLE_UNIT()
SI_UNIT($,.RADIAN.)
);
#3524=(
NAMED_UNIT(*)
SI_UNIT($,.STERADIAN.)
SOLID_ANGLE_UNIT()
);
#3525=SHAPE_DEFINITION_REPRESENTATION(#3526,#3527);
#3526=PRODUCT_DEFINITION_SHAPE('',$,#3529);
#3527=SHAPE_REPRESENTATION('',(#1757),#3519);
#3528=PRODUCT_DEFINITION_CONTEXT('part definition',#3533,'design');
#3529=PRODUCT_DEFINITION('2026-06-14-20-22-29-384','FusionComponent',#3530,
#3528);
#3530=PRODUCT_DEFINITION_FORMATION('',$,#3535);
#3531=PRODUCT_RELATED_PRODUCT_CATEGORY('FusionComponent',
'FusionComponent',(#3535));
#3532=APPLICATION_PROTOCOL_DEFINITION('international standard',
'automotive_design',2009,#3533);
#3533=APPLICATION_CONTEXT(
'Core Data for Automotive Mechanical Design Process');
#3534=PRODUCT_CONTEXT('part definition',#3533,'mechanical');
#3535=PRODUCT('2026-06-14-20-22-29-384','FusionComponent',$,(#3534));
#3536=PRESENTATION_STYLE_ASSIGNMENT((#3538));
#3537=PRESENTATION_STYLE_ASSIGNMENT((#3539));
#3538=SURFACE_STYLE_USAGE(.BOTH.,#3540);
#3539=SURFACE_STYLE_USAGE(.BOTH.,#3541);
#3540=SURFACE_SIDE_STYLE('',(#3542));
#3541=SURFACE_SIDE_STYLE('',(#3543));
#3542=SURFACE_STYLE_FILL_AREA(#3544);
#3543=SURFACE_STYLE_FILL_AREA(#3545);
#3544=FILL_AREA_STYLE('\X\C7elik - Saten',(#3546));
#3545=FILL_AREA_STYLE('Plastik - Mat (Siyah)',(#3547));
#3546=FILL_AREA_STYLE_COLOUR('\X\C7elik - Saten',#3548);
#3547=FILL_AREA_STYLE_COLOUR('Plastik - Mat (Siyah)',#3549);
#3548=COLOUR_RGB('\X\C7elik - Saten',0.627450980392157,0.627450980392157,
0.627450980392157);
#3549=COLOUR_RGB('Plastik - Mat (Siyah)',0.0980392156862745,0.0980392156862745,
0.0980392156862745);
ENDSEC;
END-ISO-10303-21;
