ISO-10303-21;
HEADER;
/* Generated by software containing ST-Developer
 * from STEP Tools, Inc. (www.steptools.com) 
 */

FILE_DESCRIPTION(
/* description */ (''),
/* implementation_level */ '2;1');

FILE_NAME(
/* name */ 'Linear gear.step',
/* time_stamp */ '2026-06-14T20:20:52+03:00',
/* author */ (''),
/* organization */ (''),
/* preprocessor_version */ 'ST-DEVELOPER v20.1',
/* originating_system */ 'Autodesk Translation Framework v15.8.0.0',
/* authorisation */ '');

FILE_SCHEMA (('AUTOMOTIVE_DESIGN { 1 0 10303 214 3 1 1 }'));
ENDSEC;

DATA;
#10=MECHANICAL_DESIGN_GEOMETRIC_PRESENTATION_REPRESENTATION('',(#13),#3383);
#11=SHAPE_REPRESENTATION_RELATIONSHIP('SRR','None',#3390,#12);
#12=ADVANCED_BREP_SHAPE_REPRESENTATION('',(#14),#3382);
#13=STYLED_ITEM('',(#3400),#14);
#14=MANIFOLD_SOLID_BREP('G\X\F6vde1',#2123);
#15=CYLINDRICAL_SURFACE('',#2225,2.29999999999999);
#16=CYLINDRICAL_SURFACE('',#2228,3.50000000000001);
#17=CYLINDRICAL_SURFACE('',#2233,2.29999999999999);
#18=CYLINDRICAL_SURFACE('',#2236,3.50000000000001);
#19=CYLINDRICAL_SURFACE('',#2240,2.29999999999999);
#20=CYLINDRICAL_SURFACE('',#2242,3.50000000000001);
#21=CYLINDRICAL_SURFACE('',#2245,2.29999999999999);
#22=CYLINDRICAL_SURFACE('',#2247,3.50000000000001);
#23=FACE_BOUND('',#160,.T.);
#24=FACE_BOUND('',#201,.T.);
#25=FACE_BOUND('',#238,.T.);
#26=FACE_BOUND('',#243,.T.);
#27=FACE_BOUND('',#247,.T.);
#28=FACE_BOUND('',#251,.T.);
#29=FACE_BOUND('',#257,.T.);
#30=FACE_BOUND('',#258,.T.);
#31=CIRCLE('',#2148,3.50000000000001);
#32=CIRCLE('',#2149,2.29999999999999);
#33=CIRCLE('',#2190,3.50000000000001);
#34=CIRCLE('',#2191,2.29999999999999);
#35=CIRCLE('',#2226,2.29999999999999);
#36=CIRCLE('',#2227,2.29999999999999);
#37=CIRCLE('',#2229,3.50000000000001);
#38=CIRCLE('',#2230,3.50000000000001);
#39=CIRCLE('',#2234,2.29999999999999);
#40=CIRCLE('',#2235,2.29999999999999);
#41=CIRCLE('',#2237,3.50000000000001);
#42=CIRCLE('',#2238,3.50000000000001);
#43=CIRCLE('',#2241,2.29999999999999);
#44=CIRCLE('',#2243,3.50000000000001);
#45=CIRCLE('',#2246,2.29999999999999);
#46=CIRCLE('',#2248,3.50000000000001);
#47=FACE_OUTER_BOUND('',#149,.T.);
#48=FACE_OUTER_BOUND('',#150,.T.);
#49=FACE_OUTER_BOUND('',#151,.T.);
#50=FACE_OUTER_BOUND('',#152,.T.);
#51=FACE_OUTER_BOUND('',#153,.T.);
#52=FACE_OUTER_BOUND('',#154,.T.);
#53=FACE_OUTER_BOUND('',#155,.T.);
#54=FACE_OUTER_BOUND('',#156,.T.);
#55=FACE_OUTER_BOUND('',#157,.T.);
#56=FACE_OUTER_BOUND('',#158,.T.);
#57=FACE_OUTER_BOUND('',#159,.T.);
#58=FACE_OUTER_BOUND('',#161,.T.);
#59=FACE_OUTER_BOUND('',#162,.T.);
#60=FACE_OUTER_BOUND('',#163,.T.);
#61=FACE_OUTER_BOUND('',#164,.T.);
#62=FACE_OUTER_BOUND('',#165,.T.);
#63=FACE_OUTER_BOUND('',#166,.T.);
#64=FACE_OUTER_BOUND('',#167,.T.);
#65=FACE_OUTER_BOUND('',#168,.T.);
#66=FACE_OUTER_BOUND('',#169,.T.);
#67=FACE_OUTER_BOUND('',#170,.T.);
#68=FACE_OUTER_BOUND('',#171,.T.);
#69=FACE_OUTER_BOUND('',#172,.T.);
#70=FACE_OUTER_BOUND('',#173,.T.);
#71=FACE_OUTER_BOUND('',#174,.T.);
#72=FACE_OUTER_BOUND('',#175,.T.);
#73=FACE_OUTER_BOUND('',#176,.T.);
#74=FACE_OUTER_BOUND('',#177,.T.);
#75=FACE_OUTER_BOUND('',#178,.T.);
#76=FACE_OUTER_BOUND('',#179,.T.);
#77=FACE_OUTER_BOUND('',#180,.T.);
#78=FACE_OUTER_BOUND('',#181,.T.);
#79=FACE_OUTER_BOUND('',#182,.T.);
#80=FACE_OUTER_BOUND('',#183,.T.);
#81=FACE_OUTER_BOUND('',#184,.T.);
#82=FACE_OUTER_BOUND('',#185,.T.);
#83=FACE_OUTER_BOUND('',#186,.T.);
#84=FACE_OUTER_BOUND('',#187,.T.);
#85=FACE_OUTER_BOUND('',#188,.T.);
#86=FACE_OUTER_BOUND('',#189,.T.);
#87=FACE_OUTER_BOUND('',#190,.T.);
#88=FACE_OUTER_BOUND('',#191,.T.);
#89=FACE_OUTER_BOUND('',#192,.T.);
#90=FACE_OUTER_BOUND('',#193,.T.);
#91=FACE_OUTER_BOUND('',#194,.T.);
#92=FACE_OUTER_BOUND('',#195,.T.);
#93=FACE_OUTER_BOUND('',#196,.T.);
#94=FACE_OUTER_BOUND('',#197,.T.);
#95=FACE_OUTER_BOUND('',#198,.T.);
#96=FACE_OUTER_BOUND('',#199,.T.);
#97=FACE_OUTER_BOUND('',#200,.T.);
#98=FACE_OUTER_BOUND('',#202,.T.);
#99=FACE_OUTER_BOUND('',#203,.T.);
#100=FACE_OUTER_BOUND('',#204,.T.);
#101=FACE_OUTER_BOUND('',#205,.T.);
#102=FACE_OUTER_BOUND('',#206,.T.);
#103=FACE_OUTER_BOUND('',#207,.T.);
#104=FACE_OUTER_BOUND('',#208,.T.);
#105=FACE_OUTER_BOUND('',#209,.T.);
#106=FACE_OUTER_BOUND('',#210,.T.);
#107=FACE_OUTER_BOUND('',#211,.T.);
#108=FACE_OUTER_BOUND('',#212,.T.);
#109=FACE_OUTER_BOUND('',#213,.T.);
#110=FACE_OUTER_BOUND('',#214,.T.);
#111=FACE_OUTER_BOUND('',#215,.T.);
#112=FACE_OUTER_BOUND('',#216,.T.);
#113=FACE_OUTER_BOUND('',#217,.T.);
#114=FACE_OUTER_BOUND('',#218,.T.);
#115=FACE_OUTER_BOUND('',#219,.T.);
#116=FACE_OUTER_BOUND('',#220,.T.);
#117=FACE_OUTER_BOUND('',#221,.T.);
#118=FACE_OUTER_BOUND('',#222,.T.);
#119=FACE_OUTER_BOUND('',#223,.T.);
#120=FACE_OUTER_BOUND('',#224,.T.);
#121=FACE_OUTER_BOUND('',#225,.T.);
#122=FACE_OUTER_BOUND('',#226,.T.);
#123=FACE_OUTER_BOUND('',#227,.T.);
#124=FACE_OUTER_BOUND('',#228,.T.);
#125=FACE_OUTER_BOUND('',#229,.T.);
#126=FACE_OUTER_BOUND('',#230,.T.);
#127=FACE_OUTER_BOUND('',#231,.T.);
#128=FACE_OUTER_BOUND('',#232,.T.);
#129=FACE_OUTER_BOUND('',#233,.T.);
#130=FACE_OUTER_BOUND('',#234,.T.);
#131=FACE_OUTER_BOUND('',#235,.T.);
#132=FACE_OUTER_BOUND('',#236,.T.);
#133=FACE_OUTER_BOUND('',#237,.T.);
#134=FACE_OUTER_BOUND('',#239,.T.);
#135=FACE_OUTER_BOUND('',#240,.T.);
#136=FACE_OUTER_BOUND('',#241,.T.);
#137=FACE_OUTER_BOUND('',#242,.T.);
#138=FACE_OUTER_BOUND('',#244,.T.);
#139=FACE_OUTER_BOUND('',#245,.T.);
#140=FACE_OUTER_BOUND('',#246,.T.);
#141=FACE_OUTER_BOUND('',#248,.T.);
#142=FACE_OUTER_BOUND('',#249,.T.);
#143=FACE_OUTER_BOUND('',#250,.T.);
#144=FACE_OUTER_BOUND('',#252,.T.);
#145=FACE_OUTER_BOUND('',#253,.T.);
#146=FACE_OUTER_BOUND('',#254,.T.);
#147=FACE_OUTER_BOUND('',#255,.T.);
#148=FACE_OUTER_BOUND('',#256,.T.);
#149=EDGE_LOOP('',(#1327,#1328,#1329,#1330));
#150=EDGE_LOOP('',(#1331,#1332,#1333,#1334));
#151=EDGE_LOOP('',(#1335,#1336,#1337,#1338));
#152=EDGE_LOOP('',(#1339,#1340,#1341,#1342,#1343,#1344,#1345,#1346,#1347,
#1348,#1349,#1350,#1351,#1352,#1353,#1354,#1355,#1356,#1357,#1358,#1359,
#1360,#1361,#1362,#1363,#1364,#1365,#1366,#1367,#1368,#1369,#1370,#1371,
#1372,#1373,#1374,#1375,#1376,#1377,#1378,#1379,#1380,#1381,#1382,#1383,
#1384,#1385,#1386,#1387,#1388,#1389,#1390,#1391,#1392,#1393,#1394,#1395,
#1396,#1397,#1398,#1399,#1400,#1401,#1402,#1403,#1404,#1405,#1406,#1407,
#1408,#1409,#1410,#1411,#1412,#1413,#1414,#1415,#1416,#1417,#1418,#1419,
#1420,#1421,#1422,#1423,#1424,#1425,#1426,#1427,#1428,#1429,#1430,#1431,
#1432,#1433,#1434));
#153=EDGE_LOOP('',(#1435,#1436,#1437,#1438));
#154=EDGE_LOOP('',(#1439,#1440,#1441,#1442));
#155=EDGE_LOOP('',(#1443,#1444,#1445,#1446));
#156=EDGE_LOOP('',(#1447,#1448,#1449,#1450));
#157=EDGE_LOOP('',(#1451,#1452,#1453,#1454,#1455,#1456,#1457,#1458,#1459,
#1460,#1461,#1462,#1463,#1464,#1465,#1466,#1467,#1468,#1469,#1470,#1471,
#1472,#1473,#1474,#1475,#1476,#1477,#1478,#1479,#1480,#1481,#1482,#1483,
#1484,#1485,#1486,#1487,#1488,#1489,#1490,#1491,#1492,#1493,#1494,#1495,
#1496,#1497,#1498,#1499,#1500,#1501,#1502,#1503,#1504,#1505,#1506,#1507,
#1508,#1509,#1510,#1511,#1512,#1513,#1514,#1515,#1516,#1517,#1518,#1519,
#1520,#1521,#1522,#1523,#1524,#1525,#1526,#1527,#1528,#1529,#1530,#1531,
#1532,#1533,#1534,#1535,#1536,#1537,#1538,#1539,#1540,#1541,#1542,#1543,
#1544,#1545,#1546));
#158=EDGE_LOOP('',(#1547,#1548,#1549,#1550));
#159=EDGE_LOOP('',(#1551,#1552,#1553,#1554));
#160=EDGE_LOOP('',(#1555));
#161=EDGE_LOOP('',(#1556,#1557,#1558,#1559));
#162=EDGE_LOOP('',(#1560,#1561,#1562,#1563));
#163=EDGE_LOOP('',(#1564,#1565,#1566,#1567));
#164=EDGE_LOOP('',(#1568,#1569,#1570,#1571));
#165=EDGE_LOOP('',(#1572,#1573,#1574,#1575));
#166=EDGE_LOOP('',(#1576,#1577,#1578,#1579));
#167=EDGE_LOOP('',(#1580,#1581,#1582,#1583));
#168=EDGE_LOOP('',(#1584,#1585,#1586,#1587));
#169=EDGE_LOOP('',(#1588,#1589,#1590,#1591));
#170=EDGE_LOOP('',(#1592,#1593,#1594,#1595));
#171=EDGE_LOOP('',(#1596,#1597,#1598,#1599));
#172=EDGE_LOOP('',(#1600,#1601,#1602,#1603));
#173=EDGE_LOOP('',(#1604,#1605,#1606,#1607));
#174=EDGE_LOOP('',(#1608,#1609,#1610,#1611));
#175=EDGE_LOOP('',(#1612,#1613,#1614,#1615));
#176=EDGE_LOOP('',(#1616,#1617,#1618,#1619));
#177=EDGE_LOOP('',(#1620,#1621,#1622,#1623));
#178=EDGE_LOOP('',(#1624,#1625,#1626,#1627));
#179=EDGE_LOOP('',(#1628,#1629,#1630,#1631));
#180=EDGE_LOOP('',(#1632,#1633,#1634,#1635));
#181=EDGE_LOOP('',(#1636,#1637,#1638,#1639));
#182=EDGE_LOOP('',(#1640,#1641,#1642,#1643));
#183=EDGE_LOOP('',(#1644,#1645,#1646,#1647));
#184=EDGE_LOOP('',(#1648,#1649,#1650,#1651));
#185=EDGE_LOOP('',(#1652,#1653,#1654,#1655));
#186=EDGE_LOOP('',(#1656,#1657,#1658,#1659));
#187=EDGE_LOOP('',(#1660,#1661,#1662,#1663));
#188=EDGE_LOOP('',(#1664,#1665,#1666,#1667));
#189=EDGE_LOOP('',(#1668,#1669,#1670,#1671));
#190=EDGE_LOOP('',(#1672,#1673,#1674,#1675));
#191=EDGE_LOOP('',(#1676,#1677,#1678,#1679));
#192=EDGE_LOOP('',(#1680,#1681,#1682,#1683));
#193=EDGE_LOOP('',(#1684,#1685,#1686,#1687));
#194=EDGE_LOOP('',(#1688,#1689,#1690,#1691));
#195=EDGE_LOOP('',(#1692,#1693,#1694,#1695));
#196=EDGE_LOOP('',(#1696,#1697,#1698,#1699));
#197=EDGE_LOOP('',(#1700,#1701,#1702,#1703));
#198=EDGE_LOOP('',(#1704,#1705,#1706,#1707));
#199=EDGE_LOOP('',(#1708,#1709,#1710,#1711));
#200=EDGE_LOOP('',(#1712,#1713,#1714,#1715));
#201=EDGE_LOOP('',(#1716));
#202=EDGE_LOOP('',(#1717,#1718,#1719,#1720));
#203=EDGE_LOOP('',(#1721,#1722,#1723,#1724));
#204=EDGE_LOOP('',(#1725,#1726,#1727,#1728));
#205=EDGE_LOOP('',(#1729,#1730,#1731,#1732));
#206=EDGE_LOOP('',(#1733,#1734,#1735,#1736));
#207=EDGE_LOOP('',(#1737,#1738,#1739,#1740));
#208=EDGE_LOOP('',(#1741,#1742,#1743,#1744));
#209=EDGE_LOOP('',(#1745,#1746,#1747,#1748));
#210=EDGE_LOOP('',(#1749,#1750,#1751,#1752));
#211=EDGE_LOOP('',(#1753,#1754,#1755,#1756));
#212=EDGE_LOOP('',(#1757,#1758,#1759,#1760));
#213=EDGE_LOOP('',(#1761,#1762,#1763,#1764));
#214=EDGE_LOOP('',(#1765,#1766,#1767,#1768));
#215=EDGE_LOOP('',(#1769,#1770,#1771,#1772));
#216=EDGE_LOOP('',(#1773,#1774,#1775,#1776));
#217=EDGE_LOOP('',(#1777,#1778,#1779,#1780));
#218=EDGE_LOOP('',(#1781,#1782,#1783,#1784));
#219=EDGE_LOOP('',(#1785,#1786,#1787,#1788));
#220=EDGE_LOOP('',(#1789,#1790,#1791,#1792));
#221=EDGE_LOOP('',(#1793,#1794,#1795,#1796));
#222=EDGE_LOOP('',(#1797,#1798,#1799,#1800));
#223=EDGE_LOOP('',(#1801,#1802,#1803,#1804));
#224=EDGE_LOOP('',(#1805,#1806,#1807,#1808));
#225=EDGE_LOOP('',(#1809,#1810,#1811,#1812));
#226=EDGE_LOOP('',(#1813,#1814,#1815,#1816));
#227=EDGE_LOOP('',(#1817,#1818,#1819,#1820));
#228=EDGE_LOOP('',(#1821,#1822,#1823,#1824));
#229=EDGE_LOOP('',(#1825,#1826,#1827,#1828));
#230=EDGE_LOOP('',(#1829,#1830,#1831,#1832));
#231=EDGE_LOOP('',(#1833,#1834,#1835,#1836));
#232=EDGE_LOOP('',(#1837,#1838,#1839,#1840));
#233=EDGE_LOOP('',(#1841,#1842,#1843,#1844));
#234=EDGE_LOOP('',(#1845,#1846,#1847,#1848));
#235=EDGE_LOOP('',(#1849,#1850,#1851,#1852));
#236=EDGE_LOOP('',(#1853,#1854,#1855,#1856));
#237=EDGE_LOOP('',(#1857,#1858,#1859,#1860));
#238=EDGE_LOOP('',(#1861));
#239=EDGE_LOOP('',(#1862,#1863,#1864,#1865));
#240=EDGE_LOOP('',(#1866,#1867,#1868,#1869));
#241=EDGE_LOOP('',(#1870,#1871,#1872,#1873));
#242=EDGE_LOOP('',(#1874,#1875,#1876,#1877));
#243=EDGE_LOOP('',(#1878));
#244=EDGE_LOOP('',(#1879,#1880,#1881,#1882));
#245=EDGE_LOOP('',(#1883,#1884,#1885,#1886));
#246=EDGE_LOOP('',(#1887,#1888,#1889,#1890));
#247=EDGE_LOOP('',(#1891));
#248=EDGE_LOOP('',(#1892,#1893,#1894,#1895));
#249=EDGE_LOOP('',(#1896,#1897,#1898,#1899));
#250=EDGE_LOOP('',(#1900,#1901,#1902,#1903));
#251=EDGE_LOOP('',(#1904));
#252=EDGE_LOOP('',(#1905,#1906,#1907,#1908));
#253=EDGE_LOOP('',(#1909,#1910,#1911,#1912));
#254=EDGE_LOOP('',(#1913,#1914,#1915,#1916));
#255=EDGE_LOOP('',(#1917,#1918,#1919,#1920));
#256=EDGE_LOOP('',(#1921,#1922,#1923,#1924));
#257=EDGE_LOOP('',(#1925));
#258=EDGE_LOOP('',(#1926));
#259=LINE('',#2781,#543);
#260=LINE('',#2783,#544);
#261=LINE('',#2785,#545);
#262=LINE('',#2786,#546);
#263=LINE('',#2789,#547);
#264=LINE('',#2791,#548);
#265=LINE('',#2792,#549);
#266=LINE('',#2795,#550);
#267=LINE('',#2797,#551);
#268=LINE('',#2798,#552);
#269=LINE('',#2801,#553);
#270=LINE('',#2803,#554);
#271=LINE('',#2805,#555);
#272=LINE('',#2807,#556);
#273=LINE('',#2809,#557);
#274=LINE('',#2811,#558);
#275=LINE('',#2813,#559);
#276=LINE('',#2815,#560);
#277=LINE('',#2817,#561);
#278=LINE('',#2819,#562);
#279=LINE('',#2821,#563);
#280=LINE('',#2823,#564);
#281=LINE('',#2825,#565);
#282=LINE('',#2827,#566);
#283=LINE('',#2829,#567);
#284=LINE('',#2831,#568);
#285=LINE('',#2833,#569);
#286=LINE('',#2835,#570);
#287=LINE('',#2837,#571);
#288=LINE('',#2839,#572);
#289=LINE('',#2841,#573);
#290=LINE('',#2843,#574);
#291=LINE('',#2845,#575);
#292=LINE('',#2847,#576);
#293=LINE('',#2849,#577);
#294=LINE('',#2851,#578);
#295=LINE('',#2853,#579);
#296=LINE('',#2855,#580);
#297=LINE('',#2857,#581);
#298=LINE('',#2859,#582);
#299=LINE('',#2861,#583);
#300=LINE('',#2863,#584);
#301=LINE('',#2865,#585);
#302=LINE('',#2867,#586);
#303=LINE('',#2869,#587);
#304=LINE('',#2871,#588);
#305=LINE('',#2873,#589);
#306=LINE('',#2875,#590);
#307=LINE('',#2877,#591);
#308=LINE('',#2879,#592);
#309=LINE('',#2881,#593);
#310=LINE('',#2883,#594);
#311=LINE('',#2885,#595);
#312=LINE('',#2887,#596);
#313=LINE('',#2889,#597);
#314=LINE('',#2891,#598);
#315=LINE('',#2893,#599);
#316=LINE('',#2895,#600);
#317=LINE('',#2897,#601);
#318=LINE('',#2899,#602);
#319=LINE('',#2901,#603);
#320=LINE('',#2903,#604);
#321=LINE('',#2905,#605);
#322=LINE('',#2907,#606);
#323=LINE('',#2909,#607);
#324=LINE('',#2911,#608);
#325=LINE('',#2913,#609);
#326=LINE('',#2915,#610);
#327=LINE('',#2917,#611);
#328=LINE('',#2919,#612);
#329=LINE('',#2921,#613);
#330=LINE('',#2923,#614);
#331=LINE('',#2925,#615);
#332=LINE('',#2927,#616);
#333=LINE('',#2929,#617);
#334=LINE('',#2931,#618);
#335=LINE('',#2933,#619);
#336=LINE('',#2935,#620);
#337=LINE('',#2937,#621);
#338=LINE('',#2939,#622);
#339=LINE('',#2941,#623);
#340=LINE('',#2943,#624);
#341=LINE('',#2945,#625);
#342=LINE('',#2947,#626);
#343=LINE('',#2949,#627);
#344=LINE('',#2951,#628);
#345=LINE('',#2953,#629);
#346=LINE('',#2955,#630);
#347=LINE('',#2957,#631);
#348=LINE('',#2959,#632);
#349=LINE('',#2961,#633);
#350=LINE('',#2963,#634);
#351=LINE('',#2965,#635);
#352=LINE('',#2967,#636);
#353=LINE('',#2969,#637);
#354=LINE('',#2971,#638);
#355=LINE('',#2973,#639);
#356=LINE('',#2975,#640);
#357=LINE('',#2977,#641);
#358=LINE('',#2979,#642);
#359=LINE('',#2981,#643);
#360=LINE('',#2983,#644);
#361=LINE('',#2984,#645);
#362=LINE('',#2987,#646);
#363=LINE('',#2988,#647);
#364=LINE('',#2992,#648);
#365=LINE('',#2993,#649);
#366=LINE('',#2994,#650);
#367=LINE('',#2997,#651);
#368=LINE('',#2998,#652);
#369=LINE('',#3001,#653);
#370=LINE('',#3002,#654);
#371=LINE('',#3005,#655);
#372=LINE('',#3007,#656);
#373=LINE('',#3009,#657);
#374=LINE('',#3011,#658);
#375=LINE('',#3013,#659);
#376=LINE('',#3015,#660);
#377=LINE('',#3017,#661);
#378=LINE('',#3019,#662);
#379=LINE('',#3021,#663);
#380=LINE('',#3023,#664);
#381=LINE('',#3025,#665);
#382=LINE('',#3027,#666);
#383=LINE('',#3028,#667);
#384=LINE('',#3030,#668);
#385=LINE('',#3032,#669);
#386=LINE('',#3034,#670);
#387=LINE('',#3036,#671);
#388=LINE('',#3038,#672);
#389=LINE('',#3040,#673);
#390=LINE('',#3042,#674);
#391=LINE('',#3044,#675);
#392=LINE('',#3046,#676);
#393=LINE('',#3048,#677);
#394=LINE('',#3050,#678);
#395=LINE('',#3052,#679);
#396=LINE('',#3054,#680);
#397=LINE('',#3056,#681);
#398=LINE('',#3058,#682);
#399=LINE('',#3060,#683);
#400=LINE('',#3062,#684);
#401=LINE('',#3064,#685);
#402=LINE('',#3066,#686);
#403=LINE('',#3068,#687);
#404=LINE('',#3070,#688);
#405=LINE('',#3072,#689);
#406=LINE('',#3074,#690);
#407=LINE('',#3076,#691);
#408=LINE('',#3078,#692);
#409=LINE('',#3080,#693);
#410=LINE('',#3082,#694);
#411=LINE('',#3084,#695);
#412=LINE('',#3086,#696);
#413=LINE('',#3088,#697);
#414=LINE('',#3090,#698);
#415=LINE('',#3092,#699);
#416=LINE('',#3094,#700);
#417=LINE('',#3096,#701);
#418=LINE('',#3098,#702);
#419=LINE('',#3100,#703);
#420=LINE('',#3102,#704);
#421=LINE('',#3104,#705);
#422=LINE('',#3106,#706);
#423=LINE('',#3108,#707);
#424=LINE('',#3110,#708);
#425=LINE('',#3112,#709);
#426=LINE('',#3114,#710);
#427=LINE('',#3116,#711);
#428=LINE('',#3118,#712);
#429=LINE('',#3120,#713);
#430=LINE('',#3122,#714);
#431=LINE('',#3124,#715);
#432=LINE('',#3126,#716);
#433=LINE('',#3128,#717);
#434=LINE('',#3130,#718);
#435=LINE('',#3132,#719);
#436=LINE('',#3134,#720);
#437=LINE('',#3136,#721);
#438=LINE('',#3138,#722);
#439=LINE('',#3140,#723);
#440=LINE('',#3142,#724);
#441=LINE('',#3144,#725);
#442=LINE('',#3146,#726);
#443=LINE('',#3148,#727);
#444=LINE('',#3150,#728);
#445=LINE('',#3152,#729);
#446=LINE('',#3154,#730);
#447=LINE('',#3156,#731);
#448=LINE('',#3158,#732);
#449=LINE('',#3160,#733);
#450=LINE('',#3162,#734);
#451=LINE('',#3164,#735);
#452=LINE('',#3166,#736);
#453=LINE('',#3168,#737);
#454=LINE('',#3170,#738);
#455=LINE('',#3172,#739);
#456=LINE('',#3174,#740);
#457=LINE('',#3176,#741);
#458=LINE('',#3178,#742);
#459=LINE('',#3179,#743);
#460=LINE('',#3181,#744);
#461=LINE('',#3187,#745);
#462=LINE('',#3189,#746);
#463=LINE('',#3191,#747);
#464=LINE('',#3193,#748);
#465=LINE('',#3195,#749);
#466=LINE('',#3197,#750);
#467=LINE('',#3199,#751);
#468=LINE('',#3201,#752);
#469=LINE('',#3203,#753);
#470=LINE('',#3205,#754);
#471=LINE('',#3207,#755);
#472=LINE('',#3209,#756);
#473=LINE('',#3211,#757);
#474=LINE('',#3213,#758);
#475=LINE('',#3215,#759);
#476=LINE('',#3217,#760);
#477=LINE('',#3219,#761);
#478=LINE('',#3221,#762);
#479=LINE('',#3223,#763);
#480=LINE('',#3225,#764);
#481=LINE('',#3227,#765);
#482=LINE('',#3229,#766);
#483=LINE('',#3231,#767);
#484=LINE('',#3233,#768);
#485=LINE('',#3235,#769);
#486=LINE('',#3237,#770);
#487=LINE('',#3239,#771);
#488=LINE('',#3241,#772);
#489=LINE('',#3243,#773);
#490=LINE('',#3245,#774);
#491=LINE('',#3247,#775);
#492=LINE('',#3249,#776);
#493=LINE('',#3251,#777);
#494=LINE('',#3253,#778);
#495=LINE('',#3255,#779);
#496=LINE('',#3257,#780);
#497=LINE('',#3259,#781);
#498=LINE('',#3260,#782);
#499=LINE('',#3262,#783);
#500=LINE('',#3269,#784);
#501=LINE('',#3271,#785);
#502=LINE('',#3272,#786);
#503=LINE('',#3274,#787);
#504=LINE('',#3276,#788);
#505=LINE('',#3278,#789);
#506=LINE('',#3280,#790);
#507=LINE('',#3282,#791);
#508=LINE('',#3284,#792);
#509=LINE('',#3286,#793);
#510=LINE('',#3288,#794);
#511=LINE('',#3290,#795);
#512=LINE('',#3292,#796);
#513=LINE('',#3294,#797);
#514=LINE('',#3296,#798);
#515=LINE('',#3298,#799);
#516=LINE('',#3300,#800);
#517=LINE('',#3302,#801);
#518=LINE('',#3304,#802);
#519=LINE('',#3306,#803);
#520=LINE('',#3308,#804);
#521=LINE('',#3310,#805);
#522=LINE('',#3312,#806);
#523=LINE('',#3314,#807);
#524=LINE('',#3316,#808);
#525=LINE('',#3318,#809);
#526=LINE('',#3320,#810);
#527=LINE('',#3322,#811);
#528=LINE('',#3324,#812);
#529=LINE('',#3326,#813);
#530=LINE('',#3328,#814);
#531=LINE('',#3330,#815);
#532=LINE('',#3332,#816);
#533=LINE('',#3338,#817);
#534=LINE('',#3344,#818);
#535=LINE('',#3346,#819);
#536=LINE('',#3351,#820);
#537=LINE('',#3357,#821);
#538=LINE('',#3361,#822);
#539=LINE('',#3368,#823);
#540=LINE('',#3372,#824);
#541=LINE('',#3375,#825);
#542=LINE('',#3377,#826);
#543=VECTOR('',#2259,10.);
#544=VECTOR('',#2260,10.);
#545=VECTOR('',#2261,10.);
#546=VECTOR('',#2262,10.);
#547=VECTOR('',#2265,10.);
#548=VECTOR('',#2266,10.);
#549=VECTOR('',#2267,10.);
#550=VECTOR('',#2270,10.);
#551=VECTOR('',#2271,10.);
#552=VECTOR('',#2272,10.);
#553=VECTOR('',#2275,10.);
#554=VECTOR('',#2276,10.);
#555=VECTOR('',#2277,10.);
#556=VECTOR('',#2278,10.);
#557=VECTOR('',#2279,10.);
#558=VECTOR('',#2280,10.);
#559=VECTOR('',#2281,10.);
#560=VECTOR('',#2282,10.);
#561=VECTOR('',#2283,10.);
#562=VECTOR('',#2284,10.);
#563=VECTOR('',#2285,10.);
#564=VECTOR('',#2286,10.);
#565=VECTOR('',#2287,10.);
#566=VECTOR('',#2288,10.);
#567=VECTOR('',#2289,10.);
#568=VECTOR('',#2290,10.);
#569=VECTOR('',#2291,10.);
#570=VECTOR('',#2292,10.);
#571=VECTOR('',#2293,10.);
#572=VECTOR('',#2294,10.);
#573=VECTOR('',#2295,10.);
#574=VECTOR('',#2296,10.);
#575=VECTOR('',#2297,10.);
#576=VECTOR('',#2298,10.);
#577=VECTOR('',#2299,10.);
#578=VECTOR('',#2300,10.);
#579=VECTOR('',#2301,10.);
#580=VECTOR('',#2302,10.);
#581=VECTOR('',#2303,10.);
#582=VECTOR('',#2304,10.);
#583=VECTOR('',#2305,10.);
#584=VECTOR('',#2306,10.);
#585=VECTOR('',#2307,10.);
#586=VECTOR('',#2308,10.);
#587=VECTOR('',#2309,10.);
#588=VECTOR('',#2310,10.);
#589=VECTOR('',#2311,10.);
#590=VECTOR('',#2312,10.);
#591=VECTOR('',#2313,10.);
#592=VECTOR('',#2314,10.);
#593=VECTOR('',#2315,10.);
#594=VECTOR('',#2316,10.);
#595=VECTOR('',#2317,10.);
#596=VECTOR('',#2318,10.);
#597=VECTOR('',#2319,10.);
#598=VECTOR('',#2320,10.);
#599=VECTOR('',#2321,10.);
#600=VECTOR('',#2322,10.);
#601=VECTOR('',#2323,10.);
#602=VECTOR('',#2324,10.);
#603=VECTOR('',#2325,10.);
#604=VECTOR('',#2326,10.);
#605=VECTOR('',#2327,10.);
#606=VECTOR('',#2328,10.);
#607=VECTOR('',#2329,10.);
#608=VECTOR('',#2330,10.);
#609=VECTOR('',#2331,10.);
#610=VECTOR('',#2332,10.);
#611=VECTOR('',#2333,10.);
#612=VECTOR('',#2334,10.);
#613=VECTOR('',#2335,10.);
#614=VECTOR('',#2336,10.);
#615=VECTOR('',#2337,10.);
#616=VECTOR('',#2338,10.);
#617=VECTOR('',#2339,10.);
#618=VECTOR('',#2340,10.);
#619=VECTOR('',#2341,10.);
#620=VECTOR('',#2342,10.);
#621=VECTOR('',#2343,10.);
#622=VECTOR('',#2344,10.);
#623=VECTOR('',#2345,10.);
#624=VECTOR('',#2346,10.);
#625=VECTOR('',#2347,10.);
#626=VECTOR('',#2348,10.);
#627=VECTOR('',#2349,10.);
#628=VECTOR('',#2350,10.);
#629=VECTOR('',#2351,10.);
#630=VECTOR('',#2352,10.);
#631=VECTOR('',#2353,10.);
#632=VECTOR('',#2354,10.);
#633=VECTOR('',#2355,10.);
#634=VECTOR('',#2356,10.);
#635=VECTOR('',#2357,10.);
#636=VECTOR('',#2358,10.);
#637=VECTOR('',#2359,10.);
#638=VECTOR('',#2360,10.);
#639=VECTOR('',#2361,10.);
#640=VECTOR('',#2362,10.);
#641=VECTOR('',#2363,10.);
#642=VECTOR('',#2364,10.);
#643=VECTOR('',#2365,10.);
#644=VECTOR('',#2366,10.);
#645=VECTOR('',#2367,10.);
#646=VECTOR('',#2370,10.);
#647=VECTOR('',#2371,10.);
#648=VECTOR('',#2374,10.);
#649=VECTOR('',#2375,10.);
#650=VECTOR('',#2376,10.);
#651=VECTOR('',#2379,10.);
#652=VECTOR('',#2380,10.);
#653=VECTOR('',#2383,10.);
#654=VECTOR('',#2384,10.);
#655=VECTOR('',#2387,10.);
#656=VECTOR('',#2388,10.);
#657=VECTOR('',#2389,10.);
#658=VECTOR('',#2390,10.);
#659=VECTOR('',#2391,10.);
#660=VECTOR('',#2392,10.);
#661=VECTOR('',#2393,10.);
#662=VECTOR('',#2394,10.);
#663=VECTOR('',#2395,10.);
#664=VECTOR('',#2396,10.);
#665=VECTOR('',#2397,10.);
#666=VECTOR('',#2398,10.);
#667=VECTOR('',#2399,10.);
#668=VECTOR('',#2400,10.);
#669=VECTOR('',#2401,10.);
#670=VECTOR('',#2402,10.);
#671=VECTOR('',#2403,10.);
#672=VECTOR('',#2404,10.);
#673=VECTOR('',#2405,10.);
#674=VECTOR('',#2406,10.);
#675=VECTOR('',#2407,10.);
#676=VECTOR('',#2408,10.);
#677=VECTOR('',#2409,10.);
#678=VECTOR('',#2410,10.);
#679=VECTOR('',#2411,10.);
#680=VECTOR('',#2412,10.);
#681=VECTOR('',#2413,10.);
#682=VECTOR('',#2414,10.);
#683=VECTOR('',#2415,10.);
#684=VECTOR('',#2416,10.);
#685=VECTOR('',#2417,10.);
#686=VECTOR('',#2418,10.);
#687=VECTOR('',#2419,10.);
#688=VECTOR('',#2420,10.);
#689=VECTOR('',#2421,10.);
#690=VECTOR('',#2422,10.);
#691=VECTOR('',#2423,10.);
#692=VECTOR('',#2424,10.);
#693=VECTOR('',#2425,10.);
#694=VECTOR('',#2426,10.);
#695=VECTOR('',#2427,10.);
#696=VECTOR('',#2428,10.);
#697=VECTOR('',#2429,10.);
#698=VECTOR('',#2430,10.);
#699=VECTOR('',#2431,10.);
#700=VECTOR('',#2432,10.);
#701=VECTOR('',#2433,10.);
#702=VECTOR('',#2434,10.);
#703=VECTOR('',#2435,10.);
#704=VECTOR('',#2436,10.);
#705=VECTOR('',#2437,10.);
#706=VECTOR('',#2438,10.);
#707=VECTOR('',#2439,10.);
#708=VECTOR('',#2440,10.);
#709=VECTOR('',#2441,10.);
#710=VECTOR('',#2442,10.);
#711=VECTOR('',#2443,10.);
#712=VECTOR('',#2444,10.);
#713=VECTOR('',#2445,10.);
#714=VECTOR('',#2446,10.);
#715=VECTOR('',#2447,10.);
#716=VECTOR('',#2448,10.);
#717=VECTOR('',#2449,10.);
#718=VECTOR('',#2450,10.);
#719=VECTOR('',#2451,10.);
#720=VECTOR('',#2452,10.);
#721=VECTOR('',#2453,10.);
#722=VECTOR('',#2454,10.);
#723=VECTOR('',#2455,10.);
#724=VECTOR('',#2456,10.);
#725=VECTOR('',#2457,10.);
#726=VECTOR('',#2458,10.);
#727=VECTOR('',#2459,10.);
#728=VECTOR('',#2460,10.);
#729=VECTOR('',#2461,10.);
#730=VECTOR('',#2462,10.);
#731=VECTOR('',#2463,10.);
#732=VECTOR('',#2464,10.);
#733=VECTOR('',#2465,10.);
#734=VECTOR('',#2466,10.);
#735=VECTOR('',#2467,10.);
#736=VECTOR('',#2468,10.);
#737=VECTOR('',#2469,10.);
#738=VECTOR('',#2470,10.);
#739=VECTOR('',#2471,10.);
#740=VECTOR('',#2472,10.);
#741=VECTOR('',#2473,10.);
#742=VECTOR('',#2474,10.);
#743=VECTOR('',#2475,10.);
#744=VECTOR('',#2478,10.);
#745=VECTOR('',#2487,10.);
#746=VECTOR('',#2490,10.);
#747=VECTOR('',#2493,10.);
#748=VECTOR('',#2496,10.);
#749=VECTOR('',#2499,10.);
#750=VECTOR('',#2502,10.);
#751=VECTOR('',#2505,10.);
#752=VECTOR('',#2508,10.);
#753=VECTOR('',#2511,10.);
#754=VECTOR('',#2514,10.);
#755=VECTOR('',#2517,10.);
#756=VECTOR('',#2520,10.);
#757=VECTOR('',#2523,10.);
#758=VECTOR('',#2526,10.);
#759=VECTOR('',#2529,10.);
#760=VECTOR('',#2532,10.);
#761=VECTOR('',#2535,10.);
#762=VECTOR('',#2538,10.);
#763=VECTOR('',#2541,10.);
#764=VECTOR('',#2544,10.);
#765=VECTOR('',#2547,10.);
#766=VECTOR('',#2550,10.);
#767=VECTOR('',#2553,10.);
#768=VECTOR('',#2556,10.);
#769=VECTOR('',#2559,10.);
#770=VECTOR('',#2562,10.);
#771=VECTOR('',#2565,10.);
#772=VECTOR('',#2568,10.);
#773=VECTOR('',#2571,10.);
#774=VECTOR('',#2574,10.);
#775=VECTOR('',#2577,10.);
#776=VECTOR('',#2580,10.);
#777=VECTOR('',#2583,10.);
#778=VECTOR('',#2586,10.);
#779=VECTOR('',#2589,10.);
#780=VECTOR('',#2592,10.);
#781=VECTOR('',#2595,10.);
#782=VECTOR('',#2596,10.);
#783=VECTOR('',#2599,10.);
#784=VECTOR('',#2610,10.);
#785=VECTOR('',#2613,10.);
#786=VECTOR('',#2614,10.);
#787=VECTOR('',#2617,10.);
#788=VECTOR('',#2620,10.);
#789=VECTOR('',#2623,10.);
#790=VECTOR('',#2626,10.);
#791=VECTOR('',#2629,10.);
#792=VECTOR('',#2632,10.);
#793=VECTOR('',#2635,10.);
#794=VECTOR('',#2638,10.);
#795=VECTOR('',#2641,10.);
#796=VECTOR('',#2644,10.);
#797=VECTOR('',#2647,10.);
#798=VECTOR('',#2650,10.);
#799=VECTOR('',#2653,10.);
#800=VECTOR('',#2656,10.);
#801=VECTOR('',#2659,10.);
#802=VECTOR('',#2662,10.);
#803=VECTOR('',#2665,10.);
#804=VECTOR('',#2668,10.);
#805=VECTOR('',#2671,10.);
#806=VECTOR('',#2674,10.);
#807=VECTOR('',#2677,10.);
#808=VECTOR('',#2680,10.);
#809=VECTOR('',#2683,10.);
#810=VECTOR('',#2686,10.);
#811=VECTOR('',#2689,10.);
#812=VECTOR('',#2692,10.);
#813=VECTOR('',#2695,10.);
#814=VECTOR('',#2698,10.);
#815=VECTOR('',#2701,10.);
#816=VECTOR('',#2704,10.);
#817=VECTOR('',#2711,1.99999999999999);
#818=VECTOR('',#2722,10.);
#819=VECTOR('',#2725,10.);
#820=VECTOR('',#2730,1.99999999999999);
#821=VECTOR('',#2741,10.);
#822=VECTOR('',#2746,1.99999999999999);
#823=VECTOR('',#2757,1.99999999999999);
#824=VECTOR('',#2764,10.);
#825=VECTOR('',#2769,10.);
#826=VECTOR('',#2772,10.);
#827=VERTEX_POINT('',#2779);
#828=VERTEX_POINT('',#2780);
#829=VERTEX_POINT('',#2782);
#830=VERTEX_POINT('',#2784);
#831=VERTEX_POINT('',#2788);
#832=VERTEX_POINT('',#2790);
#833=VERTEX_POINT('',#2794);
#834=VERTEX_POINT('',#2796);
#835=VERTEX_POINT('',#2800);
#836=VERTEX_POINT('',#2802);
#837=VERTEX_POINT('',#2804);
#838=VERTEX_POINT('',#2806);
#839=VERTEX_POINT('',#2808);
#840=VERTEX_POINT('',#2810);
#841=VERTEX_POINT('',#2812);
#842=VERTEX_POINT('',#2814);
#843=VERTEX_POINT('',#2816);
#844=VERTEX_POINT('',#2818);
#845=VERTEX_POINT('',#2820);
#846=VERTEX_POINT('',#2822);
#847=VERTEX_POINT('',#2824);
#848=VERTEX_POINT('',#2826);
#849=VERTEX_POINT('',#2828);
#850=VERTEX_POINT('',#2830);
#851=VERTEX_POINT('',#2832);
#852=VERTEX_POINT('',#2834);
#853=VERTEX_POINT('',#2836);
#854=VERTEX_POINT('',#2838);
#855=VERTEX_POINT('',#2840);
#856=VERTEX_POINT('',#2842);
#857=VERTEX_POINT('',#2844);
#858=VERTEX_POINT('',#2846);
#859=VERTEX_POINT('',#2848);
#860=VERTEX_POINT('',#2850);
#861=VERTEX_POINT('',#2852);
#862=VERTEX_POINT('',#2854);
#863=VERTEX_POINT('',#2856);
#864=VERTEX_POINT('',#2858);
#865=VERTEX_POINT('',#2860);
#866=VERTEX_POINT('',#2862);
#867=VERTEX_POINT('',#2864);
#868=VERTEX_POINT('',#2866);
#869=VERTEX_POINT('',#2868);
#870=VERTEX_POINT('',#2870);
#871=VERTEX_POINT('',#2872);
#872=VERTEX_POINT('',#2874);
#873=VERTEX_POINT('',#2876);
#874=VERTEX_POINT('',#2878);
#875=VERTEX_POINT('',#2880);
#876=VERTEX_POINT('',#2882);
#877=VERTEX_POINT('',#2884);
#878=VERTEX_POINT('',#2886);
#879=VERTEX_POINT('',#2888);
#880=VERTEX_POINT('',#2890);
#881=VERTEX_POINT('',#2892);
#882=VERTEX_POINT('',#2894);
#883=VERTEX_POINT('',#2896);
#884=VERTEX_POINT('',#2898);
#885=VERTEX_POINT('',#2900);
#886=VERTEX_POINT('',#2902);
#887=VERTEX_POINT('',#2904);
#888=VERTEX_POINT('',#2906);
#889=VERTEX_POINT('',#2908);
#890=VERTEX_POINT('',#2910);
#891=VERTEX_POINT('',#2912);
#892=VERTEX_POINT('',#2914);
#893=VERTEX_POINT('',#2916);
#894=VERTEX_POINT('',#2918);
#895=VERTEX_POINT('',#2920);
#896=VERTEX_POINT('',#2922);
#897=VERTEX_POINT('',#2924);
#898=VERTEX_POINT('',#2926);
#899=VERTEX_POINT('',#2928);
#900=VERTEX_POINT('',#2930);
#901=VERTEX_POINT('',#2932);
#902=VERTEX_POINT('',#2934);
#903=VERTEX_POINT('',#2936);
#904=VERTEX_POINT('',#2938);
#905=VERTEX_POINT('',#2940);
#906=VERTEX_POINT('',#2942);
#907=VERTEX_POINT('',#2944);
#908=VERTEX_POINT('',#2946);
#909=VERTEX_POINT('',#2948);
#910=VERTEX_POINT('',#2950);
#911=VERTEX_POINT('',#2952);
#912=VERTEX_POINT('',#2954);
#913=VERTEX_POINT('',#2956);
#914=VERTEX_POINT('',#2958);
#915=VERTEX_POINT('',#2960);
#916=VERTEX_POINT('',#2962);
#917=VERTEX_POINT('',#2964);
#918=VERTEX_POINT('',#2966);
#919=VERTEX_POINT('',#2968);
#920=VERTEX_POINT('',#2970);
#921=VERTEX_POINT('',#2972);
#922=VERTEX_POINT('',#2974);
#923=VERTEX_POINT('',#2976);
#924=VERTEX_POINT('',#2978);
#925=VERTEX_POINT('',#2980);
#926=VERTEX_POINT('',#2982);
#927=VERTEX_POINT('',#2986);
#928=VERTEX_POINT('',#2990);
#929=VERTEX_POINT('',#2991);
#930=VERTEX_POINT('',#2996);
#931=VERTEX_POINT('',#3000);
#932=VERTEX_POINT('',#3004);
#933=VERTEX_POINT('',#3006);
#934=VERTEX_POINT('',#3008);
#935=VERTEX_POINT('',#3010);
#936=VERTEX_POINT('',#3012);
#937=VERTEX_POINT('',#3014);
#938=VERTEX_POINT('',#3016);
#939=VERTEX_POINT('',#3018);
#940=VERTEX_POINT('',#3020);
#941=VERTEX_POINT('',#3022);
#942=VERTEX_POINT('',#3024);
#943=VERTEX_POINT('',#3026);
#944=VERTEX_POINT('',#3029);
#945=VERTEX_POINT('',#3031);
#946=VERTEX_POINT('',#3033);
#947=VERTEX_POINT('',#3035);
#948=VERTEX_POINT('',#3037);
#949=VERTEX_POINT('',#3039);
#950=VERTEX_POINT('',#3041);
#951=VERTEX_POINT('',#3043);
#952=VERTEX_POINT('',#3045);
#953=VERTEX_POINT('',#3047);
#954=VERTEX_POINT('',#3049);
#955=VERTEX_POINT('',#3051);
#956=VERTEX_POINT('',#3053);
#957=VERTEX_POINT('',#3055);
#958=VERTEX_POINT('',#3057);
#959=VERTEX_POINT('',#3059);
#960=VERTEX_POINT('',#3061);
#961=VERTEX_POINT('',#3063);
#962=VERTEX_POINT('',#3065);
#963=VERTEX_POINT('',#3067);
#964=VERTEX_POINT('',#3069);
#965=VERTEX_POINT('',#3071);
#966=VERTEX_POINT('',#3073);
#967=VERTEX_POINT('',#3075);
#968=VERTEX_POINT('',#3077);
#969=VERTEX_POINT('',#3079);
#970=VERTEX_POINT('',#3081);
#971=VERTEX_POINT('',#3083);
#972=VERTEX_POINT('',#3085);
#973=VERTEX_POINT('',#3087);
#974=VERTEX_POINT('',#3089);
#975=VERTEX_POINT('',#3091);
#976=VERTEX_POINT('',#3093);
#977=VERTEX_POINT('',#3095);
#978=VERTEX_POINT('',#3097);
#979=VERTEX_POINT('',#3099);
#980=VERTEX_POINT('',#3101);
#981=VERTEX_POINT('',#3103);
#982=VERTEX_POINT('',#3105);
#983=VERTEX_POINT('',#3107);
#984=VERTEX_POINT('',#3109);
#985=VERTEX_POINT('',#3111);
#986=VERTEX_POINT('',#3113);
#987=VERTEX_POINT('',#3115);
#988=VERTEX_POINT('',#3117);
#989=VERTEX_POINT('',#3119);
#990=VERTEX_POINT('',#3121);
#991=VERTEX_POINT('',#3123);
#992=VERTEX_POINT('',#3125);
#993=VERTEX_POINT('',#3127);
#994=VERTEX_POINT('',#3129);
#995=VERTEX_POINT('',#3131);
#996=VERTEX_POINT('',#3133);
#997=VERTEX_POINT('',#3135);
#998=VERTEX_POINT('',#3137);
#999=VERTEX_POINT('',#3139);
#1000=VERTEX_POINT('',#3141);
#1001=VERTEX_POINT('',#3143);
#1002=VERTEX_POINT('',#3145);
#1003=VERTEX_POINT('',#3147);
#1004=VERTEX_POINT('',#3149);
#1005=VERTEX_POINT('',#3151);
#1006=VERTEX_POINT('',#3153);
#1007=VERTEX_POINT('',#3155);
#1008=VERTEX_POINT('',#3157);
#1009=VERTEX_POINT('',#3159);
#1010=VERTEX_POINT('',#3161);
#1011=VERTEX_POINT('',#3163);
#1012=VERTEX_POINT('',#3165);
#1013=VERTEX_POINT('',#3167);
#1014=VERTEX_POINT('',#3169);
#1015=VERTEX_POINT('',#3171);
#1016=VERTEX_POINT('',#3173);
#1017=VERTEX_POINT('',#3175);
#1018=VERTEX_POINT('',#3177);
#1019=VERTEX_POINT('',#3184);
#1020=VERTEX_POINT('',#3266);
#1021=VERTEX_POINT('',#3335);
#1022=VERTEX_POINT('',#3337);
#1023=VERTEX_POINT('',#3348);
#1024=VERTEX_POINT('',#3350);
#1025=VERTEX_POINT('',#3359);
#1026=VERTEX_POINT('',#3366);
#1027=EDGE_CURVE('',#827,#828,#259,.T.);
#1028=EDGE_CURVE('',#828,#829,#260,.T.);
#1029=EDGE_CURVE('',#829,#830,#261,.T.);
#1030=EDGE_CURVE('',#830,#827,#262,.F.);
#1031=EDGE_CURVE('',#831,#827,#263,.T.);
#1032=EDGE_CURVE('',#830,#832,#264,.T.);
#1033=EDGE_CURVE('',#832,#831,#265,.F.);
#1034=EDGE_CURVE('',#833,#831,#266,.T.);
#1035=EDGE_CURVE('',#832,#834,#267,.T.);
#1036=EDGE_CURVE('',#834,#833,#268,.T.);
#1037=EDGE_CURVE('',#835,#829,#269,.T.);
#1038=EDGE_CURVE('',#836,#835,#270,.T.);
#1039=EDGE_CURVE('',#837,#836,#271,.T.);
#1040=EDGE_CURVE('',#838,#837,#272,.T.);
#1041=EDGE_CURVE('',#839,#838,#273,.T.);
#1042=EDGE_CURVE('',#840,#839,#274,.T.);
#1043=EDGE_CURVE('',#841,#840,#275,.T.);
#1044=EDGE_CURVE('',#842,#841,#276,.T.);
#1045=EDGE_CURVE('',#842,#843,#277,.T.);
#1046=EDGE_CURVE('',#844,#843,#278,.T.);
#1047=EDGE_CURVE('',#845,#844,#279,.T.);
#1048=EDGE_CURVE('',#846,#845,#280,.T.);
#1049=EDGE_CURVE('',#847,#846,#281,.T.);
#1050=EDGE_CURVE('',#848,#847,#282,.T.);
#1051=EDGE_CURVE('',#849,#848,#283,.T.);
#1052=EDGE_CURVE('',#850,#849,#284,.T.);
#1053=EDGE_CURVE('',#851,#850,#285,.T.);
#1054=EDGE_CURVE('',#852,#851,#286,.T.);
#1055=EDGE_CURVE('',#853,#852,#287,.T.);
#1056=EDGE_CURVE('',#854,#853,#288,.T.);
#1057=EDGE_CURVE('',#855,#854,#289,.T.);
#1058=EDGE_CURVE('',#856,#855,#290,.T.);
#1059=EDGE_CURVE('',#857,#856,#291,.T.);
#1060=EDGE_CURVE('',#858,#857,#292,.T.);
#1061=EDGE_CURVE('',#859,#858,#293,.T.);
#1062=EDGE_CURVE('',#860,#859,#294,.T.);
#1063=EDGE_CURVE('',#861,#860,#295,.T.);
#1064=EDGE_CURVE('',#862,#861,#296,.T.);
#1065=EDGE_CURVE('',#863,#862,#297,.T.);
#1066=EDGE_CURVE('',#864,#863,#298,.T.);
#1067=EDGE_CURVE('',#865,#864,#299,.T.);
#1068=EDGE_CURVE('',#866,#865,#300,.T.);
#1069=EDGE_CURVE('',#867,#866,#301,.T.);
#1070=EDGE_CURVE('',#868,#867,#302,.T.);
#1071=EDGE_CURVE('',#869,#868,#303,.T.);
#1072=EDGE_CURVE('',#870,#869,#304,.T.);
#1073=EDGE_CURVE('',#871,#870,#305,.T.);
#1074=EDGE_CURVE('',#871,#872,#306,.T.);
#1075=EDGE_CURVE('',#872,#873,#307,.T.);
#1076=EDGE_CURVE('',#873,#874,#308,.T.);
#1077=EDGE_CURVE('',#875,#874,#309,.T.);
#1078=EDGE_CURVE('',#876,#875,#310,.T.);
#1079=EDGE_CURVE('',#877,#876,#311,.T.);
#1080=EDGE_CURVE('',#878,#877,#312,.T.);
#1081=EDGE_CURVE('',#879,#878,#313,.T.);
#1082=EDGE_CURVE('',#880,#879,#314,.T.);
#1083=EDGE_CURVE('',#881,#880,#315,.T.);
#1084=EDGE_CURVE('',#882,#881,#316,.T.);
#1085=EDGE_CURVE('',#883,#882,#317,.T.);
#1086=EDGE_CURVE('',#884,#883,#318,.T.);
#1087=EDGE_CURVE('',#885,#884,#319,.T.);
#1088=EDGE_CURVE('',#886,#885,#320,.T.);
#1089=EDGE_CURVE('',#887,#886,#321,.T.);
#1090=EDGE_CURVE('',#888,#887,#322,.T.);
#1091=EDGE_CURVE('',#889,#888,#323,.T.);
#1092=EDGE_CURVE('',#890,#889,#324,.T.);
#1093=EDGE_CURVE('',#891,#890,#325,.T.);
#1094=EDGE_CURVE('',#892,#891,#326,.T.);
#1095=EDGE_CURVE('',#893,#892,#327,.T.);
#1096=EDGE_CURVE('',#894,#893,#328,.T.);
#1097=EDGE_CURVE('',#895,#894,#329,.T.);
#1098=EDGE_CURVE('',#896,#895,#330,.T.);
#1099=EDGE_CURVE('',#897,#896,#331,.T.);
#1100=EDGE_CURVE('',#898,#897,#332,.T.);
#1101=EDGE_CURVE('',#899,#898,#333,.T.);
#1102=EDGE_CURVE('',#900,#899,#334,.T.);
#1103=EDGE_CURVE('',#901,#900,#335,.T.);
#1104=EDGE_CURVE('',#902,#901,#336,.T.);
#1105=EDGE_CURVE('',#903,#902,#337,.T.);
#1106=EDGE_CURVE('',#904,#903,#338,.T.);
#1107=EDGE_CURVE('',#905,#904,#339,.T.);
#1108=EDGE_CURVE('',#906,#905,#340,.T.);
#1109=EDGE_CURVE('',#907,#906,#341,.T.);
#1110=EDGE_CURVE('',#908,#907,#342,.T.);
#1111=EDGE_CURVE('',#909,#908,#343,.T.);
#1112=EDGE_CURVE('',#910,#909,#344,.T.);
#1113=EDGE_CURVE('',#911,#910,#345,.T.);
#1114=EDGE_CURVE('',#912,#911,#346,.T.);
#1115=EDGE_CURVE('',#913,#912,#347,.T.);
#1116=EDGE_CURVE('',#914,#913,#348,.T.);
#1117=EDGE_CURVE('',#915,#914,#349,.T.);
#1118=EDGE_CURVE('',#915,#916,#350,.T.);
#1119=EDGE_CURVE('',#917,#916,#351,.T.);
#1120=EDGE_CURVE('',#918,#917,#352,.T.);
#1121=EDGE_CURVE('',#919,#918,#353,.T.);
#1122=EDGE_CURVE('',#920,#919,#354,.T.);
#1123=EDGE_CURVE('',#921,#920,#355,.T.);
#1124=EDGE_CURVE('',#921,#922,#356,.T.);
#1125=EDGE_CURVE('',#923,#922,#357,.T.);
#1126=EDGE_CURVE('',#924,#923,#358,.T.);
#1127=EDGE_CURVE('',#925,#924,#359,.T.);
#1128=EDGE_CURVE('',#926,#925,#360,.T.);
#1129=EDGE_CURVE('',#834,#926,#361,.T.);
#1130=EDGE_CURVE('',#927,#828,#362,.T.);
#1131=EDGE_CURVE('',#835,#927,#363,.T.);
#1132=EDGE_CURVE('',#928,#929,#364,.T.);
#1133=EDGE_CURVE('',#929,#914,#365,.T.);
#1134=EDGE_CURVE('',#913,#928,#366,.F.);
#1135=EDGE_CURVE('',#930,#928,#367,.T.);
#1136=EDGE_CURVE('',#912,#930,#368,.F.);
#1137=EDGE_CURVE('',#931,#930,#369,.T.);
#1138=EDGE_CURVE('',#911,#931,#370,.T.);
#1139=EDGE_CURVE('',#833,#932,#371,.T.);
#1140=EDGE_CURVE('',#932,#933,#372,.T.);
#1141=EDGE_CURVE('',#934,#933,#373,.T.);
#1142=EDGE_CURVE('',#935,#934,#374,.T.);
#1143=EDGE_CURVE('',#936,#935,#375,.T.);
#1144=EDGE_CURVE('',#937,#936,#376,.T.);
#1145=EDGE_CURVE('',#938,#937,#377,.T.);
#1146=EDGE_CURVE('',#938,#939,#378,.T.);
#1147=EDGE_CURVE('',#940,#939,#379,.T.);
#1148=EDGE_CURVE('',#941,#940,#380,.T.);
#1149=EDGE_CURVE('',#942,#941,#381,.T.);
#1150=EDGE_CURVE('',#943,#942,#382,.T.);
#1151=EDGE_CURVE('',#929,#943,#383,.T.);
#1152=EDGE_CURVE('',#944,#931,#384,.T.);
#1153=EDGE_CURVE('',#945,#944,#385,.T.);
#1154=EDGE_CURVE('',#946,#945,#386,.T.);
#1155=EDGE_CURVE('',#947,#946,#387,.T.);
#1156=EDGE_CURVE('',#948,#947,#388,.T.);
#1157=EDGE_CURVE('',#949,#948,#389,.T.);
#1158=EDGE_CURVE('',#950,#949,#390,.T.);
#1159=EDGE_CURVE('',#951,#950,#391,.T.);
#1160=EDGE_CURVE('',#952,#951,#392,.T.);
#1161=EDGE_CURVE('',#953,#952,#393,.T.);
#1162=EDGE_CURVE('',#954,#953,#394,.T.);
#1163=EDGE_CURVE('',#955,#954,#395,.T.);
#1164=EDGE_CURVE('',#956,#955,#396,.T.);
#1165=EDGE_CURVE('',#957,#956,#397,.T.);
#1166=EDGE_CURVE('',#958,#957,#398,.T.);
#1167=EDGE_CURVE('',#959,#958,#399,.T.);
#1168=EDGE_CURVE('',#960,#959,#400,.T.);
#1169=EDGE_CURVE('',#961,#960,#401,.T.);
#1170=EDGE_CURVE('',#962,#961,#402,.T.);
#1171=EDGE_CURVE('',#963,#962,#403,.T.);
#1172=EDGE_CURVE('',#964,#963,#404,.T.);
#1173=EDGE_CURVE('',#965,#964,#405,.T.);
#1174=EDGE_CURVE('',#966,#965,#406,.T.);
#1175=EDGE_CURVE('',#967,#966,#407,.T.);
#1176=EDGE_CURVE('',#968,#967,#408,.T.);
#1177=EDGE_CURVE('',#969,#968,#409,.T.);
#1178=EDGE_CURVE('',#970,#969,#410,.T.);
#1179=EDGE_CURVE('',#971,#970,#411,.T.);
#1180=EDGE_CURVE('',#972,#971,#412,.T.);
#1181=EDGE_CURVE('',#973,#972,#413,.T.);
#1182=EDGE_CURVE('',#974,#973,#414,.T.);
#1183=EDGE_CURVE('',#975,#974,#415,.T.);
#1184=EDGE_CURVE('',#976,#975,#416,.T.);
#1185=EDGE_CURVE('',#977,#976,#417,.T.);
#1186=EDGE_CURVE('',#978,#977,#418,.T.);
#1187=EDGE_CURVE('',#979,#978,#419,.T.);
#1188=EDGE_CURVE('',#980,#979,#420,.T.);
#1189=EDGE_CURVE('',#980,#981,#421,.T.);
#1190=EDGE_CURVE('',#981,#982,#422,.T.);
#1191=EDGE_CURVE('',#982,#983,#423,.T.);
#1192=EDGE_CURVE('',#983,#984,#424,.T.);
#1193=EDGE_CURVE('',#985,#984,#425,.T.);
#1194=EDGE_CURVE('',#986,#985,#426,.T.);
#1195=EDGE_CURVE('',#987,#986,#427,.T.);
#1196=EDGE_CURVE('',#987,#988,#428,.T.);
#1197=EDGE_CURVE('',#989,#988,#429,.T.);
#1198=EDGE_CURVE('',#990,#989,#430,.T.);
#1199=EDGE_CURVE('',#991,#990,#431,.T.);
#1200=EDGE_CURVE('',#991,#992,#432,.T.);
#1201=EDGE_CURVE('',#993,#992,#433,.T.);
#1202=EDGE_CURVE('',#994,#993,#434,.T.);
#1203=EDGE_CURVE('',#995,#994,#435,.T.);
#1204=EDGE_CURVE('',#995,#996,#436,.T.);
#1205=EDGE_CURVE('',#997,#996,#437,.T.);
#1206=EDGE_CURVE('',#998,#997,#438,.T.);
#1207=EDGE_CURVE('',#999,#998,#439,.T.);
#1208=EDGE_CURVE('',#999,#1000,#440,.T.);
#1209=EDGE_CURVE('',#1001,#1000,#441,.T.);
#1210=EDGE_CURVE('',#1002,#1001,#442,.T.);
#1211=EDGE_CURVE('',#1003,#1002,#443,.T.);
#1212=EDGE_CURVE('',#1003,#1004,#444,.T.);
#1213=EDGE_CURVE('',#1005,#1004,#445,.T.);
#1214=EDGE_CURVE('',#1006,#1005,#446,.T.);
#1215=EDGE_CURVE('',#1007,#1006,#447,.T.);
#1216=EDGE_CURVE('',#1007,#1008,#448,.T.);
#1217=EDGE_CURVE('',#1009,#1008,#449,.T.);
#1218=EDGE_CURVE('',#1010,#1009,#450,.T.);
#1219=EDGE_CURVE('',#1011,#1010,#451,.T.);
#1220=EDGE_CURVE('',#1011,#1012,#452,.T.);
#1221=EDGE_CURVE('',#1013,#1012,#453,.T.);
#1222=EDGE_CURVE('',#1014,#1013,#454,.T.);
#1223=EDGE_CURVE('',#1015,#1014,#455,.T.);
#1224=EDGE_CURVE('',#1015,#1016,#456,.T.);
#1225=EDGE_CURVE('',#1017,#1016,#457,.T.);
#1226=EDGE_CURVE('',#1018,#1017,#458,.T.);
#1227=EDGE_CURVE('',#927,#1018,#459,.T.);
#1228=EDGE_CURVE('',#944,#910,#460,.T.);
#1229=EDGE_CURVE('',#943,#915,#31,.T.);
#1230=EDGE_CURVE('',#1019,#1019,#32,.F.);
#1231=EDGE_CURVE('',#909,#945,#461,.F.);
#1232=EDGE_CURVE('',#908,#946,#462,.F.);
#1233=EDGE_CURVE('',#907,#947,#463,.T.);
#1234=EDGE_CURVE('',#948,#906,#464,.T.);
#1235=EDGE_CURVE('',#905,#949,#465,.F.);
#1236=EDGE_CURVE('',#904,#950,#466,.F.);
#1237=EDGE_CURVE('',#903,#951,#467,.T.);
#1238=EDGE_CURVE('',#952,#902,#468,.T.);
#1239=EDGE_CURVE('',#901,#953,#469,.F.);
#1240=EDGE_CURVE('',#900,#954,#470,.F.);
#1241=EDGE_CURVE('',#899,#955,#471,.T.);
#1242=EDGE_CURVE('',#956,#898,#472,.T.);
#1243=EDGE_CURVE('',#897,#957,#473,.F.);
#1244=EDGE_CURVE('',#896,#958,#474,.F.);
#1245=EDGE_CURVE('',#895,#959,#475,.T.);
#1246=EDGE_CURVE('',#960,#894,#476,.T.);
#1247=EDGE_CURVE('',#893,#961,#477,.F.);
#1248=EDGE_CURVE('',#892,#962,#478,.F.);
#1249=EDGE_CURVE('',#891,#963,#479,.T.);
#1250=EDGE_CURVE('',#964,#890,#480,.T.);
#1251=EDGE_CURVE('',#889,#965,#481,.F.);
#1252=EDGE_CURVE('',#888,#966,#482,.F.);
#1253=EDGE_CURVE('',#887,#967,#483,.T.);
#1254=EDGE_CURVE('',#968,#886,#484,.T.);
#1255=EDGE_CURVE('',#885,#969,#485,.F.);
#1256=EDGE_CURVE('',#884,#970,#486,.F.);
#1257=EDGE_CURVE('',#883,#971,#487,.T.);
#1258=EDGE_CURVE('',#972,#882,#488,.T.);
#1259=EDGE_CURVE('',#881,#973,#489,.F.);
#1260=EDGE_CURVE('',#880,#974,#490,.F.);
#1261=EDGE_CURVE('',#879,#975,#491,.T.);
#1262=EDGE_CURVE('',#976,#878,#492,.T.);
#1263=EDGE_CURVE('',#877,#977,#493,.F.);
#1264=EDGE_CURVE('',#876,#978,#494,.F.);
#1265=EDGE_CURVE('',#875,#979,#495,.T.);
#1266=EDGE_CURVE('',#874,#980,#496,.T.);
#1267=EDGE_CURVE('',#1016,#838,#497,.T.);
#1268=EDGE_CURVE('',#837,#1017,#498,.F.);
#1269=EDGE_CURVE('',#836,#1018,#499,.F.);
#1270=EDGE_CURVE('',#926,#932,#33,.T.);
#1271=EDGE_CURVE('',#1020,#1020,#34,.F.);
#1272=EDGE_CURVE('',#839,#1015,#500,.T.);
#1273=EDGE_CURVE('',#984,#870,#501,.T.);
#1274=EDGE_CURVE('',#869,#985,#502,.F.);
#1275=EDGE_CURVE('',#868,#986,#503,.F.);
#1276=EDGE_CURVE('',#867,#987,#504,.T.);
#1277=EDGE_CURVE('',#988,#866,#505,.T.);
#1278=EDGE_CURVE('',#983,#871,#506,.T.);
#1279=EDGE_CURVE('',#865,#989,#507,.F.);
#1280=EDGE_CURVE('',#864,#990,#508,.F.);
#1281=EDGE_CURVE('',#863,#991,#509,.T.);
#1282=EDGE_CURVE('',#992,#862,#510,.T.);
#1283=EDGE_CURVE('',#861,#993,#511,.F.);
#1284=EDGE_CURVE('',#860,#994,#512,.F.);
#1285=EDGE_CURVE('',#859,#995,#513,.T.);
#1286=EDGE_CURVE('',#996,#858,#514,.T.);
#1287=EDGE_CURVE('',#857,#997,#515,.F.);
#1288=EDGE_CURVE('',#856,#998,#516,.F.);
#1289=EDGE_CURVE('',#855,#999,#517,.T.);
#1290=EDGE_CURVE('',#1000,#854,#518,.T.);
#1291=EDGE_CURVE('',#853,#1001,#519,.F.);
#1292=EDGE_CURVE('',#852,#1002,#520,.F.);
#1293=EDGE_CURVE('',#851,#1003,#521,.T.);
#1294=EDGE_CURVE('',#1004,#850,#522,.T.);
#1295=EDGE_CURVE('',#849,#1005,#523,.F.);
#1296=EDGE_CURVE('',#848,#1006,#524,.F.);
#1297=EDGE_CURVE('',#847,#1007,#525,.T.);
#1298=EDGE_CURVE('',#1008,#846,#526,.T.);
#1299=EDGE_CURVE('',#845,#1009,#527,.F.);
#1300=EDGE_CURVE('',#844,#1010,#528,.F.);
#1301=EDGE_CURVE('',#843,#1011,#529,.T.);
#1302=EDGE_CURVE('',#1012,#842,#530,.T.);
#1303=EDGE_CURVE('',#841,#1013,#531,.F.);
#1304=EDGE_CURVE('',#840,#1014,#532,.F.);
#1305=EDGE_CURVE('',#1021,#1021,#35,.F.);
#1306=EDGE_CURVE('',#1021,#1022,#533,.T.);
#1307=EDGE_CURVE('',#1022,#1022,#36,.F.);
#1308=EDGE_CURVE('',#938,#920,#37,.T.);
#1309=EDGE_CURVE('',#939,#919,#38,.T.);
#1310=EDGE_CURVE('',#940,#918,#534,.T.);
#1311=EDGE_CURVE('',#917,#941,#535,.T.);
#1312=EDGE_CURVE('',#1023,#1023,#39,.F.);
#1313=EDGE_CURVE('',#1023,#1024,#536,.T.);
#1314=EDGE_CURVE('',#1024,#1024,#40,.F.);
#1315=EDGE_CURVE('',#921,#937,#41,.T.);
#1316=EDGE_CURVE('',#922,#936,#42,.T.);
#1317=EDGE_CURVE('',#923,#935,#537,.T.);
#1318=EDGE_CURVE('',#1025,#1025,#43,.T.);
#1319=EDGE_CURVE('',#1025,#1019,#538,.T.);
#1320=EDGE_CURVE('',#916,#942,#44,.T.);
#1321=EDGE_CURVE('',#1026,#1026,#45,.T.);
#1322=EDGE_CURVE('',#1026,#1020,#539,.T.);
#1323=EDGE_CURVE('',#933,#925,#46,.T.);
#1324=EDGE_CURVE('',#934,#924,#540,.T.);
#1325=EDGE_CURVE('',#873,#981,#541,.F.);
#1326=EDGE_CURVE('',#872,#982,#542,.F.);
#1327=ORIENTED_EDGE('',*,*,#1027,.T.);
#1328=ORIENTED_EDGE('',*,*,#1028,.T.);
#1329=ORIENTED_EDGE('',*,*,#1029,.T.);
#1330=ORIENTED_EDGE('',*,*,#1030,.T.);
#1331=ORIENTED_EDGE('',*,*,#1031,.T.);
#1332=ORIENTED_EDGE('',*,*,#1030,.F.);
#1333=ORIENTED_EDGE('',*,*,#1032,.T.);
#1334=ORIENTED_EDGE('',*,*,#1033,.T.);
#1335=ORIENTED_EDGE('',*,*,#1034,.T.);
#1336=ORIENTED_EDGE('',*,*,#1033,.F.);
#1337=ORIENTED_EDGE('',*,*,#1035,.T.);
#1338=ORIENTED_EDGE('',*,*,#1036,.T.);
#1339=ORIENTED_EDGE('',*,*,#1035,.F.);
#1340=ORIENTED_EDGE('',*,*,#1032,.F.);
#1341=ORIENTED_EDGE('',*,*,#1029,.F.);
#1342=ORIENTED_EDGE('',*,*,#1037,.F.);
#1343=ORIENTED_EDGE('',*,*,#1038,.F.);
#1344=ORIENTED_EDGE('',*,*,#1039,.F.);
#1345=ORIENTED_EDGE('',*,*,#1040,.F.);
#1346=ORIENTED_EDGE('',*,*,#1041,.F.);
#1347=ORIENTED_EDGE('',*,*,#1042,.F.);
#1348=ORIENTED_EDGE('',*,*,#1043,.F.);
#1349=ORIENTED_EDGE('',*,*,#1044,.F.);
#1350=ORIENTED_EDGE('',*,*,#1045,.T.);
#1351=ORIENTED_EDGE('',*,*,#1046,.F.);
#1352=ORIENTED_EDGE('',*,*,#1047,.F.);
#1353=ORIENTED_EDGE('',*,*,#1048,.F.);
#1354=ORIENTED_EDGE('',*,*,#1049,.F.);
#1355=ORIENTED_EDGE('',*,*,#1050,.F.);
#1356=ORIENTED_EDGE('',*,*,#1051,.F.);
#1357=ORIENTED_EDGE('',*,*,#1052,.F.);
#1358=ORIENTED_EDGE('',*,*,#1053,.F.);
#1359=ORIENTED_EDGE('',*,*,#1054,.F.);
#1360=ORIENTED_EDGE('',*,*,#1055,.F.);
#1361=ORIENTED_EDGE('',*,*,#1056,.F.);
#1362=ORIENTED_EDGE('',*,*,#1057,.F.);
#1363=ORIENTED_EDGE('',*,*,#1058,.F.);
#1364=ORIENTED_EDGE('',*,*,#1059,.F.);
#1365=ORIENTED_EDGE('',*,*,#1060,.F.);
#1366=ORIENTED_EDGE('',*,*,#1061,.F.);
#1367=ORIENTED_EDGE('',*,*,#1062,.F.);
#1368=ORIENTED_EDGE('',*,*,#1063,.F.);
#1369=ORIENTED_EDGE('',*,*,#1064,.F.);
#1370=ORIENTED_EDGE('',*,*,#1065,.F.);
#1371=ORIENTED_EDGE('',*,*,#1066,.F.);
#1372=ORIENTED_EDGE('',*,*,#1067,.F.);
#1373=ORIENTED_EDGE('',*,*,#1068,.F.);
#1374=ORIENTED_EDGE('',*,*,#1069,.F.);
#1375=ORIENTED_EDGE('',*,*,#1070,.F.);
#1376=ORIENTED_EDGE('',*,*,#1071,.F.);
#1377=ORIENTED_EDGE('',*,*,#1072,.F.);
#1378=ORIENTED_EDGE('',*,*,#1073,.F.);
#1379=ORIENTED_EDGE('',*,*,#1074,.T.);
#1380=ORIENTED_EDGE('',*,*,#1075,.T.);
#1381=ORIENTED_EDGE('',*,*,#1076,.T.);
#1382=ORIENTED_EDGE('',*,*,#1077,.F.);
#1383=ORIENTED_EDGE('',*,*,#1078,.F.);
#1384=ORIENTED_EDGE('',*,*,#1079,.F.);
#1385=ORIENTED_EDGE('',*,*,#1080,.F.);
#1386=ORIENTED_EDGE('',*,*,#1081,.F.);
#1387=ORIENTED_EDGE('',*,*,#1082,.F.);
#1388=ORIENTED_EDGE('',*,*,#1083,.F.);
#1389=ORIENTED_EDGE('',*,*,#1084,.F.);
#1390=ORIENTED_EDGE('',*,*,#1085,.F.);
#1391=ORIENTED_EDGE('',*,*,#1086,.F.);
#1392=ORIENTED_EDGE('',*,*,#1087,.F.);
#1393=ORIENTED_EDGE('',*,*,#1088,.F.);
#1394=ORIENTED_EDGE('',*,*,#1089,.F.);
#1395=ORIENTED_EDGE('',*,*,#1090,.F.);
#1396=ORIENTED_EDGE('',*,*,#1091,.F.);
#1397=ORIENTED_EDGE('',*,*,#1092,.F.);
#1398=ORIENTED_EDGE('',*,*,#1093,.F.);
#1399=ORIENTED_EDGE('',*,*,#1094,.F.);
#1400=ORIENTED_EDGE('',*,*,#1095,.F.);
#1401=ORIENTED_EDGE('',*,*,#1096,.F.);
#1402=ORIENTED_EDGE('',*,*,#1097,.F.);
#1403=ORIENTED_EDGE('',*,*,#1098,.F.);
#1404=ORIENTED_EDGE('',*,*,#1099,.F.);
#1405=ORIENTED_EDGE('',*,*,#1100,.F.);
#1406=ORIENTED_EDGE('',*,*,#1101,.F.);
#1407=ORIENTED_EDGE('',*,*,#1102,.F.);
#1408=ORIENTED_EDGE('',*,*,#1103,.F.);
#1409=ORIENTED_EDGE('',*,*,#1104,.F.);
#1410=ORIENTED_EDGE('',*,*,#1105,.F.);
#1411=ORIENTED_EDGE('',*,*,#1106,.F.);
#1412=ORIENTED_EDGE('',*,*,#1107,.F.);
#1413=ORIENTED_EDGE('',*,*,#1108,.F.);
#1414=ORIENTED_EDGE('',*,*,#1109,.F.);
#1415=ORIENTED_EDGE('',*,*,#1110,.F.);
#1416=ORIENTED_EDGE('',*,*,#1111,.F.);
#1417=ORIENTED_EDGE('',*,*,#1112,.F.);
#1418=ORIENTED_EDGE('',*,*,#1113,.F.);
#1419=ORIENTED_EDGE('',*,*,#1114,.F.);
#1420=ORIENTED_EDGE('',*,*,#1115,.F.);
#1421=ORIENTED_EDGE('',*,*,#1116,.F.);
#1422=ORIENTED_EDGE('',*,*,#1117,.F.);
#1423=ORIENTED_EDGE('',*,*,#1118,.T.);
#1424=ORIENTED_EDGE('',*,*,#1119,.F.);
#1425=ORIENTED_EDGE('',*,*,#1120,.F.);
#1426=ORIENTED_EDGE('',*,*,#1121,.F.);
#1427=ORIENTED_EDGE('',*,*,#1122,.F.);
#1428=ORIENTED_EDGE('',*,*,#1123,.F.);
#1429=ORIENTED_EDGE('',*,*,#1124,.T.);
#1430=ORIENTED_EDGE('',*,*,#1125,.F.);
#1431=ORIENTED_EDGE('',*,*,#1126,.F.);
#1432=ORIENTED_EDGE('',*,*,#1127,.F.);
#1433=ORIENTED_EDGE('',*,*,#1128,.F.);
#1434=ORIENTED_EDGE('',*,*,#1129,.F.);
#1435=ORIENTED_EDGE('',*,*,#1028,.F.);
#1436=ORIENTED_EDGE('',*,*,#1130,.F.);
#1437=ORIENTED_EDGE('',*,*,#1131,.F.);
#1438=ORIENTED_EDGE('',*,*,#1037,.T.);
#1439=ORIENTED_EDGE('',*,*,#1132,.T.);
#1440=ORIENTED_EDGE('',*,*,#1133,.T.);
#1441=ORIENTED_EDGE('',*,*,#1116,.T.);
#1442=ORIENTED_EDGE('',*,*,#1134,.T.);
#1443=ORIENTED_EDGE('',*,*,#1135,.T.);
#1444=ORIENTED_EDGE('',*,*,#1134,.F.);
#1445=ORIENTED_EDGE('',*,*,#1115,.T.);
#1446=ORIENTED_EDGE('',*,*,#1136,.T.);
#1447=ORIENTED_EDGE('',*,*,#1137,.T.);
#1448=ORIENTED_EDGE('',*,*,#1136,.F.);
#1449=ORIENTED_EDGE('',*,*,#1114,.T.);
#1450=ORIENTED_EDGE('',*,*,#1138,.T.);
#1451=ORIENTED_EDGE('',*,*,#1034,.F.);
#1452=ORIENTED_EDGE('',*,*,#1139,.T.);
#1453=ORIENTED_EDGE('',*,*,#1140,.T.);
#1454=ORIENTED_EDGE('',*,*,#1141,.F.);
#1455=ORIENTED_EDGE('',*,*,#1142,.F.);
#1456=ORIENTED_EDGE('',*,*,#1143,.F.);
#1457=ORIENTED_EDGE('',*,*,#1144,.F.);
#1458=ORIENTED_EDGE('',*,*,#1145,.F.);
#1459=ORIENTED_EDGE('',*,*,#1146,.T.);
#1460=ORIENTED_EDGE('',*,*,#1147,.F.);
#1461=ORIENTED_EDGE('',*,*,#1148,.F.);
#1462=ORIENTED_EDGE('',*,*,#1149,.F.);
#1463=ORIENTED_EDGE('',*,*,#1150,.F.);
#1464=ORIENTED_EDGE('',*,*,#1151,.F.);
#1465=ORIENTED_EDGE('',*,*,#1132,.F.);
#1466=ORIENTED_EDGE('',*,*,#1135,.F.);
#1467=ORIENTED_EDGE('',*,*,#1137,.F.);
#1468=ORIENTED_EDGE('',*,*,#1152,.F.);
#1469=ORIENTED_EDGE('',*,*,#1153,.F.);
#1470=ORIENTED_EDGE('',*,*,#1154,.F.);
#1471=ORIENTED_EDGE('',*,*,#1155,.F.);
#1472=ORIENTED_EDGE('',*,*,#1156,.F.);
#1473=ORIENTED_EDGE('',*,*,#1157,.F.);
#1474=ORIENTED_EDGE('',*,*,#1158,.F.);
#1475=ORIENTED_EDGE('',*,*,#1159,.F.);
#1476=ORIENTED_EDGE('',*,*,#1160,.F.);
#1477=ORIENTED_EDGE('',*,*,#1161,.F.);
#1478=ORIENTED_EDGE('',*,*,#1162,.F.);
#1479=ORIENTED_EDGE('',*,*,#1163,.F.);
#1480=ORIENTED_EDGE('',*,*,#1164,.F.);
#1481=ORIENTED_EDGE('',*,*,#1165,.F.);
#1482=ORIENTED_EDGE('',*,*,#1166,.F.);
#1483=ORIENTED_EDGE('',*,*,#1167,.F.);
#1484=ORIENTED_EDGE('',*,*,#1168,.F.);
#1485=ORIENTED_EDGE('',*,*,#1169,.F.);
#1486=ORIENTED_EDGE('',*,*,#1170,.F.);
#1487=ORIENTED_EDGE('',*,*,#1171,.F.);
#1488=ORIENTED_EDGE('',*,*,#1172,.F.);
#1489=ORIENTED_EDGE('',*,*,#1173,.F.);
#1490=ORIENTED_EDGE('',*,*,#1174,.F.);
#1491=ORIENTED_EDGE('',*,*,#1175,.F.);
#1492=ORIENTED_EDGE('',*,*,#1176,.F.);
#1493=ORIENTED_EDGE('',*,*,#1177,.F.);
#1494=ORIENTED_EDGE('',*,*,#1178,.F.);
#1495=ORIENTED_EDGE('',*,*,#1179,.F.);
#1496=ORIENTED_EDGE('',*,*,#1180,.F.);
#1497=ORIENTED_EDGE('',*,*,#1181,.F.);
#1498=ORIENTED_EDGE('',*,*,#1182,.F.);
#1499=ORIENTED_EDGE('',*,*,#1183,.F.);
#1500=ORIENTED_EDGE('',*,*,#1184,.F.);
#1501=ORIENTED_EDGE('',*,*,#1185,.F.);
#1502=ORIENTED_EDGE('',*,*,#1186,.F.);
#1503=ORIENTED_EDGE('',*,*,#1187,.F.);
#1504=ORIENTED_EDGE('',*,*,#1188,.F.);
#1505=ORIENTED_EDGE('',*,*,#1189,.T.);
#1506=ORIENTED_EDGE('',*,*,#1190,.T.);
#1507=ORIENTED_EDGE('',*,*,#1191,.T.);
#1508=ORIENTED_EDGE('',*,*,#1192,.T.);
#1509=ORIENTED_EDGE('',*,*,#1193,.F.);
#1510=ORIENTED_EDGE('',*,*,#1194,.F.);
#1511=ORIENTED_EDGE('',*,*,#1195,.F.);
#1512=ORIENTED_EDGE('',*,*,#1196,.T.);
#1513=ORIENTED_EDGE('',*,*,#1197,.F.);
#1514=ORIENTED_EDGE('',*,*,#1198,.F.);
#1515=ORIENTED_EDGE('',*,*,#1199,.F.);
#1516=ORIENTED_EDGE('',*,*,#1200,.T.);
#1517=ORIENTED_EDGE('',*,*,#1201,.F.);
#1518=ORIENTED_EDGE('',*,*,#1202,.F.);
#1519=ORIENTED_EDGE('',*,*,#1203,.F.);
#1520=ORIENTED_EDGE('',*,*,#1204,.T.);
#1521=ORIENTED_EDGE('',*,*,#1205,.F.);
#1522=ORIENTED_EDGE('',*,*,#1206,.F.);
#1523=ORIENTED_EDGE('',*,*,#1207,.F.);
#1524=ORIENTED_EDGE('',*,*,#1208,.T.);
#1525=ORIENTED_EDGE('',*,*,#1209,.F.);
#1526=ORIENTED_EDGE('',*,*,#1210,.F.);
#1527=ORIENTED_EDGE('',*,*,#1211,.F.);
#1528=ORIENTED_EDGE('',*,*,#1212,.T.);
#1529=ORIENTED_EDGE('',*,*,#1213,.F.);
#1530=ORIENTED_EDGE('',*,*,#1214,.F.);
#1531=ORIENTED_EDGE('',*,*,#1215,.F.);
#1532=ORIENTED_EDGE('',*,*,#1216,.T.);
#1533=ORIENTED_EDGE('',*,*,#1217,.F.);
#1534=ORIENTED_EDGE('',*,*,#1218,.F.);
#1535=ORIENTED_EDGE('',*,*,#1219,.F.);
#1536=ORIENTED_EDGE('',*,*,#1220,.T.);
#1537=ORIENTED_EDGE('',*,*,#1221,.F.);
#1538=ORIENTED_EDGE('',*,*,#1222,.F.);
#1539=ORIENTED_EDGE('',*,*,#1223,.F.);
#1540=ORIENTED_EDGE('',*,*,#1224,.T.);
#1541=ORIENTED_EDGE('',*,*,#1225,.F.);
#1542=ORIENTED_EDGE('',*,*,#1226,.F.);
#1543=ORIENTED_EDGE('',*,*,#1227,.F.);
#1544=ORIENTED_EDGE('',*,*,#1130,.T.);
#1545=ORIENTED_EDGE('',*,*,#1027,.F.);
#1546=ORIENTED_EDGE('',*,*,#1031,.F.);
#1547=ORIENTED_EDGE('',*,*,#1138,.F.);
#1548=ORIENTED_EDGE('',*,*,#1113,.T.);
#1549=ORIENTED_EDGE('',*,*,#1228,.F.);
#1550=ORIENTED_EDGE('',*,*,#1152,.T.);
#1551=ORIENTED_EDGE('',*,*,#1133,.F.);
#1552=ORIENTED_EDGE('',*,*,#1151,.T.);
#1553=ORIENTED_EDGE('',*,*,#1229,.T.);
#1554=ORIENTED_EDGE('',*,*,#1117,.T.);
#1555=ORIENTED_EDGE('',*,*,#1230,.T.);
#1556=ORIENTED_EDGE('',*,*,#1153,.T.);
#1557=ORIENTED_EDGE('',*,*,#1228,.T.);
#1558=ORIENTED_EDGE('',*,*,#1112,.T.);
#1559=ORIENTED_EDGE('',*,*,#1231,.T.);
#1560=ORIENTED_EDGE('',*,*,#1154,.T.);
#1561=ORIENTED_EDGE('',*,*,#1231,.F.);
#1562=ORIENTED_EDGE('',*,*,#1111,.T.);
#1563=ORIENTED_EDGE('',*,*,#1232,.T.);
#1564=ORIENTED_EDGE('',*,*,#1155,.T.);
#1565=ORIENTED_EDGE('',*,*,#1232,.F.);
#1566=ORIENTED_EDGE('',*,*,#1110,.T.);
#1567=ORIENTED_EDGE('',*,*,#1233,.T.);
#1568=ORIENTED_EDGE('',*,*,#1233,.F.);
#1569=ORIENTED_EDGE('',*,*,#1109,.T.);
#1570=ORIENTED_EDGE('',*,*,#1234,.F.);
#1571=ORIENTED_EDGE('',*,*,#1156,.T.);
#1572=ORIENTED_EDGE('',*,*,#1157,.T.);
#1573=ORIENTED_EDGE('',*,*,#1234,.T.);
#1574=ORIENTED_EDGE('',*,*,#1108,.T.);
#1575=ORIENTED_EDGE('',*,*,#1235,.T.);
#1576=ORIENTED_EDGE('',*,*,#1158,.T.);
#1577=ORIENTED_EDGE('',*,*,#1235,.F.);
#1578=ORIENTED_EDGE('',*,*,#1107,.T.);
#1579=ORIENTED_EDGE('',*,*,#1236,.T.);
#1580=ORIENTED_EDGE('',*,*,#1159,.T.);
#1581=ORIENTED_EDGE('',*,*,#1236,.F.);
#1582=ORIENTED_EDGE('',*,*,#1106,.T.);
#1583=ORIENTED_EDGE('',*,*,#1237,.T.);
#1584=ORIENTED_EDGE('',*,*,#1237,.F.);
#1585=ORIENTED_EDGE('',*,*,#1105,.T.);
#1586=ORIENTED_EDGE('',*,*,#1238,.F.);
#1587=ORIENTED_EDGE('',*,*,#1160,.T.);
#1588=ORIENTED_EDGE('',*,*,#1161,.T.);
#1589=ORIENTED_EDGE('',*,*,#1238,.T.);
#1590=ORIENTED_EDGE('',*,*,#1104,.T.);
#1591=ORIENTED_EDGE('',*,*,#1239,.T.);
#1592=ORIENTED_EDGE('',*,*,#1162,.T.);
#1593=ORIENTED_EDGE('',*,*,#1239,.F.);
#1594=ORIENTED_EDGE('',*,*,#1103,.T.);
#1595=ORIENTED_EDGE('',*,*,#1240,.T.);
#1596=ORIENTED_EDGE('',*,*,#1163,.T.);
#1597=ORIENTED_EDGE('',*,*,#1240,.F.);
#1598=ORIENTED_EDGE('',*,*,#1102,.T.);
#1599=ORIENTED_EDGE('',*,*,#1241,.T.);
#1600=ORIENTED_EDGE('',*,*,#1241,.F.);
#1601=ORIENTED_EDGE('',*,*,#1101,.T.);
#1602=ORIENTED_EDGE('',*,*,#1242,.F.);
#1603=ORIENTED_EDGE('',*,*,#1164,.T.);
#1604=ORIENTED_EDGE('',*,*,#1165,.T.);
#1605=ORIENTED_EDGE('',*,*,#1242,.T.);
#1606=ORIENTED_EDGE('',*,*,#1100,.T.);
#1607=ORIENTED_EDGE('',*,*,#1243,.T.);
#1608=ORIENTED_EDGE('',*,*,#1166,.T.);
#1609=ORIENTED_EDGE('',*,*,#1243,.F.);
#1610=ORIENTED_EDGE('',*,*,#1099,.T.);
#1611=ORIENTED_EDGE('',*,*,#1244,.T.);
#1612=ORIENTED_EDGE('',*,*,#1167,.T.);
#1613=ORIENTED_EDGE('',*,*,#1244,.F.);
#1614=ORIENTED_EDGE('',*,*,#1098,.T.);
#1615=ORIENTED_EDGE('',*,*,#1245,.T.);
#1616=ORIENTED_EDGE('',*,*,#1245,.F.);
#1617=ORIENTED_EDGE('',*,*,#1097,.T.);
#1618=ORIENTED_EDGE('',*,*,#1246,.F.);
#1619=ORIENTED_EDGE('',*,*,#1168,.T.);
#1620=ORIENTED_EDGE('',*,*,#1169,.T.);
#1621=ORIENTED_EDGE('',*,*,#1246,.T.);
#1622=ORIENTED_EDGE('',*,*,#1096,.T.);
#1623=ORIENTED_EDGE('',*,*,#1247,.T.);
#1624=ORIENTED_EDGE('',*,*,#1170,.T.);
#1625=ORIENTED_EDGE('',*,*,#1247,.F.);
#1626=ORIENTED_EDGE('',*,*,#1095,.T.);
#1627=ORIENTED_EDGE('',*,*,#1248,.T.);
#1628=ORIENTED_EDGE('',*,*,#1171,.T.);
#1629=ORIENTED_EDGE('',*,*,#1248,.F.);
#1630=ORIENTED_EDGE('',*,*,#1094,.T.);
#1631=ORIENTED_EDGE('',*,*,#1249,.T.);
#1632=ORIENTED_EDGE('',*,*,#1249,.F.);
#1633=ORIENTED_EDGE('',*,*,#1093,.T.);
#1634=ORIENTED_EDGE('',*,*,#1250,.F.);
#1635=ORIENTED_EDGE('',*,*,#1172,.T.);
#1636=ORIENTED_EDGE('',*,*,#1173,.T.);
#1637=ORIENTED_EDGE('',*,*,#1250,.T.);
#1638=ORIENTED_EDGE('',*,*,#1092,.T.);
#1639=ORIENTED_EDGE('',*,*,#1251,.T.);
#1640=ORIENTED_EDGE('',*,*,#1174,.T.);
#1641=ORIENTED_EDGE('',*,*,#1251,.F.);
#1642=ORIENTED_EDGE('',*,*,#1091,.T.);
#1643=ORIENTED_EDGE('',*,*,#1252,.T.);
#1644=ORIENTED_EDGE('',*,*,#1175,.T.);
#1645=ORIENTED_EDGE('',*,*,#1252,.F.);
#1646=ORIENTED_EDGE('',*,*,#1090,.T.);
#1647=ORIENTED_EDGE('',*,*,#1253,.T.);
#1648=ORIENTED_EDGE('',*,*,#1253,.F.);
#1649=ORIENTED_EDGE('',*,*,#1089,.T.);
#1650=ORIENTED_EDGE('',*,*,#1254,.F.);
#1651=ORIENTED_EDGE('',*,*,#1176,.T.);
#1652=ORIENTED_EDGE('',*,*,#1177,.T.);
#1653=ORIENTED_EDGE('',*,*,#1254,.T.);
#1654=ORIENTED_EDGE('',*,*,#1088,.T.);
#1655=ORIENTED_EDGE('',*,*,#1255,.T.);
#1656=ORIENTED_EDGE('',*,*,#1178,.T.);
#1657=ORIENTED_EDGE('',*,*,#1255,.F.);
#1658=ORIENTED_EDGE('',*,*,#1087,.T.);
#1659=ORIENTED_EDGE('',*,*,#1256,.T.);
#1660=ORIENTED_EDGE('',*,*,#1179,.T.);
#1661=ORIENTED_EDGE('',*,*,#1256,.F.);
#1662=ORIENTED_EDGE('',*,*,#1086,.T.);
#1663=ORIENTED_EDGE('',*,*,#1257,.T.);
#1664=ORIENTED_EDGE('',*,*,#1257,.F.);
#1665=ORIENTED_EDGE('',*,*,#1085,.T.);
#1666=ORIENTED_EDGE('',*,*,#1258,.F.);
#1667=ORIENTED_EDGE('',*,*,#1180,.T.);
#1668=ORIENTED_EDGE('',*,*,#1181,.T.);
#1669=ORIENTED_EDGE('',*,*,#1258,.T.);
#1670=ORIENTED_EDGE('',*,*,#1084,.T.);
#1671=ORIENTED_EDGE('',*,*,#1259,.T.);
#1672=ORIENTED_EDGE('',*,*,#1182,.T.);
#1673=ORIENTED_EDGE('',*,*,#1259,.F.);
#1674=ORIENTED_EDGE('',*,*,#1083,.T.);
#1675=ORIENTED_EDGE('',*,*,#1260,.T.);
#1676=ORIENTED_EDGE('',*,*,#1183,.T.);
#1677=ORIENTED_EDGE('',*,*,#1260,.F.);
#1678=ORIENTED_EDGE('',*,*,#1082,.T.);
#1679=ORIENTED_EDGE('',*,*,#1261,.T.);
#1680=ORIENTED_EDGE('',*,*,#1261,.F.);
#1681=ORIENTED_EDGE('',*,*,#1081,.T.);
#1682=ORIENTED_EDGE('',*,*,#1262,.F.);
#1683=ORIENTED_EDGE('',*,*,#1184,.T.);
#1684=ORIENTED_EDGE('',*,*,#1185,.T.);
#1685=ORIENTED_EDGE('',*,*,#1262,.T.);
#1686=ORIENTED_EDGE('',*,*,#1080,.T.);
#1687=ORIENTED_EDGE('',*,*,#1263,.T.);
#1688=ORIENTED_EDGE('',*,*,#1186,.T.);
#1689=ORIENTED_EDGE('',*,*,#1263,.F.);
#1690=ORIENTED_EDGE('',*,*,#1079,.T.);
#1691=ORIENTED_EDGE('',*,*,#1264,.T.);
#1692=ORIENTED_EDGE('',*,*,#1187,.T.);
#1693=ORIENTED_EDGE('',*,*,#1264,.F.);
#1694=ORIENTED_EDGE('',*,*,#1078,.T.);
#1695=ORIENTED_EDGE('',*,*,#1265,.T.);
#1696=ORIENTED_EDGE('',*,*,#1265,.F.);
#1697=ORIENTED_EDGE('',*,*,#1077,.T.);
#1698=ORIENTED_EDGE('',*,*,#1266,.T.);
#1699=ORIENTED_EDGE('',*,*,#1188,.T.);
#1700=ORIENTED_EDGE('',*,*,#1225,.T.);
#1701=ORIENTED_EDGE('',*,*,#1267,.T.);
#1702=ORIENTED_EDGE('',*,*,#1040,.T.);
#1703=ORIENTED_EDGE('',*,*,#1268,.T.);
#1704=ORIENTED_EDGE('',*,*,#1226,.T.);
#1705=ORIENTED_EDGE('',*,*,#1268,.F.);
#1706=ORIENTED_EDGE('',*,*,#1039,.T.);
#1707=ORIENTED_EDGE('',*,*,#1269,.T.);
#1708=ORIENTED_EDGE('',*,*,#1227,.T.);
#1709=ORIENTED_EDGE('',*,*,#1269,.F.);
#1710=ORIENTED_EDGE('',*,*,#1038,.T.);
#1711=ORIENTED_EDGE('',*,*,#1131,.T.);
#1712=ORIENTED_EDGE('',*,*,#1036,.F.);
#1713=ORIENTED_EDGE('',*,*,#1129,.T.);
#1714=ORIENTED_EDGE('',*,*,#1270,.T.);
#1715=ORIENTED_EDGE('',*,*,#1139,.F.);
#1716=ORIENTED_EDGE('',*,*,#1271,.T.);
#1717=ORIENTED_EDGE('',*,*,#1267,.F.);
#1718=ORIENTED_EDGE('',*,*,#1224,.F.);
#1719=ORIENTED_EDGE('',*,*,#1272,.F.);
#1720=ORIENTED_EDGE('',*,*,#1041,.T.);
#1721=ORIENTED_EDGE('',*,*,#1193,.T.);
#1722=ORIENTED_EDGE('',*,*,#1273,.T.);
#1723=ORIENTED_EDGE('',*,*,#1072,.T.);
#1724=ORIENTED_EDGE('',*,*,#1274,.T.);
#1725=ORIENTED_EDGE('',*,*,#1194,.T.);
#1726=ORIENTED_EDGE('',*,*,#1274,.F.);
#1727=ORIENTED_EDGE('',*,*,#1071,.T.);
#1728=ORIENTED_EDGE('',*,*,#1275,.T.);
#1729=ORIENTED_EDGE('',*,*,#1195,.T.);
#1730=ORIENTED_EDGE('',*,*,#1275,.F.);
#1731=ORIENTED_EDGE('',*,*,#1070,.T.);
#1732=ORIENTED_EDGE('',*,*,#1276,.T.);
#1733=ORIENTED_EDGE('',*,*,#1276,.F.);
#1734=ORIENTED_EDGE('',*,*,#1069,.T.);
#1735=ORIENTED_EDGE('',*,*,#1277,.F.);
#1736=ORIENTED_EDGE('',*,*,#1196,.F.);
#1737=ORIENTED_EDGE('',*,*,#1273,.F.);
#1738=ORIENTED_EDGE('',*,*,#1192,.F.);
#1739=ORIENTED_EDGE('',*,*,#1278,.T.);
#1740=ORIENTED_EDGE('',*,*,#1073,.T.);
#1741=ORIENTED_EDGE('',*,*,#1197,.T.);
#1742=ORIENTED_EDGE('',*,*,#1277,.T.);
#1743=ORIENTED_EDGE('',*,*,#1068,.T.);
#1744=ORIENTED_EDGE('',*,*,#1279,.T.);
#1745=ORIENTED_EDGE('',*,*,#1198,.T.);
#1746=ORIENTED_EDGE('',*,*,#1279,.F.);
#1747=ORIENTED_EDGE('',*,*,#1067,.T.);
#1748=ORIENTED_EDGE('',*,*,#1280,.T.);
#1749=ORIENTED_EDGE('',*,*,#1199,.T.);
#1750=ORIENTED_EDGE('',*,*,#1280,.F.);
#1751=ORIENTED_EDGE('',*,*,#1066,.T.);
#1752=ORIENTED_EDGE('',*,*,#1281,.T.);
#1753=ORIENTED_EDGE('',*,*,#1281,.F.);
#1754=ORIENTED_EDGE('',*,*,#1065,.T.);
#1755=ORIENTED_EDGE('',*,*,#1282,.F.);
#1756=ORIENTED_EDGE('',*,*,#1200,.F.);
#1757=ORIENTED_EDGE('',*,*,#1201,.T.);
#1758=ORIENTED_EDGE('',*,*,#1282,.T.);
#1759=ORIENTED_EDGE('',*,*,#1064,.T.);
#1760=ORIENTED_EDGE('',*,*,#1283,.T.);
#1761=ORIENTED_EDGE('',*,*,#1202,.T.);
#1762=ORIENTED_EDGE('',*,*,#1283,.F.);
#1763=ORIENTED_EDGE('',*,*,#1063,.T.);
#1764=ORIENTED_EDGE('',*,*,#1284,.T.);
#1765=ORIENTED_EDGE('',*,*,#1203,.T.);
#1766=ORIENTED_EDGE('',*,*,#1284,.F.);
#1767=ORIENTED_EDGE('',*,*,#1062,.T.);
#1768=ORIENTED_EDGE('',*,*,#1285,.T.);
#1769=ORIENTED_EDGE('',*,*,#1285,.F.);
#1770=ORIENTED_EDGE('',*,*,#1061,.T.);
#1771=ORIENTED_EDGE('',*,*,#1286,.F.);
#1772=ORIENTED_EDGE('',*,*,#1204,.F.);
#1773=ORIENTED_EDGE('',*,*,#1205,.T.);
#1774=ORIENTED_EDGE('',*,*,#1286,.T.);
#1775=ORIENTED_EDGE('',*,*,#1060,.T.);
#1776=ORIENTED_EDGE('',*,*,#1287,.T.);
#1777=ORIENTED_EDGE('',*,*,#1206,.T.);
#1778=ORIENTED_EDGE('',*,*,#1287,.F.);
#1779=ORIENTED_EDGE('',*,*,#1059,.T.);
#1780=ORIENTED_EDGE('',*,*,#1288,.T.);
#1781=ORIENTED_EDGE('',*,*,#1207,.T.);
#1782=ORIENTED_EDGE('',*,*,#1288,.F.);
#1783=ORIENTED_EDGE('',*,*,#1058,.T.);
#1784=ORIENTED_EDGE('',*,*,#1289,.T.);
#1785=ORIENTED_EDGE('',*,*,#1289,.F.);
#1786=ORIENTED_EDGE('',*,*,#1057,.T.);
#1787=ORIENTED_EDGE('',*,*,#1290,.F.);
#1788=ORIENTED_EDGE('',*,*,#1208,.F.);
#1789=ORIENTED_EDGE('',*,*,#1209,.T.);
#1790=ORIENTED_EDGE('',*,*,#1290,.T.);
#1791=ORIENTED_EDGE('',*,*,#1056,.T.);
#1792=ORIENTED_EDGE('',*,*,#1291,.T.);
#1793=ORIENTED_EDGE('',*,*,#1210,.T.);
#1794=ORIENTED_EDGE('',*,*,#1291,.F.);
#1795=ORIENTED_EDGE('',*,*,#1055,.T.);
#1796=ORIENTED_EDGE('',*,*,#1292,.T.);
#1797=ORIENTED_EDGE('',*,*,#1211,.T.);
#1798=ORIENTED_EDGE('',*,*,#1292,.F.);
#1799=ORIENTED_EDGE('',*,*,#1054,.T.);
#1800=ORIENTED_EDGE('',*,*,#1293,.T.);
#1801=ORIENTED_EDGE('',*,*,#1293,.F.);
#1802=ORIENTED_EDGE('',*,*,#1053,.T.);
#1803=ORIENTED_EDGE('',*,*,#1294,.F.);
#1804=ORIENTED_EDGE('',*,*,#1212,.F.);
#1805=ORIENTED_EDGE('',*,*,#1213,.T.);
#1806=ORIENTED_EDGE('',*,*,#1294,.T.);
#1807=ORIENTED_EDGE('',*,*,#1052,.T.);
#1808=ORIENTED_EDGE('',*,*,#1295,.T.);
#1809=ORIENTED_EDGE('',*,*,#1214,.T.);
#1810=ORIENTED_EDGE('',*,*,#1295,.F.);
#1811=ORIENTED_EDGE('',*,*,#1051,.T.);
#1812=ORIENTED_EDGE('',*,*,#1296,.T.);
#1813=ORIENTED_EDGE('',*,*,#1215,.T.);
#1814=ORIENTED_EDGE('',*,*,#1296,.F.);
#1815=ORIENTED_EDGE('',*,*,#1050,.T.);
#1816=ORIENTED_EDGE('',*,*,#1297,.T.);
#1817=ORIENTED_EDGE('',*,*,#1297,.F.);
#1818=ORIENTED_EDGE('',*,*,#1049,.T.);
#1819=ORIENTED_EDGE('',*,*,#1298,.F.);
#1820=ORIENTED_EDGE('',*,*,#1216,.F.);
#1821=ORIENTED_EDGE('',*,*,#1217,.T.);
#1822=ORIENTED_EDGE('',*,*,#1298,.T.);
#1823=ORIENTED_EDGE('',*,*,#1048,.T.);
#1824=ORIENTED_EDGE('',*,*,#1299,.T.);
#1825=ORIENTED_EDGE('',*,*,#1218,.T.);
#1826=ORIENTED_EDGE('',*,*,#1299,.F.);
#1827=ORIENTED_EDGE('',*,*,#1047,.T.);
#1828=ORIENTED_EDGE('',*,*,#1300,.T.);
#1829=ORIENTED_EDGE('',*,*,#1219,.T.);
#1830=ORIENTED_EDGE('',*,*,#1300,.F.);
#1831=ORIENTED_EDGE('',*,*,#1046,.T.);
#1832=ORIENTED_EDGE('',*,*,#1301,.T.);
#1833=ORIENTED_EDGE('',*,*,#1301,.F.);
#1834=ORIENTED_EDGE('',*,*,#1045,.F.);
#1835=ORIENTED_EDGE('',*,*,#1302,.F.);
#1836=ORIENTED_EDGE('',*,*,#1220,.F.);
#1837=ORIENTED_EDGE('',*,*,#1221,.T.);
#1838=ORIENTED_EDGE('',*,*,#1302,.T.);
#1839=ORIENTED_EDGE('',*,*,#1044,.T.);
#1840=ORIENTED_EDGE('',*,*,#1303,.T.);
#1841=ORIENTED_EDGE('',*,*,#1222,.T.);
#1842=ORIENTED_EDGE('',*,*,#1303,.F.);
#1843=ORIENTED_EDGE('',*,*,#1043,.T.);
#1844=ORIENTED_EDGE('',*,*,#1304,.T.);
#1845=ORIENTED_EDGE('',*,*,#1223,.T.);
#1846=ORIENTED_EDGE('',*,*,#1304,.F.);
#1847=ORIENTED_EDGE('',*,*,#1042,.T.);
#1848=ORIENTED_EDGE('',*,*,#1272,.T.);
#1849=ORIENTED_EDGE('',*,*,#1305,.F.);
#1850=ORIENTED_EDGE('',*,*,#1306,.T.);
#1851=ORIENTED_EDGE('',*,*,#1307,.T.);
#1852=ORIENTED_EDGE('',*,*,#1306,.F.);
#1853=ORIENTED_EDGE('',*,*,#1308,.T.);
#1854=ORIENTED_EDGE('',*,*,#1122,.T.);
#1855=ORIENTED_EDGE('',*,*,#1309,.F.);
#1856=ORIENTED_EDGE('',*,*,#1146,.F.);
#1857=ORIENTED_EDGE('',*,*,#1147,.T.);
#1858=ORIENTED_EDGE('',*,*,#1309,.T.);
#1859=ORIENTED_EDGE('',*,*,#1121,.T.);
#1860=ORIENTED_EDGE('',*,*,#1310,.F.);
#1861=ORIENTED_EDGE('',*,*,#1305,.T.);
#1862=ORIENTED_EDGE('',*,*,#1310,.T.);
#1863=ORIENTED_EDGE('',*,*,#1120,.T.);
#1864=ORIENTED_EDGE('',*,*,#1311,.T.);
#1865=ORIENTED_EDGE('',*,*,#1148,.T.);
#1866=ORIENTED_EDGE('',*,*,#1312,.F.);
#1867=ORIENTED_EDGE('',*,*,#1313,.T.);
#1868=ORIENTED_EDGE('',*,*,#1314,.T.);
#1869=ORIENTED_EDGE('',*,*,#1313,.F.);
#1870=ORIENTED_EDGE('',*,*,#1315,.T.);
#1871=ORIENTED_EDGE('',*,*,#1144,.T.);
#1872=ORIENTED_EDGE('',*,*,#1316,.F.);
#1873=ORIENTED_EDGE('',*,*,#1124,.F.);
#1874=ORIENTED_EDGE('',*,*,#1125,.T.);
#1875=ORIENTED_EDGE('',*,*,#1316,.T.);
#1876=ORIENTED_EDGE('',*,*,#1143,.T.);
#1877=ORIENTED_EDGE('',*,*,#1317,.F.);
#1878=ORIENTED_EDGE('',*,*,#1312,.T.);
#1879=ORIENTED_EDGE('',*,*,#1318,.F.);
#1880=ORIENTED_EDGE('',*,*,#1319,.T.);
#1881=ORIENTED_EDGE('',*,*,#1230,.F.);
#1882=ORIENTED_EDGE('',*,*,#1319,.F.);
#1883=ORIENTED_EDGE('',*,*,#1229,.F.);
#1884=ORIENTED_EDGE('',*,*,#1150,.T.);
#1885=ORIENTED_EDGE('',*,*,#1320,.F.);
#1886=ORIENTED_EDGE('',*,*,#1118,.F.);
#1887=ORIENTED_EDGE('',*,*,#1149,.T.);
#1888=ORIENTED_EDGE('',*,*,#1311,.F.);
#1889=ORIENTED_EDGE('',*,*,#1119,.T.);
#1890=ORIENTED_EDGE('',*,*,#1320,.T.);
#1891=ORIENTED_EDGE('',*,*,#1318,.T.);
#1892=ORIENTED_EDGE('',*,*,#1321,.F.);
#1893=ORIENTED_EDGE('',*,*,#1322,.T.);
#1894=ORIENTED_EDGE('',*,*,#1271,.F.);
#1895=ORIENTED_EDGE('',*,*,#1322,.F.);
#1896=ORIENTED_EDGE('',*,*,#1270,.F.);
#1897=ORIENTED_EDGE('',*,*,#1128,.T.);
#1898=ORIENTED_EDGE('',*,*,#1323,.F.);
#1899=ORIENTED_EDGE('',*,*,#1140,.F.);
#1900=ORIENTED_EDGE('',*,*,#1127,.T.);
#1901=ORIENTED_EDGE('',*,*,#1324,.F.);
#1902=ORIENTED_EDGE('',*,*,#1141,.T.);
#1903=ORIENTED_EDGE('',*,*,#1323,.T.);
#1904=ORIENTED_EDGE('',*,*,#1321,.T.);
#1905=ORIENTED_EDGE('',*,*,#1317,.T.);
#1906=ORIENTED_EDGE('',*,*,#1142,.T.);
#1907=ORIENTED_EDGE('',*,*,#1324,.T.);
#1908=ORIENTED_EDGE('',*,*,#1126,.T.);
#1909=ORIENTED_EDGE('',*,*,#1189,.F.);
#1910=ORIENTED_EDGE('',*,*,#1266,.F.);
#1911=ORIENTED_EDGE('',*,*,#1076,.F.);
#1912=ORIENTED_EDGE('',*,*,#1325,.T.);
#1913=ORIENTED_EDGE('',*,*,#1190,.F.);
#1914=ORIENTED_EDGE('',*,*,#1325,.F.);
#1915=ORIENTED_EDGE('',*,*,#1075,.F.);
#1916=ORIENTED_EDGE('',*,*,#1326,.T.);
#1917=ORIENTED_EDGE('',*,*,#1191,.F.);
#1918=ORIENTED_EDGE('',*,*,#1326,.F.);
#1919=ORIENTED_EDGE('',*,*,#1074,.F.);
#1920=ORIENTED_EDGE('',*,*,#1278,.F.);
#1921=ORIENTED_EDGE('',*,*,#1123,.T.);
#1922=ORIENTED_EDGE('',*,*,#1308,.F.);
#1923=ORIENTED_EDGE('',*,*,#1145,.T.);
#1924=ORIENTED_EDGE('',*,*,#1315,.F.);
#1925=ORIENTED_EDGE('',*,*,#1307,.F.);
#1926=ORIENTED_EDGE('',*,*,#1314,.F.);
#1927=PLANE('',#2137);
#1928=PLANE('',#2138);
#1929=PLANE('',#2139);
#1930=PLANE('',#2140);
#1931=PLANE('',#2141);
#1932=PLANE('',#2142);
#1933=PLANE('',#2143);
#1934=PLANE('',#2144);
#1935=PLANE('',#2145);
#1936=PLANE('',#2146);
#1937=PLANE('',#2147);
#1938=PLANE('',#2150);
#1939=PLANE('',#2151);
#1940=PLANE('',#2152);
#1941=PLANE('',#2153);
#1942=PLANE('',#2154);
#1943=PLANE('',#2155);
#1944=PLANE('',#2156);
#1945=PLANE('',#2157);
#1946=PLANE('',#2158);
#1947=PLANE('',#2159);
#1948=PLANE('',#2160);
#1949=PLANE('',#2161);
#1950=PLANE('',#2162);
#1951=PLANE('',#2163);
#1952=PLANE('',#2164);
#1953=PLANE('',#2165);
#1954=PLANE('',#2166);
#1955=PLANE('',#2167);
#1956=PLANE('',#2168);
#1957=PLANE('',#2169);
#1958=PLANE('',#2170);
#1959=PLANE('',#2171);
#1960=PLANE('',#2172);
#1961=PLANE('',#2173);
#1962=PLANE('',#2174);
#1963=PLANE('',#2175);
#1964=PLANE('',#2176);
#1965=PLANE('',#2177);
#1966=PLANE('',#2178);
#1967=PLANE('',#2179);
#1968=PLANE('',#2180);
#1969=PLANE('',#2181);
#1970=PLANE('',#2182);
#1971=PLANE('',#2183);
#1972=PLANE('',#2184);
#1973=PLANE('',#2185);
#1974=PLANE('',#2186);
#1975=PLANE('',#2187);
#1976=PLANE('',#2188);
#1977=PLANE('',#2189);
#1978=PLANE('',#2192);
#1979=PLANE('',#2193);
#1980=PLANE('',#2194);
#1981=PLANE('',#2195);
#1982=PLANE('',#2196);
#1983=PLANE('',#2197);
#1984=PLANE('',#2198);
#1985=PLANE('',#2199);
#1986=PLANE('',#2200);
#1987=PLANE('',#2201);
#1988=PLANE('',#2202);
#1989=PLANE('',#2203);
#1990=PLANE('',#2204);
#1991=PLANE('',#2205);
#1992=PLANE('',#2206);
#1993=PLANE('',#2207);
#1994=PLANE('',#2208);
#1995=PLANE('',#2209);
#1996=PLANE('',#2210);
#1997=PLANE('',#2211);
#1998=PLANE('',#2212);
#1999=PLANE('',#2213);
#2000=PLANE('',#2214);
#2001=PLANE('',#2215);
#2002=PLANE('',#2216);
#2003=PLANE('',#2217);
#2004=PLANE('',#2218);
#2005=PLANE('',#2219);
#2006=PLANE('',#2220);
#2007=PLANE('',#2221);
#2008=PLANE('',#2222);
#2009=PLANE('',#2223);
#2010=PLANE('',#2224);
#2011=PLANE('',#2231);
#2012=PLANE('',#2232);
#2013=PLANE('',#2239);
#2014=PLANE('',#2244);
#2015=PLANE('',#2249);
#2016=PLANE('',#2250);
#2017=PLANE('',#2251);
#2018=PLANE('',#2252);
#2019=PLANE('',#2253);
#2020=PLANE('',#2254);
#2021=ADVANCED_FACE('',(#47),#1927,.F.);
#2022=ADVANCED_FACE('',(#48),#1928,.F.);
#2023=ADVANCED_FACE('',(#49),#1929,.F.);
#2024=ADVANCED_FACE('',(#50),#1930,.T.);
#2025=ADVANCED_FACE('',(#51),#1931,.T.);
#2026=ADVANCED_FACE('',(#52),#1932,.F.);
#2027=ADVANCED_FACE('',(#53),#1933,.F.);
#2028=ADVANCED_FACE('',(#54),#1934,.F.);
#2029=ADVANCED_FACE('',(#55),#1935,.T.);
#2030=ADVANCED_FACE('',(#56),#1936,.T.);
#2031=ADVANCED_FACE('',(#57,#23),#1937,.T.);
#2032=ADVANCED_FACE('',(#58),#1938,.F.);
#2033=ADVANCED_FACE('',(#59),#1939,.F.);
#2034=ADVANCED_FACE('',(#60),#1940,.F.);
#2035=ADVANCED_FACE('',(#61),#1941,.T.);
#2036=ADVANCED_FACE('',(#62),#1942,.F.);
#2037=ADVANCED_FACE('',(#63),#1943,.F.);
#2038=ADVANCED_FACE('',(#64),#1944,.F.);
#2039=ADVANCED_FACE('',(#65),#1945,.T.);
#2040=ADVANCED_FACE('',(#66),#1946,.F.);
#2041=ADVANCED_FACE('',(#67),#1947,.F.);
#2042=ADVANCED_FACE('',(#68),#1948,.F.);
#2043=ADVANCED_FACE('',(#69),#1949,.T.);
#2044=ADVANCED_FACE('',(#70),#1950,.F.);
#2045=ADVANCED_FACE('',(#71),#1951,.F.);
#2046=ADVANCED_FACE('',(#72),#1952,.F.);
#2047=ADVANCED_FACE('',(#73),#1953,.T.);
#2048=ADVANCED_FACE('',(#74),#1954,.F.);
#2049=ADVANCED_FACE('',(#75),#1955,.F.);
#2050=ADVANCED_FACE('',(#76),#1956,.F.);
#2051=ADVANCED_FACE('',(#77),#1957,.T.);
#2052=ADVANCED_FACE('',(#78),#1958,.F.);
#2053=ADVANCED_FACE('',(#79),#1959,.F.);
#2054=ADVANCED_FACE('',(#80),#1960,.F.);
#2055=ADVANCED_FACE('',(#81),#1961,.T.);
#2056=ADVANCED_FACE('',(#82),#1962,.F.);
#2057=ADVANCED_FACE('',(#83),#1963,.F.);
#2058=ADVANCED_FACE('',(#84),#1964,.F.);
#2059=ADVANCED_FACE('',(#85),#1965,.T.);
#2060=ADVANCED_FACE('',(#86),#1966,.F.);
#2061=ADVANCED_FACE('',(#87),#1967,.F.);
#2062=ADVANCED_FACE('',(#88),#1968,.F.);
#2063=ADVANCED_FACE('',(#89),#1969,.T.);
#2064=ADVANCED_FACE('',(#90),#1970,.F.);
#2065=ADVANCED_FACE('',(#91),#1971,.F.);
#2066=ADVANCED_FACE('',(#92),#1972,.F.);
#2067=ADVANCED_FACE('',(#93),#1973,.T.);
#2068=ADVANCED_FACE('',(#94),#1974,.F.);
#2069=ADVANCED_FACE('',(#95),#1975,.F.);
#2070=ADVANCED_FACE('',(#96),#1976,.F.);
#2071=ADVANCED_FACE('',(#97,#24),#1977,.T.);
#2072=ADVANCED_FACE('',(#98),#1978,.T.);
#2073=ADVANCED_FACE('',(#99),#1979,.F.);
#2074=ADVANCED_FACE('',(#100),#1980,.F.);
#2075=ADVANCED_FACE('',(#101),#1981,.F.);
#2076=ADVANCED_FACE('',(#102),#1982,.T.);
#2077=ADVANCED_FACE('',(#103),#1983,.T.);
#2078=ADVANCED_FACE('',(#104),#1984,.F.);
#2079=ADVANCED_FACE('',(#105),#1985,.F.);
#2080=ADVANCED_FACE('',(#106),#1986,.F.);
#2081=ADVANCED_FACE('',(#107),#1987,.T.);
#2082=ADVANCED_FACE('',(#108),#1988,.F.);
#2083=ADVANCED_FACE('',(#109),#1989,.F.);
#2084=ADVANCED_FACE('',(#110),#1990,.F.);
#2085=ADVANCED_FACE('',(#111),#1991,.T.);
#2086=ADVANCED_FACE('',(#112),#1992,.F.);
#2087=ADVANCED_FACE('',(#113),#1993,.F.);
#2088=ADVANCED_FACE('',(#114),#1994,.F.);
#2089=ADVANCED_FACE('',(#115),#1995,.T.);
#2090=ADVANCED_FACE('',(#116),#1996,.F.);
#2091=ADVANCED_FACE('',(#117),#1997,.F.);
#2092=ADVANCED_FACE('',(#118),#1998,.F.);
#2093=ADVANCED_FACE('',(#119),#1999,.T.);
#2094=ADVANCED_FACE('',(#120),#2000,.F.);
#2095=ADVANCED_FACE('',(#121),#2001,.F.);
#2096=ADVANCED_FACE('',(#122),#2002,.F.);
#2097=ADVANCED_FACE('',(#123),#2003,.T.);
#2098=ADVANCED_FACE('',(#124),#2004,.F.);
#2099=ADVANCED_FACE('',(#125),#2005,.F.);
#2100=ADVANCED_FACE('',(#126),#2006,.F.);
#2101=ADVANCED_FACE('',(#127),#2007,.T.);
#2102=ADVANCED_FACE('',(#128),#2008,.F.);
#2103=ADVANCED_FACE('',(#129),#2009,.F.);
#2104=ADVANCED_FACE('',(#130),#2010,.F.);
#2105=ADVANCED_FACE('',(#131),#15,.F.);
#2106=ADVANCED_FACE('',(#132),#16,.T.);
#2107=ADVANCED_FACE('',(#133,#25),#2011,.T.);
#2108=ADVANCED_FACE('',(#134),#2012,.T.);
#2109=ADVANCED_FACE('',(#135),#17,.F.);
#2110=ADVANCED_FACE('',(#136),#18,.T.);
#2111=ADVANCED_FACE('',(#137,#26),#2013,.T.);
#2112=ADVANCED_FACE('',(#138),#19,.F.);
#2113=ADVANCED_FACE('',(#139),#20,.T.);
#2114=ADVANCED_FACE('',(#140,#27),#2014,.F.);
#2115=ADVANCED_FACE('',(#141),#21,.F.);
#2116=ADVANCED_FACE('',(#142),#22,.T.);
#2117=ADVANCED_FACE('',(#143,#28),#2015,.F.);
#2118=ADVANCED_FACE('',(#144),#2016,.T.);
#2119=ADVANCED_FACE('',(#145),#2017,.F.);
#2120=ADVANCED_FACE('',(#146),#2018,.F.);
#2121=ADVANCED_FACE('',(#147),#2019,.F.);
#2122=ADVANCED_FACE('',(#148,#29,#30),#2020,.F.);
#2123=CLOSED_SHELL('',(#2021,#2022,#2023,#2024,#2025,#2026,#2027,#2028,
#2029,#2030,#2031,#2032,#2033,#2034,#2035,#2036,#2037,#2038,#2039,#2040,
#2041,#2042,#2043,#2044,#2045,#2046,#2047,#2048,#2049,#2050,#2051,#2052,
#2053,#2054,#2055,#2056,#2057,#2058,#2059,#2060,#2061,#2062,#2063,#2064,
#2065,#2066,#2067,#2068,#2069,#2070,#2071,#2072,#2073,#2074,#2075,#2076,
#2077,#2078,#2079,#2080,#2081,#2082,#2083,#2084,#2085,#2086,#2087,#2088,
#2089,#2090,#2091,#2092,#2093,#2094,#2095,#2096,#2097,#2098,#2099,#2100,
#2101,#2102,#2103,#2104,#2105,#2106,#2107,#2108,#2109,#2110,#2111,#2112,
#2113,#2114,#2115,#2116,#2117,#2118,#2119,#2120,#2121,#2122));
#2124=DERIVED_UNIT_ELEMENT(#2126,1.);
#2125=DERIVED_UNIT_ELEMENT(#3385,-3.);
#2126=(
MASS_UNIT()
NAMED_UNIT(*)
SI_UNIT(.KILO.,.GRAM.)
);
#2127=DERIVED_UNIT((#2124,#2125));
#2128=MEASURE_REPRESENTATION_ITEM('density measure',
POSITIVE_RATIO_MEASURE(7850.),#2127);
#2129=PROPERTY_DEFINITION_REPRESENTATION(#2134,#2131);
#2130=PROPERTY_DEFINITION_REPRESENTATION(#2135,#2132);
#2131=REPRESENTATION('material name',(#2133),#3382);
#2132=REPRESENTATION('density',(#2128),#3382);
#2133=DESCRIPTIVE_REPRESENTATION_ITEM('\X\C7elik','\X\C7elik');
#2134=PROPERTY_DEFINITION('material property','material name',#3392);
#2135=PROPERTY_DEFINITION('material property','density of part',#3392);
#2136=AXIS2_PLACEMENT_3D('',#2777,#2255,#2256);
#2137=AXIS2_PLACEMENT_3D('',#2778,#2257,#2258);
#2138=AXIS2_PLACEMENT_3D('',#2787,#2263,#2264);
#2139=AXIS2_PLACEMENT_3D('',#2793,#2268,#2269);
#2140=AXIS2_PLACEMENT_3D('',#2799,#2273,#2274);
#2141=AXIS2_PLACEMENT_3D('',#2985,#2368,#2369);
#2142=AXIS2_PLACEMENT_3D('',#2989,#2372,#2373);
#2143=AXIS2_PLACEMENT_3D('',#2995,#2377,#2378);
#2144=AXIS2_PLACEMENT_3D('',#2999,#2381,#2382);
#2145=AXIS2_PLACEMENT_3D('',#3003,#2385,#2386);
#2146=AXIS2_PLACEMENT_3D('',#3180,#2476,#2477);
#2147=AXIS2_PLACEMENT_3D('',#3182,#2479,#2480);
#2148=AXIS2_PLACEMENT_3D('',#3183,#2481,#2482);
#2149=AXIS2_PLACEMENT_3D('',#3185,#2483,#2484);
#2150=AXIS2_PLACEMENT_3D('',#3186,#2485,#2486);
#2151=AXIS2_PLACEMENT_3D('',#3188,#2488,#2489);
#2152=AXIS2_PLACEMENT_3D('',#3190,#2491,#2492);
#2153=AXIS2_PLACEMENT_3D('',#3192,#2494,#2495);
#2154=AXIS2_PLACEMENT_3D('',#3194,#2497,#2498);
#2155=AXIS2_PLACEMENT_3D('',#3196,#2500,#2501);
#2156=AXIS2_PLACEMENT_3D('',#3198,#2503,#2504);
#2157=AXIS2_PLACEMENT_3D('',#3200,#2506,#2507);
#2158=AXIS2_PLACEMENT_3D('',#3202,#2509,#2510);
#2159=AXIS2_PLACEMENT_3D('',#3204,#2512,#2513);
#2160=AXIS2_PLACEMENT_3D('',#3206,#2515,#2516);
#2161=AXIS2_PLACEMENT_3D('',#3208,#2518,#2519);
#2162=AXIS2_PLACEMENT_3D('',#3210,#2521,#2522);
#2163=AXIS2_PLACEMENT_3D('',#3212,#2524,#2525);
#2164=AXIS2_PLACEMENT_3D('',#3214,#2527,#2528);
#2165=AXIS2_PLACEMENT_3D('',#3216,#2530,#2531);
#2166=AXIS2_PLACEMENT_3D('',#3218,#2533,#2534);
#2167=AXIS2_PLACEMENT_3D('',#3220,#2536,#2537);
#2168=AXIS2_PLACEMENT_3D('',#3222,#2539,#2540);
#2169=AXIS2_PLACEMENT_3D('',#3224,#2542,#2543);
#2170=AXIS2_PLACEMENT_3D('',#3226,#2545,#2546);
#2171=AXIS2_PLACEMENT_3D('',#3228,#2548,#2549);
#2172=AXIS2_PLACEMENT_3D('',#3230,#2551,#2552);
#2173=AXIS2_PLACEMENT_3D('',#3232,#2554,#2555);
#2174=AXIS2_PLACEMENT_3D('',#3234,#2557,#2558);
#2175=AXIS2_PLACEMENT_3D('',#3236,#2560,#2561);
#2176=AXIS2_PLACEMENT_3D('',#3238,#2563,#2564);
#2177=AXIS2_PLACEMENT_3D('',#3240,#2566,#2567);
#2178=AXIS2_PLACEMENT_3D('',#3242,#2569,#2570);
#2179=AXIS2_PLACEMENT_3D('',#3244,#2572,#2573);
#2180=AXIS2_PLACEMENT_3D('',#3246,#2575,#2576);
#2181=AXIS2_PLACEMENT_3D('',#3248,#2578,#2579);
#2182=AXIS2_PLACEMENT_3D('',#3250,#2581,#2582);
#2183=AXIS2_PLACEMENT_3D('',#3252,#2584,#2585);
#2184=AXIS2_PLACEMENT_3D('',#3254,#2587,#2588);
#2185=AXIS2_PLACEMENT_3D('',#3256,#2590,#2591);
#2186=AXIS2_PLACEMENT_3D('',#3258,#2593,#2594);
#2187=AXIS2_PLACEMENT_3D('',#3261,#2597,#2598);
#2188=AXIS2_PLACEMENT_3D('',#3263,#2600,#2601);
#2189=AXIS2_PLACEMENT_3D('',#3264,#2602,#2603);
#2190=AXIS2_PLACEMENT_3D('',#3265,#2604,#2605);
#2191=AXIS2_PLACEMENT_3D('',#3267,#2606,#2607);
#2192=AXIS2_PLACEMENT_3D('',#3268,#2608,#2609);
#2193=AXIS2_PLACEMENT_3D('',#3270,#2611,#2612);
#2194=AXIS2_PLACEMENT_3D('',#3273,#2615,#2616);
#2195=AXIS2_PLACEMENT_3D('',#3275,#2618,#2619);
#2196=AXIS2_PLACEMENT_3D('',#3277,#2621,#2622);
#2197=AXIS2_PLACEMENT_3D('',#3279,#2624,#2625);
#2198=AXIS2_PLACEMENT_3D('',#3281,#2627,#2628);
#2199=AXIS2_PLACEMENT_3D('',#3283,#2630,#2631);
#2200=AXIS2_PLACEMENT_3D('',#3285,#2633,#2634);
#2201=AXIS2_PLACEMENT_3D('',#3287,#2636,#2637);
#2202=AXIS2_PLACEMENT_3D('',#3289,#2639,#2640);
#2203=AXIS2_PLACEMENT_3D('',#3291,#2642,#2643);
#2204=AXIS2_PLACEMENT_3D('',#3293,#2645,#2646);
#2205=AXIS2_PLACEMENT_3D('',#3295,#2648,#2649);
#2206=AXIS2_PLACEMENT_3D('',#3297,#2651,#2652);
#2207=AXIS2_PLACEMENT_3D('',#3299,#2654,#2655);
#2208=AXIS2_PLACEMENT_3D('',#3301,#2657,#2658);
#2209=AXIS2_PLACEMENT_3D('',#3303,#2660,#2661);
#2210=AXIS2_PLACEMENT_3D('',#3305,#2663,#2664);
#2211=AXIS2_PLACEMENT_3D('',#3307,#2666,#2667);
#2212=AXIS2_PLACEMENT_3D('',#3309,#2669,#2670);
#2213=AXIS2_PLACEMENT_3D('',#3311,#2672,#2673);
#2214=AXIS2_PLACEMENT_3D('',#3313,#2675,#2676);
#2215=AXIS2_PLACEMENT_3D('',#3315,#2678,#2679);
#2216=AXIS2_PLACEMENT_3D('',#3317,#2681,#2682);
#2217=AXIS2_PLACEMENT_3D('',#3319,#2684,#2685);
#2218=AXIS2_PLACEMENT_3D('',#3321,#2687,#2688);
#2219=AXIS2_PLACEMENT_3D('',#3323,#2690,#2691);
#2220=AXIS2_PLACEMENT_3D('',#3325,#2693,#2694);
#2221=AXIS2_PLACEMENT_3D('',#3327,#2696,#2697);
#2222=AXIS2_PLACEMENT_3D('',#3329,#2699,#2700);
#2223=AXIS2_PLACEMENT_3D('',#3331,#2702,#2703);
#2224=AXIS2_PLACEMENT_3D('',#3333,#2705,#2706);
#2225=AXIS2_PLACEMENT_3D('',#3334,#2707,#2708);
#2226=AXIS2_PLACEMENT_3D('',#3336,#2709,#2710);
#2227=AXIS2_PLACEMENT_3D('',#3339,#2712,#2713);
#2228=AXIS2_PLACEMENT_3D('',#3340,#2714,#2715);
#2229=AXIS2_PLACEMENT_3D('',#3341,#2716,#2717);
#2230=AXIS2_PLACEMENT_3D('',#3342,#2718,#2719);
#2231=AXIS2_PLACEMENT_3D('',#3343,#2720,#2721);
#2232=AXIS2_PLACEMENT_3D('',#3345,#2723,#2724);
#2233=AXIS2_PLACEMENT_3D('',#3347,#2726,#2727);
#2234=AXIS2_PLACEMENT_3D('',#3349,#2728,#2729);
#2235=AXIS2_PLACEMENT_3D('',#3352,#2731,#2732);
#2236=AXIS2_PLACEMENT_3D('',#3353,#2733,#2734);
#2237=AXIS2_PLACEMENT_3D('',#3354,#2735,#2736);
#2238=AXIS2_PLACEMENT_3D('',#3355,#2737,#2738);
#2239=AXIS2_PLACEMENT_3D('',#3356,#2739,#2740);
#2240=AXIS2_PLACEMENT_3D('',#3358,#2742,#2743);
#2241=AXIS2_PLACEMENT_3D('',#3360,#2744,#2745);
#2242=AXIS2_PLACEMENT_3D('',#3362,#2747,#2748);
#2243=AXIS2_PLACEMENT_3D('',#3363,#2749,#2750);
#2244=AXIS2_PLACEMENT_3D('',#3364,#2751,#2752);
#2245=AXIS2_PLACEMENT_3D('',#3365,#2753,#2754);
#2246=AXIS2_PLACEMENT_3D('',#3367,#2755,#2756);
#2247=AXIS2_PLACEMENT_3D('',#3369,#2758,#2759);
#2248=AXIS2_PLACEMENT_3D('',#3370,#2760,#2761);
#2249=AXIS2_PLACEMENT_3D('',#3371,#2762,#2763);
#2250=AXIS2_PLACEMENT_3D('',#3373,#2765,#2766);
#2251=AXIS2_PLACEMENT_3D('',#3374,#2767,#2768);
#2252=AXIS2_PLACEMENT_3D('',#3376,#2770,#2771);
#2253=AXIS2_PLACEMENT_3D('',#3378,#2773,#2774);
#2254=AXIS2_PLACEMENT_3D('',#3379,#2775,#2776);
#2255=DIRECTION('axis',(0.,0.,1.));
#2256=DIRECTION('refdir',(1.,0.,0.));
#2257=DIRECTION('center_axis',(0.,-0.210774781278703,-0.977534649808852));
#2258=DIRECTION('ref_axis',(0.,0.977534649808852,-0.210774781278703));
#2259=DIRECTION('',(0.,0.977534649808852,-0.210774781278703));
#2260=DIRECTION('',(-1.,0.,0.));
#2261=DIRECTION('',(0.,-0.977534649808852,0.210774781278703));
#2262=DIRECTION('',(-1.,0.,0.));
#2263=DIRECTION('center_axis',(0.,-0.999979860072907,0.00634660921834395));
#2264=DIRECTION('ref_axis',(0.,-0.00634660921834395,-0.999979860072907));
#2265=DIRECTION('',(0.,-0.00634660921834395,-0.999979860072907));
#2266=DIRECTION('',(0.,0.00634660921834395,0.999979860072907));
#2267=DIRECTION('',(-1.,0.,0.));
#2268=DIRECTION('center_axis',(0.,-0.198349990552769,0.980131257152692));
#2269=DIRECTION('ref_axis',(0.,-0.980131257152692,-0.198349990552769));
#2270=DIRECTION('',(0.,-0.980131257152692,-0.198349990552769));
#2271=DIRECTION('',(0.,0.980131257152692,0.198349990552769));
#2272=DIRECTION('',(1.,0.,0.));
#2273=DIRECTION('center_axis',(-1.,0.,0.));
#2274=DIRECTION('ref_axis',(0.,0.,1.));
#2275=DIRECTION('',(0.,0.,1.));
#2276=DIRECTION('',(0.,0.980131257152692,0.198349990552769));
#2277=DIRECTION('',(0.,0.00634660921834395,0.999979860072907));
#2278=DIRECTION('',(0.,-0.977534649808852,0.210774781278703));
#2279=DIRECTION('',(0.,0.,1.));
#2280=DIRECTION('',(0.,0.980131257152692,0.198349990552769));
#2281=DIRECTION('',(0.,0.00634660921834395,0.999979860072907));
#2282=DIRECTION('',(0.,-0.977534649808852,0.210774781278703));
#2283=DIRECTION('',(0.,0.,-1.));
#2284=DIRECTION('',(0.,0.980131257152692,0.198349990552769));
#2285=DIRECTION('',(0.,0.00634660921834395,0.999979860072907));
#2286=DIRECTION('',(0.,-0.977534649808852,0.210774781278703));
#2287=DIRECTION('',(0.,0.,1.));
#2288=DIRECTION('',(0.,0.980131257152692,0.198349990552769));
#2289=DIRECTION('',(0.,0.00634660921834395,0.999979860072907));
#2290=DIRECTION('',(0.,-0.977534649808852,0.210774781278703));
#2291=DIRECTION('',(0.,0.,1.));
#2292=DIRECTION('',(0.,0.980131257152692,0.198349990552769));
#2293=DIRECTION('',(0.,0.00634660921834395,0.999979860072907));
#2294=DIRECTION('',(0.,-0.977534649808852,0.210774781278703));
#2295=DIRECTION('',(0.,0.,1.));
#2296=DIRECTION('',(0.,0.980131257152692,0.198349990552769));
#2297=DIRECTION('',(0.,0.00634660921834395,0.999979860072907));
#2298=DIRECTION('',(0.,-0.977534649808852,0.210774781278703));
#2299=DIRECTION('',(0.,0.,1.));
#2300=DIRECTION('',(0.,0.980131257152692,0.198349990552769));
#2301=DIRECTION('',(0.,0.00634660921834395,0.999979860072907));
#2302=DIRECTION('',(0.,-0.977534649808852,0.210774781278703));
#2303=DIRECTION('',(0.,0.,1.));
#2304=DIRECTION('',(0.,0.980131257152692,0.198349990552769));
#2305=DIRECTION('',(0.,0.00634660921834395,0.999979860072907));
#2306=DIRECTION('',(0.,-0.977534649808852,0.210774781278703));
#2307=DIRECTION('',(0.,0.,1.));
#2308=DIRECTION('',(0.,0.980131257152692,0.198349990552769));
#2309=DIRECTION('',(0.,0.00634660921834395,0.999979860072907));
#2310=DIRECTION('',(0.,-0.977534649808852,0.210774781278703));
#2311=DIRECTION('',(0.,0.,1.));
#2312=DIRECTION('',(0.,-0.980131257152692,-0.198349990552769));
#2313=DIRECTION('',(0.,-0.00634660921834395,-0.999979860072907));
#2314=DIRECTION('',(0.,0.977534649808852,-0.210774781278703));
#2315=DIRECTION('',(0.,0.,1.));
#2316=DIRECTION('',(0.,0.980131257152692,0.198349990552769));
#2317=DIRECTION('',(0.,0.00634660921834395,0.999979860072907));
#2318=DIRECTION('',(0.,-0.977534649808852,0.210774781278703));
#2319=DIRECTION('',(0.,0.,1.));
#2320=DIRECTION('',(0.,0.980131257152692,0.198349990552769));
#2321=DIRECTION('',(0.,0.00634660921834395,0.999979860072907));
#2322=DIRECTION('',(0.,-0.977534649808852,0.210774781278703));
#2323=DIRECTION('',(0.,0.,1.));
#2324=DIRECTION('',(0.,0.980131257152692,0.198349990552769));
#2325=DIRECTION('',(0.,0.00634660921834395,0.999979860072907));
#2326=DIRECTION('',(0.,-0.977534649808852,0.210774781278703));
#2327=DIRECTION('',(0.,0.,1.));
#2328=DIRECTION('',(0.,0.980131257152692,0.198349990552769));
#2329=DIRECTION('',(0.,0.00634660921834395,0.999979860072907));
#2330=DIRECTION('',(0.,-0.977534649808852,0.210774781278703));
#2331=DIRECTION('',(0.,0.,1.));
#2332=DIRECTION('',(0.,0.980131257152692,0.198349990552769));
#2333=DIRECTION('',(0.,0.00634660921834395,0.999979860072907));
#2334=DIRECTION('',(0.,-0.977534649808852,0.210774781278703));
#2335=DIRECTION('',(0.,0.,1.));
#2336=DIRECTION('',(0.,0.980131257152692,0.198349990552769));
#2337=DIRECTION('',(0.,0.00634660921834395,0.999979860072907));
#2338=DIRECTION('',(0.,-0.977534649808852,0.210774781278703));
#2339=DIRECTION('',(0.,0.,1.));
#2340=DIRECTION('',(0.,0.980131257152692,0.198349990552769));
#2341=DIRECTION('',(0.,0.00634660921834395,0.999979860072907));
#2342=DIRECTION('',(0.,-0.977534649808852,0.210774781278703));
#2343=DIRECTION('',(0.,0.,1.));
#2344=DIRECTION('',(0.,0.980131257152692,0.198349990552769));
#2345=DIRECTION('',(0.,0.00634660921834395,0.999979860072907));
#2346=DIRECTION('',(0.,-0.977534649808852,0.210774781278703));
#2347=DIRECTION('',(0.,0.,1.));
#2348=DIRECTION('',(0.,0.980131257152692,0.198349990552769));
#2349=DIRECTION('',(0.,0.00634660921834395,0.999979860072907));
#2350=DIRECTION('',(0.,-0.977534649808852,0.210774781278703));
#2351=DIRECTION('',(0.,0.,1.));
#2352=DIRECTION('',(0.,0.980131257152692,0.198349990552769));
#2353=DIRECTION('',(0.,0.00634660921834395,0.999979860072907));
#2354=DIRECTION('',(0.,-0.977534649808852,0.210774781278703));
#2355=DIRECTION('',(0.,0.,1.));
#2356=DIRECTION('',(0.,-1.,0.));
#2357=DIRECTION('',(-5.92118894997739E-15,0.,-1.));
#2358=DIRECTION('',(0.,1.,0.));
#2359=DIRECTION('',(5.92118894997739E-15,0.,1.));
#2360=DIRECTION('',(0.,1.,0.));
#2361=DIRECTION('',(0.,0.,-1.));
#2362=DIRECTION('',(0.,1.,0.));
#2363=DIRECTION('',(-5.92118894997739E-15,0.,1.));
#2364=DIRECTION('',(0.,-1.,0.));
#2365=DIRECTION('',(5.92118894997739E-15,0.,-1.));
#2366=DIRECTION('',(0.,-1.,0.));
#2367=DIRECTION('',(0.,0.,1.));
#2368=DIRECTION('center_axis',(0.,1.,0.));
#2369=DIRECTION('ref_axis',(0.,0.,1.));
#2370=DIRECTION('',(0.,0.,1.));
#2371=DIRECTION('',(1.,0.,0.));
#2372=DIRECTION('center_axis',(0.,-0.210774781278703,-0.977534649808852));
#2373=DIRECTION('ref_axis',(0.,0.977534649808852,-0.210774781278703));
#2374=DIRECTION('',(0.,0.977534649808852,-0.210774781278703));
#2375=DIRECTION('',(-1.,0.,0.));
#2376=DIRECTION('',(-1.,0.,0.));
#2377=DIRECTION('center_axis',(0.,-0.999979860072907,0.00634660921834395));
#2378=DIRECTION('ref_axis',(0.,-0.00634660921834395,-0.999979860072907));
#2379=DIRECTION('',(0.,-0.00634660921834395,-0.999979860072907));
#2380=DIRECTION('',(-1.,0.,0.));
#2381=DIRECTION('center_axis',(0.,-0.198349990552769,0.980131257152692));
#2382=DIRECTION('ref_axis',(0.,-0.980131257152692,-0.198349990552769));
#2383=DIRECTION('',(0.,-0.980131257152692,-0.198349990552769));
#2384=DIRECTION('',(1.,0.,0.));
#2385=DIRECTION('center_axis',(1.,0.,0.));
#2386=DIRECTION('ref_axis',(0.,0.,-1.));
#2387=DIRECTION('',(0.,0.,1.));
#2388=DIRECTION('',(0.,-1.,0.));
#2389=DIRECTION('',(5.92118894997739E-15,0.,1.));
#2390=DIRECTION('',(0.,1.,0.));
#2391=DIRECTION('',(-5.92118894997739E-15,0.,-1.));
#2392=DIRECTION('',(0.,1.,0.));
#2393=DIRECTION('',(0.,0.,1.));
#2394=DIRECTION('',(0.,1.,0.));
#2395=DIRECTION('',(5.92118894997739E-15,0.,-1.));
#2396=DIRECTION('',(0.,-1.,0.));
#2397=DIRECTION('',(-5.92118894997739E-15,0.,1.));
#2398=DIRECTION('',(0.,-1.,0.));
#2399=DIRECTION('',(0.,0.,-1.));
#2400=DIRECTION('',(0.,0.,-1.));
#2401=DIRECTION('',(0.,0.977534649808852,-0.210774781278703));
#2402=DIRECTION('',(0.,-0.00634660921834395,-0.999979860072907));
#2403=DIRECTION('',(0.,-0.980131257152692,-0.198349990552769));
#2404=DIRECTION('',(0.,0.,-1.));
#2405=DIRECTION('',(0.,0.977534649808852,-0.210774781278703));
#2406=DIRECTION('',(0.,-0.00634660921834395,-0.999979860072907));
#2407=DIRECTION('',(0.,-0.980131257152692,-0.198349990552769));
#2408=DIRECTION('',(0.,0.,-1.));
#2409=DIRECTION('',(0.,0.977534649808852,-0.210774781278703));
#2410=DIRECTION('',(0.,-0.00634660921834395,-0.999979860072907));
#2411=DIRECTION('',(0.,-0.980131257152692,-0.198349990552769));
#2412=DIRECTION('',(0.,0.,-1.));
#2413=DIRECTION('',(0.,0.977534649808852,-0.210774781278703));
#2414=DIRECTION('',(0.,-0.00634660921834395,-0.999979860072907));
#2415=DIRECTION('',(0.,-0.980131257152692,-0.198349990552769));
#2416=DIRECTION('',(0.,0.,-1.));
#2417=DIRECTION('',(0.,0.977534649808852,-0.210774781278703));
#2418=DIRECTION('',(0.,-0.00634660921834395,-0.999979860072907));
#2419=DIRECTION('',(0.,-0.980131257152692,-0.198349990552769));
#2420=DIRECTION('',(0.,0.,-1.));
#2421=DIRECTION('',(0.,0.977534649808852,-0.210774781278703));
#2422=DIRECTION('',(0.,-0.00634660921834395,-0.999979860072907));
#2423=DIRECTION('',(0.,-0.980131257152692,-0.198349990552769));
#2424=DIRECTION('',(0.,0.,-1.));
#2425=DIRECTION('',(0.,0.977534649808852,-0.210774781278703));
#2426=DIRECTION('',(0.,-0.00634660921834395,-0.999979860072907));
#2427=DIRECTION('',(0.,-0.980131257152692,-0.198349990552769));
#2428=DIRECTION('',(0.,0.,-1.));
#2429=DIRECTION('',(0.,0.977534649808852,-0.210774781278703));
#2430=DIRECTION('',(0.,-0.00634660921834395,-0.999979860072907));
#2431=DIRECTION('',(0.,-0.980131257152692,-0.198349990552769));
#2432=DIRECTION('',(0.,0.,-1.));
#2433=DIRECTION('',(0.,0.977534649808852,-0.210774781278703));
#2434=DIRECTION('',(0.,-0.00634660921834395,-0.999979860072907));
#2435=DIRECTION('',(0.,-0.980131257152692,-0.198349990552769));
#2436=DIRECTION('',(0.,0.,-1.));
#2437=DIRECTION('',(0.,-0.977534649808852,0.210774781278703));
#2438=DIRECTION('',(0.,0.00634660921834395,0.999979860072907));
#2439=DIRECTION('',(0.,0.980131257152692,0.198349990552769));
#2440=DIRECTION('',(0.,0.,1.));
#2441=DIRECTION('',(0.,0.977534649808852,-0.210774781278703));
#2442=DIRECTION('',(0.,-0.00634660921834395,-0.999979860072907));
#2443=DIRECTION('',(0.,-0.980131257152692,-0.198349990552769));
#2444=DIRECTION('',(0.,0.,1.));
#2445=DIRECTION('',(0.,0.977534649808852,-0.210774781278703));
#2446=DIRECTION('',(0.,-0.00634660921834395,-0.999979860072907));
#2447=DIRECTION('',(0.,-0.980131257152692,-0.198349990552769));
#2448=DIRECTION('',(0.,0.,1.));
#2449=DIRECTION('',(0.,0.977534649808852,-0.210774781278703));
#2450=DIRECTION('',(0.,-0.00634660921834395,-0.999979860072907));
#2451=DIRECTION('',(0.,-0.980131257152692,-0.198349990552769));
#2452=DIRECTION('',(0.,0.,1.));
#2453=DIRECTION('',(0.,0.977534649808852,-0.210774781278703));
#2454=DIRECTION('',(0.,-0.00634660921834395,-0.999979860072907));
#2455=DIRECTION('',(0.,-0.980131257152692,-0.198349990552769));
#2456=DIRECTION('',(0.,0.,1.));
#2457=DIRECTION('',(0.,0.977534649808852,-0.210774781278703));
#2458=DIRECTION('',(0.,-0.00634660921834395,-0.999979860072907));
#2459=DIRECTION('',(0.,-0.980131257152692,-0.198349990552769));
#2460=DIRECTION('',(0.,0.,1.));
#2461=DIRECTION('',(0.,0.977534649808852,-0.210774781278703));
#2462=DIRECTION('',(0.,-0.00634660921834395,-0.999979860072907));
#2463=DIRECTION('',(0.,-0.980131257152692,-0.198349990552769));
#2464=DIRECTION('',(0.,0.,1.));
#2465=DIRECTION('',(0.,0.977534649808852,-0.210774781278703));
#2466=DIRECTION('',(0.,-0.00634660921834395,-0.999979860072907));
#2467=DIRECTION('',(0.,-0.980131257152692,-0.198349990552769));
#2468=DIRECTION('',(0.,0.,1.));
#2469=DIRECTION('',(0.,0.977534649808852,-0.210774781278703));
#2470=DIRECTION('',(0.,-0.00634660921834395,-0.999979860072907));
#2471=DIRECTION('',(0.,-0.980131257152692,-0.198349990552769));
#2472=DIRECTION('',(0.,0.,1.));
#2473=DIRECTION('',(0.,0.977534649808852,-0.210774781278703));
#2474=DIRECTION('',(0.,-0.00634660921834395,-0.999979860072907));
#2475=DIRECTION('',(0.,-0.980131257152692,-0.198349990552769));
#2476=DIRECTION('center_axis',(0.,1.,0.));
#2477=DIRECTION('ref_axis',(0.,0.,1.));
#2478=DIRECTION('',(-1.,0.,0.));
#2479=DIRECTION('center_axis',(0.,1.,0.));
#2480=DIRECTION('ref_axis',(0.,0.,1.));
#2481=DIRECTION('center_axis',(0.,1.,0.));
#2482=DIRECTION('ref_axis',(-1.,0.,0.));
#2483=DIRECTION('center_axis',(0.,1.,0.));
#2484=DIRECTION('ref_axis',(-1.,0.,0.));
#2485=DIRECTION('center_axis',(0.,-0.210774781278703,-0.977534649808852));
#2486=DIRECTION('ref_axis',(0.,0.977534649808852,-0.210774781278703));
#2487=DIRECTION('',(-1.,0.,0.));
#2488=DIRECTION('center_axis',(0.,-0.999979860072907,0.00634660921834395));
#2489=DIRECTION('ref_axis',(0.,-0.00634660921834395,-0.999979860072907));
#2490=DIRECTION('',(-1.,0.,0.));
#2491=DIRECTION('center_axis',(0.,-0.198349990552769,0.980131257152692));
#2492=DIRECTION('ref_axis',(0.,-0.980131257152692,-0.198349990552769));
#2493=DIRECTION('',(1.,0.,0.));
#2494=DIRECTION('center_axis',(0.,1.,0.));
#2495=DIRECTION('ref_axis',(0.,0.,1.));
#2496=DIRECTION('',(-1.,0.,0.));
#2497=DIRECTION('center_axis',(0.,-0.210774781278703,-0.977534649808852));
#2498=DIRECTION('ref_axis',(0.,0.977534649808852,-0.210774781278703));
#2499=DIRECTION('',(-1.,0.,0.));
#2500=DIRECTION('center_axis',(0.,-0.999979860072907,0.00634660921834395));
#2501=DIRECTION('ref_axis',(0.,-0.00634660921834395,-0.999979860072907));
#2502=DIRECTION('',(-1.,0.,0.));
#2503=DIRECTION('center_axis',(0.,-0.198349990552769,0.980131257152692));
#2504=DIRECTION('ref_axis',(0.,-0.980131257152692,-0.198349990552769));
#2505=DIRECTION('',(1.,0.,0.));
#2506=DIRECTION('center_axis',(0.,1.,0.));
#2507=DIRECTION('ref_axis',(0.,0.,1.));
#2508=DIRECTION('',(-1.,0.,0.));
#2509=DIRECTION('center_axis',(0.,-0.210774781278703,-0.977534649808852));
#2510=DIRECTION('ref_axis',(0.,0.977534649808852,-0.210774781278703));
#2511=DIRECTION('',(-1.,0.,0.));
#2512=DIRECTION('center_axis',(0.,-0.999979860072907,0.00634660921834395));
#2513=DIRECTION('ref_axis',(0.,-0.00634660921834395,-0.999979860072907));
#2514=DIRECTION('',(-1.,0.,0.));
#2515=DIRECTION('center_axis',(0.,-0.198349990552769,0.980131257152692));
#2516=DIRECTION('ref_axis',(0.,-0.980131257152692,-0.198349990552769));
#2517=DIRECTION('',(1.,0.,0.));
#2518=DIRECTION('center_axis',(0.,1.,0.));
#2519=DIRECTION('ref_axis',(0.,0.,1.));
#2520=DIRECTION('',(-1.,0.,0.));
#2521=DIRECTION('center_axis',(0.,-0.210774781278703,-0.977534649808852));
#2522=DIRECTION('ref_axis',(0.,0.977534649808852,-0.210774781278703));
#2523=DIRECTION('',(-1.,0.,0.));
#2524=DIRECTION('center_axis',(0.,-0.999979860072907,0.00634660921834395));
#2525=DIRECTION('ref_axis',(0.,-0.00634660921834395,-0.999979860072907));
#2526=DIRECTION('',(-1.,0.,0.));
#2527=DIRECTION('center_axis',(0.,-0.198349990552769,0.980131257152692));
#2528=DIRECTION('ref_axis',(0.,-0.980131257152692,-0.198349990552769));
#2529=DIRECTION('',(1.,0.,0.));
#2530=DIRECTION('center_axis',(0.,1.,0.));
#2531=DIRECTION('ref_axis',(0.,0.,1.));
#2532=DIRECTION('',(-1.,0.,0.));
#2533=DIRECTION('center_axis',(0.,-0.210774781278703,-0.977534649808852));
#2534=DIRECTION('ref_axis',(0.,0.977534649808852,-0.210774781278703));
#2535=DIRECTION('',(-1.,0.,0.));
#2536=DIRECTION('center_axis',(0.,-0.999979860072907,0.00634660921834395));
#2537=DIRECTION('ref_axis',(0.,-0.00634660921834395,-0.999979860072907));
#2538=DIRECTION('',(-1.,0.,0.));
#2539=DIRECTION('center_axis',(0.,-0.198349990552769,0.980131257152692));
#2540=DIRECTION('ref_axis',(0.,-0.980131257152692,-0.198349990552769));
#2541=DIRECTION('',(1.,0.,0.));
#2542=DIRECTION('center_axis',(0.,1.,0.));
#2543=DIRECTION('ref_axis',(0.,0.,1.));
#2544=DIRECTION('',(-1.,0.,0.));
#2545=DIRECTION('center_axis',(0.,-0.210774781278703,-0.977534649808852));
#2546=DIRECTION('ref_axis',(0.,0.977534649808852,-0.210774781278703));
#2547=DIRECTION('',(-1.,0.,0.));
#2548=DIRECTION('center_axis',(0.,-0.999979860072907,0.00634660921834395));
#2549=DIRECTION('ref_axis',(0.,-0.00634660921834395,-0.999979860072907));
#2550=DIRECTION('',(-1.,0.,0.));
#2551=DIRECTION('center_axis',(0.,-0.198349990552769,0.980131257152692));
#2552=DIRECTION('ref_axis',(0.,-0.980131257152692,-0.198349990552769));
#2553=DIRECTION('',(1.,0.,0.));
#2554=DIRECTION('center_axis',(0.,1.,0.));
#2555=DIRECTION('ref_axis',(0.,0.,1.));
#2556=DIRECTION('',(-1.,0.,0.));
#2557=DIRECTION('center_axis',(0.,-0.210774781278703,-0.977534649808852));
#2558=DIRECTION('ref_axis',(0.,0.977534649808852,-0.210774781278703));
#2559=DIRECTION('',(-1.,0.,0.));
#2560=DIRECTION('center_axis',(0.,-0.999979860072907,0.00634660921834395));
#2561=DIRECTION('ref_axis',(0.,-0.00634660921834395,-0.999979860072907));
#2562=DIRECTION('',(-1.,0.,0.));
#2563=DIRECTION('center_axis',(0.,-0.198349990552769,0.980131257152692));
#2564=DIRECTION('ref_axis',(0.,-0.980131257152692,-0.198349990552769));
#2565=DIRECTION('',(1.,0.,0.));
#2566=DIRECTION('center_axis',(0.,1.,0.));
#2567=DIRECTION('ref_axis',(0.,0.,1.));
#2568=DIRECTION('',(-1.,0.,0.));
#2569=DIRECTION('center_axis',(0.,-0.210774781278703,-0.977534649808852));
#2570=DIRECTION('ref_axis',(0.,0.977534649808852,-0.210774781278703));
#2571=DIRECTION('',(-1.,0.,0.));
#2572=DIRECTION('center_axis',(0.,-0.999979860072907,0.00634660921834395));
#2573=DIRECTION('ref_axis',(0.,-0.00634660921834395,-0.999979860072907));
#2574=DIRECTION('',(-1.,0.,0.));
#2575=DIRECTION('center_axis',(0.,-0.198349990552769,0.980131257152692));
#2576=DIRECTION('ref_axis',(0.,-0.980131257152692,-0.198349990552769));
#2577=DIRECTION('',(1.,0.,0.));
#2578=DIRECTION('center_axis',(0.,1.,0.));
#2579=DIRECTION('ref_axis',(0.,0.,1.));
#2580=DIRECTION('',(-1.,0.,0.));
#2581=DIRECTION('center_axis',(0.,-0.210774781278703,-0.977534649808852));
#2582=DIRECTION('ref_axis',(0.,0.977534649808852,-0.210774781278703));
#2583=DIRECTION('',(-1.,0.,0.));
#2584=DIRECTION('center_axis',(0.,-0.999979860072907,0.00634660921834395));
#2585=DIRECTION('ref_axis',(0.,-0.00634660921834395,-0.999979860072907));
#2586=DIRECTION('',(-1.,0.,0.));
#2587=DIRECTION('center_axis',(0.,-0.198349990552769,0.980131257152692));
#2588=DIRECTION('ref_axis',(0.,-0.980131257152692,-0.198349990552769));
#2589=DIRECTION('',(1.,0.,0.));
#2590=DIRECTION('center_axis',(0.,1.,0.));
#2591=DIRECTION('ref_axis',(0.,0.,1.));
#2592=DIRECTION('',(1.,0.,0.));
#2593=DIRECTION('center_axis',(0.,-0.210774781278703,-0.977534649808852));
#2594=DIRECTION('ref_axis',(0.,0.977534649808852,-0.210774781278703));
#2595=DIRECTION('',(-1.,0.,0.));
#2596=DIRECTION('',(-1.,0.,0.));
#2597=DIRECTION('center_axis',(0.,-0.999979860072907,0.00634660921834395));
#2598=DIRECTION('ref_axis',(0.,-0.00634660921834395,-0.999979860072907));
#2599=DIRECTION('',(-1.,0.,0.));
#2600=DIRECTION('center_axis',(0.,-0.198349990552769,0.980131257152692));
#2601=DIRECTION('ref_axis',(0.,-0.980131257152692,-0.198349990552769));
#2602=DIRECTION('center_axis',(0.,1.,0.));
#2603=DIRECTION('ref_axis',(0.,0.,1.));
#2604=DIRECTION('center_axis',(0.,1.,0.));
#2605=DIRECTION('ref_axis',(-1.,0.,0.));
#2606=DIRECTION('center_axis',(0.,1.,0.));
#2607=DIRECTION('ref_axis',(-1.,0.,0.));
#2608=DIRECTION('center_axis',(0.,1.,0.));
#2609=DIRECTION('ref_axis',(0.,0.,1.));
#2610=DIRECTION('',(1.,0.,0.));
#2611=DIRECTION('center_axis',(0.,-0.210774781278703,-0.977534649808852));
#2612=DIRECTION('ref_axis',(0.,0.977534649808852,-0.210774781278703));
#2613=DIRECTION('',(-1.,0.,0.));
#2614=DIRECTION('',(-1.,0.,0.));
#2615=DIRECTION('center_axis',(0.,-0.999979860072907,0.00634660921834395));
#2616=DIRECTION('ref_axis',(0.,-0.00634660921834395,-0.999979860072907));
#2617=DIRECTION('',(-1.,0.,0.));
#2618=DIRECTION('center_axis',(0.,-0.198349990552769,0.980131257152692));
#2619=DIRECTION('ref_axis',(0.,-0.980131257152692,-0.198349990552769));
#2620=DIRECTION('',(1.,0.,0.));
#2621=DIRECTION('center_axis',(0.,1.,0.));
#2622=DIRECTION('ref_axis',(0.,0.,1.));
#2623=DIRECTION('',(-1.,0.,0.));
#2624=DIRECTION('center_axis',(0.,1.,0.));
#2625=DIRECTION('ref_axis',(0.,0.,1.));
#2626=DIRECTION('',(-1.,0.,0.));
#2627=DIRECTION('center_axis',(0.,-0.210774781278703,-0.977534649808852));
#2628=DIRECTION('ref_axis',(0.,0.977534649808852,-0.210774781278703));
#2629=DIRECTION('',(-1.,0.,0.));
#2630=DIRECTION('center_axis',(0.,-0.999979860072907,0.00634660921834395));
#2631=DIRECTION('ref_axis',(0.,-0.00634660921834395,-0.999979860072907));
#2632=DIRECTION('',(-1.,0.,0.));
#2633=DIRECTION('center_axis',(0.,-0.198349990552769,0.980131257152692));
#2634=DIRECTION('ref_axis',(0.,-0.980131257152692,-0.198349990552769));
#2635=DIRECTION('',(1.,0.,0.));
#2636=DIRECTION('center_axis',(0.,1.,0.));
#2637=DIRECTION('ref_axis',(0.,0.,1.));
#2638=DIRECTION('',(-1.,0.,0.));
#2639=DIRECTION('center_axis',(0.,-0.210774781278703,-0.977534649808852));
#2640=DIRECTION('ref_axis',(0.,0.977534649808852,-0.210774781278703));
#2641=DIRECTION('',(-1.,0.,0.));
#2642=DIRECTION('center_axis',(0.,-0.999979860072907,0.00634660921834395));
#2643=DIRECTION('ref_axis',(0.,-0.00634660921834395,-0.999979860072907));
#2644=DIRECTION('',(-1.,0.,0.));
#2645=DIRECTION('center_axis',(0.,-0.198349990552769,0.980131257152692));
#2646=DIRECTION('ref_axis',(0.,-0.980131257152692,-0.198349990552769));
#2647=DIRECTION('',(1.,0.,0.));
#2648=DIRECTION('center_axis',(0.,1.,0.));
#2649=DIRECTION('ref_axis',(0.,0.,1.));
#2650=DIRECTION('',(-1.,0.,0.));
#2651=DIRECTION('center_axis',(0.,-0.210774781278703,-0.977534649808852));
#2652=DIRECTION('ref_axis',(0.,0.977534649808852,-0.210774781278703));
#2653=DIRECTION('',(-1.,0.,0.));
#2654=DIRECTION('center_axis',(0.,-0.999979860072907,0.00634660921834395));
#2655=DIRECTION('ref_axis',(0.,-0.00634660921834395,-0.999979860072907));
#2656=DIRECTION('',(-1.,0.,0.));
#2657=DIRECTION('center_axis',(0.,-0.198349990552769,0.980131257152692));
#2658=DIRECTION('ref_axis',(0.,-0.980131257152692,-0.198349990552769));
#2659=DIRECTION('',(1.,0.,0.));
#2660=DIRECTION('center_axis',(0.,1.,0.));
#2661=DIRECTION('ref_axis',(0.,0.,1.));
#2662=DIRECTION('',(-1.,0.,0.));
#2663=DIRECTION('center_axis',(0.,-0.210774781278703,-0.977534649808852));
#2664=DIRECTION('ref_axis',(0.,0.977534649808852,-0.210774781278703));
#2665=DIRECTION('',(-1.,0.,0.));
#2666=DIRECTION('center_axis',(0.,-0.999979860072907,0.00634660921834395));
#2667=DIRECTION('ref_axis',(0.,-0.00634660921834395,-0.999979860072907));
#2668=DIRECTION('',(-1.,0.,0.));
#2669=DIRECTION('center_axis',(0.,-0.198349990552769,0.980131257152692));
#2670=DIRECTION('ref_axis',(0.,-0.980131257152692,-0.198349990552769));
#2671=DIRECTION('',(1.,0.,0.));
#2672=DIRECTION('center_axis',(0.,1.,0.));
#2673=DIRECTION('ref_axis',(0.,0.,1.));
#2674=DIRECTION('',(-1.,0.,0.));
#2675=DIRECTION('center_axis',(0.,-0.210774781278703,-0.977534649808852));
#2676=DIRECTION('ref_axis',(0.,0.977534649808852,-0.210774781278703));
#2677=DIRECTION('',(-1.,0.,0.));
#2678=DIRECTION('center_axis',(0.,-0.999979860072907,0.00634660921834395));
#2679=DIRECTION('ref_axis',(0.,-0.00634660921834395,-0.999979860072907));
#2680=DIRECTION('',(-1.,0.,0.));
#2681=DIRECTION('center_axis',(0.,-0.198349990552769,0.980131257152692));
#2682=DIRECTION('ref_axis',(0.,-0.980131257152692,-0.198349990552769));
#2683=DIRECTION('',(1.,0.,0.));
#2684=DIRECTION('center_axis',(0.,1.,0.));
#2685=DIRECTION('ref_axis',(0.,0.,1.));
#2686=DIRECTION('',(-1.,0.,0.));
#2687=DIRECTION('center_axis',(0.,-0.210774781278703,-0.977534649808852));
#2688=DIRECTION('ref_axis',(0.,0.977534649808852,-0.210774781278703));
#2689=DIRECTION('',(-1.,0.,0.));
#2690=DIRECTION('center_axis',(0.,-0.999979860072907,0.00634660921834395));
#2691=DIRECTION('ref_axis',(0.,-0.00634660921834395,-0.999979860072907));
#2692=DIRECTION('',(-1.,0.,0.));
#2693=DIRECTION('center_axis',(0.,-0.198349990552769,0.980131257152692));
#2694=DIRECTION('ref_axis',(0.,-0.980131257152692,-0.198349990552769));
#2695=DIRECTION('',(1.,0.,0.));
#2696=DIRECTION('center_axis',(0.,1.,0.));
#2697=DIRECTION('ref_axis',(0.,0.,1.));
#2698=DIRECTION('',(-1.,0.,0.));
#2699=DIRECTION('center_axis',(0.,-0.210774781278703,-0.977534649808852));
#2700=DIRECTION('ref_axis',(0.,0.977534649808852,-0.210774781278703));
#2701=DIRECTION('',(-1.,0.,0.));
#2702=DIRECTION('center_axis',(0.,-0.999979860072907,0.00634660921834395));
#2703=DIRECTION('ref_axis',(0.,-0.00634660921834395,-0.999979860072907));
#2704=DIRECTION('',(-1.,0.,0.));
#2705=DIRECTION('center_axis',(0.,-0.198349990552769,0.980131257152692));
#2706=DIRECTION('ref_axis',(0.,-0.980131257152692,-0.198349990552769));
#2707=DIRECTION('center_axis',(0.,1.,0.));
#2708=DIRECTION('ref_axis',(-1.,0.,0.));
#2709=DIRECTION('center_axis',(0.,1.,0.));
#2710=DIRECTION('ref_axis',(-1.,0.,0.));
#2711=DIRECTION('',(0.,-1.,0.));
#2712=DIRECTION('center_axis',(0.,1.,0.));
#2713=DIRECTION('ref_axis',(-1.,0.,0.));
#2714=DIRECTION('center_axis',(0.,1.,0.));
#2715=DIRECTION('ref_axis',(-1.,0.,0.));
#2716=DIRECTION('center_axis',(0.,1.,0.));
#2717=DIRECTION('ref_axis',(-1.,0.,0.));
#2718=DIRECTION('center_axis',(0.,1.,0.));
#2719=DIRECTION('ref_axis',(-1.,0.,0.));
#2720=DIRECTION('center_axis',(0.,1.,0.));
#2721=DIRECTION('ref_axis',(-1.,0.,0.));
#2722=DIRECTION('',(-1.,0.,0.));
#2723=DIRECTION('center_axis',(0.,0.,-1.));
#2724=DIRECTION('ref_axis',(-1.,0.,0.));
#2725=DIRECTION('',(1.,0.,0.));
#2726=DIRECTION('center_axis',(0.,1.,0.));
#2727=DIRECTION('ref_axis',(-1.,0.,0.));
#2728=DIRECTION('center_axis',(0.,1.,0.));
#2729=DIRECTION('ref_axis',(-1.,0.,0.));
#2730=DIRECTION('',(0.,-1.,0.));
#2731=DIRECTION('center_axis',(0.,1.,0.));
#2732=DIRECTION('ref_axis',(-1.,0.,0.));
#2733=DIRECTION('center_axis',(0.,1.,0.));
#2734=DIRECTION('ref_axis',(-1.,0.,0.));
#2735=DIRECTION('center_axis',(0.,1.,0.));
#2736=DIRECTION('ref_axis',(-1.,0.,0.));
#2737=DIRECTION('center_axis',(0.,1.,0.));
#2738=DIRECTION('ref_axis',(-1.,0.,0.));
#2739=DIRECTION('center_axis',(0.,1.,0.));
#2740=DIRECTION('ref_axis',(-1.,0.,0.));
#2741=DIRECTION('',(1.,0.,0.));
#2742=DIRECTION('center_axis',(0.,-1.,0.));
#2743=DIRECTION('ref_axis',(-1.,0.,0.));
#2744=DIRECTION('center_axis',(0.,1.,0.));
#2745=DIRECTION('ref_axis',(-1.,0.,0.));
#2746=DIRECTION('',(0.,1.,0.));
#2747=DIRECTION('center_axis',(0.,-1.,0.));
#2748=DIRECTION('ref_axis',(-1.,0.,0.));
#2749=DIRECTION('center_axis',(0.,-1.,0.));
#2750=DIRECTION('ref_axis',(-1.,0.,0.));
#2751=DIRECTION('center_axis',(0.,1.,0.));
#2752=DIRECTION('ref_axis',(-1.,0.,0.));
#2753=DIRECTION('center_axis',(0.,-1.,0.));
#2754=DIRECTION('ref_axis',(-1.,0.,0.));
#2755=DIRECTION('center_axis',(0.,1.,0.));
#2756=DIRECTION('ref_axis',(-1.,0.,0.));
#2757=DIRECTION('',(0.,1.,0.));
#2758=DIRECTION('center_axis',(0.,-1.,0.));
#2759=DIRECTION('ref_axis',(-1.,0.,0.));
#2760=DIRECTION('center_axis',(0.,-1.,0.));
#2761=DIRECTION('ref_axis',(-1.,0.,0.));
#2762=DIRECTION('center_axis',(0.,1.,0.));
#2763=DIRECTION('ref_axis',(-1.,0.,0.));
#2764=DIRECTION('',(-1.,0.,0.));
#2765=DIRECTION('center_axis',(0.,0.,1.));
#2766=DIRECTION('ref_axis',(1.,0.,0.));
#2767=DIRECTION('center_axis',(0.,-0.210774781278703,-0.977534649808852));
#2768=DIRECTION('ref_axis',(0.,0.977534649808852,-0.210774781278703));
#2769=DIRECTION('',(-1.,0.,0.));
#2770=DIRECTION('center_axis',(0.,-0.999979860072907,0.00634660921834395));
#2771=DIRECTION('ref_axis',(0.,-0.00634660921834395,-0.999979860072907));
#2772=DIRECTION('',(-1.,0.,0.));
#2773=DIRECTION('center_axis',(0.,-0.198349990552769,0.980131257152692));
#2774=DIRECTION('ref_axis',(0.,-0.980131257152692,-0.198349990552769));
#2775=DIRECTION('center_axis',(0.,1.,0.));
#2776=DIRECTION('ref_axis',(-1.,0.,0.));
#2777=CARTESIAN_POINT('',(0.,0.,0.));
#2778=CARTESIAN_POINT('Origin',(-191.184312521269,10.4141940648559,29.3875509165408));
#2779=CARTESIAN_POINT('',(-184.184312521269,10.0964490852709,29.4560626860085));
#2780=CARTESIAN_POINT('',(-184.184312521269,11.7,29.1103070717319));
#2781=CARTESIAN_POINT('',(-184.184312521269,8.2793672799936,29.8478595600607));
#2782=CARTESIAN_POINT('',(-191.184312521269,11.7,29.1103070717319));
#2783=CARTESIAN_POINT('',(-191.184312521269,11.7,29.1103070717319));
#2784=CARTESIAN_POINT('',(-191.184312521269,10.0964490852709,29.4560626860085));
#2785=CARTESIAN_POINT('',(-191.184312521269,13.430358580139,28.7372093494836));
#2786=CARTESIAN_POINT('',(-191.184312521269,10.0964490852709,29.4560626860085));
#2787=CARTESIAN_POINT('Origin',(-191.184312521269,10.1016853379473,30.2810933501881));
#2788=CARTESIAN_POINT('',(-184.184312521269,10.1037482860146,30.6061340843312));
#2789=CARTESIAN_POINT('',(-184.184312521269,10.084824411057,27.6244641593099));
#2790=CARTESIAN_POINT('',(-191.184312521269,10.1037482860146,30.6061340843312));
#2791=CARTESIAN_POINT('',(-191.184312521269,9.92616237610453,2.62547114552419));
#2792=CARTESIAN_POINT('',(-191.184312521269,10.1037482860146,30.6061340843312));
#2793=CARTESIAN_POINT('Origin',(-191.184312521269,11.6206600037789,30.9131127901854));
#2794=CARTESIAN_POINT('',(-184.184312521269,11.7,30.9291688922493));
#2795=CARTESIAN_POINT('',(-184.184312521269,7.86578613623934,30.1532357933871));
#2796=CARTESIAN_POINT('',(-191.184312521269,11.7,30.9291688922493));
#2797=CARTESIAN_POINT('',(-191.184312521269,3.00556049632158,29.16966782458));
#2798=CARTESIAN_POINT('',(-191.184312521269,11.7,30.9291688922493));
#2799=CARTESIAN_POINT('Origin',(-191.184312521269,5.,-25.));
#2800=CARTESIAN_POINT('',(-191.184312521269,11.7,27.9291688922493));
#2801=CARTESIAN_POINT('',(-191.184312521269,11.7,-25.));
#2802=CARTESIAN_POINT('',(-191.184312521269,10.1037482860146,27.6061340843312));
#2803=CARTESIAN_POINT('',(-191.184312521269,3.29717403471664,26.2286819027084));
#2804=CARTESIAN_POINT('',(-191.184312521269,10.0964490852709,26.4560626860085));
#2805=CARTESIAN_POINT('',(-191.184312521269,9.93568209820168,1.12541072635133));
#2806=CARTESIAN_POINT('',(-191.184312521269,11.7,26.1103070717319));
#2807=CARTESIAN_POINT('',(-191.184312521269,13.1212991021302,25.8038483621182));
#2808=CARTESIAN_POINT('',(-191.184312521269,11.7,24.9291688922493));
#2809=CARTESIAN_POINT('',(-191.184312521269,11.7,-25.));
#2810=CARTESIAN_POINT('',(-191.184312521269,10.1037482860146,24.6061340843312));
#2811=CARTESIAN_POINT('',(-191.184312521269,3.58878757311171,23.2876959808369));
#2812=CARTESIAN_POINT('',(-191.184312521269,10.0964490852709,23.4560626860085));
#2813=CARTESIAN_POINT('',(-191.184312521269,9.94520182029883,-0.374649692821524));
#2814=CARTESIAN_POINT('',(-191.184312521269,11.7,23.1103070717319));
#2815=CARTESIAN_POINT('',(-191.184312521269,12.8122396241215,22.8704873747528));
#2816=CARTESIAN_POINT('',(-191.184312521269,11.7,21.9291688922493));
#2817=CARTESIAN_POINT('',(-191.184312521269,11.7,-25.));
#2818=CARTESIAN_POINT('',(-191.184312521269,10.1037482860146,21.6061340843312));
#2819=CARTESIAN_POINT('',(-191.184312521269,3.88040111150677,20.3467100589653));
#2820=CARTESIAN_POINT('',(-191.184312521269,10.0964490852709,20.4560626860085));
#2821=CARTESIAN_POINT('',(-191.184312521269,9.95472154239597,-1.87471011199438));
#2822=CARTESIAN_POINT('',(-191.184312521269,11.7,20.1103070717319));
#2823=CARTESIAN_POINT('',(-191.184312521269,12.5031801461128,19.9371263873875));
#2824=CARTESIAN_POINT('',(-191.184312521269,11.7,18.9291688922493));
#2825=CARTESIAN_POINT('',(-191.184312521269,11.7,-25.));
#2826=CARTESIAN_POINT('',(-191.184312521269,10.1037482860146,18.6061340843312));
#2827=CARTESIAN_POINT('',(-191.184312521269,4.17201464990184,17.4057241370937));
#2828=CARTESIAN_POINT('',(-191.184312521269,10.0964490852709,17.4560626860085));
#2829=CARTESIAN_POINT('',(-191.184312521269,9.96424126449311,-3.37477053116724));
#2830=CARTESIAN_POINT('',(-191.184312521269,11.7,17.1103070717319));
#2831=CARTESIAN_POINT('',(-191.184312521269,12.1941206681041,17.0037654000221));
#2832=CARTESIAN_POINT('',(-191.184312521269,11.7,15.9291688922493));
#2833=CARTESIAN_POINT('',(-191.184312521269,11.7,-25.));
#2834=CARTESIAN_POINT('',(-191.184312521269,10.1037482860146,15.6061340843312));
#2835=CARTESIAN_POINT('',(-191.184312521269,4.4636281882969,14.4647382152221));
#2836=CARTESIAN_POINT('',(-191.184312521269,10.0964490852709,14.4560626860085));
#2837=CARTESIAN_POINT('',(-191.184312521269,9.97376098659026,-4.87483095034009));
#2838=CARTESIAN_POINT('',(-191.184312521269,11.7,14.1103070717319));
#2839=CARTESIAN_POINT('',(-191.184312521269,11.8850611900953,14.0704044126567));
#2840=CARTESIAN_POINT('',(-191.184312521269,11.7,12.9291688922493));
#2841=CARTESIAN_POINT('',(-191.184312521269,11.7,-25.));
#2842=CARTESIAN_POINT('',(-191.184312521269,10.1037482860146,12.6061340843312));
#2843=CARTESIAN_POINT('',(-191.184312521269,4.75524172669197,11.5237522933506));
#2844=CARTESIAN_POINT('',(-191.184312521269,10.0964490852709,11.4560626860085));
#2845=CARTESIAN_POINT('',(-191.184312521269,9.98328070868741,-6.37489136951295));
#2846=CARTESIAN_POINT('',(-191.184312521269,11.7,11.1103070717319));
#2847=CARTESIAN_POINT('',(-191.184312521269,11.5760017120866,11.1370434252913));
#2848=CARTESIAN_POINT('',(-191.184312521269,11.7,9.92916889224933));
#2849=CARTESIAN_POINT('',(-191.184312521269,11.7,-25.));
#2850=CARTESIAN_POINT('',(-191.184312521269,10.1037482860146,9.60613408433123));
#2851=CARTESIAN_POINT('',(-191.184312521269,5.04685526508704,8.58276637147899));
#2852=CARTESIAN_POINT('',(-191.184312521269,10.0964490852709,8.45606268600849));
#2853=CARTESIAN_POINT('',(-191.184312521269,9.99280043078455,-7.8749517886858));
#2854=CARTESIAN_POINT('',(-191.184312521269,11.7,8.11030707173192));
#2855=CARTESIAN_POINT('',(-191.184312521269,11.2669422340779,8.20368243792597));
#2856=CARTESIAN_POINT('',(-191.184312521269,11.7,6.92916889224933));
#2857=CARTESIAN_POINT('',(-191.184312521269,11.7,-25.));
#2858=CARTESIAN_POINT('',(-191.184312521269,10.1037482860146,6.60613408433123));
#2859=CARTESIAN_POINT('',(-191.184312521269,5.3384688034821,5.64178044960741));
#2860=CARTESIAN_POINT('',(-191.184312521269,10.0964490852709,5.45606268600849));
#2861=CARTESIAN_POINT('',(-191.184312521269,10.0023201528817,-9.37501220785866));
#2862=CARTESIAN_POINT('',(-191.184312521269,11.7,5.11030707173192));
#2863=CARTESIAN_POINT('',(-191.184312521269,10.9578827560692,5.27032145056059));
#2864=CARTESIAN_POINT('',(-191.184312521269,11.7,3.92916889224933));
#2865=CARTESIAN_POINT('',(-191.184312521269,11.7,-25.));
#2866=CARTESIAN_POINT('',(-191.184312521269,10.1037482860146,3.60613408433123));
#2867=CARTESIAN_POINT('',(-191.184312521269,5.63008234187717,2.70079452773583));
#2868=CARTESIAN_POINT('',(-191.184312521269,10.0964490852709,2.45606268600849));
#2869=CARTESIAN_POINT('',(-191.184312521269,10.0118398749788,-10.8750726270315));
#2870=CARTESIAN_POINT('',(-191.184312521269,11.7,2.11030707173192));
#2871=CARTESIAN_POINT('',(-191.184312521269,10.6488232780605,2.33696046319522));
#2872=CARTESIAN_POINT('',(-191.184312521269,11.7,0.929168892249326));
#2873=CARTESIAN_POINT('',(-191.184312521269,11.7,-25.));
#2874=CARTESIAN_POINT('',(-191.184312521269,10.1037482860146,0.606134084331229));
#2875=CARTESIAN_POINT('',(-191.184312521269,5.92169588027223,-0.240191394135743));
#2876=CARTESIAN_POINT('',(-191.184312521269,10.0964490852709,-0.543937313991515));
#2877=CARTESIAN_POINT('',(-191.184312521269,10.021359597076,-12.3751330462044));
#2878=CARTESIAN_POINT('',(-191.184312521269,11.7,-0.889692928268083));
#2879=CARTESIAN_POINT('',(-191.184312521269,10.3397638000517,-0.596400524170153));
#2880=CARTESIAN_POINT('',(-191.184312521269,11.7,-2.07083110775068));
#2881=CARTESIAN_POINT('',(-191.184312521269,11.7,-25.));
#2882=CARTESIAN_POINT('',(-191.184312521269,10.1037482860146,-2.39386591566877));
#2883=CARTESIAN_POINT('',(-191.184312521269,6.2133094186673,-3.18117731600732));
#2884=CARTESIAN_POINT('',(-191.184312521269,10.0964490852709,-3.54393731399152));
#2885=CARTESIAN_POINT('',(-191.184312521269,10.0308793191731,-13.8751934653772));
#2886=CARTESIAN_POINT('',(-191.184312521269,11.7,-3.88969292826808));
#2887=CARTESIAN_POINT('',(-191.184312521269,10.030704322043,-3.52976151153553));
#2888=CARTESIAN_POINT('',(-191.184312521269,11.7,-5.07083110775068));
#2889=CARTESIAN_POINT('',(-191.184312521269,11.7,-25.));
#2890=CARTESIAN_POINT('',(-191.184312521269,10.1037482860146,-5.39386591566877));
#2891=CARTESIAN_POINT('',(-191.184312521269,6.50492295706236,-6.12216323787889));
#2892=CARTESIAN_POINT('',(-191.184312521269,10.0964490852709,-6.54393731399152));
#2893=CARTESIAN_POINT('',(-191.184312521269,10.0403990412703,-15.3752538845501));
#2894=CARTESIAN_POINT('',(-191.184312521269,11.7,-6.88969292826808));
#2895=CARTESIAN_POINT('',(-191.184312521269,9.7216448440343,-6.4631224989009));
#2896=CARTESIAN_POINT('',(-191.184312521269,11.7,-8.07083110775068));
#2897=CARTESIAN_POINT('',(-191.184312521269,11.7,-25.));
#2898=CARTESIAN_POINT('',(-191.184312521269,10.1037482860146,-8.39386591566877));
#2899=CARTESIAN_POINT('',(-191.184312521269,6.79653649545743,-9.06314915975047));
#2900=CARTESIAN_POINT('',(-191.184312521269,10.0964490852709,-9.54393731399152));
#2901=CARTESIAN_POINT('',(-191.184312521269,10.0499187633674,-16.8753143037229));
#2902=CARTESIAN_POINT('',(-191.184312521269,11.7,-9.88969292826808));
#2903=CARTESIAN_POINT('',(-191.184312521269,9.41258536602558,-9.39648348626627));
#2904=CARTESIAN_POINT('',(-191.184312521269,11.7,-11.0708311077507));
#2905=CARTESIAN_POINT('',(-191.184312521269,11.7,-25.));
#2906=CARTESIAN_POINT('',(-191.184312521269,10.1037482860146,-11.3938659156688));
#2907=CARTESIAN_POINT('',(-191.184312521269,7.0881500338525,-12.004135081622));
#2908=CARTESIAN_POINT('',(-191.184312521269,10.0964490852709,-12.5439373139915));
#2909=CARTESIAN_POINT('',(-191.184312521269,10.0594384854646,-18.3753747228958));
#2910=CARTESIAN_POINT('',(-191.184312521269,11.7,-12.8896929282681));
#2911=CARTESIAN_POINT('',(-191.184312521269,9.10352588801686,-12.3298444736316));
#2912=CARTESIAN_POINT('',(-191.184312521269,11.7,-14.0708311077507));
#2913=CARTESIAN_POINT('',(-191.184312521269,11.7,-25.));
#2914=CARTESIAN_POINT('',(-191.184312521269,10.1037482860146,-14.3938659156688));
#2915=CARTESIAN_POINT('',(-191.184312521269,7.37976357224756,-14.9451210034936));
#2916=CARTESIAN_POINT('',(-191.184312521269,10.0964490852709,-15.5439373139915));
#2917=CARTESIAN_POINT('',(-191.184312521269,10.0689582075617,-19.8754351420687));
#2918=CARTESIAN_POINT('',(-191.184312521269,11.7,-15.8896929282681));
#2919=CARTESIAN_POINT('',(-191.184312521269,8.79446641000814,-15.263205460997));
#2920=CARTESIAN_POINT('',(-191.184312521269,11.7,-17.0708311077507));
#2921=CARTESIAN_POINT('',(-191.184312521269,11.7,-25.));
#2922=CARTESIAN_POINT('',(-191.184312521269,10.1037482860146,-17.3938659156688));
#2923=CARTESIAN_POINT('',(-191.184312521269,7.67137711064263,-17.8861069253652));
#2924=CARTESIAN_POINT('',(-191.184312521269,10.0964490852709,-18.5439373139915));
#2925=CARTESIAN_POINT('',(-191.184312521269,10.0784779296589,-21.3754955612415));
#2926=CARTESIAN_POINT('',(-191.184312521269,11.7,-18.8896929282681));
#2927=CARTESIAN_POINT('',(-191.184312521269,8.48540693199942,-18.1965664483624));
#2928=CARTESIAN_POINT('',(-191.184312521269,11.7,-20.0708311077507));
#2929=CARTESIAN_POINT('',(-191.184312521269,11.7,-25.));
#2930=CARTESIAN_POINT('',(-191.184312521269,10.1037482860146,-20.3938659156688));
#2931=CARTESIAN_POINT('',(-191.184312521269,7.96299064903769,-20.8270928472368));
#2932=CARTESIAN_POINT('',(-191.184312521269,10.0964490852709,-21.5439373139915));
#2933=CARTESIAN_POINT('',(-191.184312521269,10.087997651756,-22.8755559804144));
#2934=CARTESIAN_POINT('',(-191.184312521269,11.7,-21.8896929282681));
#2935=CARTESIAN_POINT('',(-191.184312521269,8.1763474539907,-21.1299274357278));
#2936=CARTESIAN_POINT('',(-191.184312521269,11.7,-23.0708311077507));
#2937=CARTESIAN_POINT('',(-191.184312521269,11.7,-25.));
#2938=CARTESIAN_POINT('',(-191.184312521269,10.1037482860146,-23.3938659156688));
#2939=CARTESIAN_POINT('',(-191.184312521269,8.25460418743276,-23.7680787691083));
#2940=CARTESIAN_POINT('',(-191.184312521269,10.0964490852709,-24.5439373139915));
#2941=CARTESIAN_POINT('',(-191.184312521269,10.0975173738532,-24.3756163995872));
#2942=CARTESIAN_POINT('',(-191.184312521269,11.7,-24.8896929282681));
#2943=CARTESIAN_POINT('',(-191.184312521269,7.86728797598197,-24.0632884230931));
#2944=CARTESIAN_POINT('',(-191.184312521269,11.7,-26.0708311077507));
#2945=CARTESIAN_POINT('',(-191.184312521269,11.7,-25.));
#2946=CARTESIAN_POINT('',(-191.184312521269,10.1037482860146,-26.3938659156688));
#2947=CARTESIAN_POINT('',(-191.184312521269,8.54621772582782,-26.7090646909799));
#2948=CARTESIAN_POINT('',(-191.184312521269,10.0964490852709,-27.5439373139915));
#2949=CARTESIAN_POINT('',(-191.184312521269,10.1070370959503,-25.8756768187601));
#2950=CARTESIAN_POINT('',(-191.184312521269,11.7,-27.8896929282681));
#2951=CARTESIAN_POINT('',(-191.184312521269,7.55822849797325,-26.9966494104585));
#2952=CARTESIAN_POINT('',(-191.184312521269,11.7,-29.0708311077507));
#2953=CARTESIAN_POINT('',(-191.184312521269,11.7,-25.));
#2954=CARTESIAN_POINT('',(-191.184312521269,10.1037482860146,-29.3938659156688));
#2955=CARTESIAN_POINT('',(-191.184312521269,8.83783126422289,-29.6500506128515));
#2956=CARTESIAN_POINT('',(-191.184312521269,10.0964490852709,-30.5439373139915));
#2957=CARTESIAN_POINT('',(-191.184312521269,10.1165568180474,-27.3757372379329));
#2958=CARTESIAN_POINT('',(-191.184312521269,11.7,-30.8896929282681));
#2959=CARTESIAN_POINT('',(-191.184312521269,7.24916901996453,-29.9300103978239));
#2960=CARTESIAN_POINT('',(-191.184312521269,11.7,-35.0000005215406));
#2961=CARTESIAN_POINT('',(-191.184312521269,11.7,-25.));
#2962=CARTESIAN_POINT('',(-191.184312521269,9.7,-35.0000005215406));
#2963=CARTESIAN_POINT('',(-191.184312521269,11.7,-35.0000005215406));
#2964=CARTESIAN_POINT('',(-191.184312521269,9.7,-29.));
#2965=CARTESIAN_POINT('',(-191.184312521269,9.7,-29.));
#2966=CARTESIAN_POINT('',(-191.184312521269,7.,-29.));
#2967=CARTESIAN_POINT('',(-191.184312521269,5.,-29.));
#2968=CARTESIAN_POINT('',(-191.184312521269,7.,-35.0000005215406));
#2969=CARTESIAN_POINT('',(-191.184312521269,7.,-29.));
#2970=CARTESIAN_POINT('',(-191.184312521269,5.,-35.0000005215406));
#2971=CARTESIAN_POINT('',(-191.184312521269,5.,-35.0000005215406));
#2972=CARTESIAN_POINT('',(-191.184312521269,5.,35.0000005215406));
#2973=CARTESIAN_POINT('',(-191.184312521269,5.,-25.));
#2974=CARTESIAN_POINT('',(-191.184312521269,7.,35.0000005215406));
#2975=CARTESIAN_POINT('',(-191.184312521269,5.,35.0000005215406));
#2976=CARTESIAN_POINT('',(-191.184312521269,7.,29.));
#2977=CARTESIAN_POINT('',(-191.184312521269,7.,29.));
#2978=CARTESIAN_POINT('',(-191.184312521269,9.7,29.));
#2979=CARTESIAN_POINT('',(-191.184312521269,5.,29.));
#2980=CARTESIAN_POINT('',(-191.184312521269,9.7,35.0000005215406));
#2981=CARTESIAN_POINT('',(-191.184312521269,9.7,29.));
#2982=CARTESIAN_POINT('',(-191.184312521269,11.7,35.0000005215406));
#2983=CARTESIAN_POINT('',(-191.184312521269,11.7,35.0000005215406));
#2984=CARTESIAN_POINT('',(-191.184312521269,11.7,-25.));
#2985=CARTESIAN_POINT('Origin',(-191.184312521269,11.7,-25.));
#2986=CARTESIAN_POINT('',(-184.184312521269,11.7,27.9291688922493));
#2987=CARTESIAN_POINT('',(-184.184312521269,11.7,25.));
#2988=CARTESIAN_POINT('',(-191.184312521269,11.7,27.9291688922493));
#2989=CARTESIAN_POINT('Origin',(-191.184312521269,10.4141940648559,-30.6124490834593));
#2990=CARTESIAN_POINT('',(-184.184312521269,10.0964490852709,-30.5439373139915));
#2991=CARTESIAN_POINT('',(-184.184312521269,11.7,-30.8896929282681));
#2992=CARTESIAN_POINT('',(-184.184312521269,2.09817771981919,-28.8193601872468));
#2993=CARTESIAN_POINT('',(-191.184312521269,11.7,-30.8896929282681));
#2994=CARTESIAN_POINT('',(-191.184312521269,10.0964490852709,-30.5439373139915));
#2995=CARTESIAN_POINT('Origin',(-191.184312521269,10.1016853379473,-29.7189066498119));
#2996=CARTESIAN_POINT('',(-184.184312521269,10.1037482860146,-29.3938659156688));
#2997=CARTESIAN_POINT('',(-184.184312521269,10.2752188529999,-2.37674422414719));
#2998=CARTESIAN_POINT('',(-191.184312521269,10.1037482860146,-29.3938659156688));
#2999=CARTESIAN_POINT('Origin',(-191.184312521269,11.6206600037789,-29.0868872098146));
#3000=CARTESIAN_POINT('',(-184.184312521269,11.7,-29.0708311077507));
#3001=CARTESIAN_POINT('',(-184.184312521269,13.6980569041407,-28.6664826440444));
#3002=CARTESIAN_POINT('',(-191.184312521269,11.7,-29.0708311077507));
#3003=CARTESIAN_POINT('Origin',(-184.184312521269,5.,25.));
#3004=CARTESIAN_POINT('',(-184.184312521269,11.7,35.0000005215406));
#3005=CARTESIAN_POINT('',(-184.184312521269,11.7,25.));
#3006=CARTESIAN_POINT('',(-184.184312521269,9.7,35.0000005215406));
#3007=CARTESIAN_POINT('',(-184.184312521269,11.7,35.0000005215406));
#3008=CARTESIAN_POINT('',(-184.184312521269,9.7,29.));
#3009=CARTESIAN_POINT('',(-184.184312521269,9.7,29.));
#3010=CARTESIAN_POINT('',(-184.184312521269,7.,29.));
#3011=CARTESIAN_POINT('',(-184.184312521269,5.,29.));
#3012=CARTESIAN_POINT('',(-184.184312521269,7.,35.0000005215406));
#3013=CARTESIAN_POINT('',(-184.184312521269,7.,29.));
#3014=CARTESIAN_POINT('',(-184.184312521269,5.,35.0000005215406));
#3015=CARTESIAN_POINT('',(-184.184312521269,5.,35.0000005215406));
#3016=CARTESIAN_POINT('',(-184.184312521269,5.,-35.0000005215406));
#3017=CARTESIAN_POINT('',(-184.184312521269,5.,25.));
#3018=CARTESIAN_POINT('',(-184.184312521269,7.,-35.0000005215406));
#3019=CARTESIAN_POINT('',(-184.184312521269,5.,-35.0000005215406));
#3020=CARTESIAN_POINT('',(-184.184312521269,7.,-29.));
#3021=CARTESIAN_POINT('',(-184.184312521269,7.,-29.));
#3022=CARTESIAN_POINT('',(-184.184312521269,9.7,-29.));
#3023=CARTESIAN_POINT('',(-184.184312521269,5.,-29.));
#3024=CARTESIAN_POINT('',(-184.184312521269,9.7,-35.0000005215406));
#3025=CARTESIAN_POINT('',(-184.184312521269,9.7,-29.));
#3026=CARTESIAN_POINT('',(-184.184312521269,11.7,-35.0000005215406));
#3027=CARTESIAN_POINT('',(-184.184312521269,11.7,-35.0000005215406));
#3028=CARTESIAN_POINT('',(-184.184312521269,11.7,-12.5));
#3029=CARTESIAN_POINT('',(-184.184312521269,11.7,-27.8896929282681));
#3030=CARTESIAN_POINT('',(-184.184312521269,11.7,-12.5));
#3031=CARTESIAN_POINT('',(-184.184312521269,10.0964490852709,-27.5439373139915));
#3032=CARTESIAN_POINT('',(-184.184312521269,2.40723719782791,-25.8859991998814));
#3033=CARTESIAN_POINT('',(-184.184312521269,10.1037482860146,-26.3938659156688));
#3034=CARTESIAN_POINT('',(-184.184312521269,10.2656991309027,-0.876683804974331));
#3035=CARTESIAN_POINT('',(-184.184312521269,11.7,-26.0708311077507));
#3036=CARTESIAN_POINT('',(-184.184312521269,13.4064433657456,-25.7254967221728));
#3037=CARTESIAN_POINT('',(-184.184312521269,11.7,-24.8896929282681));
#3038=CARTESIAN_POINT('',(-184.184312521269,11.7,-12.5));
#3039=CARTESIAN_POINT('',(-184.184312521269,10.0964490852709,-24.5439373139915));
#3040=CARTESIAN_POINT('',(-184.184312521269,2.71629667583663,-22.952638212516));
#3041=CARTESIAN_POINT('',(-184.184312521269,10.1037482860146,-23.3938659156688));
#3042=CARTESIAN_POINT('',(-184.184312521269,10.2561794088056,0.623376614198524));
#3043=CARTESIAN_POINT('',(-184.184312521269,11.7,-23.0708311077507));
#3044=CARTESIAN_POINT('',(-184.184312521269,13.1148298273505,-22.7845108003013));
#3045=CARTESIAN_POINT('',(-184.184312521269,11.7,-21.8896929282681));
#3046=CARTESIAN_POINT('',(-184.184312521269,11.7,-12.5));
#3047=CARTESIAN_POINT('',(-184.184312521269,10.0964490852709,-21.5439373139915));
#3048=CARTESIAN_POINT('',(-184.184312521269,3.02535615384535,-20.0192772251506));
#3049=CARTESIAN_POINT('',(-184.184312521269,10.1037482860146,-20.3938659156688));
#3050=CARTESIAN_POINT('',(-184.184312521269,10.2466596867084,2.12343703337138));
#3051=CARTESIAN_POINT('',(-184.184312521269,11.7,-20.0708311077507));
#3052=CARTESIAN_POINT('',(-184.184312521269,12.8232162889555,-19.8435248784297));
#3053=CARTESIAN_POINT('',(-184.184312521269,11.7,-18.8896929282681));
#3054=CARTESIAN_POINT('',(-184.184312521269,11.7,-12.5));
#3055=CARTESIAN_POINT('',(-184.184312521269,10.0964490852709,-18.5439373139915));
#3056=CARTESIAN_POINT('',(-184.184312521269,3.33441563185407,-17.0859162377853));
#3057=CARTESIAN_POINT('',(-184.184312521269,10.1037482860146,-17.3938659156688));
#3058=CARTESIAN_POINT('',(-184.184312521269,10.2371399646113,3.62349745254424));
#3059=CARTESIAN_POINT('',(-184.184312521269,11.7,-17.0708311077507));
#3060=CARTESIAN_POINT('',(-184.184312521269,12.5316027505604,-16.9025389565581));
#3061=CARTESIAN_POINT('',(-184.184312521269,11.7,-15.8896929282681));
#3062=CARTESIAN_POINT('',(-184.184312521269,11.7,-12.5));
#3063=CARTESIAN_POINT('',(-184.184312521269,10.0964490852709,-15.5439373139915));
#3064=CARTESIAN_POINT('',(-184.184312521269,3.64347510986279,-14.1525552504199));
#3065=CARTESIAN_POINT('',(-184.184312521269,10.1037482860146,-14.3938659156688));
#3066=CARTESIAN_POINT('',(-184.184312521269,10.2276202425141,5.12355787171709));
#3067=CARTESIAN_POINT('',(-184.184312521269,11.7,-14.0708311077507));
#3068=CARTESIAN_POINT('',(-184.184312521269,12.2399892121653,-13.9615530346865));
#3069=CARTESIAN_POINT('',(-184.184312521269,11.7,-12.8896929282681));
#3070=CARTESIAN_POINT('',(-184.184312521269,11.7,-12.5));
#3071=CARTESIAN_POINT('',(-184.184312521269,10.0964490852709,-12.5439373139915));
#3072=CARTESIAN_POINT('',(-184.184312521269,3.95253458787151,-11.2191942630545));
#3073=CARTESIAN_POINT('',(-184.184312521269,10.1037482860146,-11.3938659156688));
#3074=CARTESIAN_POINT('',(-184.184312521269,10.218100520417,6.62361829088995));
#3075=CARTESIAN_POINT('',(-184.184312521269,11.7,-11.0708311077507));
#3076=CARTESIAN_POINT('',(-184.184312521269,11.9483756737703,-11.020567112815));
#3077=CARTESIAN_POINT('',(-184.184312521269,11.7,-9.88969292826809));
#3078=CARTESIAN_POINT('',(-184.184312521269,11.7,-12.5));
#3079=CARTESIAN_POINT('',(-184.184312521269,10.0964490852709,-9.54393731399152));
#3080=CARTESIAN_POINT('',(-184.184312521269,4.26159406588023,-8.28583327568915));
#3081=CARTESIAN_POINT('',(-184.184312521269,10.1037482860146,-8.39386591566877));
#3082=CARTESIAN_POINT('',(-184.184312521269,10.2085807983199,8.1236787100628));
#3083=CARTESIAN_POINT('',(-184.184312521269,11.7,-8.07083110775068));
#3084=CARTESIAN_POINT('',(-184.184312521269,11.6567621353752,-8.07958119094338));
#3085=CARTESIAN_POINT('',(-184.184312521269,11.7,-6.88969292826808));
#3086=CARTESIAN_POINT('',(-184.184312521269,11.7,-12.5));
#3087=CARTESIAN_POINT('',(-184.184312521269,10.0964490852709,-6.54393731399152));
#3088=CARTESIAN_POINT('',(-184.184312521269,4.57065354388895,-5.35247228832377));
#3089=CARTESIAN_POINT('',(-184.184312521269,10.1037482860146,-5.39386591566877));
#3090=CARTESIAN_POINT('',(-184.184312521269,10.1990610762227,9.62373912923566));
#3091=CARTESIAN_POINT('',(-184.184312521269,11.7,-5.07083110775068));
#3092=CARTESIAN_POINT('',(-184.184312521269,11.3651485969801,-5.1385952690718));
#3093=CARTESIAN_POINT('',(-184.184312521269,11.7,-3.88969292826808));
#3094=CARTESIAN_POINT('',(-184.184312521269,11.7,-12.5));
#3095=CARTESIAN_POINT('',(-184.184312521269,10.0964490852709,-3.54393731399152));
#3096=CARTESIAN_POINT('',(-184.184312521269,4.87971302189767,-2.4191113009584));
#3097=CARTESIAN_POINT('',(-184.184312521269,10.1037482860146,-2.39386591566877));
#3098=CARTESIAN_POINT('',(-184.184312521269,10.1895413541256,11.1237995484085));
#3099=CARTESIAN_POINT('',(-184.184312521269,11.7,-2.07083110775068));
#3100=CARTESIAN_POINT('',(-184.184312521269,11.0735350585851,-2.19760934720023));
#3101=CARTESIAN_POINT('',(-184.184312521269,11.7,-0.889692928268084));
#3102=CARTESIAN_POINT('',(-184.184312521269,11.7,-12.5));
#3103=CARTESIAN_POINT('',(-184.184312521269,10.0964490852709,-0.543937313991515));
#3104=CARTESIAN_POINT('',(-184.184312521269,5.18877249990639,0.514249686406971));
#3105=CARTESIAN_POINT('',(-184.184312521269,10.1037482860146,0.606134084331229));
#3106=CARTESIAN_POINT('',(-184.184312521269,10.1800216320284,12.6238599675814));
#3107=CARTESIAN_POINT('',(-184.184312521269,11.7,0.929168892249326));
#3108=CARTESIAN_POINT('',(-184.184312521269,10.78192152019,0.743376574671346));
#3109=CARTESIAN_POINT('',(-184.184312521269,11.7,2.11030707173192));
#3110=CARTESIAN_POINT('',(-184.184312521269,11.7,25.));
#3111=CARTESIAN_POINT('',(-184.184312521269,10.0964490852709,2.45606268600849));
#3112=CARTESIAN_POINT('',(-184.184312521269,5.49783197791512,3.44761067377234));
#3113=CARTESIAN_POINT('',(-184.184312521269,10.1037482860146,3.60613408433123));
#3114=CARTESIAN_POINT('',(-184.184312521269,10.1705019099313,14.1239203867542));
#3115=CARTESIAN_POINT('',(-184.184312521269,11.7,3.92916889224933));
#3116=CARTESIAN_POINT('',(-184.184312521269,10.4903079817949,3.68436249654292));
#3117=CARTESIAN_POINT('',(-184.184312521269,11.7,5.11030707173192));
#3118=CARTESIAN_POINT('',(-184.184312521269,11.7,25.));
#3119=CARTESIAN_POINT('',(-184.184312521269,10.0964490852709,5.45606268600849));
#3120=CARTESIAN_POINT('',(-184.184312521269,5.80689145592384,6.38097166113772));
#3121=CARTESIAN_POINT('',(-184.184312521269,10.1037482860146,6.60613408433123));
#3122=CARTESIAN_POINT('',(-184.184312521269,10.1609821878341,15.6239808059271));
#3123=CARTESIAN_POINT('',(-184.184312521269,11.7,6.92916889224933));
#3124=CARTESIAN_POINT('',(-184.184312521269,10.1986944433999,6.6253484184145));
#3125=CARTESIAN_POINT('',(-184.184312521269,11.7,8.11030707173192));
#3126=CARTESIAN_POINT('',(-184.184312521269,11.7,25.));
#3127=CARTESIAN_POINT('',(-184.184312521269,10.0964490852709,8.45606268600849));
#3128=CARTESIAN_POINT('',(-184.184312521269,6.11595093393256,9.31433264850309));
#3129=CARTESIAN_POINT('',(-184.184312521269,10.1037482860146,9.60613408433123));
#3130=CARTESIAN_POINT('',(-184.184312521269,10.151462465737,17.1240412250999));
#3131=CARTESIAN_POINT('',(-184.184312521269,11.7,9.92916889224933));
#3132=CARTESIAN_POINT('',(-184.184312521269,9.9070809050048,9.56633434028607));
#3133=CARTESIAN_POINT('',(-184.184312521269,11.7,11.1103070717319));
#3134=CARTESIAN_POINT('',(-184.184312521269,11.7,25.));
#3135=CARTESIAN_POINT('',(-184.184312521269,10.0964490852709,11.4560626860085));
#3136=CARTESIAN_POINT('',(-184.184312521269,6.42501041194128,12.2476936358685));
#3137=CARTESIAN_POINT('',(-184.184312521269,10.1037482860146,12.6061340843312));
#3138=CARTESIAN_POINT('',(-184.184312521269,10.1419427436398,18.6241016442728));
#3139=CARTESIAN_POINT('',(-184.184312521269,11.7,12.9291688922493));
#3140=CARTESIAN_POINT('',(-184.184312521269,9.61546736660973,12.5073202621576));
#3141=CARTESIAN_POINT('',(-184.184312521269,11.7,14.1103070717319));
#3142=CARTESIAN_POINT('',(-184.184312521269,11.7,25.));
#3143=CARTESIAN_POINT('',(-184.184312521269,10.0964490852709,14.4560626860085));
#3144=CARTESIAN_POINT('',(-184.184312521269,6.73406988995,15.1810546232338));
#3145=CARTESIAN_POINT('',(-184.184312521269,10.1037482860146,15.6061340843312));
#3146=CARTESIAN_POINT('',(-184.184312521269,10.1324230215427,20.1241620634456));
#3147=CARTESIAN_POINT('',(-184.184312521269,11.7,15.9291688922493));
#3148=CARTESIAN_POINT('',(-184.184312521269,9.32385382821467,15.4483061840292));
#3149=CARTESIAN_POINT('',(-184.184312521269,11.7,17.1103070717319));
#3150=CARTESIAN_POINT('',(-184.184312521269,11.7,25.));
#3151=CARTESIAN_POINT('',(-184.184312521269,10.0964490852709,17.4560626860085));
#3152=CARTESIAN_POINT('',(-184.184312521269,7.04312936795872,18.1144156105992));
#3153=CARTESIAN_POINT('',(-184.184312521269,10.1037482860146,18.6061340843312));
#3154=CARTESIAN_POINT('',(-184.184312521269,10.1229032994455,21.6242224826185));
#3155=CARTESIAN_POINT('',(-184.184312521269,11.7,18.9291688922493));
#3156=CARTESIAN_POINT('',(-184.184312521269,9.0322402898196,18.3892921059008));
#3157=CARTESIAN_POINT('',(-184.184312521269,11.7,20.1103070717319));
#3158=CARTESIAN_POINT('',(-184.184312521269,11.7,25.));
#3159=CARTESIAN_POINT('',(-184.184312521269,10.0964490852709,20.4560626860085));
#3160=CARTESIAN_POINT('',(-184.184312521269,7.35218884596744,21.0477765979646));
#3161=CARTESIAN_POINT('',(-184.184312521269,10.1037482860146,21.6061340843312));
#3162=CARTESIAN_POINT('',(-184.184312521269,10.1133835773484,23.1242829017914));
#3163=CARTESIAN_POINT('',(-184.184312521269,11.7,21.9291688922493));
#3164=CARTESIAN_POINT('',(-184.184312521269,8.74062675142453,21.3302780277724));
#3165=CARTESIAN_POINT('',(-184.184312521269,11.7,23.1103070717319));
#3166=CARTESIAN_POINT('',(-184.184312521269,11.7,0.));
#3167=CARTESIAN_POINT('',(-184.184312521269,10.0964490852709,23.4560626860085));
#3168=CARTESIAN_POINT('',(-184.184312521269,7.66124832397616,23.98113758533));
#3169=CARTESIAN_POINT('',(-184.184312521269,10.1037482860146,24.6061340843312));
#3170=CARTESIAN_POINT('',(-184.184312521269,10.1038638552512,24.6243433209642));
#3171=CARTESIAN_POINT('',(-184.184312521269,11.7,24.9291688922493));
#3172=CARTESIAN_POINT('',(-184.184312521269,8.44901321302947,24.2712639496439));
#3173=CARTESIAN_POINT('',(-184.184312521269,11.7,26.1103070717319));
#3174=CARTESIAN_POINT('',(-184.184312521269,11.7,25.));
#3175=CARTESIAN_POINT('',(-184.184312521269,10.0964490852709,26.4560626860085));
#3176=CARTESIAN_POINT('',(-184.184312521269,7.97030780198488,26.9144985726953));
#3177=CARTESIAN_POINT('',(-184.184312521269,10.1037482860146,27.6061340843312));
#3178=CARTESIAN_POINT('',(-184.184312521269,10.0943441331541,26.1244037401371));
#3179=CARTESIAN_POINT('',(-184.184312521269,8.1573996746344,27.2122498715155));
#3180=CARTESIAN_POINT('Origin',(-191.184312521269,11.7,-25.));
#3181=CARTESIAN_POINT('',(-191.184312521269,11.7,-27.8896929282681));
#3182=CARTESIAN_POINT('Origin',(-191.184312521269,11.7,-25.));
#3183=CARTESIAN_POINT('Origin',(-187.684312521269,11.7,-35.));
#3184=CARTESIAN_POINT('',(-185.384312521269,11.7,-35.));
#3185=CARTESIAN_POINT('Origin',(-187.684312521269,11.7,-35.));
#3186=CARTESIAN_POINT('Origin',(-191.184312521269,10.4141940648559,-27.6124490834593));
#3187=CARTESIAN_POINT('',(-191.184312521269,10.0964490852709,-27.5439373139915));
#3188=CARTESIAN_POINT('Origin',(-191.184312521269,10.1016853379473,-26.7189066498119));
#3189=CARTESIAN_POINT('',(-191.184312521269,10.1037482860146,-26.3938659156688));
#3190=CARTESIAN_POINT('Origin',(-191.184312521269,11.6206600037789,-26.0868872098146));
#3191=CARTESIAN_POINT('',(-191.184312521269,11.7,-26.0708311077507));
#3192=CARTESIAN_POINT('Origin',(-191.184312521269,11.7,-25.));
#3193=CARTESIAN_POINT('',(-191.184312521269,11.7,-24.8896929282681));
#3194=CARTESIAN_POINT('Origin',(-191.184312521269,10.4141940648559,-24.6124490834593));
#3195=CARTESIAN_POINT('',(-191.184312521269,10.0964490852709,-24.5439373139915));
#3196=CARTESIAN_POINT('Origin',(-191.184312521269,10.1016853379473,-23.7189066498119));
#3197=CARTESIAN_POINT('',(-191.184312521269,10.1037482860146,-23.3938659156688));
#3198=CARTESIAN_POINT('Origin',(-191.184312521269,11.6206600037789,-23.0868872098146));
#3199=CARTESIAN_POINT('',(-191.184312521269,11.7,-23.0708311077507));
#3200=CARTESIAN_POINT('Origin',(-191.184312521269,11.7,-25.));
#3201=CARTESIAN_POINT('',(-191.184312521269,11.7,-21.8896929282681));
#3202=CARTESIAN_POINT('Origin',(-191.184312521269,10.4141940648559,-21.6124490834593));
#3203=CARTESIAN_POINT('',(-191.184312521269,10.0964490852709,-21.5439373139915));
#3204=CARTESIAN_POINT('Origin',(-191.184312521269,10.1016853379473,-20.7189066498119));
#3205=CARTESIAN_POINT('',(-191.184312521269,10.1037482860146,-20.3938659156688));
#3206=CARTESIAN_POINT('Origin',(-191.184312521269,11.6206600037789,-20.0868872098146));
#3207=CARTESIAN_POINT('',(-191.184312521269,11.7,-20.0708311077507));
#3208=CARTESIAN_POINT('Origin',(-191.184312521269,11.7,-25.));
#3209=CARTESIAN_POINT('',(-191.184312521269,11.7,-18.8896929282681));
#3210=CARTESIAN_POINT('Origin',(-191.184312521269,10.4141940648559,-18.6124490834592));
#3211=CARTESIAN_POINT('',(-191.184312521269,10.0964490852709,-18.5439373139915));
#3212=CARTESIAN_POINT('Origin',(-191.184312521269,10.1016853379473,-17.7189066498119));
#3213=CARTESIAN_POINT('',(-191.184312521269,10.1037482860146,-17.3938659156688));
#3214=CARTESIAN_POINT('Origin',(-191.184312521269,11.6206600037789,-17.0868872098146));
#3215=CARTESIAN_POINT('',(-191.184312521269,11.7,-17.0708311077507));
#3216=CARTESIAN_POINT('Origin',(-191.184312521269,11.7,-25.));
#3217=CARTESIAN_POINT('',(-191.184312521269,11.7,-15.8896929282681));
#3218=CARTESIAN_POINT('Origin',(-191.184312521269,10.4141940648559,-15.6124490834592));
#3219=CARTESIAN_POINT('',(-191.184312521269,10.0964490852709,-15.5439373139915));
#3220=CARTESIAN_POINT('Origin',(-191.184312521269,10.1016853379473,-14.7189066498119));
#3221=CARTESIAN_POINT('',(-191.184312521269,10.1037482860146,-14.3938659156688));
#3222=CARTESIAN_POINT('Origin',(-191.184312521269,11.6206600037789,-14.0868872098146));
#3223=CARTESIAN_POINT('',(-191.184312521269,11.7,-14.0708311077507));
#3224=CARTESIAN_POINT('Origin',(-191.184312521269,11.7,-25.));
#3225=CARTESIAN_POINT('',(-191.184312521269,11.7,-12.8896929282681));
#3226=CARTESIAN_POINT('Origin',(-191.184312521269,10.4141940648559,-12.6124490834592));
#3227=CARTESIAN_POINT('',(-191.184312521269,10.0964490852709,-12.5439373139915));
#3228=CARTESIAN_POINT('Origin',(-191.184312521269,10.1016853379473,-11.7189066498119));
#3229=CARTESIAN_POINT('',(-191.184312521269,10.1037482860146,-11.3938659156688));
#3230=CARTESIAN_POINT('Origin',(-191.184312521269,11.6206600037789,-11.0868872098146));
#3231=CARTESIAN_POINT('',(-191.184312521269,11.7,-11.0708311077507));
#3232=CARTESIAN_POINT('Origin',(-191.184312521269,11.7,-25.));
#3233=CARTESIAN_POINT('',(-191.184312521269,11.7,-9.88969292826809));
#3234=CARTESIAN_POINT('Origin',(-191.184312521269,10.4141940648559,-9.61244908345925));
#3235=CARTESIAN_POINT('',(-191.184312521269,10.0964490852709,-9.54393731399152));
#3236=CARTESIAN_POINT('Origin',(-191.184312521269,10.1016853379473,-8.71890664981192));
#3237=CARTESIAN_POINT('',(-191.184312521269,10.1037482860146,-8.39386591566877));
#3238=CARTESIAN_POINT('Origin',(-191.184312521269,11.6206600037789,-8.08688720981463));
#3239=CARTESIAN_POINT('',(-191.184312521269,11.7,-8.07083110775068));
#3240=CARTESIAN_POINT('Origin',(-191.184312521269,11.7,-25.));
#3241=CARTESIAN_POINT('',(-191.184312521269,11.7,-6.88969292826808));
#3242=CARTESIAN_POINT('Origin',(-191.184312521269,10.4141940648559,-6.61244908345925));
#3243=CARTESIAN_POINT('',(-191.184312521269,10.0964490852709,-6.54393731399152));
#3244=CARTESIAN_POINT('Origin',(-191.184312521269,10.1016853379473,-5.71890664981192));
#3245=CARTESIAN_POINT('',(-191.184312521269,10.1037482860146,-5.39386591566877));
#3246=CARTESIAN_POINT('Origin',(-191.184312521269,11.6206600037789,-5.08688720981463));
#3247=CARTESIAN_POINT('',(-191.184312521269,11.7,-5.07083110775067));
#3248=CARTESIAN_POINT('Origin',(-191.184312521269,11.7,-25.));
#3249=CARTESIAN_POINT('',(-191.184312521269,11.7,-3.88969292826808));
#3250=CARTESIAN_POINT('Origin',(-191.184312521269,10.4141940648559,-3.61244908345925));
#3251=CARTESIAN_POINT('',(-191.184312521269,10.0964490852709,-3.54393731399152));
#3252=CARTESIAN_POINT('Origin',(-191.184312521269,10.1016853379473,-2.71890664981192));
#3253=CARTESIAN_POINT('',(-191.184312521269,10.1037482860146,-2.39386591566877));
#3254=CARTESIAN_POINT('Origin',(-191.184312521269,11.6206600037789,-2.08688720981463));
#3255=CARTESIAN_POINT('',(-191.184312521269,11.7,-2.07083110775068));
#3256=CARTESIAN_POINT('Origin',(-191.184312521269,11.7,-25.));
#3257=CARTESIAN_POINT('',(-191.184312521269,11.7,-0.889692928268085));
#3258=CARTESIAN_POINT('Origin',(-191.184312521269,10.4141940648559,26.3875509165408));
#3259=CARTESIAN_POINT('',(-191.184312521269,11.7,26.1103070717319));
#3260=CARTESIAN_POINT('',(-191.184312521269,10.0964490852709,26.4560626860085));
#3261=CARTESIAN_POINT('Origin',(-191.184312521269,10.1016853379473,27.2810933501881));
#3262=CARTESIAN_POINT('',(-191.184312521269,10.1037482860146,27.6061340843312));
#3263=CARTESIAN_POINT('Origin',(-191.184312521269,11.6206600037789,27.9131127901854));
#3264=CARTESIAN_POINT('Origin',(-191.184312521269,11.7,-25.));
#3265=CARTESIAN_POINT('Origin',(-187.684312521269,11.7,35.));
#3266=CARTESIAN_POINT('',(-185.384312521269,11.7,35.));
#3267=CARTESIAN_POINT('Origin',(-187.684312521269,11.7,35.));
#3268=CARTESIAN_POINT('Origin',(-191.184312521269,11.7,-25.));
#3269=CARTESIAN_POINT('',(-191.184312521269,11.7,24.9291688922493));
#3270=CARTESIAN_POINT('Origin',(-191.184312521269,10.4141940648559,2.38755091654075));
#3271=CARTESIAN_POINT('',(-191.184312521269,11.7,2.11030707173192));
#3272=CARTESIAN_POINT('',(-191.184312521269,10.0964490852709,2.45606268600849));
#3273=CARTESIAN_POINT('Origin',(-191.184312521269,10.1016853379473,3.28109335018809));
#3274=CARTESIAN_POINT('',(-191.184312521269,10.1037482860146,3.60613408433123));
#3275=CARTESIAN_POINT('Origin',(-191.184312521269,11.6206600037789,3.91311279018537));
#3276=CARTESIAN_POINT('',(-191.184312521269,11.7,3.92916889224933));
#3277=CARTESIAN_POINT('Origin',(-191.184312521269,11.7,-25.));
#3278=CARTESIAN_POINT('',(-191.184312521269,11.7,5.11030707173192));
#3279=CARTESIAN_POINT('Origin',(-191.184312521269,11.7,-25.));
#3280=CARTESIAN_POINT('',(-191.184312521269,11.7,0.929168892249328));
#3281=CARTESIAN_POINT('Origin',(-191.184312521269,10.4141940648559,5.38755091654075));
#3282=CARTESIAN_POINT('',(-191.184312521269,10.0964490852709,5.45606268600849));
#3283=CARTESIAN_POINT('Origin',(-191.184312521269,10.1016853379473,6.28109335018809));
#3284=CARTESIAN_POINT('',(-191.184312521269,10.1037482860146,6.60613408433123));
#3285=CARTESIAN_POINT('Origin',(-191.184312521269,11.6206600037789,6.91311279018537));
#3286=CARTESIAN_POINT('',(-191.184312521269,11.7,6.92916889224933));
#3287=CARTESIAN_POINT('Origin',(-191.184312521269,11.7,-25.));
#3288=CARTESIAN_POINT('',(-191.184312521269,11.7,8.11030707173192));
#3289=CARTESIAN_POINT('Origin',(-191.184312521269,10.4141940648559,8.38755091654075));
#3290=CARTESIAN_POINT('',(-191.184312521269,10.0964490852709,8.45606268600849));
#3291=CARTESIAN_POINT('Origin',(-191.184312521269,10.1016853379473,9.28109335018809));
#3292=CARTESIAN_POINT('',(-191.184312521269,10.1037482860146,9.60613408433123));
#3293=CARTESIAN_POINT('Origin',(-191.184312521269,11.6206600037789,9.91311279018537));
#3294=CARTESIAN_POINT('',(-191.184312521269,11.7,9.92916889224933));
#3295=CARTESIAN_POINT('Origin',(-191.184312521269,11.7,-25.));
#3296=CARTESIAN_POINT('',(-191.184312521269,11.7,11.1103070717319));
#3297=CARTESIAN_POINT('Origin',(-191.184312521269,10.4141940648559,11.3875509165408));
#3298=CARTESIAN_POINT('',(-191.184312521269,10.0964490852709,11.4560626860085));
#3299=CARTESIAN_POINT('Origin',(-191.184312521269,10.1016853379473,12.2810933501881));
#3300=CARTESIAN_POINT('',(-191.184312521269,10.1037482860146,12.6061340843312));
#3301=CARTESIAN_POINT('Origin',(-191.184312521269,11.6206600037789,12.9131127901854));
#3302=CARTESIAN_POINT('',(-191.184312521269,11.7,12.9291688922493));
#3303=CARTESIAN_POINT('Origin',(-191.184312521269,11.7,-25.));
#3304=CARTESIAN_POINT('',(-191.184312521269,11.7,14.1103070717319));
#3305=CARTESIAN_POINT('Origin',(-191.184312521269,10.4141940648559,14.3875509165408));
#3306=CARTESIAN_POINT('',(-191.184312521269,10.0964490852709,14.4560626860085));
#3307=CARTESIAN_POINT('Origin',(-191.184312521269,10.1016853379473,15.2810933501881));
#3308=CARTESIAN_POINT('',(-191.184312521269,10.1037482860146,15.6061340843312));
#3309=CARTESIAN_POINT('Origin',(-191.184312521269,11.6206600037789,15.9131127901854));
#3310=CARTESIAN_POINT('',(-191.184312521269,11.7,15.9291688922493));
#3311=CARTESIAN_POINT('Origin',(-191.184312521269,11.7,-25.));
#3312=CARTESIAN_POINT('',(-191.184312521269,11.7,17.1103070717319));
#3313=CARTESIAN_POINT('Origin',(-191.184312521269,10.4141940648559,17.3875509165408));
#3314=CARTESIAN_POINT('',(-191.184312521269,10.0964490852709,17.4560626860085));
#3315=CARTESIAN_POINT('Origin',(-191.184312521269,10.1016853379473,18.2810933501881));
#3316=CARTESIAN_POINT('',(-191.184312521269,10.1037482860146,18.6061340843312));
#3317=CARTESIAN_POINT('Origin',(-191.184312521269,11.6206600037789,18.9131127901854));
#3318=CARTESIAN_POINT('',(-191.184312521269,11.7,18.9291688922493));
#3319=CARTESIAN_POINT('Origin',(-191.184312521269,11.7,-25.));
#3320=CARTESIAN_POINT('',(-191.184312521269,11.7,20.1103070717319));
#3321=CARTESIAN_POINT('Origin',(-191.184312521269,10.4141940648559,20.3875509165408));
#3322=CARTESIAN_POINT('',(-191.184312521269,10.0964490852709,20.4560626860085));
#3323=CARTESIAN_POINT('Origin',(-191.184312521269,10.1016853379473,21.2810933501881));
#3324=CARTESIAN_POINT('',(-191.184312521269,10.1037482860146,21.6061340843312));
#3325=CARTESIAN_POINT('Origin',(-191.184312521269,11.6206600037789,21.9131127901854));
#3326=CARTESIAN_POINT('',(-191.184312521269,11.7,21.9291688922493));
#3327=CARTESIAN_POINT('Origin',(-191.184312521269,11.7,-25.));
#3328=CARTESIAN_POINT('',(-191.184312521269,11.7,23.1103070717319));
#3329=CARTESIAN_POINT('Origin',(-191.184312521269,10.4141940648559,23.3875509165408));
#3330=CARTESIAN_POINT('',(-191.184312521269,10.0964490852709,23.4560626860085));
#3331=CARTESIAN_POINT('Origin',(-191.184312521269,10.1016853379473,24.2810933501881));
#3332=CARTESIAN_POINT('',(-191.184312521269,10.1037482860146,24.6061340843312));
#3333=CARTESIAN_POINT('Origin',(-191.184312521269,11.6206600037789,24.9131127901854));
#3334=CARTESIAN_POINT('Origin',(-187.684312521269,5.,-35.));
#3335=CARTESIAN_POINT('',(-185.384312521269,7.,-35.));
#3336=CARTESIAN_POINT('Origin',(-187.684312521269,7.,-35.));
#3337=CARTESIAN_POINT('',(-185.384312521269,5.,-35.));
#3338=CARTESIAN_POINT('',(-185.384312521269,5.,-35.));
#3339=CARTESIAN_POINT('Origin',(-187.684312521269,5.,-35.));
#3340=CARTESIAN_POINT('Origin',(-187.684312521269,5.,-35.));
#3341=CARTESIAN_POINT('Origin',(-187.684312521269,5.,-35.));
#3342=CARTESIAN_POINT('Origin',(-187.684312521269,7.,-35.));
#3343=CARTESIAN_POINT('Origin',(-187.684312521269,7.,-33.75));
#3344=CARTESIAN_POINT('',(-185.934312521269,7.,-29.));
#3345=CARTESIAN_POINT('Origin',(-184.184312521269,5.,-29.));
#3346=CARTESIAN_POINT('',(-185.934312521269,9.7,-29.));
#3347=CARTESIAN_POINT('Origin',(-187.684312521269,5.,35.));
#3348=CARTESIAN_POINT('',(-185.384312521269,7.,35.));
#3349=CARTESIAN_POINT('Origin',(-187.684312521269,7.,35.));
#3350=CARTESIAN_POINT('',(-185.384312521269,5.,35.));
#3351=CARTESIAN_POINT('',(-185.384312521269,5.,35.));
#3352=CARTESIAN_POINT('Origin',(-187.684312521269,5.,35.));
#3353=CARTESIAN_POINT('Origin',(-187.684312521269,5.,35.));
#3354=CARTESIAN_POINT('Origin',(-187.684312521269,5.,35.));
#3355=CARTESIAN_POINT('Origin',(-187.684312521269,7.,35.));
#3356=CARTESIAN_POINT('Origin',(-187.684312521269,7.,33.75));
#3357=CARTESIAN_POINT('',(-189.434312521269,7.,29.));
#3358=CARTESIAN_POINT('Origin',(-187.684312521269,11.7,-35.));
#3359=CARTESIAN_POINT('',(-185.384312521269,9.7,-35.));
#3360=CARTESIAN_POINT('Origin',(-187.684312521269,9.7,-35.));
#3361=CARTESIAN_POINT('',(-185.384312521269,11.7,-35.));
#3362=CARTESIAN_POINT('Origin',(-187.684312521269,11.7,-35.));
#3363=CARTESIAN_POINT('Origin',(-187.684312521269,9.7,-35.));
#3364=CARTESIAN_POINT('Origin',(-187.684312521269,9.7,-33.75));
#3365=CARTESIAN_POINT('Origin',(-187.684312521269,11.7,35.));
#3366=CARTESIAN_POINT('',(-185.384312521269,9.7,35.));
#3367=CARTESIAN_POINT('Origin',(-187.684312521269,9.7,35.));
#3368=CARTESIAN_POINT('',(-185.384312521269,11.7,35.));
#3369=CARTESIAN_POINT('Origin',(-187.684312521269,11.7,35.));
#3370=CARTESIAN_POINT('Origin',(-187.684312521269,9.7,35.));
#3371=CARTESIAN_POINT('Origin',(-187.684312521269,9.7,33.75));
#3372=CARTESIAN_POINT('',(-189.434312521269,9.7,29.));
#3373=CARTESIAN_POINT('Origin',(-191.184312521269,5.,29.));
#3374=CARTESIAN_POINT('Origin',(-191.184312521269,10.4141940648559,-0.612449083459248));
#3375=CARTESIAN_POINT('',(-191.184312521269,10.0964490852709,-0.543937313991515));
#3376=CARTESIAN_POINT('Origin',(-191.184312521269,10.1016853379473,0.281093350188085));
#3377=CARTESIAN_POINT('',(-191.184312521269,10.1037482860146,0.606134084331229));
#3378=CARTESIAN_POINT('Origin',(-191.184312521269,11.6206600037789,0.913112790185373));
#3379=CARTESIAN_POINT('Origin',(-187.684312521269,5.,0.));
#3380=UNCERTAINTY_MEASURE_WITH_UNIT(LENGTH_MEASURE(0.01),#3384,
'DISTANCE_ACCURACY_VALUE',
'Maximum model space distance between geometric entities at asserted c
onnectivities');
#3381=UNCERTAINTY_MEASURE_WITH_UNIT(LENGTH_MEASURE(0.01),#3384,
'DISTANCE_ACCURACY_VALUE',
'Maximum model space distance between geometric entities at asserted c
onnectivities');
#3382=(
GEOMETRIC_REPRESENTATION_CONTEXT(3)
GLOBAL_UNCERTAINTY_ASSIGNED_CONTEXT((#3380))
GLOBAL_UNIT_ASSIGNED_CONTEXT((#3384,#3386,#3387))
REPRESENTATION_CONTEXT('','3D')
);
#3383=(
GEOMETRIC_REPRESENTATION_CONTEXT(3)
GLOBAL_UNCERTAINTY_ASSIGNED_CONTEXT((#3381))
GLOBAL_UNIT_ASSIGNED_CONTEXT((#3384,#3386,#3387))
REPRESENTATION_CONTEXT('','3D')
);
#3384=(
LENGTH_UNIT()
NAMED_UNIT(*)
SI_UNIT(.MILLI.,.METRE.)
);
#3385=(
LENGTH_UNIT()
NAMED_UNIT(*)
SI_UNIT($,.METRE.)
);
#3386=(
NAMED_UNIT(*)
PLANE_ANGLE_UNIT()
SI_UNIT($,.RADIAN.)
);
#3387=(
NAMED_UNIT(*)
SI_UNIT($,.STERADIAN.)
SOLID_ANGLE_UNIT()
);
#3388=SHAPE_DEFINITION_REPRESENTATION(#3389,#3390);
#3389=PRODUCT_DEFINITION_SHAPE('',$,#3392);
#3390=SHAPE_REPRESENTATION('',(#2136),#3382);
#3391=PRODUCT_DEFINITION_CONTEXT('part definition',#3396,'design');
#3392=PRODUCT_DEFINITION('2026-06-14-20-20-52-169','Linear gear',#3393,
#3391);
#3393=PRODUCT_DEFINITION_FORMATION('',$,#3398);
#3394=PRODUCT_RELATED_PRODUCT_CATEGORY('Linear gear','Linear gear',(#3398));
#3395=APPLICATION_PROTOCOL_DEFINITION('international standard',
'automotive_design',2009,#3396);
#3396=APPLICATION_CONTEXT(
'Core Data for Automotive Mechanical Design Process');
#3397=PRODUCT_CONTEXT('part definition',#3396,'mechanical');
#3398=PRODUCT('2026-06-14-20-20-52-169','Linear gear',$,(#3397));
#3399=PRESENTATION_STYLE_ASSIGNMENT((#3401));
#3400=PRESENTATION_STYLE_ASSIGNMENT((#3402));
#3401=SURFACE_STYLE_USAGE(.BOTH.,#3403);
#3402=SURFACE_STYLE_USAGE(.BOTH.,#3404);
#3403=SURFACE_SIDE_STYLE('',(#3405));
#3404=SURFACE_SIDE_STYLE('',(#3406));
#3405=SURFACE_STYLE_FILL_AREA(#3407);
#3406=SURFACE_STYLE_FILL_AREA(#3408);
#3407=FILL_AREA_STYLE('\X\C7elik - Saten',(#3409));
#3408=FILL_AREA_STYLE('Plastik - Mat (Siyah)',(#3410));
#3409=FILL_AREA_STYLE_COLOUR('\X\C7elik - Saten',#3411);
#3410=FILL_AREA_STYLE_COLOUR('Plastik - Mat (Siyah)',#3412);
#3411=COLOUR_RGB('\X\C7elik - Saten',0.627450980392157,0.627450980392157,
0.627450980392157);
#3412=COLOUR_RGB('Plastik - Mat (Siyah)',0.0980392156862745,0.0980392156862745,
0.0980392156862745);
ENDSEC;
END-ISO-10303-21;
