ISO-10303-21;
HEADER;
/* Generated by software containing ST-Developer
 * from STEP Tools, Inc. (www.steptools.com) 
 */

FILE_DESCRIPTION(
/* description */ (''),
/* implementation_level */ '2;1');

FILE_NAME(
/* name */ 'motor holders.step',
/* time_stamp */ '2026-06-13T13:56:45+03:00',
/* author */ (''),
/* organization */ (''),
/* preprocessor_version */ 'ST-DEVELOPER v20.1',
/* originating_system */ 'Autodesk Translation Framework v15.8.0.0',
/* authorisation */ '');

FILE_SCHEMA (('AUTOMOTIVE_DESIGN { 1 0 10303 214 3 1 1 }'));
ENDSEC;

DATA;
#10=MECHANICAL_DESIGN_GEOMETRIC_PRESENTATION_REPRESENTATION('',(#13,#14),
#2356);
#11=SHAPE_REPRESENTATION_RELATIONSHIP('SRR','None',#2363,#12);
#12=ADVANCED_BREP_SHAPE_REPRESENTATION('',(#15,#16),#2355);
#13=STYLED_ITEM('',(#2372),#15);
#14=STYLED_ITEM('',(#2372),#16);
#15=MANIFOLD_SOLID_BREP('G\X\F6vde1',#1315);
#16=MANIFOLD_SOLID_BREP('G\X\F6vde2',#1316);
#17=FACE_BOUND('',#169,.T.);
#18=FACE_BOUND('',#172,.T.);
#19=FACE_BOUND('',#181,.T.);
#20=FACE_BOUND('',#184,.T.);
#21=FACE_BOUND('',#206,.T.);
#22=FACE_BOUND('',#209,.T.);
#23=FACE_BOUND('',#218,.T.);
#24=FACE_BOUND('',#221,.T.);
#25=B_SPLINE_CURVE_WITH_KNOTS('',3,(#1815,#1816,#1817,#1818,#1819,#1820,
#1821),.UNSPECIFIED.,.F.,.F.,(4,3,4),(0.760605264515546,0.8089957694241,
0.999999932126176),.UNSPECIFIED.);
#26=B_SPLINE_CURVE_WITH_KNOTS('',3,(#1823,#1824,#1825,#1826,#1827,#1828,
#1829),.UNSPECIFIED.,.F.,.F.,(4,3,4),(-0.999999932126176,-0.8089957694241,
-0.760605264515546),.UNSPECIFIED.);
#27=B_SPLINE_CURVE_WITH_KNOTS('',3,(#1876,#1877,#1878,#1879,#1880,#1881,
#1882),.UNSPECIFIED.,.F.,.F.,(4,3,4),(3.57836213866667E-8,0.156440367001007,
0.242694257937393),.UNSPECIFIED.);
#28=B_SPLINE_CURVE_WITH_KNOTS('',3,(#1884,#1885,#1886,#1887,#1888,#1889,
#1890),.UNSPECIFIED.,.F.,.F.,(4,3,4),(-0.242694257937393,-0.156440367001007,
-3.57836213866667E-8),.UNSPECIFIED.);
#29=B_SPLINE_CURVE_WITH_KNOTS('',3,(#1913,#1914,#1915,#1916,#1917,#1918,
#1919),.UNSPECIFIED.,.F.,.F.,(4,3,4),(0.757352834227254,0.808995769424058,
0.999999932126393),.UNSPECIFIED.);
#30=B_SPLINE_CURVE_WITH_KNOTS('',3,(#1921,#1922,#1923,#1924,#1925,#1926,
#1927),.UNSPECIFIED.,.F.,.F.,(4,3,4),(-0.999999932126393,-0.808995769424058,
-0.757352834227254),.UNSPECIFIED.);
#31=B_SPLINE_CURVE_WITH_KNOTS('',3,(#2045,#2046,#2047,#2048,#2049,#2050,
#2051),.UNSPECIFIED.,.F.,.F.,(4,3,4),(3.57836196241221E-8,0.156440367001199,
0.242703839881541),.UNSPECIFIED.);
#32=B_SPLINE_CURVE_WITH_KNOTS('',3,(#2052,#2053,#2054,#2055,#2056,#2057,
#2058),.UNSPECIFIED.,.F.,.F.,(4,3,4),(-0.242703839881541,-0.156440367001199,
-3.57836196241221E-8),.UNSPECIFIED.);
#33=B_SPLINE_CURVE_WITH_KNOTS('',3,(#2107,#2108,#2109,#2110,#2111,#2112,
#2113),.UNSPECIFIED.,.F.,.F.,(4,3,4),(0.760605264515546,0.8089957694241,
0.999999932126176),.UNSPECIFIED.);
#34=B_SPLINE_CURVE_WITH_KNOTS('',3,(#2116,#2117,#2118,#2119,#2120,#2121,
#2122),.UNSPECIFIED.,.F.,.F.,(4,3,4),(-0.999999932126176,-0.8089957694241,
-0.760605264515546),.UNSPECIFIED.);
#35=B_SPLINE_CURVE_WITH_KNOTS('',3,(#2168,#2169,#2170,#2171,#2172,#2173,
#2174),.UNSPECIFIED.,.F.,.F.,(4,3,4),(3.57836213866667E-8,0.156440367001007,
0.242694257937393),.UNSPECIFIED.);
#36=B_SPLINE_CURVE_WITH_KNOTS('',3,(#2177,#2178,#2179,#2180,#2181,#2182,
#2183),.UNSPECIFIED.,.F.,.F.,(4,3,4),(-0.242694257937393,-0.156440367001007,
-3.57836213866667E-8),.UNSPECIFIED.);
#37=B_SPLINE_CURVE_WITH_KNOTS('',3,(#2205,#2206,#2207,#2208,#2209,#2210,
#2211),.UNSPECIFIED.,.F.,.F.,(4,3,4),(0.757352834227254,0.808995769424058,
0.999999932126393),.UNSPECIFIED.);
#38=B_SPLINE_CURVE_WITH_KNOTS('',3,(#2214,#2215,#2216,#2217,#2218,#2219,
#2220),.UNSPECIFIED.,.F.,.F.,(4,3,4),(-0.999999932126393,-0.808995769424058,
-0.757352834227254),.UNSPECIFIED.);
#39=B_SPLINE_CURVE_WITH_KNOTS('',3,(#2337,#2338,#2339,#2340,#2341,#2342,
#2343),.UNSPECIFIED.,.F.,.F.,(4,3,4),(3.57836196241221E-8,0.156440367001199,
0.242703839881541),.UNSPECIFIED.);
#40=B_SPLINE_CURVE_WITH_KNOTS('',3,(#2344,#2345,#2346,#2347,#2348,#2349,
#2350),.UNSPECIFIED.,.F.,.F.,(4,3,4),(-0.242703839881541,-0.156440367001199,
-3.57836196241221E-8),.UNSPECIFIED.);
#41=B_SPLINE_SURFACE_WITH_KNOTS('',3,1,((#1800,#1801),(#1802,#1803),(#1804,
#1805),(#1806,#1807),(#1808,#1809),(#1810,#1811),(#1812,#1813)),
 .UNSPECIFIED.,.F.,.F.,.F.,(4,3,4),(2,2),(-0.999999932126176,-0.8089957694241,
-0.760605264515546),(0.,0.6),.UNSPECIFIED.);
#42=B_SPLINE_SURFACE_WITH_KNOTS('',3,1,((#1861,#1862),(#1863,#1864),(#1865,
#1866),(#1867,#1868),(#1869,#1870),(#1871,#1872),(#1873,#1874)),
 .UNSPECIFIED.,.F.,.F.,.F.,(4,3,4),(2,2),(-0.242694257937393,-0.156440367001007,
-3.57836213866667E-8),(0.,0.6),.UNSPECIFIED.);
#43=B_SPLINE_SURFACE_WITH_KNOTS('',3,1,((#1898,#1899),(#1900,#1901),(#1902,
#1903),(#1904,#1905),(#1906,#1907),(#1908,#1909),(#1910,#1911)),
 .UNSPECIFIED.,.F.,.F.,.F.,(4,3,4),(2,2),(-0.999999932126393,-0.808995769424058,
-0.757352834227254),(0.,0.6),.UNSPECIFIED.);
#44=B_SPLINE_SURFACE_WITH_KNOTS('',3,1,((#2031,#2032),(#2033,#2034),(#2035,
#2036),(#2037,#2038),(#2039,#2040),(#2041,#2042),(#2043,#2044)),
 .UNSPECIFIED.,.F.,.F.,.F.,(4,3,4),(2,2),(-0.242703839881541,-0.156440367001199,
-3.57836196241221E-8),(0.,0.6),.UNSPECIFIED.);
#45=B_SPLINE_SURFACE_WITH_KNOTS('',3,1,((#2092,#2093),(#2094,#2095),(#2096,
#2097),(#2098,#2099),(#2100,#2101),(#2102,#2103),(#2104,#2105)),
 .UNSPECIFIED.,.F.,.F.,.F.,(4,3,4),(2,2),(-0.999999932126176,-0.8089957694241,
-0.760605264515546),(0.,0.6),.UNSPECIFIED.);
#46=B_SPLINE_SURFACE_WITH_KNOTS('',3,1,((#2153,#2154),(#2155,#2156),(#2157,
#2158),(#2159,#2160),(#2161,#2162),(#2163,#2164),(#2165,#2166)),
 .UNSPECIFIED.,.F.,.F.,.F.,(4,3,4),(2,2),(-0.242694257937393,-0.156440367001007,
-3.57836213866667E-8),(0.,0.6),.UNSPECIFIED.);
#47=B_SPLINE_SURFACE_WITH_KNOTS('',3,1,((#2190,#2191),(#2192,#2193),(#2194,
#2195),(#2196,#2197),(#2198,#2199),(#2200,#2201),(#2202,#2203)),
 .UNSPECIFIED.,.F.,.F.,.F.,(4,3,4),(2,2),(-0.999999932126393,-0.808995769424058,
-0.757352834227254),(0.,0.6),.UNSPECIFIED.);
#48=B_SPLINE_SURFACE_WITH_KNOTS('',3,1,((#2323,#2324),(#2325,#2326),(#2327,
#2328),(#2329,#2330),(#2331,#2332),(#2333,#2334),(#2335,#2336)),
 .UNSPECIFIED.,.F.,.F.,.F.,(4,3,4),(2,2),(-0.242703839881541,-0.156440367001199,
-3.57836196241221E-8),(0.,0.6),.UNSPECIFIED.);
#49=PLANE('',#1341);
#50=PLANE('',#1345);
#51=PLANE('',#1346);
#52=PLANE('',#1347);
#53=PLANE('',#1357);
#54=PLANE('',#1358);
#55=PLANE('',#1359);
#56=PLANE('',#1360);
#57=PLANE('',#1361);
#58=PLANE('',#1365);
#59=PLANE('',#1366);
#60=PLANE('',#1367);
#61=PLANE('',#1371);
#62=PLANE('',#1372);
#63=PLANE('',#1373);
#64=PLANE('',#1374);
#65=PLANE('',#1375);
#66=PLANE('',#1379);
#67=PLANE('',#1380);
#68=PLANE('',#1392);
#69=PLANE('',#1396);
#70=PLANE('',#1397);
#71=PLANE('',#1398);
#72=PLANE('',#1408);
#73=PLANE('',#1409);
#74=PLANE('',#1410);
#75=PLANE('',#1411);
#76=PLANE('',#1412);
#77=PLANE('',#1416);
#78=PLANE('',#1417);
#79=PLANE('',#1418);
#80=PLANE('',#1422);
#81=PLANE('',#1423);
#82=PLANE('',#1424);
#83=PLANE('',#1425);
#84=PLANE('',#1426);
#85=PLANE('',#1430);
#86=PLANE('',#1431);
#87=FACE_OUTER_BOUND('',#153,.T.);
#88=FACE_OUTER_BOUND('',#154,.T.);
#89=FACE_OUTER_BOUND('',#155,.T.);
#90=FACE_OUTER_BOUND('',#156,.T.);
#91=FACE_OUTER_BOUND('',#157,.T.);
#92=FACE_OUTER_BOUND('',#158,.T.);
#93=FACE_OUTER_BOUND('',#159,.T.);
#94=FACE_OUTER_BOUND('',#160,.T.);
#95=FACE_OUTER_BOUND('',#161,.T.);
#96=FACE_OUTER_BOUND('',#162,.T.);
#97=FACE_OUTER_BOUND('',#163,.T.);
#98=FACE_OUTER_BOUND('',#164,.T.);
#99=FACE_OUTER_BOUND('',#165,.T.);
#100=FACE_OUTER_BOUND('',#166,.T.);
#101=FACE_OUTER_BOUND('',#167,.T.);
#102=FACE_OUTER_BOUND('',#168,.T.);
#103=FACE_OUTER_BOUND('',#170,.T.);
#104=FACE_OUTER_BOUND('',#171,.T.);
#105=FACE_OUTER_BOUND('',#173,.T.);
#106=FACE_OUTER_BOUND('',#174,.T.);
#107=FACE_OUTER_BOUND('',#175,.T.);
#108=FACE_OUTER_BOUND('',#176,.T.);
#109=FACE_OUTER_BOUND('',#177,.T.);
#110=FACE_OUTER_BOUND('',#178,.T.);
#111=FACE_OUTER_BOUND('',#179,.T.);
#112=FACE_OUTER_BOUND('',#180,.T.);
#113=FACE_OUTER_BOUND('',#182,.T.);
#114=FACE_OUTER_BOUND('',#183,.T.);
#115=FACE_OUTER_BOUND('',#185,.T.);
#116=FACE_OUTER_BOUND('',#186,.T.);
#117=FACE_OUTER_BOUND('',#187,.T.);
#118=FACE_OUTER_BOUND('',#188,.T.);
#119=FACE_OUTER_BOUND('',#189,.T.);
#120=FACE_OUTER_BOUND('',#190,.T.);
#121=FACE_OUTER_BOUND('',#191,.T.);
#122=FACE_OUTER_BOUND('',#192,.T.);
#123=FACE_OUTER_BOUND('',#193,.T.);
#124=FACE_OUTER_BOUND('',#194,.T.);
#125=FACE_OUTER_BOUND('',#195,.T.);
#126=FACE_OUTER_BOUND('',#196,.T.);
#127=FACE_OUTER_BOUND('',#197,.T.);
#128=FACE_OUTER_BOUND('',#198,.T.);
#129=FACE_OUTER_BOUND('',#199,.T.);
#130=FACE_OUTER_BOUND('',#200,.T.);
#131=FACE_OUTER_BOUND('',#201,.T.);
#132=FACE_OUTER_BOUND('',#202,.T.);
#133=FACE_OUTER_BOUND('',#203,.T.);
#134=FACE_OUTER_BOUND('',#204,.T.);
#135=FACE_OUTER_BOUND('',#205,.T.);
#136=FACE_OUTER_BOUND('',#207,.T.);
#137=FACE_OUTER_BOUND('',#208,.T.);
#138=FACE_OUTER_BOUND('',#210,.T.);
#139=FACE_OUTER_BOUND('',#211,.T.);
#140=FACE_OUTER_BOUND('',#212,.T.);
#141=FACE_OUTER_BOUND('',#213,.T.);
#142=FACE_OUTER_BOUND('',#214,.T.);
#143=FACE_OUTER_BOUND('',#215,.T.);
#144=FACE_OUTER_BOUND('',#216,.T.);
#145=FACE_OUTER_BOUND('',#217,.T.);
#146=FACE_OUTER_BOUND('',#219,.T.);
#147=FACE_OUTER_BOUND('',#220,.T.);
#148=FACE_OUTER_BOUND('',#222,.T.);
#149=FACE_OUTER_BOUND('',#223,.T.);
#150=FACE_OUTER_BOUND('',#224,.T.);
#151=FACE_OUTER_BOUND('',#225,.T.);
#152=FACE_OUTER_BOUND('',#226,.T.);
#153=EDGE_LOOP('',(#849,#850,#851,#852));
#154=EDGE_LOOP('',(#853,#854,#855,#856));
#155=EDGE_LOOP('',(#857,#858,#859,#860,#861,#862));
#156=EDGE_LOOP('',(#863,#864,#865,#866));
#157=EDGE_LOOP('',(#867,#868,#869,#870));
#158=EDGE_LOOP('',(#871,#872,#873,#874));
#159=EDGE_LOOP('',(#875,#876,#877,#878));
#160=EDGE_LOOP('',(#879,#880,#881,#882));
#161=EDGE_LOOP('',(#883,#884,#885,#886));
#162=EDGE_LOOP('',(#887,#888,#889,#890));
#163=EDGE_LOOP('',(#891,#892,#893,#894));
#164=EDGE_LOOP('',(#895,#896,#897,#898));
#165=EDGE_LOOP('',(#899,#900,#901,#902));
#166=EDGE_LOOP('',(#903,#904,#905,#906));
#167=EDGE_LOOP('',(#907,#908,#909,#910));
#168=EDGE_LOOP('',(#911,#912,#913,#914));
#169=EDGE_LOOP('',(#915));
#170=EDGE_LOOP('',(#916,#917,#918,#919));
#171=EDGE_LOOP('',(#920,#921,#922,#923));
#172=EDGE_LOOP('',(#924));
#173=EDGE_LOOP('',(#925,#926,#927,#928));
#174=EDGE_LOOP('',(#929,#930,#931,#932));
#175=EDGE_LOOP('',(#933,#934,#935,#936));
#176=EDGE_LOOP('',(#937,#938,#939,#940));
#177=EDGE_LOOP('',(#941,#942,#943,#944));
#178=EDGE_LOOP('',(#945,#946,#947,#948));
#179=EDGE_LOOP('',(#949,#950,#951,#952));
#180=EDGE_LOOP('',(#953,#954,#955,#956));
#181=EDGE_LOOP('',(#957));
#182=EDGE_LOOP('',(#958,#959,#960,#961));
#183=EDGE_LOOP('',(#962,#963,#964,#965));
#184=EDGE_LOOP('',(#966));
#185=EDGE_LOOP('',(#967,#968,#969,#970));
#186=EDGE_LOOP('',(#971,#972,#973,#974));
#187=EDGE_LOOP('',(#975,#976,#977,#978));
#188=EDGE_LOOP('',(#979,#980,#981,#982,#983,#984,#985,#986,#987,#988,#989,
#990,#991,#992,#993,#994,#995,#996,#997,#998,#999,#1000,#1001,#1002,#1003,
#1004,#1005,#1006,#1007,#1008));
#189=EDGE_LOOP('',(#1009,#1010,#1011,#1012,#1013,#1014,#1015,#1016,#1017,
#1018,#1019,#1020,#1021,#1022,#1023,#1024,#1025,#1026,#1027,#1028,#1029,
#1030,#1031,#1032,#1033,#1034,#1035,#1036,#1037,#1038));
#190=EDGE_LOOP('',(#1039,#1040,#1041,#1042));
#191=EDGE_LOOP('',(#1043,#1044,#1045,#1046));
#192=EDGE_LOOP('',(#1047,#1048,#1049,#1050,#1051,#1052));
#193=EDGE_LOOP('',(#1053,#1054,#1055,#1056));
#194=EDGE_LOOP('',(#1057,#1058,#1059,#1060));
#195=EDGE_LOOP('',(#1061,#1062,#1063,#1064));
#196=EDGE_LOOP('',(#1065,#1066,#1067,#1068));
#197=EDGE_LOOP('',(#1069,#1070,#1071,#1072));
#198=EDGE_LOOP('',(#1073,#1074,#1075,#1076));
#199=EDGE_LOOP('',(#1077,#1078,#1079,#1080));
#200=EDGE_LOOP('',(#1081,#1082,#1083,#1084));
#201=EDGE_LOOP('',(#1085,#1086,#1087,#1088));
#202=EDGE_LOOP('',(#1089,#1090,#1091,#1092));
#203=EDGE_LOOP('',(#1093,#1094,#1095,#1096));
#204=EDGE_LOOP('',(#1097,#1098,#1099,#1100));
#205=EDGE_LOOP('',(#1101,#1102,#1103,#1104));
#206=EDGE_LOOP('',(#1105));
#207=EDGE_LOOP('',(#1106,#1107,#1108,#1109));
#208=EDGE_LOOP('',(#1110,#1111,#1112,#1113));
#209=EDGE_LOOP('',(#1114));
#210=EDGE_LOOP('',(#1115,#1116,#1117,#1118));
#211=EDGE_LOOP('',(#1119,#1120,#1121,#1122));
#212=EDGE_LOOP('',(#1123,#1124,#1125,#1126));
#213=EDGE_LOOP('',(#1127,#1128,#1129,#1130));
#214=EDGE_LOOP('',(#1131,#1132,#1133,#1134));
#215=EDGE_LOOP('',(#1135,#1136,#1137,#1138));
#216=EDGE_LOOP('',(#1139,#1140,#1141,#1142));
#217=EDGE_LOOP('',(#1143,#1144,#1145,#1146));
#218=EDGE_LOOP('',(#1147));
#219=EDGE_LOOP('',(#1148,#1149,#1150,#1151));
#220=EDGE_LOOP('',(#1152,#1153,#1154,#1155));
#221=EDGE_LOOP('',(#1156));
#222=EDGE_LOOP('',(#1157,#1158,#1159,#1160));
#223=EDGE_LOOP('',(#1161,#1162,#1163,#1164));
#224=EDGE_LOOP('',(#1165,#1166,#1167,#1168));
#225=EDGE_LOOP('',(#1169,#1170,#1171,#1172,#1173,#1174,#1175,#1176,#1177,
#1178,#1179,#1180,#1181,#1182,#1183,#1184,#1185,#1186,#1187,#1188,#1189,
#1190,#1191,#1192,#1193,#1194,#1195,#1196,#1197,#1198));
#226=EDGE_LOOP('',(#1199,#1200,#1201,#1202,#1203,#1204,#1205,#1206,#1207,
#1208,#1209,#1210,#1211,#1212,#1213,#1214,#1215,#1216,#1217,#1218,#1219,
#1220,#1221,#1222,#1223,#1224,#1225,#1226,#1227,#1228));
#227=LINE('',#1773,#357);
#228=LINE('',#1779,#358);
#229=LINE('',#1788,#359);
#230=LINE('',#1793,#360);
#231=LINE('',#1796,#361);
#232=LINE('',#1798,#362);
#233=LINE('',#1799,#363);
#234=LINE('',#1830,#364);
#235=LINE('',#1836,#365);
#236=LINE('',#1839,#366);
#237=LINE('',#1841,#367);
#238=LINE('',#1842,#368);
#239=LINE('',#1845,#369);
#240=LINE('',#1847,#370);
#241=LINE('',#1848,#371);
#242=LINE('',#1851,#372);
#243=LINE('',#1853,#373);
#244=LINE('',#1854,#374);
#245=LINE('',#1860,#375);
#246=LINE('',#1891,#376);
#247=LINE('',#1897,#377);
#248=LINE('',#1928,#378);
#249=LINE('',#1934,#379);
#250=LINE('',#1937,#380);
#251=LINE('',#1939,#381);
#252=LINE('',#1940,#382);
#253=LINE('',#1943,#383);
#254=LINE('',#1945,#384);
#255=LINE('',#1946,#385);
#256=LINE('',#1949,#386);
#257=LINE('',#1951,#387);
#258=LINE('',#1952,#388);
#259=LINE('',#1955,#389);
#260=LINE('',#1957,#390);
#261=LINE('',#1958,#391);
#262=LINE('',#1961,#392);
#263=LINE('',#1963,#393);
#264=LINE('',#1964,#394);
#265=LINE('',#1970,#395);
#266=LINE('',#1973,#396);
#267=LINE('',#1975,#397);
#268=LINE('',#1976,#398);
#269=LINE('',#1979,#399);
#270=LINE('',#1981,#400);
#271=LINE('',#1982,#401);
#272=LINE('',#1985,#402);
#273=LINE('',#1987,#403);
#274=LINE('',#1988,#404);
#275=LINE('',#1994,#405);
#276=LINE('',#1997,#406);
#277=LINE('',#1999,#407);
#278=LINE('',#2000,#408);
#279=LINE('',#2003,#409);
#280=LINE('',#2005,#410);
#281=LINE('',#2006,#411);
#282=LINE('',#2009,#412);
#283=LINE('',#2011,#413);
#284=LINE('',#2012,#414);
#285=LINE('',#2015,#415);
#286=LINE('',#2017,#416);
#287=LINE('',#2018,#417);
#288=LINE('',#2021,#418);
#289=LINE('',#2023,#419);
#290=LINE('',#2024,#420);
#291=LINE('',#2030,#421);
#292=LINE('',#2065,#422);
#293=LINE('',#2071,#423);
#294=LINE('',#2078,#424);
#295=LINE('',#2084,#425);
#296=LINE('',#2088,#426);
#297=LINE('',#2090,#427);
#298=LINE('',#2091,#428);
#299=LINE('',#2115,#429);
#300=LINE('',#2127,#430);
#301=LINE('',#2131,#431);
#302=LINE('',#2133,#432);
#303=LINE('',#2134,#433);
#304=LINE('',#2137,#434);
#305=LINE('',#2139,#435);
#306=LINE('',#2140,#436);
#307=LINE('',#2143,#437);
#308=LINE('',#2145,#438);
#309=LINE('',#2146,#439);
#310=LINE('',#2151,#440);
#311=LINE('',#2176,#441);
#312=LINE('',#2188,#442);
#313=LINE('',#2213,#443);
#314=LINE('',#2225,#444);
#315=LINE('',#2229,#445);
#316=LINE('',#2231,#446);
#317=LINE('',#2232,#447);
#318=LINE('',#2235,#448);
#319=LINE('',#2237,#449);
#320=LINE('',#2238,#450);
#321=LINE('',#2241,#451);
#322=LINE('',#2243,#452);
#323=LINE('',#2244,#453);
#324=LINE('',#2247,#454);
#325=LINE('',#2249,#455);
#326=LINE('',#2250,#456);
#327=LINE('',#2253,#457);
#328=LINE('',#2255,#458);
#329=LINE('',#2256,#459);
#330=LINE('',#2261,#460);
#331=LINE('',#2265,#461);
#332=LINE('',#2267,#462);
#333=LINE('',#2268,#463);
#334=LINE('',#2271,#464);
#335=LINE('',#2273,#465);
#336=LINE('',#2274,#466);
#337=LINE('',#2277,#467);
#338=LINE('',#2279,#468);
#339=LINE('',#2280,#469);
#340=LINE('',#2285,#470);
#341=LINE('',#2289,#471);
#342=LINE('',#2291,#472);
#343=LINE('',#2292,#473);
#344=LINE('',#2295,#474);
#345=LINE('',#2297,#475);
#346=LINE('',#2298,#476);
#347=LINE('',#2301,#477);
#348=LINE('',#2303,#478);
#349=LINE('',#2304,#479);
#350=LINE('',#2307,#480);
#351=LINE('',#2309,#481);
#352=LINE('',#2310,#482);
#353=LINE('',#2313,#483);
#354=LINE('',#2315,#484);
#355=LINE('',#2316,#485);
#356=LINE('',#2321,#486);
#357=VECTOR('',#1438,2.);
#358=VECTOR('',#1445,2.);
#359=VECTOR('',#1454,10.);
#360=VECTOR('',#1459,10.);
#361=VECTOR('',#1462,10.);
#362=VECTOR('',#1463,10.);
#363=VECTOR('',#1464,10.);
#364=VECTOR('',#1465,10.);
#365=VECTOR('',#1472,10.);
#366=VECTOR('',#1475,10.);
#367=VECTOR('',#1476,10.);
#368=VECTOR('',#1477,10.);
#369=VECTOR('',#1480,10.);
#370=VECTOR('',#1481,10.);
#371=VECTOR('',#1482,10.);
#372=VECTOR('',#1485,10.);
#373=VECTOR('',#1486,10.);
#374=VECTOR('',#1487,10.);
#375=VECTOR('',#1494,10.);
#376=VECTOR('',#1495,10.);
#377=VECTOR('',#1502,10.);
#378=VECTOR('',#1503,10.);
#379=VECTOR('',#1510,10.);
#380=VECTOR('',#1513,10.);
#381=VECTOR('',#1514,10.);
#382=VECTOR('',#1515,10.);
#383=VECTOR('',#1518,10.);
#384=VECTOR('',#1519,10.);
#385=VECTOR('',#1520,10.);
#386=VECTOR('',#1523,10.);
#387=VECTOR('',#1524,10.);
#388=VECTOR('',#1525,10.);
#389=VECTOR('',#1528,10.);
#390=VECTOR('',#1529,10.);
#391=VECTOR('',#1530,10.);
#392=VECTOR('',#1533,10.);
#393=VECTOR('',#1534,10.);
#394=VECTOR('',#1535,10.);
#395=VECTOR('',#1542,10.);
#396=VECTOR('',#1545,10.);
#397=VECTOR('',#1546,10.);
#398=VECTOR('',#1547,10.);
#399=VECTOR('',#1550,10.);
#400=VECTOR('',#1551,10.);
#401=VECTOR('',#1552,10.);
#402=VECTOR('',#1555,10.);
#403=VECTOR('',#1556,10.);
#404=VECTOR('',#1557,10.);
#405=VECTOR('',#1564,10.);
#406=VECTOR('',#1567,10.);
#407=VECTOR('',#1568,10.);
#408=VECTOR('',#1569,10.);
#409=VECTOR('',#1572,10.);
#410=VECTOR('',#1573,10.);
#411=VECTOR('',#1574,10.);
#412=VECTOR('',#1577,10.);
#413=VECTOR('',#1578,10.);
#414=VECTOR('',#1579,10.);
#415=VECTOR('',#1582,10.);
#416=VECTOR('',#1583,10.);
#417=VECTOR('',#1584,10.);
#418=VECTOR('',#1587,10.);
#419=VECTOR('',#1588,10.);
#420=VECTOR('',#1589,10.);
#421=VECTOR('',#1596,10.);
#422=VECTOR('',#1605,2.);
#423=VECTOR('',#1612,2.);
#424=VECTOR('',#1619,10.);
#425=VECTOR('',#1624,10.);
#426=VECTOR('',#1629,10.);
#427=VECTOR('',#1630,10.);
#428=VECTOR('',#1631,10.);
#429=VECTOR('',#1632,10.);
#430=VECTOR('',#1637,10.);
#431=VECTOR('',#1642,10.);
#432=VECTOR('',#1643,10.);
#433=VECTOR('',#1644,10.);
#434=VECTOR('',#1647,10.);
#435=VECTOR('',#1648,10.);
#436=VECTOR('',#1649,10.);
#437=VECTOR('',#1652,10.);
#438=VECTOR('',#1653,10.);
#439=VECTOR('',#1654,10.);
#440=VECTOR('',#1659,10.);
#441=VECTOR('',#1662,10.);
#442=VECTOR('',#1667,10.);
#443=VECTOR('',#1670,10.);
#444=VECTOR('',#1675,10.);
#445=VECTOR('',#1680,10.);
#446=VECTOR('',#1681,10.);
#447=VECTOR('',#1682,10.);
#448=VECTOR('',#1685,10.);
#449=VECTOR('',#1686,10.);
#450=VECTOR('',#1687,10.);
#451=VECTOR('',#1690,10.);
#452=VECTOR('',#1691,10.);
#453=VECTOR('',#1692,10.);
#454=VECTOR('',#1695,10.);
#455=VECTOR('',#1696,10.);
#456=VECTOR('',#1697,10.);
#457=VECTOR('',#1700,10.);
#458=VECTOR('',#1701,10.);
#459=VECTOR('',#1702,10.);
#460=VECTOR('',#1707,10.);
#461=VECTOR('',#1712,10.);
#462=VECTOR('',#1713,10.);
#463=VECTOR('',#1714,10.);
#464=VECTOR('',#1717,10.);
#465=VECTOR('',#1718,10.);
#466=VECTOR('',#1719,10.);
#467=VECTOR('',#1722,10.);
#468=VECTOR('',#1723,10.);
#469=VECTOR('',#1724,10.);
#470=VECTOR('',#1729,10.);
#471=VECTOR('',#1734,10.);
#472=VECTOR('',#1735,10.);
#473=VECTOR('',#1736,10.);
#474=VECTOR('',#1739,10.);
#475=VECTOR('',#1740,10.);
#476=VECTOR('',#1741,10.);
#477=VECTOR('',#1744,10.);
#478=VECTOR('',#1745,10.);
#479=VECTOR('',#1746,10.);
#480=VECTOR('',#1749,10.);
#481=VECTOR('',#1750,10.);
#482=VECTOR('',#1751,10.);
#483=VECTOR('',#1754,10.);
#484=VECTOR('',#1755,10.);
#485=VECTOR('',#1756,10.);
#486=VECTOR('',#1761,10.);
#487=CIRCLE('',#1331,2.);
#488=CIRCLE('',#1332,2.);
#489=CIRCLE('',#1334,2.);
#490=CIRCLE('',#1335,2.);
#491=CIRCLE('',#1337,6.01500602423746);
#492=CIRCLE('',#1338,6.01500602423746);
#493=CIRCLE('',#1339,6.01500602423746);
#494=CIRCLE('',#1340,6.01500602423746);
#495=CIRCLE('',#1343,6.01500000000001);
#496=CIRCLE('',#1344,6.01500000000001);
#497=CIRCLE('',#1349,6.015);
#498=CIRCLE('',#1350,6.015);
#499=CIRCLE('',#1352,6.015);
#500=CIRCLE('',#1353,6.015);
#501=CIRCLE('',#1355,6.015);
#502=CIRCLE('',#1356,6.015);
#503=CIRCLE('',#1363,8.015);
#504=CIRCLE('',#1364,8.015);
#505=CIRCLE('',#1369,8.01500000000001);
#506=CIRCLE('',#1370,8.01500000000001);
#507=CIRCLE('',#1377,6.01500000000001);
#508=CIRCLE('',#1378,6.01500000000001);
#509=CIRCLE('',#1382,2.);
#510=CIRCLE('',#1383,2.);
#511=CIRCLE('',#1385,2.);
#512=CIRCLE('',#1386,2.);
#513=CIRCLE('',#1388,6.01500602423746);
#514=CIRCLE('',#1389,6.01500602423746);
#515=CIRCLE('',#1390,6.01500602423746);
#516=CIRCLE('',#1391,6.01500602423746);
#517=CIRCLE('',#1394,6.01500000000001);
#518=CIRCLE('',#1395,6.01500000000001);
#519=CIRCLE('',#1400,6.015);
#520=CIRCLE('',#1401,6.015);
#521=CIRCLE('',#1403,6.015);
#522=CIRCLE('',#1404,6.015);
#523=CIRCLE('',#1406,6.015);
#524=CIRCLE('',#1407,6.015);
#525=CIRCLE('',#1414,8.015);
#526=CIRCLE('',#1415,8.015);
#527=CIRCLE('',#1420,8.01500000000001);
#528=CIRCLE('',#1421,8.01500000000001);
#529=CIRCLE('',#1428,6.01500000000001);
#530=CIRCLE('',#1429,6.01500000000001);
#531=VERTEX_POINT('',#1770);
#532=VERTEX_POINT('',#1772);
#533=VERTEX_POINT('',#1776);
#534=VERTEX_POINT('',#1778);
#535=VERTEX_POINT('',#1782);
#536=VERTEX_POINT('',#1783);
#537=VERTEX_POINT('',#1785);
#538=VERTEX_POINT('',#1787);
#539=VERTEX_POINT('',#1789);
#540=VERTEX_POINT('',#1791);
#541=VERTEX_POINT('',#1795);
#542=VERTEX_POINT('',#1797);
#543=VERTEX_POINT('',#1814);
#544=VERTEX_POINT('',#1822);
#545=VERTEX_POINT('',#1832);
#546=VERTEX_POINT('',#1834);
#547=VERTEX_POINT('',#1838);
#548=VERTEX_POINT('',#1840);
#549=VERTEX_POINT('',#1844);
#550=VERTEX_POINT('',#1846);
#551=VERTEX_POINT('',#1850);
#552=VERTEX_POINT('',#1852);
#553=VERTEX_POINT('',#1856);
#554=VERTEX_POINT('',#1858);
#555=VERTEX_POINT('',#1875);
#556=VERTEX_POINT('',#1883);
#557=VERTEX_POINT('',#1893);
#558=VERTEX_POINT('',#1895);
#559=VERTEX_POINT('',#1912);
#560=VERTEX_POINT('',#1920);
#561=VERTEX_POINT('',#1930);
#562=VERTEX_POINT('',#1932);
#563=VERTEX_POINT('',#1936);
#564=VERTEX_POINT('',#1938);
#565=VERTEX_POINT('',#1942);
#566=VERTEX_POINT('',#1944);
#567=VERTEX_POINT('',#1948);
#568=VERTEX_POINT('',#1950);
#569=VERTEX_POINT('',#1954);
#570=VERTEX_POINT('',#1956);
#571=VERTEX_POINT('',#1960);
#572=VERTEX_POINT('',#1962);
#573=VERTEX_POINT('',#1966);
#574=VERTEX_POINT('',#1968);
#575=VERTEX_POINT('',#1972);
#576=VERTEX_POINT('',#1974);
#577=VERTEX_POINT('',#1978);
#578=VERTEX_POINT('',#1980);
#579=VERTEX_POINT('',#1984);
#580=VERTEX_POINT('',#1986);
#581=VERTEX_POINT('',#1990);
#582=VERTEX_POINT('',#1992);
#583=VERTEX_POINT('',#1996);
#584=VERTEX_POINT('',#1998);
#585=VERTEX_POINT('',#2002);
#586=VERTEX_POINT('',#2004);
#587=VERTEX_POINT('',#2008);
#588=VERTEX_POINT('',#2010);
#589=VERTEX_POINT('',#2014);
#590=VERTEX_POINT('',#2016);
#591=VERTEX_POINT('',#2020);
#592=VERTEX_POINT('',#2022);
#593=VERTEX_POINT('',#2026);
#594=VERTEX_POINT('',#2028);
#595=VERTEX_POINT('',#2062);
#596=VERTEX_POINT('',#2064);
#597=VERTEX_POINT('',#2068);
#598=VERTEX_POINT('',#2070);
#599=VERTEX_POINT('',#2074);
#600=VERTEX_POINT('',#2075);
#601=VERTEX_POINT('',#2077);
#602=VERTEX_POINT('',#2079);
#603=VERTEX_POINT('',#2081);
#604=VERTEX_POINT('',#2083);
#605=VERTEX_POINT('',#2087);
#606=VERTEX_POINT('',#2089);
#607=VERTEX_POINT('',#2106);
#608=VERTEX_POINT('',#2114);
#609=VERTEX_POINT('',#2124);
#610=VERTEX_POINT('',#2126);
#611=VERTEX_POINT('',#2130);
#612=VERTEX_POINT('',#2132);
#613=VERTEX_POINT('',#2136);
#614=VERTEX_POINT('',#2138);
#615=VERTEX_POINT('',#2142);
#616=VERTEX_POINT('',#2144);
#617=VERTEX_POINT('',#2148);
#618=VERTEX_POINT('',#2150);
#619=VERTEX_POINT('',#2167);
#620=VERTEX_POINT('',#2175);
#621=VERTEX_POINT('',#2185);
#622=VERTEX_POINT('',#2187);
#623=VERTEX_POINT('',#2204);
#624=VERTEX_POINT('',#2212);
#625=VERTEX_POINT('',#2222);
#626=VERTEX_POINT('',#2224);
#627=VERTEX_POINT('',#2228);
#628=VERTEX_POINT('',#2230);
#629=VERTEX_POINT('',#2234);
#630=VERTEX_POINT('',#2236);
#631=VERTEX_POINT('',#2240);
#632=VERTEX_POINT('',#2242);
#633=VERTEX_POINT('',#2246);
#634=VERTEX_POINT('',#2248);
#635=VERTEX_POINT('',#2252);
#636=VERTEX_POINT('',#2254);
#637=VERTEX_POINT('',#2258);
#638=VERTEX_POINT('',#2260);
#639=VERTEX_POINT('',#2264);
#640=VERTEX_POINT('',#2266);
#641=VERTEX_POINT('',#2270);
#642=VERTEX_POINT('',#2272);
#643=VERTEX_POINT('',#2276);
#644=VERTEX_POINT('',#2278);
#645=VERTEX_POINT('',#2282);
#646=VERTEX_POINT('',#2284);
#647=VERTEX_POINT('',#2288);
#648=VERTEX_POINT('',#2290);
#649=VERTEX_POINT('',#2294);
#650=VERTEX_POINT('',#2296);
#651=VERTEX_POINT('',#2300);
#652=VERTEX_POINT('',#2302);
#653=VERTEX_POINT('',#2306);
#654=VERTEX_POINT('',#2308);
#655=VERTEX_POINT('',#2312);
#656=VERTEX_POINT('',#2314);
#657=VERTEX_POINT('',#2318);
#658=VERTEX_POINT('',#2320);
#659=EDGE_CURVE('',#531,#531,#487,.T.);
#660=EDGE_CURVE('',#531,#532,#227,.T.);
#661=EDGE_CURVE('',#532,#532,#488,.T.);
#662=EDGE_CURVE('',#533,#533,#489,.T.);
#663=EDGE_CURVE('',#533,#534,#228,.T.);
#664=EDGE_CURVE('',#534,#534,#490,.T.);
#665=EDGE_CURVE('',#535,#536,#491,.T.);
#666=EDGE_CURVE('',#536,#537,#492,.T.);
#667=EDGE_CURVE('',#537,#538,#229,.T.);
#668=EDGE_CURVE('',#539,#538,#493,.T.);
#669=EDGE_CURVE('',#540,#539,#494,.T.);
#670=EDGE_CURVE('',#535,#540,#230,.T.);
#671=EDGE_CURVE('',#535,#541,#231,.T.);
#672=EDGE_CURVE('',#542,#540,#232,.T.);
#673=EDGE_CURVE('',#541,#542,#233,.T.);
#674=EDGE_CURVE('',#541,#543,#25,.T.);
#675=EDGE_CURVE('',#544,#542,#26,.T.);
#676=EDGE_CURVE('',#543,#544,#234,.T.);
#677=EDGE_CURVE('',#545,#543,#495,.T.);
#678=EDGE_CURVE('',#546,#544,#496,.T.);
#679=EDGE_CURVE('',#545,#546,#235,.T.);
#680=EDGE_CURVE('',#547,#545,#236,.T.);
#681=EDGE_CURVE('',#548,#546,#237,.T.);
#682=EDGE_CURVE('',#547,#548,#238,.T.);
#683=EDGE_CURVE('',#549,#547,#239,.T.);
#684=EDGE_CURVE('',#550,#548,#240,.T.);
#685=EDGE_CURVE('',#549,#550,#241,.T.);
#686=EDGE_CURVE('',#551,#549,#242,.T.);
#687=EDGE_CURVE('',#552,#550,#243,.T.);
#688=EDGE_CURVE('',#551,#552,#244,.T.);
#689=EDGE_CURVE('',#553,#551,#497,.T.);
#690=EDGE_CURVE('',#554,#552,#498,.T.);
#691=EDGE_CURVE('',#553,#554,#245,.T.);
#692=EDGE_CURVE('',#553,#555,#27,.T.);
#693=EDGE_CURVE('',#556,#554,#28,.T.);
#694=EDGE_CURVE('',#555,#556,#246,.T.);
#695=EDGE_CURVE('',#557,#555,#499,.T.);
#696=EDGE_CURVE('',#558,#556,#500,.T.);
#697=EDGE_CURVE('',#557,#558,#247,.T.);
#698=EDGE_CURVE('',#557,#559,#29,.T.);
#699=EDGE_CURVE('',#560,#558,#30,.T.);
#700=EDGE_CURVE('',#559,#560,#248,.T.);
#701=EDGE_CURVE('',#561,#559,#501,.T.);
#702=EDGE_CURVE('',#562,#560,#502,.T.);
#703=EDGE_CURVE('',#561,#562,#249,.T.);
#704=EDGE_CURVE('',#561,#563,#250,.T.);
#705=EDGE_CURVE('',#564,#562,#251,.T.);
#706=EDGE_CURVE('',#563,#564,#252,.T.);
#707=EDGE_CURVE('',#563,#565,#253,.T.);
#708=EDGE_CURVE('',#566,#564,#254,.T.);
#709=EDGE_CURVE('',#565,#566,#255,.T.);
#710=EDGE_CURVE('',#565,#567,#256,.T.);
#711=EDGE_CURVE('',#568,#566,#257,.T.);
#712=EDGE_CURVE('',#567,#568,#258,.T.);
#713=EDGE_CURVE('',#567,#569,#259,.T.);
#714=EDGE_CURVE('',#570,#568,#260,.T.);
#715=EDGE_CURVE('',#569,#570,#261,.T.);
#716=EDGE_CURVE('',#571,#569,#262,.T.);
#717=EDGE_CURVE('',#572,#570,#263,.T.);
#718=EDGE_CURVE('',#571,#572,#264,.T.);
#719=EDGE_CURVE('',#571,#573,#503,.T.);
#720=EDGE_CURVE('',#574,#572,#504,.T.);
#721=EDGE_CURVE('',#573,#574,#265,.T.);
#722=EDGE_CURVE('',#573,#575,#266,.T.);
#723=EDGE_CURVE('',#576,#574,#267,.T.);
#724=EDGE_CURVE('',#575,#576,#268,.T.);
#725=EDGE_CURVE('',#577,#575,#269,.T.);
#726=EDGE_CURVE('',#578,#576,#270,.T.);
#727=EDGE_CURVE('',#577,#578,#271,.T.);
#728=EDGE_CURVE('',#577,#579,#272,.T.);
#729=EDGE_CURVE('',#580,#578,#273,.T.);
#730=EDGE_CURVE('',#579,#580,#274,.T.);
#731=EDGE_CURVE('',#579,#581,#505,.T.);
#732=EDGE_CURVE('',#582,#580,#506,.T.);
#733=EDGE_CURVE('',#581,#582,#275,.T.);
#734=EDGE_CURVE('',#581,#583,#276,.T.);
#735=EDGE_CURVE('',#584,#582,#277,.T.);
#736=EDGE_CURVE('',#583,#584,#278,.T.);
#737=EDGE_CURVE('',#585,#583,#279,.T.);
#738=EDGE_CURVE('',#586,#584,#280,.T.);
#739=EDGE_CURVE('',#585,#586,#281,.T.);
#740=EDGE_CURVE('',#587,#585,#282,.T.);
#741=EDGE_CURVE('',#588,#586,#283,.T.);
#742=EDGE_CURVE('',#587,#588,#284,.T.);
#743=EDGE_CURVE('',#587,#589,#285,.T.);
#744=EDGE_CURVE('',#590,#588,#286,.T.);
#745=EDGE_CURVE('',#589,#590,#287,.T.);
#746=EDGE_CURVE('',#591,#589,#288,.T.);
#747=EDGE_CURVE('',#592,#590,#289,.T.);
#748=EDGE_CURVE('',#591,#592,#290,.T.);
#749=EDGE_CURVE('',#593,#591,#507,.T.);
#750=EDGE_CURVE('',#594,#592,#508,.T.);
#751=EDGE_CURVE('',#593,#594,#291,.T.);
#752=EDGE_CURVE('',#593,#537,#31,.T.);
#753=EDGE_CURVE('',#538,#594,#32,.T.);
#754=EDGE_CURVE('',#595,#595,#509,.T.);
#755=EDGE_CURVE('',#595,#596,#292,.T.);
#756=EDGE_CURVE('',#596,#596,#510,.T.);
#757=EDGE_CURVE('',#597,#597,#511,.T.);
#758=EDGE_CURVE('',#597,#598,#293,.T.);
#759=EDGE_CURVE('',#598,#598,#512,.T.);
#760=EDGE_CURVE('',#599,#600,#513,.T.);
#761=EDGE_CURVE('',#599,#601,#294,.T.);
#762=EDGE_CURVE('',#601,#602,#514,.T.);
#763=EDGE_CURVE('',#602,#603,#515,.T.);
#764=EDGE_CURVE('',#604,#603,#295,.T.);
#765=EDGE_CURVE('',#600,#604,#516,.T.);
#766=EDGE_CURVE('',#599,#605,#296,.T.);
#767=EDGE_CURVE('',#605,#606,#297,.T.);
#768=EDGE_CURVE('',#606,#601,#298,.T.);
#769=EDGE_CURVE('',#605,#607,#33,.T.);
#770=EDGE_CURVE('',#607,#608,#299,.T.);
#771=EDGE_CURVE('',#608,#606,#34,.T.);
#772=EDGE_CURVE('',#609,#607,#517,.T.);
#773=EDGE_CURVE('',#609,#610,#300,.T.);
#774=EDGE_CURVE('',#610,#608,#518,.T.);
#775=EDGE_CURVE('',#611,#609,#301,.T.);
#776=EDGE_CURVE('',#611,#612,#302,.T.);
#777=EDGE_CURVE('',#612,#610,#303,.T.);
#778=EDGE_CURVE('',#613,#611,#304,.T.);
#779=EDGE_CURVE('',#613,#614,#305,.T.);
#780=EDGE_CURVE('',#614,#612,#306,.T.);
#781=EDGE_CURVE('',#615,#613,#307,.T.);
#782=EDGE_CURVE('',#615,#616,#308,.T.);
#783=EDGE_CURVE('',#616,#614,#309,.T.);
#784=EDGE_CURVE('',#617,#615,#519,.T.);
#785=EDGE_CURVE('',#617,#618,#310,.T.);
#786=EDGE_CURVE('',#618,#616,#520,.T.);
#787=EDGE_CURVE('',#617,#619,#35,.T.);
#788=EDGE_CURVE('',#619,#620,#311,.T.);
#789=EDGE_CURVE('',#620,#618,#36,.T.);
#790=EDGE_CURVE('',#621,#619,#521,.T.);
#791=EDGE_CURVE('',#621,#622,#312,.T.);
#792=EDGE_CURVE('',#622,#620,#522,.T.);
#793=EDGE_CURVE('',#621,#623,#37,.T.);
#794=EDGE_CURVE('',#623,#624,#313,.T.);
#795=EDGE_CURVE('',#624,#622,#38,.T.);
#796=EDGE_CURVE('',#625,#623,#523,.T.);
#797=EDGE_CURVE('',#625,#626,#314,.T.);
#798=EDGE_CURVE('',#626,#624,#524,.T.);
#799=EDGE_CURVE('',#625,#627,#315,.T.);
#800=EDGE_CURVE('',#627,#628,#316,.T.);
#801=EDGE_CURVE('',#628,#626,#317,.T.);
#802=EDGE_CURVE('',#627,#629,#318,.T.);
#803=EDGE_CURVE('',#629,#630,#319,.T.);
#804=EDGE_CURVE('',#630,#628,#320,.T.);
#805=EDGE_CURVE('',#629,#631,#321,.T.);
#806=EDGE_CURVE('',#631,#632,#322,.T.);
#807=EDGE_CURVE('',#632,#630,#323,.T.);
#808=EDGE_CURVE('',#631,#633,#324,.T.);
#809=EDGE_CURVE('',#633,#634,#325,.T.);
#810=EDGE_CURVE('',#634,#632,#326,.T.);
#811=EDGE_CURVE('',#635,#633,#327,.T.);
#812=EDGE_CURVE('',#635,#636,#328,.T.);
#813=EDGE_CURVE('',#636,#634,#329,.T.);
#814=EDGE_CURVE('',#635,#637,#525,.T.);
#815=EDGE_CURVE('',#637,#638,#330,.T.);
#816=EDGE_CURVE('',#638,#636,#526,.T.);
#817=EDGE_CURVE('',#637,#639,#331,.T.);
#818=EDGE_CURVE('',#639,#640,#332,.T.);
#819=EDGE_CURVE('',#640,#638,#333,.T.);
#820=EDGE_CURVE('',#641,#639,#334,.T.);
#821=EDGE_CURVE('',#641,#642,#335,.T.);
#822=EDGE_CURVE('',#642,#640,#336,.T.);
#823=EDGE_CURVE('',#641,#643,#337,.T.);
#824=EDGE_CURVE('',#643,#644,#338,.T.);
#825=EDGE_CURVE('',#644,#642,#339,.T.);
#826=EDGE_CURVE('',#643,#645,#527,.T.);
#827=EDGE_CURVE('',#645,#646,#340,.T.);
#828=EDGE_CURVE('',#646,#644,#528,.T.);
#829=EDGE_CURVE('',#645,#647,#341,.T.);
#830=EDGE_CURVE('',#647,#648,#342,.T.);
#831=EDGE_CURVE('',#648,#646,#343,.T.);
#832=EDGE_CURVE('',#649,#647,#344,.T.);
#833=EDGE_CURVE('',#649,#650,#345,.T.);
#834=EDGE_CURVE('',#650,#648,#346,.T.);
#835=EDGE_CURVE('',#651,#649,#347,.T.);
#836=EDGE_CURVE('',#651,#652,#348,.T.);
#837=EDGE_CURVE('',#652,#650,#349,.T.);
#838=EDGE_CURVE('',#651,#653,#350,.T.);
#839=EDGE_CURVE('',#653,#654,#351,.T.);
#840=EDGE_CURVE('',#654,#652,#352,.T.);
#841=EDGE_CURVE('',#655,#653,#353,.T.);
#842=EDGE_CURVE('',#655,#656,#354,.T.);
#843=EDGE_CURVE('',#656,#654,#355,.T.);
#844=EDGE_CURVE('',#657,#655,#529,.T.);
#845=EDGE_CURVE('',#657,#658,#356,.T.);
#846=EDGE_CURVE('',#658,#656,#530,.T.);
#847=EDGE_CURVE('',#657,#604,#39,.T.);
#848=EDGE_CURVE('',#603,#658,#40,.T.);
#849=ORIENTED_EDGE('',*,*,#659,.F.);
#850=ORIENTED_EDGE('',*,*,#660,.T.);
#851=ORIENTED_EDGE('',*,*,#661,.F.);
#852=ORIENTED_EDGE('',*,*,#660,.F.);
#853=ORIENTED_EDGE('',*,*,#662,.F.);
#854=ORIENTED_EDGE('',*,*,#663,.T.);
#855=ORIENTED_EDGE('',*,*,#664,.F.);
#856=ORIENTED_EDGE('',*,*,#663,.F.);
#857=ORIENTED_EDGE('',*,*,#665,.T.);
#858=ORIENTED_EDGE('',*,*,#666,.T.);
#859=ORIENTED_EDGE('',*,*,#667,.T.);
#860=ORIENTED_EDGE('',*,*,#668,.F.);
#861=ORIENTED_EDGE('',*,*,#669,.F.);
#862=ORIENTED_EDGE('',*,*,#670,.F.);
#863=ORIENTED_EDGE('',*,*,#671,.F.);
#864=ORIENTED_EDGE('',*,*,#670,.T.);
#865=ORIENTED_EDGE('',*,*,#672,.F.);
#866=ORIENTED_EDGE('',*,*,#673,.F.);
#867=ORIENTED_EDGE('',*,*,#674,.F.);
#868=ORIENTED_EDGE('',*,*,#673,.T.);
#869=ORIENTED_EDGE('',*,*,#675,.F.);
#870=ORIENTED_EDGE('',*,*,#676,.F.);
#871=ORIENTED_EDGE('',*,*,#677,.T.);
#872=ORIENTED_EDGE('',*,*,#676,.T.);
#873=ORIENTED_EDGE('',*,*,#678,.F.);
#874=ORIENTED_EDGE('',*,*,#679,.F.);
#875=ORIENTED_EDGE('',*,*,#680,.T.);
#876=ORIENTED_EDGE('',*,*,#679,.T.);
#877=ORIENTED_EDGE('',*,*,#681,.F.);
#878=ORIENTED_EDGE('',*,*,#682,.F.);
#879=ORIENTED_EDGE('',*,*,#683,.T.);
#880=ORIENTED_EDGE('',*,*,#682,.T.);
#881=ORIENTED_EDGE('',*,*,#684,.F.);
#882=ORIENTED_EDGE('',*,*,#685,.F.);
#883=ORIENTED_EDGE('',*,*,#686,.T.);
#884=ORIENTED_EDGE('',*,*,#685,.T.);
#885=ORIENTED_EDGE('',*,*,#687,.F.);
#886=ORIENTED_EDGE('',*,*,#688,.F.);
#887=ORIENTED_EDGE('',*,*,#689,.T.);
#888=ORIENTED_EDGE('',*,*,#688,.T.);
#889=ORIENTED_EDGE('',*,*,#690,.F.);
#890=ORIENTED_EDGE('',*,*,#691,.F.);
#891=ORIENTED_EDGE('',*,*,#692,.F.);
#892=ORIENTED_EDGE('',*,*,#691,.T.);
#893=ORIENTED_EDGE('',*,*,#693,.F.);
#894=ORIENTED_EDGE('',*,*,#694,.F.);
#895=ORIENTED_EDGE('',*,*,#695,.T.);
#896=ORIENTED_EDGE('',*,*,#694,.T.);
#897=ORIENTED_EDGE('',*,*,#696,.F.);
#898=ORIENTED_EDGE('',*,*,#697,.F.);
#899=ORIENTED_EDGE('',*,*,#698,.F.);
#900=ORIENTED_EDGE('',*,*,#697,.T.);
#901=ORIENTED_EDGE('',*,*,#699,.F.);
#902=ORIENTED_EDGE('',*,*,#700,.F.);
#903=ORIENTED_EDGE('',*,*,#701,.T.);
#904=ORIENTED_EDGE('',*,*,#700,.T.);
#905=ORIENTED_EDGE('',*,*,#702,.F.);
#906=ORIENTED_EDGE('',*,*,#703,.F.);
#907=ORIENTED_EDGE('',*,*,#704,.F.);
#908=ORIENTED_EDGE('',*,*,#703,.T.);
#909=ORIENTED_EDGE('',*,*,#705,.F.);
#910=ORIENTED_EDGE('',*,*,#706,.F.);
#911=ORIENTED_EDGE('',*,*,#707,.F.);
#912=ORIENTED_EDGE('',*,*,#706,.T.);
#913=ORIENTED_EDGE('',*,*,#708,.F.);
#914=ORIENTED_EDGE('',*,*,#709,.F.);
#915=ORIENTED_EDGE('',*,*,#661,.T.);
#916=ORIENTED_EDGE('',*,*,#710,.F.);
#917=ORIENTED_EDGE('',*,*,#709,.T.);
#918=ORIENTED_EDGE('',*,*,#711,.F.);
#919=ORIENTED_EDGE('',*,*,#712,.F.);
#920=ORIENTED_EDGE('',*,*,#713,.F.);
#921=ORIENTED_EDGE('',*,*,#712,.T.);
#922=ORIENTED_EDGE('',*,*,#714,.F.);
#923=ORIENTED_EDGE('',*,*,#715,.F.);
#924=ORIENTED_EDGE('',*,*,#659,.T.);
#925=ORIENTED_EDGE('',*,*,#716,.T.);
#926=ORIENTED_EDGE('',*,*,#715,.T.);
#927=ORIENTED_EDGE('',*,*,#717,.F.);
#928=ORIENTED_EDGE('',*,*,#718,.F.);
#929=ORIENTED_EDGE('',*,*,#719,.F.);
#930=ORIENTED_EDGE('',*,*,#718,.T.);
#931=ORIENTED_EDGE('',*,*,#720,.F.);
#932=ORIENTED_EDGE('',*,*,#721,.F.);
#933=ORIENTED_EDGE('',*,*,#722,.F.);
#934=ORIENTED_EDGE('',*,*,#721,.T.);
#935=ORIENTED_EDGE('',*,*,#723,.F.);
#936=ORIENTED_EDGE('',*,*,#724,.F.);
#937=ORIENTED_EDGE('',*,*,#725,.T.);
#938=ORIENTED_EDGE('',*,*,#724,.T.);
#939=ORIENTED_EDGE('',*,*,#726,.F.);
#940=ORIENTED_EDGE('',*,*,#727,.F.);
#941=ORIENTED_EDGE('',*,*,#728,.F.);
#942=ORIENTED_EDGE('',*,*,#727,.T.);
#943=ORIENTED_EDGE('',*,*,#729,.F.);
#944=ORIENTED_EDGE('',*,*,#730,.F.);
#945=ORIENTED_EDGE('',*,*,#731,.F.);
#946=ORIENTED_EDGE('',*,*,#730,.T.);
#947=ORIENTED_EDGE('',*,*,#732,.F.);
#948=ORIENTED_EDGE('',*,*,#733,.F.);
#949=ORIENTED_EDGE('',*,*,#734,.F.);
#950=ORIENTED_EDGE('',*,*,#733,.T.);
#951=ORIENTED_EDGE('',*,*,#735,.F.);
#952=ORIENTED_EDGE('',*,*,#736,.F.);
#953=ORIENTED_EDGE('',*,*,#737,.T.);
#954=ORIENTED_EDGE('',*,*,#736,.T.);
#955=ORIENTED_EDGE('',*,*,#738,.F.);
#956=ORIENTED_EDGE('',*,*,#739,.F.);
#957=ORIENTED_EDGE('',*,*,#662,.T.);
#958=ORIENTED_EDGE('',*,*,#740,.T.);
#959=ORIENTED_EDGE('',*,*,#739,.T.);
#960=ORIENTED_EDGE('',*,*,#741,.F.);
#961=ORIENTED_EDGE('',*,*,#742,.F.);
#962=ORIENTED_EDGE('',*,*,#743,.F.);
#963=ORIENTED_EDGE('',*,*,#742,.T.);
#964=ORIENTED_EDGE('',*,*,#744,.F.);
#965=ORIENTED_EDGE('',*,*,#745,.F.);
#966=ORIENTED_EDGE('',*,*,#664,.T.);
#967=ORIENTED_EDGE('',*,*,#746,.T.);
#968=ORIENTED_EDGE('',*,*,#745,.T.);
#969=ORIENTED_EDGE('',*,*,#747,.F.);
#970=ORIENTED_EDGE('',*,*,#748,.F.);
#971=ORIENTED_EDGE('',*,*,#749,.T.);
#972=ORIENTED_EDGE('',*,*,#748,.T.);
#973=ORIENTED_EDGE('',*,*,#750,.F.);
#974=ORIENTED_EDGE('',*,*,#751,.F.);
#975=ORIENTED_EDGE('',*,*,#752,.F.);
#976=ORIENTED_EDGE('',*,*,#751,.T.);
#977=ORIENTED_EDGE('',*,*,#753,.F.);
#978=ORIENTED_EDGE('',*,*,#667,.F.);
#979=ORIENTED_EDGE('',*,*,#666,.F.);
#980=ORIENTED_EDGE('',*,*,#665,.F.);
#981=ORIENTED_EDGE('',*,*,#671,.T.);
#982=ORIENTED_EDGE('',*,*,#674,.T.);
#983=ORIENTED_EDGE('',*,*,#677,.F.);
#984=ORIENTED_EDGE('',*,*,#680,.F.);
#985=ORIENTED_EDGE('',*,*,#683,.F.);
#986=ORIENTED_EDGE('',*,*,#686,.F.);
#987=ORIENTED_EDGE('',*,*,#689,.F.);
#988=ORIENTED_EDGE('',*,*,#692,.T.);
#989=ORIENTED_EDGE('',*,*,#695,.F.);
#990=ORIENTED_EDGE('',*,*,#698,.T.);
#991=ORIENTED_EDGE('',*,*,#701,.F.);
#992=ORIENTED_EDGE('',*,*,#704,.T.);
#993=ORIENTED_EDGE('',*,*,#707,.T.);
#994=ORIENTED_EDGE('',*,*,#710,.T.);
#995=ORIENTED_EDGE('',*,*,#713,.T.);
#996=ORIENTED_EDGE('',*,*,#716,.F.);
#997=ORIENTED_EDGE('',*,*,#719,.T.);
#998=ORIENTED_EDGE('',*,*,#722,.T.);
#999=ORIENTED_EDGE('',*,*,#725,.F.);
#1000=ORIENTED_EDGE('',*,*,#728,.T.);
#1001=ORIENTED_EDGE('',*,*,#731,.T.);
#1002=ORIENTED_EDGE('',*,*,#734,.T.);
#1003=ORIENTED_EDGE('',*,*,#737,.F.);
#1004=ORIENTED_EDGE('',*,*,#740,.F.);
#1005=ORIENTED_EDGE('',*,*,#743,.T.);
#1006=ORIENTED_EDGE('',*,*,#746,.F.);
#1007=ORIENTED_EDGE('',*,*,#749,.F.);
#1008=ORIENTED_EDGE('',*,*,#752,.T.);
#1009=ORIENTED_EDGE('',*,*,#753,.T.);
#1010=ORIENTED_EDGE('',*,*,#750,.T.);
#1011=ORIENTED_EDGE('',*,*,#747,.T.);
#1012=ORIENTED_EDGE('',*,*,#744,.T.);
#1013=ORIENTED_EDGE('',*,*,#741,.T.);
#1014=ORIENTED_EDGE('',*,*,#738,.T.);
#1015=ORIENTED_EDGE('',*,*,#735,.T.);
#1016=ORIENTED_EDGE('',*,*,#732,.T.);
#1017=ORIENTED_EDGE('',*,*,#729,.T.);
#1018=ORIENTED_EDGE('',*,*,#726,.T.);
#1019=ORIENTED_EDGE('',*,*,#723,.T.);
#1020=ORIENTED_EDGE('',*,*,#720,.T.);
#1021=ORIENTED_EDGE('',*,*,#717,.T.);
#1022=ORIENTED_EDGE('',*,*,#714,.T.);
#1023=ORIENTED_EDGE('',*,*,#711,.T.);
#1024=ORIENTED_EDGE('',*,*,#708,.T.);
#1025=ORIENTED_EDGE('',*,*,#705,.T.);
#1026=ORIENTED_EDGE('',*,*,#702,.T.);
#1027=ORIENTED_EDGE('',*,*,#699,.T.);
#1028=ORIENTED_EDGE('',*,*,#696,.T.);
#1029=ORIENTED_EDGE('',*,*,#693,.T.);
#1030=ORIENTED_EDGE('',*,*,#690,.T.);
#1031=ORIENTED_EDGE('',*,*,#687,.T.);
#1032=ORIENTED_EDGE('',*,*,#684,.T.);
#1033=ORIENTED_EDGE('',*,*,#681,.T.);
#1034=ORIENTED_EDGE('',*,*,#678,.T.);
#1035=ORIENTED_EDGE('',*,*,#675,.T.);
#1036=ORIENTED_EDGE('',*,*,#672,.T.);
#1037=ORIENTED_EDGE('',*,*,#669,.T.);
#1038=ORIENTED_EDGE('',*,*,#668,.T.);
#1039=ORIENTED_EDGE('',*,*,#754,.T.);
#1040=ORIENTED_EDGE('',*,*,#755,.T.);
#1041=ORIENTED_EDGE('',*,*,#756,.T.);
#1042=ORIENTED_EDGE('',*,*,#755,.F.);
#1043=ORIENTED_EDGE('',*,*,#757,.T.);
#1044=ORIENTED_EDGE('',*,*,#758,.T.);
#1045=ORIENTED_EDGE('',*,*,#759,.T.);
#1046=ORIENTED_EDGE('',*,*,#758,.F.);
#1047=ORIENTED_EDGE('',*,*,#760,.F.);
#1048=ORIENTED_EDGE('',*,*,#761,.T.);
#1049=ORIENTED_EDGE('',*,*,#762,.T.);
#1050=ORIENTED_EDGE('',*,*,#763,.T.);
#1051=ORIENTED_EDGE('',*,*,#764,.F.);
#1052=ORIENTED_EDGE('',*,*,#765,.F.);
#1053=ORIENTED_EDGE('',*,*,#766,.T.);
#1054=ORIENTED_EDGE('',*,*,#767,.T.);
#1055=ORIENTED_EDGE('',*,*,#768,.T.);
#1056=ORIENTED_EDGE('',*,*,#761,.F.);
#1057=ORIENTED_EDGE('',*,*,#769,.T.);
#1058=ORIENTED_EDGE('',*,*,#770,.T.);
#1059=ORIENTED_EDGE('',*,*,#771,.T.);
#1060=ORIENTED_EDGE('',*,*,#767,.F.);
#1061=ORIENTED_EDGE('',*,*,#772,.F.);
#1062=ORIENTED_EDGE('',*,*,#773,.T.);
#1063=ORIENTED_EDGE('',*,*,#774,.T.);
#1064=ORIENTED_EDGE('',*,*,#770,.F.);
#1065=ORIENTED_EDGE('',*,*,#775,.F.);
#1066=ORIENTED_EDGE('',*,*,#776,.T.);
#1067=ORIENTED_EDGE('',*,*,#777,.T.);
#1068=ORIENTED_EDGE('',*,*,#773,.F.);
#1069=ORIENTED_EDGE('',*,*,#778,.F.);
#1070=ORIENTED_EDGE('',*,*,#779,.T.);
#1071=ORIENTED_EDGE('',*,*,#780,.T.);
#1072=ORIENTED_EDGE('',*,*,#776,.F.);
#1073=ORIENTED_EDGE('',*,*,#781,.F.);
#1074=ORIENTED_EDGE('',*,*,#782,.T.);
#1075=ORIENTED_EDGE('',*,*,#783,.T.);
#1076=ORIENTED_EDGE('',*,*,#779,.F.);
#1077=ORIENTED_EDGE('',*,*,#784,.F.);
#1078=ORIENTED_EDGE('',*,*,#785,.T.);
#1079=ORIENTED_EDGE('',*,*,#786,.T.);
#1080=ORIENTED_EDGE('',*,*,#782,.F.);
#1081=ORIENTED_EDGE('',*,*,#787,.T.);
#1082=ORIENTED_EDGE('',*,*,#788,.T.);
#1083=ORIENTED_EDGE('',*,*,#789,.T.);
#1084=ORIENTED_EDGE('',*,*,#785,.F.);
#1085=ORIENTED_EDGE('',*,*,#790,.F.);
#1086=ORIENTED_EDGE('',*,*,#791,.T.);
#1087=ORIENTED_EDGE('',*,*,#792,.T.);
#1088=ORIENTED_EDGE('',*,*,#788,.F.);
#1089=ORIENTED_EDGE('',*,*,#793,.T.);
#1090=ORIENTED_EDGE('',*,*,#794,.T.);
#1091=ORIENTED_EDGE('',*,*,#795,.T.);
#1092=ORIENTED_EDGE('',*,*,#791,.F.);
#1093=ORIENTED_EDGE('',*,*,#796,.F.);
#1094=ORIENTED_EDGE('',*,*,#797,.T.);
#1095=ORIENTED_EDGE('',*,*,#798,.T.);
#1096=ORIENTED_EDGE('',*,*,#794,.F.);
#1097=ORIENTED_EDGE('',*,*,#799,.T.);
#1098=ORIENTED_EDGE('',*,*,#800,.T.);
#1099=ORIENTED_EDGE('',*,*,#801,.T.);
#1100=ORIENTED_EDGE('',*,*,#797,.F.);
#1101=ORIENTED_EDGE('',*,*,#802,.T.);
#1102=ORIENTED_EDGE('',*,*,#803,.T.);
#1103=ORIENTED_EDGE('',*,*,#804,.T.);
#1104=ORIENTED_EDGE('',*,*,#800,.F.);
#1105=ORIENTED_EDGE('',*,*,#756,.F.);
#1106=ORIENTED_EDGE('',*,*,#805,.T.);
#1107=ORIENTED_EDGE('',*,*,#806,.T.);
#1108=ORIENTED_EDGE('',*,*,#807,.T.);
#1109=ORIENTED_EDGE('',*,*,#803,.F.);
#1110=ORIENTED_EDGE('',*,*,#808,.T.);
#1111=ORIENTED_EDGE('',*,*,#809,.T.);
#1112=ORIENTED_EDGE('',*,*,#810,.T.);
#1113=ORIENTED_EDGE('',*,*,#806,.F.);
#1114=ORIENTED_EDGE('',*,*,#754,.F.);
#1115=ORIENTED_EDGE('',*,*,#811,.F.);
#1116=ORIENTED_EDGE('',*,*,#812,.T.);
#1117=ORIENTED_EDGE('',*,*,#813,.T.);
#1118=ORIENTED_EDGE('',*,*,#809,.F.);
#1119=ORIENTED_EDGE('',*,*,#814,.T.);
#1120=ORIENTED_EDGE('',*,*,#815,.T.);
#1121=ORIENTED_EDGE('',*,*,#816,.T.);
#1122=ORIENTED_EDGE('',*,*,#812,.F.);
#1123=ORIENTED_EDGE('',*,*,#817,.T.);
#1124=ORIENTED_EDGE('',*,*,#818,.T.);
#1125=ORIENTED_EDGE('',*,*,#819,.T.);
#1126=ORIENTED_EDGE('',*,*,#815,.F.);
#1127=ORIENTED_EDGE('',*,*,#820,.F.);
#1128=ORIENTED_EDGE('',*,*,#821,.T.);
#1129=ORIENTED_EDGE('',*,*,#822,.T.);
#1130=ORIENTED_EDGE('',*,*,#818,.F.);
#1131=ORIENTED_EDGE('',*,*,#823,.T.);
#1132=ORIENTED_EDGE('',*,*,#824,.T.);
#1133=ORIENTED_EDGE('',*,*,#825,.T.);
#1134=ORIENTED_EDGE('',*,*,#821,.F.);
#1135=ORIENTED_EDGE('',*,*,#826,.T.);
#1136=ORIENTED_EDGE('',*,*,#827,.T.);
#1137=ORIENTED_EDGE('',*,*,#828,.T.);
#1138=ORIENTED_EDGE('',*,*,#824,.F.);
#1139=ORIENTED_EDGE('',*,*,#829,.T.);
#1140=ORIENTED_EDGE('',*,*,#830,.T.);
#1141=ORIENTED_EDGE('',*,*,#831,.T.);
#1142=ORIENTED_EDGE('',*,*,#827,.F.);
#1143=ORIENTED_EDGE('',*,*,#832,.F.);
#1144=ORIENTED_EDGE('',*,*,#833,.T.);
#1145=ORIENTED_EDGE('',*,*,#834,.T.);
#1146=ORIENTED_EDGE('',*,*,#830,.F.);
#1147=ORIENTED_EDGE('',*,*,#757,.F.);
#1148=ORIENTED_EDGE('',*,*,#835,.F.);
#1149=ORIENTED_EDGE('',*,*,#836,.T.);
#1150=ORIENTED_EDGE('',*,*,#837,.T.);
#1151=ORIENTED_EDGE('',*,*,#833,.F.);
#1152=ORIENTED_EDGE('',*,*,#838,.T.);
#1153=ORIENTED_EDGE('',*,*,#839,.T.);
#1154=ORIENTED_EDGE('',*,*,#840,.T.);
#1155=ORIENTED_EDGE('',*,*,#836,.F.);
#1156=ORIENTED_EDGE('',*,*,#759,.F.);
#1157=ORIENTED_EDGE('',*,*,#841,.F.);
#1158=ORIENTED_EDGE('',*,*,#842,.T.);
#1159=ORIENTED_EDGE('',*,*,#843,.T.);
#1160=ORIENTED_EDGE('',*,*,#839,.F.);
#1161=ORIENTED_EDGE('',*,*,#844,.F.);
#1162=ORIENTED_EDGE('',*,*,#845,.T.);
#1163=ORIENTED_EDGE('',*,*,#846,.T.);
#1164=ORIENTED_EDGE('',*,*,#842,.F.);
#1165=ORIENTED_EDGE('',*,*,#847,.T.);
#1166=ORIENTED_EDGE('',*,*,#764,.T.);
#1167=ORIENTED_EDGE('',*,*,#848,.T.);
#1168=ORIENTED_EDGE('',*,*,#845,.F.);
#1169=ORIENTED_EDGE('',*,*,#847,.F.);
#1170=ORIENTED_EDGE('',*,*,#844,.T.);
#1171=ORIENTED_EDGE('',*,*,#841,.T.);
#1172=ORIENTED_EDGE('',*,*,#838,.F.);
#1173=ORIENTED_EDGE('',*,*,#835,.T.);
#1174=ORIENTED_EDGE('',*,*,#832,.T.);
#1175=ORIENTED_EDGE('',*,*,#829,.F.);
#1176=ORIENTED_EDGE('',*,*,#826,.F.);
#1177=ORIENTED_EDGE('',*,*,#823,.F.);
#1178=ORIENTED_EDGE('',*,*,#820,.T.);
#1179=ORIENTED_EDGE('',*,*,#817,.F.);
#1180=ORIENTED_EDGE('',*,*,#814,.F.);
#1181=ORIENTED_EDGE('',*,*,#811,.T.);
#1182=ORIENTED_EDGE('',*,*,#808,.F.);
#1183=ORIENTED_EDGE('',*,*,#805,.F.);
#1184=ORIENTED_EDGE('',*,*,#802,.F.);
#1185=ORIENTED_EDGE('',*,*,#799,.F.);
#1186=ORIENTED_EDGE('',*,*,#796,.T.);
#1187=ORIENTED_EDGE('',*,*,#793,.F.);
#1188=ORIENTED_EDGE('',*,*,#790,.T.);
#1189=ORIENTED_EDGE('',*,*,#787,.F.);
#1190=ORIENTED_EDGE('',*,*,#784,.T.);
#1191=ORIENTED_EDGE('',*,*,#781,.T.);
#1192=ORIENTED_EDGE('',*,*,#778,.T.);
#1193=ORIENTED_EDGE('',*,*,#775,.T.);
#1194=ORIENTED_EDGE('',*,*,#772,.T.);
#1195=ORIENTED_EDGE('',*,*,#769,.F.);
#1196=ORIENTED_EDGE('',*,*,#766,.F.);
#1197=ORIENTED_EDGE('',*,*,#760,.T.);
#1198=ORIENTED_EDGE('',*,*,#765,.T.);
#1199=ORIENTED_EDGE('',*,*,#763,.F.);
#1200=ORIENTED_EDGE('',*,*,#762,.F.);
#1201=ORIENTED_EDGE('',*,*,#768,.F.);
#1202=ORIENTED_EDGE('',*,*,#771,.F.);
#1203=ORIENTED_EDGE('',*,*,#774,.F.);
#1204=ORIENTED_EDGE('',*,*,#777,.F.);
#1205=ORIENTED_EDGE('',*,*,#780,.F.);
#1206=ORIENTED_EDGE('',*,*,#783,.F.);
#1207=ORIENTED_EDGE('',*,*,#786,.F.);
#1208=ORIENTED_EDGE('',*,*,#789,.F.);
#1209=ORIENTED_EDGE('',*,*,#792,.F.);
#1210=ORIENTED_EDGE('',*,*,#795,.F.);
#1211=ORIENTED_EDGE('',*,*,#798,.F.);
#1212=ORIENTED_EDGE('',*,*,#801,.F.);
#1213=ORIENTED_EDGE('',*,*,#804,.F.);
#1214=ORIENTED_EDGE('',*,*,#807,.F.);
#1215=ORIENTED_EDGE('',*,*,#810,.F.);
#1216=ORIENTED_EDGE('',*,*,#813,.F.);
#1217=ORIENTED_EDGE('',*,*,#816,.F.);
#1218=ORIENTED_EDGE('',*,*,#819,.F.);
#1219=ORIENTED_EDGE('',*,*,#822,.F.);
#1220=ORIENTED_EDGE('',*,*,#825,.F.);
#1221=ORIENTED_EDGE('',*,*,#828,.F.);
#1222=ORIENTED_EDGE('',*,*,#831,.F.);
#1223=ORIENTED_EDGE('',*,*,#834,.F.);
#1224=ORIENTED_EDGE('',*,*,#837,.F.);
#1225=ORIENTED_EDGE('',*,*,#840,.F.);
#1226=ORIENTED_EDGE('',*,*,#843,.F.);
#1227=ORIENTED_EDGE('',*,*,#846,.F.);
#1228=ORIENTED_EDGE('',*,*,#848,.F.);
#1229=CYLINDRICAL_SURFACE('',#1330,2.);
#1230=CYLINDRICAL_SURFACE('',#1333,2.);
#1231=CYLINDRICAL_SURFACE('',#1336,6.01500602423746);
#1232=CYLINDRICAL_SURFACE('',#1342,6.01500000000001);
#1233=CYLINDRICAL_SURFACE('',#1348,6.015);
#1234=CYLINDRICAL_SURFACE('',#1351,6.015);
#1235=CYLINDRICAL_SURFACE('',#1354,6.015);
#1236=CYLINDRICAL_SURFACE('',#1362,8.015);
#1237=CYLINDRICAL_SURFACE('',#1368,8.01500000000001);
#1238=CYLINDRICAL_SURFACE('',#1376,6.01500000000001);
#1239=CYLINDRICAL_SURFACE('',#1381,2.);
#1240=CYLINDRICAL_SURFACE('',#1384,2.);
#1241=CYLINDRICAL_SURFACE('',#1387,6.01500602423746);
#1242=CYLINDRICAL_SURFACE('',#1393,6.01500000000001);
#1243=CYLINDRICAL_SURFACE('',#1399,6.015);
#1244=CYLINDRICAL_SURFACE('',#1402,6.015);
#1245=CYLINDRICAL_SURFACE('',#1405,6.015);
#1246=CYLINDRICAL_SURFACE('',#1413,8.015);
#1247=CYLINDRICAL_SURFACE('',#1419,8.01500000000001);
#1248=CYLINDRICAL_SURFACE('',#1427,6.01500000000001);
#1249=ADVANCED_FACE('',(#87),#1229,.F.);
#1250=ADVANCED_FACE('',(#88),#1230,.F.);
#1251=ADVANCED_FACE('',(#89),#1231,.F.);
#1252=ADVANCED_FACE('',(#90),#49,.T.);
#1253=ADVANCED_FACE('',(#91),#41,.T.);
#1254=ADVANCED_FACE('',(#92),#1232,.F.);
#1255=ADVANCED_FACE('',(#93),#50,.T.);
#1256=ADVANCED_FACE('',(#94),#51,.T.);
#1257=ADVANCED_FACE('',(#95),#52,.T.);
#1258=ADVANCED_FACE('',(#96),#1233,.F.);
#1259=ADVANCED_FACE('',(#97),#42,.T.);
#1260=ADVANCED_FACE('',(#98),#1234,.F.);
#1261=ADVANCED_FACE('',(#99),#43,.T.);
#1262=ADVANCED_FACE('',(#100),#1235,.F.);
#1263=ADVANCED_FACE('',(#101),#53,.T.);
#1264=ADVANCED_FACE('',(#102,#17),#54,.T.);
#1265=ADVANCED_FACE('',(#103),#55,.T.);
#1266=ADVANCED_FACE('',(#104,#18),#56,.T.);
#1267=ADVANCED_FACE('',(#105),#57,.T.);
#1268=ADVANCED_FACE('',(#106),#1236,.T.);
#1269=ADVANCED_FACE('',(#107),#58,.T.);
#1270=ADVANCED_FACE('',(#108),#59,.T.);
#1271=ADVANCED_FACE('',(#109),#60,.T.);
#1272=ADVANCED_FACE('',(#110),#1237,.T.);
#1273=ADVANCED_FACE('',(#111),#61,.T.);
#1274=ADVANCED_FACE('',(#112,#19),#62,.T.);
#1275=ADVANCED_FACE('',(#113),#63,.T.);
#1276=ADVANCED_FACE('',(#114,#20),#64,.T.);
#1277=ADVANCED_FACE('',(#115),#65,.T.);
#1278=ADVANCED_FACE('',(#116),#1238,.F.);
#1279=ADVANCED_FACE('',(#117),#44,.T.);
#1280=ADVANCED_FACE('',(#118),#66,.T.);
#1281=ADVANCED_FACE('',(#119),#67,.F.);
#1282=ADVANCED_FACE('',(#120),#1239,.F.);
#1283=ADVANCED_FACE('',(#121),#1240,.F.);
#1284=ADVANCED_FACE('',(#122),#1241,.F.);
#1285=ADVANCED_FACE('',(#123),#68,.F.);
#1286=ADVANCED_FACE('',(#124),#45,.F.);
#1287=ADVANCED_FACE('',(#125),#1242,.F.);
#1288=ADVANCED_FACE('',(#126),#69,.F.);
#1289=ADVANCED_FACE('',(#127),#70,.F.);
#1290=ADVANCED_FACE('',(#128),#71,.F.);
#1291=ADVANCED_FACE('',(#129),#1243,.F.);
#1292=ADVANCED_FACE('',(#130),#46,.F.);
#1293=ADVANCED_FACE('',(#131),#1244,.F.);
#1294=ADVANCED_FACE('',(#132),#47,.F.);
#1295=ADVANCED_FACE('',(#133),#1245,.F.);
#1296=ADVANCED_FACE('',(#134),#72,.F.);
#1297=ADVANCED_FACE('',(#135,#21),#73,.F.);
#1298=ADVANCED_FACE('',(#136),#74,.F.);
#1299=ADVANCED_FACE('',(#137,#22),#75,.F.);
#1300=ADVANCED_FACE('',(#138),#76,.F.);
#1301=ADVANCED_FACE('',(#139),#1246,.T.);
#1302=ADVANCED_FACE('',(#140),#77,.F.);
#1303=ADVANCED_FACE('',(#141),#78,.F.);
#1304=ADVANCED_FACE('',(#142),#79,.F.);
#1305=ADVANCED_FACE('',(#143),#1247,.T.);
#1306=ADVANCED_FACE('',(#144),#80,.F.);
#1307=ADVANCED_FACE('',(#145,#23),#81,.F.);
#1308=ADVANCED_FACE('',(#146),#82,.F.);
#1309=ADVANCED_FACE('',(#147,#24),#83,.F.);
#1310=ADVANCED_FACE('',(#148),#84,.F.);
#1311=ADVANCED_FACE('',(#149),#1248,.F.);
#1312=ADVANCED_FACE('',(#150),#48,.F.);
#1313=ADVANCED_FACE('',(#151),#85,.F.);
#1314=ADVANCED_FACE('',(#152),#86,.T.);
#1315=CLOSED_SHELL('',(#1249,#1250,#1251,#1252,#1253,#1254,#1255,#1256,
#1257,#1258,#1259,#1260,#1261,#1262,#1263,#1264,#1265,#1266,#1267,#1268,
#1269,#1270,#1271,#1272,#1273,#1274,#1275,#1276,#1277,#1278,#1279,#1280,
#1281));
#1316=CLOSED_SHELL('',(#1282,#1283,#1284,#1285,#1286,#1287,#1288,#1289,
#1290,#1291,#1292,#1293,#1294,#1295,#1296,#1297,#1298,#1299,#1300,#1301,
#1302,#1303,#1304,#1305,#1306,#1307,#1308,#1309,#1310,#1311,#1312,#1313,
#1314));
#1317=DERIVED_UNIT_ELEMENT(#1319,1.);
#1318=DERIVED_UNIT_ELEMENT(#2358,-3.);
#1319=(
MASS_UNIT()
NAMED_UNIT(*)
SI_UNIT(.KILO.,.GRAM.)
);
#1320=DERIVED_UNIT((#1317,#1318));
#1321=MEASURE_REPRESENTATION_ITEM('density measure',
POSITIVE_RATIO_MEASURE(7850.),#1320);
#1322=PROPERTY_DEFINITION_REPRESENTATION(#1327,#1324);
#1323=PROPERTY_DEFINITION_REPRESENTATION(#1328,#1325);
#1324=REPRESENTATION('material name',(#1326),#2355);
#1325=REPRESENTATION('density',(#1321),#2355);
#1326=DESCRIPTIVE_REPRESENTATION_ITEM('\X\C7elik','\X\C7elik');
#1327=PROPERTY_DEFINITION('material property','material name',#2365);
#1328=PROPERTY_DEFINITION('material property','density of part',#2365);
#1329=AXIS2_PLACEMENT_3D('',#1768,#1432,#1433);
#1330=AXIS2_PLACEMENT_3D('',#1769,#1434,#1435);
#1331=AXIS2_PLACEMENT_3D('',#1771,#1436,#1437);
#1332=AXIS2_PLACEMENT_3D('',#1774,#1439,#1440);
#1333=AXIS2_PLACEMENT_3D('',#1775,#1441,#1442);
#1334=AXIS2_PLACEMENT_3D('',#1777,#1443,#1444);
#1335=AXIS2_PLACEMENT_3D('',#1780,#1446,#1447);
#1336=AXIS2_PLACEMENT_3D('',#1781,#1448,#1449);
#1337=AXIS2_PLACEMENT_3D('',#1784,#1450,#1451);
#1338=AXIS2_PLACEMENT_3D('',#1786,#1452,#1453);
#1339=AXIS2_PLACEMENT_3D('',#1790,#1455,#1456);
#1340=AXIS2_PLACEMENT_3D('',#1792,#1457,#1458);
#1341=AXIS2_PLACEMENT_3D('',#1794,#1460,#1461);
#1342=AXIS2_PLACEMENT_3D('',#1831,#1466,#1467);
#1343=AXIS2_PLACEMENT_3D('',#1833,#1468,#1469);
#1344=AXIS2_PLACEMENT_3D('',#1835,#1470,#1471);
#1345=AXIS2_PLACEMENT_3D('',#1837,#1473,#1474);
#1346=AXIS2_PLACEMENT_3D('',#1843,#1478,#1479);
#1347=AXIS2_PLACEMENT_3D('',#1849,#1483,#1484);
#1348=AXIS2_PLACEMENT_3D('',#1855,#1488,#1489);
#1349=AXIS2_PLACEMENT_3D('',#1857,#1490,#1491);
#1350=AXIS2_PLACEMENT_3D('',#1859,#1492,#1493);
#1351=AXIS2_PLACEMENT_3D('',#1892,#1496,#1497);
#1352=AXIS2_PLACEMENT_3D('',#1894,#1498,#1499);
#1353=AXIS2_PLACEMENT_3D('',#1896,#1500,#1501);
#1354=AXIS2_PLACEMENT_3D('',#1929,#1504,#1505);
#1355=AXIS2_PLACEMENT_3D('',#1931,#1506,#1507);
#1356=AXIS2_PLACEMENT_3D('',#1933,#1508,#1509);
#1357=AXIS2_PLACEMENT_3D('',#1935,#1511,#1512);
#1358=AXIS2_PLACEMENT_3D('',#1941,#1516,#1517);
#1359=AXIS2_PLACEMENT_3D('',#1947,#1521,#1522);
#1360=AXIS2_PLACEMENT_3D('',#1953,#1526,#1527);
#1361=AXIS2_PLACEMENT_3D('',#1959,#1531,#1532);
#1362=AXIS2_PLACEMENT_3D('',#1965,#1536,#1537);
#1363=AXIS2_PLACEMENT_3D('',#1967,#1538,#1539);
#1364=AXIS2_PLACEMENT_3D('',#1969,#1540,#1541);
#1365=AXIS2_PLACEMENT_3D('',#1971,#1543,#1544);
#1366=AXIS2_PLACEMENT_3D('',#1977,#1548,#1549);
#1367=AXIS2_PLACEMENT_3D('',#1983,#1553,#1554);
#1368=AXIS2_PLACEMENT_3D('',#1989,#1558,#1559);
#1369=AXIS2_PLACEMENT_3D('',#1991,#1560,#1561);
#1370=AXIS2_PLACEMENT_3D('',#1993,#1562,#1563);
#1371=AXIS2_PLACEMENT_3D('',#1995,#1565,#1566);
#1372=AXIS2_PLACEMENT_3D('',#2001,#1570,#1571);
#1373=AXIS2_PLACEMENT_3D('',#2007,#1575,#1576);
#1374=AXIS2_PLACEMENT_3D('',#2013,#1580,#1581);
#1375=AXIS2_PLACEMENT_3D('',#2019,#1585,#1586);
#1376=AXIS2_PLACEMENT_3D('',#2025,#1590,#1591);
#1377=AXIS2_PLACEMENT_3D('',#2027,#1592,#1593);
#1378=AXIS2_PLACEMENT_3D('',#2029,#1594,#1595);
#1379=AXIS2_PLACEMENT_3D('',#2059,#1597,#1598);
#1380=AXIS2_PLACEMENT_3D('',#2060,#1599,#1600);
#1381=AXIS2_PLACEMENT_3D('',#2061,#1601,#1602);
#1382=AXIS2_PLACEMENT_3D('',#2063,#1603,#1604);
#1383=AXIS2_PLACEMENT_3D('',#2066,#1606,#1607);
#1384=AXIS2_PLACEMENT_3D('',#2067,#1608,#1609);
#1385=AXIS2_PLACEMENT_3D('',#2069,#1610,#1611);
#1386=AXIS2_PLACEMENT_3D('',#2072,#1613,#1614);
#1387=AXIS2_PLACEMENT_3D('',#2073,#1615,#1616);
#1388=AXIS2_PLACEMENT_3D('',#2076,#1617,#1618);
#1389=AXIS2_PLACEMENT_3D('',#2080,#1620,#1621);
#1390=AXIS2_PLACEMENT_3D('',#2082,#1622,#1623);
#1391=AXIS2_PLACEMENT_3D('',#2085,#1625,#1626);
#1392=AXIS2_PLACEMENT_3D('',#2086,#1627,#1628);
#1393=AXIS2_PLACEMENT_3D('',#2123,#1633,#1634);
#1394=AXIS2_PLACEMENT_3D('',#2125,#1635,#1636);
#1395=AXIS2_PLACEMENT_3D('',#2128,#1638,#1639);
#1396=AXIS2_PLACEMENT_3D('',#2129,#1640,#1641);
#1397=AXIS2_PLACEMENT_3D('',#2135,#1645,#1646);
#1398=AXIS2_PLACEMENT_3D('',#2141,#1650,#1651);
#1399=AXIS2_PLACEMENT_3D('',#2147,#1655,#1656);
#1400=AXIS2_PLACEMENT_3D('',#2149,#1657,#1658);
#1401=AXIS2_PLACEMENT_3D('',#2152,#1660,#1661);
#1402=AXIS2_PLACEMENT_3D('',#2184,#1663,#1664);
#1403=AXIS2_PLACEMENT_3D('',#2186,#1665,#1666);
#1404=AXIS2_PLACEMENT_3D('',#2189,#1668,#1669);
#1405=AXIS2_PLACEMENT_3D('',#2221,#1671,#1672);
#1406=AXIS2_PLACEMENT_3D('',#2223,#1673,#1674);
#1407=AXIS2_PLACEMENT_3D('',#2226,#1676,#1677);
#1408=AXIS2_PLACEMENT_3D('',#2227,#1678,#1679);
#1409=AXIS2_PLACEMENT_3D('',#2233,#1683,#1684);
#1410=AXIS2_PLACEMENT_3D('',#2239,#1688,#1689);
#1411=AXIS2_PLACEMENT_3D('',#2245,#1693,#1694);
#1412=AXIS2_PLACEMENT_3D('',#2251,#1698,#1699);
#1413=AXIS2_PLACEMENT_3D('',#2257,#1703,#1704);
#1414=AXIS2_PLACEMENT_3D('',#2259,#1705,#1706);
#1415=AXIS2_PLACEMENT_3D('',#2262,#1708,#1709);
#1416=AXIS2_PLACEMENT_3D('',#2263,#1710,#1711);
#1417=AXIS2_PLACEMENT_3D('',#2269,#1715,#1716);
#1418=AXIS2_PLACEMENT_3D('',#2275,#1720,#1721);
#1419=AXIS2_PLACEMENT_3D('',#2281,#1725,#1726);
#1420=AXIS2_PLACEMENT_3D('',#2283,#1727,#1728);
#1421=AXIS2_PLACEMENT_3D('',#2286,#1730,#1731);
#1422=AXIS2_PLACEMENT_3D('',#2287,#1732,#1733);
#1423=AXIS2_PLACEMENT_3D('',#2293,#1737,#1738);
#1424=AXIS2_PLACEMENT_3D('',#2299,#1742,#1743);
#1425=AXIS2_PLACEMENT_3D('',#2305,#1747,#1748);
#1426=AXIS2_PLACEMENT_3D('',#2311,#1752,#1753);
#1427=AXIS2_PLACEMENT_3D('',#2317,#1757,#1758);
#1428=AXIS2_PLACEMENT_3D('',#2319,#1759,#1760);
#1429=AXIS2_PLACEMENT_3D('',#2322,#1762,#1763);
#1430=AXIS2_PLACEMENT_3D('',#2351,#1764,#1765);
#1431=AXIS2_PLACEMENT_3D('',#2352,#1766,#1767);
#1432=DIRECTION('axis',(0.,0.,1.));
#1433=DIRECTION('refdir',(1.,0.,0.));
#1434=DIRECTION('center_axis',(0.,-1.,0.));
#1435=DIRECTION('ref_axis',(-1.,0.,0.));
#1436=DIRECTION('center_axis',(-4.82872530631891E-51,-1.,0.));
#1437=DIRECTION('ref_axis',(-1.,0.,0.));
#1438=DIRECTION('',(0.,-1.,0.));
#1439=DIRECTION('center_axis',(4.82872530631891E-51,1.,0.));
#1440=DIRECTION('ref_axis',(-1.,0.,0.));
#1441=DIRECTION('center_axis',(0.,-1.,0.));
#1442=DIRECTION('ref_axis',(-1.,0.,0.));
#1443=DIRECTION('center_axis',(-4.82872530631891E-51,-1.,0.));
#1444=DIRECTION('ref_axis',(-1.,0.,0.));
#1445=DIRECTION('',(0.,-1.,0.));
#1446=DIRECTION('center_axis',(4.82872530631891E-51,1.,0.));
#1447=DIRECTION('ref_axis',(-1.,0.,0.));
#1448=DIRECTION('center_axis',(0.,0.,1.));
#1449=DIRECTION('ref_axis',(0.993151640566431,0.11683243916056,0.));
#1450=DIRECTION('center_axis',(2.54787510534094E-18,1.36255810596906E-32,
-1.));
#1451=DIRECTION('ref_axis',(0.993151640566431,0.11683243916056,2.53042634082772E-18));
#1452=DIRECTION('center_axis',(2.54787510534094E-18,1.36255810596906E-32,
-1.));
#1453=DIRECTION('ref_axis',(0.993151640566431,0.11683243916056,2.53042634082772E-18));
#1454=DIRECTION('',(0.,0.,1.));
#1455=DIRECTION('center_axis',(2.54787510534094E-18,1.36255810596906E-32,
-1.));
#1456=DIRECTION('ref_axis',(0.993151640566431,0.11683243916056,2.53042634082772E-18));
#1457=DIRECTION('center_axis',(2.54787510534094E-18,1.36255810596906E-32,
-1.));
#1458=DIRECTION('ref_axis',(0.993151640566431,0.11683243916056,2.53042634082772E-18));
#1459=DIRECTION('',(0.,0.,1.));
#1460=DIRECTION('center_axis',(-0.994127037282618,-0.108219377856668,0.));
#1461=DIRECTION('ref_axis',(0.108219377856668,-0.994127037282618,2.75729458756432E-19));
#1462=DIRECTION('',(-0.108219377856668,0.994127037282618,-2.75729458756432E-19));
#1463=DIRECTION('',(0.108219377856668,-0.994127037282618,2.75729458756432E-19));
#1464=DIRECTION('',(0.,0.,1.));
#1465=DIRECTION('',(0.,0.,1.));
#1466=DIRECTION('center_axis',(0.,0.,1.));
#1467=DIRECTION('ref_axis',(0.991115926057808,0.133000831255196,0.));
#1468=DIRECTION('center_axis',(2.54787510534093E-18,5.26989936298394E-32,
-1.));
#1469=DIRECTION('ref_axis',(0.991115926057808,0.133000831255196,2.52523959450962E-18));
#1470=DIRECTION('center_axis',(2.54787510534093E-18,5.26989936298394E-32,
-1.));
#1471=DIRECTION('ref_axis',(0.991115926057808,0.133000831255196,2.52523959450962E-18));
#1472=DIRECTION('',(0.,0.,1.));
#1473=DIRECTION('center_axis',(-0.292914350225479,-0.956138684204329,0.));
#1474=DIRECTION('ref_axis',(0.956138684204329,-0.292914350225479,1.86104249362504E-17));
#1475=DIRECTION('',(0.956138684204329,-0.292914350225479,1.86104249362504E-17));
#1476=DIRECTION('',(0.956138684204329,-0.292914350225479,1.86104249362504E-17));
#1477=DIRECTION('',(0.,0.,1.));
#1478=DIRECTION('center_axis',(1.36493708739806E-49,-1.,0.));
#1479=DIRECTION('ref_axis',(1.,1.36493708739806E-49,0.));
#1480=DIRECTION('',(1.,1.36493708739806E-49,0.));
#1481=DIRECTION('',(1.,1.36493708739806E-49,0.));
#1482=DIRECTION('',(0.,0.,1.));
#1483=DIRECTION('center_axis',(0.292914350225527,-0.956138684204314,0.));
#1484=DIRECTION('ref_axis',(0.956138684204314,0.292914350225527,2.43612195073779E-18));
#1485=DIRECTION('',(0.956138684204314,0.292914350225527,2.43612195073779E-18));
#1486=DIRECTION('',(0.956138684204314,0.292914350225527,2.43612195073779E-18));
#1487=DIRECTION('',(0.,0.,1.));
#1488=DIRECTION('center_axis',(0.,0.,1.));
#1489=DIRECTION('ref_axis',(-0.986083460975023,0.166251039068995,0.));
#1490=DIRECTION('center_axis',(2.54787510534093E-18,5.61611714451385E-32,
-1.));
#1491=DIRECTION('ref_axis',(-0.986083460975023,0.166251039068995,-2.51241750200668E-18));
#1492=DIRECTION('center_axis',(2.54787510534093E-18,5.61611714451385E-32,
-1.));
#1493=DIRECTION('ref_axis',(-0.986083460975023,0.166251039068995,-2.51241750200668E-18));
#1494=DIRECTION('',(0.,0.,1.));
#1495=DIRECTION('',(0.,0.,1.));
#1496=DIRECTION('center_axis',(0.,0.,1.));
#1497=DIRECTION('ref_axis',(-0.993151641244728,-0.116832433394596,0.));
#1498=DIRECTION('center_axis',(2.54787510534148E-18,1.31723945060704E-31,
-1.));
#1499=DIRECTION('ref_axis',(-0.993151641244728,-0.116832433394596,-2.53042634255649E-18));
#1500=DIRECTION('center_axis',(2.54787510534148E-18,1.31723945060704E-31,
-1.));
#1501=DIRECTION('ref_axis',(-0.993151641244728,-0.116832433394596,-2.53042634255649E-18));
#1502=DIRECTION('',(0.,0.,1.));
#1503=DIRECTION('',(0.,0.,1.));
#1504=DIRECTION('center_axis',(0.,0.,1.));
#1505=DIRECTION('ref_axis',(-0.986083460975023,-0.166251039068994,0.));
#1506=DIRECTION('center_axis',(2.54787510534093E-18,5.27146043861829E-32,
-1.));
#1507=DIRECTION('ref_axis',(-0.986083460975023,-0.166251039068994,-2.5124175020067E-18));
#1508=DIRECTION('center_axis',(2.54787510534093E-18,5.27146043861829E-32,
-1.));
#1509=DIRECTION('ref_axis',(-0.986083460975023,-0.166251039068994,-2.5124175020067E-18));
#1510=DIRECTION('',(0.,0.,1.));
#1511=DIRECTION('center_axis',(1.,1.2335811384724E-16,0.));
#1512=DIRECTION('ref_axis',(-1.2335811384724E-16,1.,4.23618732528982E-31));
#1513=DIRECTION('',(1.2335811384724E-16,-1.,-4.23618732528982E-31));
#1514=DIRECTION('',(-1.2335811384724E-16,1.,4.23618732528982E-31));
#1515=DIRECTION('',(0.,0.,1.));
#1516=DIRECTION('center_axis',(-4.82872530631891E-51,-1.,0.));
#1517=DIRECTION('ref_axis',(1.,-4.82872530631891E-51,2.54787510534093E-18));
#1518=DIRECTION('',(-1.,4.82872530631891E-51,-2.54787510534093E-18));
#1519=DIRECTION('',(1.,-4.82872530631891E-51,2.54787510534093E-18));
#1520=DIRECTION('',(0.,0.,1.));
#1521=DIRECTION('center_axis',(-1.,-1.36493708739806E-49,0.));
#1522=DIRECTION('ref_axis',(1.36493708739806E-49,-1.,-5.54667823983524E-32));
#1523=DIRECTION('',(-1.36493708739806E-49,1.,5.54667823983524E-32));
#1524=DIRECTION('',(1.36493708739806E-49,-1.,-5.54667823983524E-32));
#1525=DIRECTION('',(0.,0.,1.));
#1526=DIRECTION('center_axis',(4.82872530631891E-51,1.,0.));
#1527=DIRECTION('ref_axis',(-1.,4.82872530631891E-51,-2.54787510534093E-18));
#1528=DIRECTION('',(1.,-4.82872530631891E-51,2.54787510534093E-18));
#1529=DIRECTION('',(-1.,4.82872530631891E-51,-2.54787510534093E-18));
#1530=DIRECTION('',(0.,0.,1.));
#1531=DIRECTION('center_axis',(-1.,-1.05940245358916E-48,0.));
#1532=DIRECTION('ref_axis',(1.05940245358916E-48,-1.,-4.17693621113769E-31));
#1533=DIRECTION('',(1.05940245358916E-48,-1.,-4.17693621113769E-31));
#1534=DIRECTION('',(1.05940245358916E-48,-1.,-4.17693621113769E-31));
#1535=DIRECTION('',(0.,0.,1.));
#1536=DIRECTION('center_axis',(0.,0.,1.));
#1537=DIRECTION('ref_axis',(-0.989556084562042,0.144148380172105,0.));
#1538=DIRECTION('center_axis',(2.54787510534093E-18,5.54818591606356E-32,
-1.));
#1539=DIRECTION('ref_axis',(-0.989556084562042,0.144148380172105,-2.52126531319427E-18));
#1540=DIRECTION('center_axis',(-2.54787510534093E-18,-5.54818591606356E-32,
1.));
#1541=DIRECTION('ref_axis',(-0.989556084562042,0.144148380172105,-2.52126531319427E-18));
#1542=DIRECTION('',(0.,0.,1.));
#1543=DIRECTION('center_axis',(-0.292914350225528,0.956138684204314,0.));
#1544=DIRECTION('ref_axis',(-0.956138684204314,-0.292914350225528,-2.43612195073769E-18));
#1545=DIRECTION('',(0.956138684204314,0.292914350225528,2.43612195073769E-18));
#1546=DIRECTION('',(-0.956138684204314,-0.292914350225528,-2.43612195073769E-18));
#1547=DIRECTION('',(0.,0.,1.));
#1548=DIRECTION('center_axis',(-1.60836780418488E-50,1.,0.));
#1549=DIRECTION('ref_axis',(-1.,-1.60836780418488E-50,-2.1708493893371E-18));
#1550=DIRECTION('',(-1.,-1.60836780418488E-50,-2.1708493893371E-18));
#1551=DIRECTION('',(-1.,-1.60836780418488E-50,-2.1708493893371E-18));
#1552=DIRECTION('',(0.,0.,1.));
#1553=DIRECTION('center_axis',(0.292914350225476,0.95613868420433,0.));
#1554=DIRECTION('ref_axis',(-0.95613868420433,0.292914350225476,-4.10434457349712E-18));
#1555=DIRECTION('',(0.95613868420433,-0.292914350225476,4.10434457349712E-18));
#1556=DIRECTION('',(-0.95613868420433,0.292914350225476,-4.10434457349712E-18));
#1557=DIRECTION('',(0.,0.,1.));
#1558=DIRECTION('center_axis',(0.,0.,1.));
#1559=DIRECTION('ref_axis',(0.526570984375074,0.850131165417588,0.));
#1560=DIRECTION('center_axis',(2.54787510534093E-18,5.48846514132596E-32,
-1.));
#1561=DIRECTION('ref_axis',(0.526570984375074,0.850131165417588,1.34163710228417E-18));
#1562=DIRECTION('center_axis',(-2.54787510534093E-18,-5.48846514132596E-32,
1.));
#1563=DIRECTION('ref_axis',(0.526570984375074,0.850131165417588,1.34163710228417E-18));
#1564=DIRECTION('',(0.,0.,1.));
#1565=DIRECTION('center_axis',(1.,1.36493708739806E-49,0.));
#1566=DIRECTION('ref_axis',(-1.36493708739806E-49,1.,5.54667823983524E-32));
#1567=DIRECTION('',(1.36493708739806E-49,-1.,-5.54667823983524E-32));
#1568=DIRECTION('',(-1.36493708739806E-49,1.,5.54667823983524E-32));
#1569=DIRECTION('',(0.,0.,1.));
#1570=DIRECTION('center_axis',(4.82872530631891E-51,1.,0.));
#1571=DIRECTION('ref_axis',(-1.,4.82872530631891E-51,-2.54787510534093E-18));
#1572=DIRECTION('',(-1.,4.82872530631891E-51,-2.54787510534093E-18));
#1573=DIRECTION('',(-1.,4.82872530631891E-51,-2.54787510534093E-18));
#1574=DIRECTION('',(0.,0.,1.));
#1575=DIRECTION('center_axis',(1.,1.36493708739806E-49,0.));
#1576=DIRECTION('ref_axis',(-1.36493708739806E-49,1.,5.54667823983524E-32));
#1577=DIRECTION('',(-1.36493708739806E-49,1.,5.54667823983524E-32));
#1578=DIRECTION('',(-1.36493708739806E-49,1.,5.54667823983524E-32));
#1579=DIRECTION('',(0.,0.,1.));
#1580=DIRECTION('center_axis',(-4.82872530631891E-51,-1.,0.));
#1581=DIRECTION('ref_axis',(1.,-4.82872530631891E-51,2.54787510534093E-18));
#1582=DIRECTION('',(-1.,4.82872530631891E-51,-2.54787510534093E-18));
#1583=DIRECTION('',(1.,-4.82872530631891E-51,2.54787510534093E-18));
#1584=DIRECTION('',(0.,0.,1.));
#1585=DIRECTION('center_axis',(-1.,-1.36493708739806E-49,0.));
#1586=DIRECTION('ref_axis',(1.36493708739806E-49,-1.,-5.54667823983524E-32));
#1587=DIRECTION('',(1.36493708739806E-49,-1.,-5.54667823983524E-32));
#1588=DIRECTION('',(1.36493708739806E-49,-1.,-5.54667823983524E-32));
#1589=DIRECTION('',(0.,0.,1.));
#1590=DIRECTION('center_axis',(0.,0.,1.));
#1591=DIRECTION('ref_axis',(0.991115926057808,-0.133000831255196,0.));
#1592=DIRECTION('center_axis',(2.54787510534093E-18,5.56401357856113E-32,
-1.));
#1593=DIRECTION('ref_axis',(0.991115926057808,-0.133000831255196,2.52523959450961E-18));
#1594=DIRECTION('center_axis',(2.54787510534093E-18,5.56401357856113E-32,
-1.));
#1595=DIRECTION('ref_axis',(0.991115926057808,-0.133000831255196,2.52523959450961E-18));
#1596=DIRECTION('',(0.,0.,1.));
#1597=DIRECTION('center_axis',(2.54787510534093E-18,5.41813377201663E-32,
-1.));
#1598=DIRECTION('ref_axis',(-1.,4.82872530631893E-51,-2.54787510534093E-18));
#1599=DIRECTION('center_axis',(2.54787510534093E-18,5.41813377201663E-32,
-1.));
#1600=DIRECTION('ref_axis',(-1.,4.82872530631893E-51,-2.54787510534093E-18));
#1601=DIRECTION('center_axis',(0.,1.,0.));
#1602=DIRECTION('ref_axis',(-1.,0.,0.));
#1603=DIRECTION('center_axis',(4.82872530631891E-51,1.,0.));
#1604=DIRECTION('ref_axis',(-1.,0.,0.));
#1605=DIRECTION('',(0.,-1.,0.));
#1606=DIRECTION('center_axis',(-4.82872530631891E-51,-1.,0.));
#1607=DIRECTION('ref_axis',(-1.,0.,0.));
#1608=DIRECTION('center_axis',(0.,1.,0.));
#1609=DIRECTION('ref_axis',(-1.,0.,0.));
#1610=DIRECTION('center_axis',(4.82872530631891E-51,1.,0.));
#1611=DIRECTION('ref_axis',(-1.,0.,0.));
#1612=DIRECTION('',(0.,-1.,0.));
#1613=DIRECTION('center_axis',(-4.82872530631891E-51,-1.,0.));
#1614=DIRECTION('ref_axis',(-1.,0.,0.));
#1615=DIRECTION('center_axis',(0.,0.,1.));
#1616=DIRECTION('ref_axis',(0.993151640566431,0.11683243916056,0.));
#1617=DIRECTION('center_axis',(-2.54787510534094E-18,-1.36255810596906E-32,
-1.));
#1618=DIRECTION('ref_axis',(0.993151640566431,0.11683243916056,-2.53042634082772E-18));
#1619=DIRECTION('',(0.,0.,-1.));
#1620=DIRECTION('center_axis',(-2.54787510534094E-18,-1.36255810596906E-32,
-1.));
#1621=DIRECTION('ref_axis',(0.993151640566431,0.11683243916056,-2.53042634082772E-18));
#1622=DIRECTION('center_axis',(-2.54787510534094E-18,-1.36255810596906E-32,
-1.));
#1623=DIRECTION('ref_axis',(0.993151640566431,0.11683243916056,-2.53042634082772E-18));
#1624=DIRECTION('',(0.,0.,-1.));
#1625=DIRECTION('center_axis',(-2.54787510534094E-18,-1.36255810596906E-32,
-1.));
#1626=DIRECTION('ref_axis',(0.993151640566431,0.11683243916056,-2.53042634082772E-18));
#1627=DIRECTION('center_axis',(0.994127037282618,0.108219377856668,0.));
#1628=DIRECTION('ref_axis',(0.108219377856668,-0.994127037282618,-2.75729458756432E-19));
#1629=DIRECTION('',(-0.108219377856668,0.994127037282618,2.75729458756432E-19));
#1630=DIRECTION('',(0.,0.,-1.));
#1631=DIRECTION('',(0.108219377856668,-0.994127037282618,-2.75729458756432E-19));
#1632=DIRECTION('',(0.,0.,-1.));
#1633=DIRECTION('center_axis',(0.,0.,1.));
#1634=DIRECTION('ref_axis',(0.991115926057808,0.133000831255196,0.));
#1635=DIRECTION('center_axis',(-2.54787510534093E-18,-5.26989936298394E-32,
-1.));
#1636=DIRECTION('ref_axis',(0.991115926057808,0.133000831255196,-2.52523959450962E-18));
#1637=DIRECTION('',(0.,0.,-1.));
#1638=DIRECTION('center_axis',(-2.54787510534093E-18,-5.26989936298394E-32,
-1.));
#1639=DIRECTION('ref_axis',(0.991115926057808,0.133000831255196,-2.52523959450962E-18));
#1640=DIRECTION('center_axis',(0.292914350225479,0.956138684204329,0.));
#1641=DIRECTION('ref_axis',(0.956138684204329,-0.292914350225479,-1.86104249362504E-17));
#1642=DIRECTION('',(0.956138684204329,-0.292914350225479,-1.86104249362504E-17));
#1643=DIRECTION('',(0.,0.,-1.));
#1644=DIRECTION('',(0.956138684204329,-0.292914350225479,-1.86104249362504E-17));
#1645=DIRECTION('center_axis',(-1.36493708739806E-49,1.,0.));
#1646=DIRECTION('ref_axis',(1.,1.36493708739806E-49,0.));
#1647=DIRECTION('',(1.,1.36493708739806E-49,0.));
#1648=DIRECTION('',(0.,0.,-1.));
#1649=DIRECTION('',(1.,1.36493708739806E-49,0.));
#1650=DIRECTION('center_axis',(-0.292914350225527,0.956138684204314,0.));
#1651=DIRECTION('ref_axis',(0.956138684204314,0.292914350225527,-2.43612195073779E-18));
#1652=DIRECTION('',(0.956138684204314,0.292914350225527,-2.43612195073779E-18));
#1653=DIRECTION('',(0.,0.,-1.));
#1654=DIRECTION('',(0.956138684204314,0.292914350225527,-2.43612195073779E-18));
#1655=DIRECTION('center_axis',(0.,0.,1.));
#1656=DIRECTION('ref_axis',(-0.986083460975023,0.166251039068995,0.));
#1657=DIRECTION('center_axis',(-2.54787510534093E-18,-5.61611714451385E-32,
-1.));
#1658=DIRECTION('ref_axis',(-0.986083460975023,0.166251039068995,2.51241750200668E-18));
#1659=DIRECTION('',(0.,0.,-1.));
#1660=DIRECTION('center_axis',(-2.54787510534093E-18,-5.61611714451385E-32,
-1.));
#1661=DIRECTION('ref_axis',(-0.986083460975023,0.166251039068995,2.51241750200668E-18));
#1662=DIRECTION('',(0.,0.,-1.));
#1663=DIRECTION('center_axis',(0.,0.,1.));
#1664=DIRECTION('ref_axis',(-0.993151641244728,-0.116832433394596,0.));
#1665=DIRECTION('center_axis',(-2.54787510534148E-18,-1.31723945060704E-31,
-1.));
#1666=DIRECTION('ref_axis',(-0.993151641244728,-0.116832433394596,2.53042634255649E-18));
#1667=DIRECTION('',(0.,0.,-1.));
#1668=DIRECTION('center_axis',(-2.54787510534148E-18,-1.31723945060704E-31,
-1.));
#1669=DIRECTION('ref_axis',(-0.993151641244728,-0.116832433394596,2.53042634255649E-18));
#1670=DIRECTION('',(0.,0.,-1.));
#1671=DIRECTION('center_axis',(0.,0.,1.));
#1672=DIRECTION('ref_axis',(-0.986083460975023,-0.166251039068994,0.));
#1673=DIRECTION('center_axis',(-2.54787510534093E-18,-5.27146043861829E-32,
-1.));
#1674=DIRECTION('ref_axis',(-0.986083460975023,-0.166251039068994,2.5124175020067E-18));
#1675=DIRECTION('',(0.,0.,-1.));
#1676=DIRECTION('center_axis',(-2.54787510534093E-18,-5.27146043861829E-32,
-1.));
#1677=DIRECTION('ref_axis',(-0.986083460975023,-0.166251039068994,2.5124175020067E-18));
#1678=DIRECTION('center_axis',(-1.,-1.2335811384724E-16,0.));
#1679=DIRECTION('ref_axis',(-1.2335811384724E-16,1.,-4.23618732528982E-31));
#1680=DIRECTION('',(1.2335811384724E-16,-1.,4.23618732528982E-31));
#1681=DIRECTION('',(0.,0.,-1.));
#1682=DIRECTION('',(-1.2335811384724E-16,1.,-4.23618732528982E-31));
#1683=DIRECTION('center_axis',(4.82872530631891E-51,1.,0.));
#1684=DIRECTION('ref_axis',(1.,-4.82872530631891E-51,-2.54787510534093E-18));
#1685=DIRECTION('',(-1.,4.82872530631891E-51,2.54787510534093E-18));
#1686=DIRECTION('',(0.,0.,-1.));
#1687=DIRECTION('',(1.,-4.82872530631891E-51,-2.54787510534093E-18));
#1688=DIRECTION('center_axis',(1.,1.36493708739806E-49,0.));
#1689=DIRECTION('ref_axis',(1.36493708739806E-49,-1.,5.54667823983524E-32));
#1690=DIRECTION('',(-1.36493708739806E-49,1.,-5.54667823983524E-32));
#1691=DIRECTION('',(0.,0.,-1.));
#1692=DIRECTION('',(1.36493708739806E-49,-1.,5.54667823983524E-32));
#1693=DIRECTION('center_axis',(-4.82872530631891E-51,-1.,0.));
#1694=DIRECTION('ref_axis',(-1.,4.82872530631891E-51,2.54787510534093E-18));
#1695=DIRECTION('',(1.,-4.82872530631891E-51,-2.54787510534093E-18));
#1696=DIRECTION('',(0.,0.,-1.));
#1697=DIRECTION('',(-1.,4.82872530631891E-51,2.54787510534093E-18));
#1698=DIRECTION('center_axis',(1.,1.05940245358916E-48,0.));
#1699=DIRECTION('ref_axis',(1.05940245358916E-48,-1.,4.17693621113769E-31));
#1700=DIRECTION('',(1.05940245358916E-48,-1.,4.17693621113769E-31));
#1701=DIRECTION('',(0.,0.,-1.));
#1702=DIRECTION('',(1.05940245358916E-48,-1.,4.17693621113769E-31));
#1703=DIRECTION('center_axis',(0.,0.,1.));
#1704=DIRECTION('ref_axis',(-0.989556084562042,0.144148380172105,0.));
#1705=DIRECTION('center_axis',(-2.54787510534093E-18,-5.54818591606356E-32,
-1.));
#1706=DIRECTION('ref_axis',(-0.989556084562042,0.144148380172105,2.52126531319427E-18));
#1707=DIRECTION('',(0.,0.,-1.));
#1708=DIRECTION('center_axis',(2.54787510534093E-18,5.54818591606356E-32,
1.));
#1709=DIRECTION('ref_axis',(-0.989556084562042,0.144148380172105,2.52126531319427E-18));
#1710=DIRECTION('center_axis',(0.292914350225528,-0.956138684204314,0.));
#1711=DIRECTION('ref_axis',(-0.956138684204314,-0.292914350225528,2.43612195073769E-18));
#1712=DIRECTION('',(0.956138684204314,0.292914350225528,-2.43612195073769E-18));
#1713=DIRECTION('',(0.,0.,-1.));
#1714=DIRECTION('',(-0.956138684204314,-0.292914350225528,2.43612195073769E-18));
#1715=DIRECTION('center_axis',(1.60836780418488E-50,-1.,0.));
#1716=DIRECTION('ref_axis',(-1.,-1.60836780418488E-50,2.1708493893371E-18));
#1717=DIRECTION('',(-1.,-1.60836780418488E-50,2.1708493893371E-18));
#1718=DIRECTION('',(0.,0.,-1.));
#1719=DIRECTION('',(-1.,-1.60836780418488E-50,2.1708493893371E-18));
#1720=DIRECTION('center_axis',(-0.292914350225476,-0.95613868420433,0.));
#1721=DIRECTION('ref_axis',(-0.95613868420433,0.292914350225476,4.10434457349712E-18));
#1722=DIRECTION('',(0.95613868420433,-0.292914350225476,-4.10434457349712E-18));
#1723=DIRECTION('',(0.,0.,-1.));
#1724=DIRECTION('',(-0.95613868420433,0.292914350225476,4.10434457349712E-18));
#1725=DIRECTION('center_axis',(0.,0.,1.));
#1726=DIRECTION('ref_axis',(0.526570984375074,0.850131165417588,0.));
#1727=DIRECTION('center_axis',(-2.54787510534093E-18,-5.48846514132596E-32,
-1.));
#1728=DIRECTION('ref_axis',(0.526570984375074,0.850131165417588,-1.34163710228417E-18));
#1729=DIRECTION('',(0.,0.,-1.));
#1730=DIRECTION('center_axis',(2.54787510534093E-18,5.48846514132596E-32,
1.));
#1731=DIRECTION('ref_axis',(0.526570984375074,0.850131165417588,-1.34163710228417E-18));
#1732=DIRECTION('center_axis',(-1.,-1.36493708739806E-49,0.));
#1733=DIRECTION('ref_axis',(-1.36493708739806E-49,1.,-5.54667823983524E-32));
#1734=DIRECTION('',(1.36493708739806E-49,-1.,5.54667823983524E-32));
#1735=DIRECTION('',(0.,0.,-1.));
#1736=DIRECTION('',(-1.36493708739806E-49,1.,-5.54667823983524E-32));
#1737=DIRECTION('center_axis',(-4.82872530631891E-51,-1.,0.));
#1738=DIRECTION('ref_axis',(-1.,4.82872530631891E-51,2.54787510534093E-18));
#1739=DIRECTION('',(-1.,4.82872530631891E-51,2.54787510534093E-18));
#1740=DIRECTION('',(0.,0.,-1.));
#1741=DIRECTION('',(-1.,4.82872530631891E-51,2.54787510534093E-18));
#1742=DIRECTION('center_axis',(-1.,-1.36493708739806E-49,0.));
#1743=DIRECTION('ref_axis',(-1.36493708739806E-49,1.,-5.54667823983524E-32));
#1744=DIRECTION('',(-1.36493708739806E-49,1.,-5.54667823983524E-32));
#1745=DIRECTION('',(0.,0.,-1.));
#1746=DIRECTION('',(-1.36493708739806E-49,1.,-5.54667823983524E-32));
#1747=DIRECTION('center_axis',(4.82872530631891E-51,1.,0.));
#1748=DIRECTION('ref_axis',(1.,-4.82872530631891E-51,-2.54787510534093E-18));
#1749=DIRECTION('',(-1.,4.82872530631891E-51,2.54787510534093E-18));
#1750=DIRECTION('',(0.,0.,-1.));
#1751=DIRECTION('',(1.,-4.82872530631891E-51,-2.54787510534093E-18));
#1752=DIRECTION('center_axis',(1.,1.36493708739806E-49,0.));
#1753=DIRECTION('ref_axis',(1.36493708739806E-49,-1.,5.54667823983524E-32));
#1754=DIRECTION('',(1.36493708739806E-49,-1.,5.54667823983524E-32));
#1755=DIRECTION('',(0.,0.,-1.));
#1756=DIRECTION('',(1.36493708739806E-49,-1.,5.54667823983524E-32));
#1757=DIRECTION('center_axis',(0.,0.,1.));
#1758=DIRECTION('ref_axis',(0.991115926057808,-0.133000831255196,0.));
#1759=DIRECTION('center_axis',(-2.54787510534093E-18,-5.56401357856113E-32,
-1.));
#1760=DIRECTION('ref_axis',(0.991115926057808,-0.133000831255196,-2.52523959450961E-18));
#1761=DIRECTION('',(0.,0.,-1.));
#1762=DIRECTION('center_axis',(-2.54787510534093E-18,-5.56401357856113E-32,
-1.));
#1763=DIRECTION('ref_axis',(0.991115926057808,-0.133000831255196,-2.52523959450961E-18));
#1764=DIRECTION('center_axis',(-2.54787510534093E-18,-5.41813377201663E-32,
-1.));
#1765=DIRECTION('ref_axis',(-1.,4.82872530631893E-51,2.54787510534093E-18));
#1766=DIRECTION('center_axis',(-2.54787510534093E-18,-5.41813377201663E-32,
-1.));
#1767=DIRECTION('ref_axis',(-1.,4.82872530631893E-51,2.54787510534093E-18));
#1768=CARTESIAN_POINT('',(0.,0.,0.));
#1769=CARTESIAN_POINT('Origin',(-10.9322881292415,2.,20.8589676559675));
#1770=CARTESIAN_POINT('',(-8.93228812924154,2.,20.8589676559675));
#1771=CARTESIAN_POINT('Origin',(-10.9322881292415,2.,20.8589676559675));
#1772=CARTESIAN_POINT('',(-8.93228812924154,0.,20.8589676559675));
#1773=CARTESIAN_POINT('',(-8.93228812924154,2.,20.8589676559675));
#1774=CARTESIAN_POINT('Origin',(-10.9322881292415,0.,20.8589676559675));
#1775=CARTESIAN_POINT('Origin',(10.930295906288,2.,20.8589676559675));
#1776=CARTESIAN_POINT('',(12.930295906288,2.,20.8589676559675));
#1777=CARTESIAN_POINT('Origin',(10.930295906288,2.,20.8589676559675));
#1778=CARTESIAN_POINT('',(12.930295906288,0.,20.8589676559675));
#1779=CARTESIAN_POINT('',(12.930295906288,2.,20.8589676559675));
#1780=CARTESIAN_POINT('Origin',(10.930295906288,0.,20.8589676559675));
#1781=CARTESIAN_POINT('Origin',(-0.000996111476767025,8.,17.8589676559675));
#1782=CARTESIAN_POINT('',(5.97871248136146,8.65062274994796,17.8589676559675));
#1783=CARTESIAN_POINT('',(6.01400680733636,7.99894434355314,17.8589676559675));
#1784=CARTESIAN_POINT('Origin',(-0.000996111476767025,8.,17.8589676559675));
#1785=CARTESIAN_POINT('',(5.97871284407576,7.34940818632847,17.8589676559675));
#1786=CARTESIAN_POINT('Origin',(-0.000996111476767025,8.,17.8589676559675));
#1787=CARTESIAN_POINT('',(5.97871584132291,7.34940799233755,23.8589676559675));
#1788=CARTESIAN_POINT('',(5.97871584132291,7.34940799233755,17.8589676559675));
#1789=CARTESIAN_POINT('',(6.01400680733636,7.99894434355314,23.8589676559675));
#1790=CARTESIAN_POINT('Origin',(-0.000996111476767025,8.,23.8589676559675));
#1791=CARTESIAN_POINT('',(5.97871248136146,8.65062274994796,23.8589676559675));
#1792=CARTESIAN_POINT('Origin',(-0.000996111476767025,8.,23.8589676559675));
#1793=CARTESIAN_POINT('',(5.97871248136146,8.65062274994796,17.8589676559675));
#1794=CARTESIAN_POINT('Origin',(5.97814548130358,8.65583133734557,17.8589676559675));
#1795=CARTESIAN_POINT('',(5.97814748699505,8.65583155568254,17.8589676559675));
#1796=CARTESIAN_POINT('',(5.97871248136146,8.65062274994796,17.8589676559675));
#1797=CARTESIAN_POINT('',(5.97814748699505,8.65583155568254,23.8589676559675));
#1798=CARTESIAN_POINT('',(5.97871248136146,8.65062274994796,23.8589676559675));
#1799=CARTESIAN_POINT('',(5.97814748699505,8.65583155568254,17.8589676559675));
#1800=CARTESIAN_POINT('Ctrl Pts',(5.97281698951163,8.70274782537713,17.8589676559675));
#1801=CARTESIAN_POINT('Ctrl Pts',(5.97281698951163,8.70274782537713,23.8589676559675));
#1802=CARTESIAN_POINT('Ctrl Pts',(5.96371817413009,8.78118673698355,17.8589676559675));
#1803=CARTESIAN_POINT('Ctrl Pts',(5.96371817413009,8.78118673698355,23.8589676559675));
#1804=CARTESIAN_POINT('Ctrl Pts',(5.96376234694021,8.78506892228777,17.8589676559675));
#1805=CARTESIAN_POINT('Ctrl Pts',(5.96376234694021,8.78506892228777,23.8589676559675));
#1806=CARTESIAN_POINT('Ctrl Pts',(5.97113382927638,8.71934780399543,17.8589676559675));
#1807=CARTESIAN_POINT('Ctrl Pts',(5.97113382927638,8.71934780399543,23.8589676559675));
#1808=CARTESIAN_POINT('Ctrl Pts',(5.97300137890004,8.70269749620982,17.8589676559675));
#1809=CARTESIAN_POINT('Ctrl Pts',(5.97300137890004,8.70269749620982,23.8589676559675));
#1810=CARTESIAN_POINT('Ctrl Pts',(5.97536183068087,8.68137926718993,17.8589676559675));
#1811=CARTESIAN_POINT('Ctrl Pts',(5.97536183068087,8.68137926718993,23.8589676559675));
#1812=CARTESIAN_POINT('Ctrl Pts',(5.97814548159382,8.65583133467928,17.8589676559675));
#1813=CARTESIAN_POINT('Ctrl Pts',(5.97814548159382,8.65583133467928,23.8589676559675));
#1814=CARTESIAN_POINT('',(5.97281499518453,8.70274759076834,17.8589676559675));
#1815=CARTESIAN_POINT('Ctrl Pts',(5.97814548159382,8.65583133467928,17.8589676559675));
#1816=CARTESIAN_POINT('Ctrl Pts',(5.97536183068087,8.68137926718993,17.8589676559675));
#1817=CARTESIAN_POINT('Ctrl Pts',(5.97300137890004,8.70269749620982,17.8589676559675));
#1818=CARTESIAN_POINT('Ctrl Pts',(5.97113382927638,8.71934780399543,17.8589676559675));
#1819=CARTESIAN_POINT('Ctrl Pts',(5.96376234694021,8.78506892228777,17.8589676559675));
#1820=CARTESIAN_POINT('Ctrl Pts',(5.96371817413009,8.78118673698355,17.8589676559675));
#1821=CARTESIAN_POINT('Ctrl Pts',(5.97281698951163,8.70274782537713,17.8589676559675));
#1822=CARTESIAN_POINT('',(5.97281499518453,8.70274759076834,23.8589676559675));
#1823=CARTESIAN_POINT('Ctrl Pts',(5.97281698951163,8.70274782537713,23.8589676559675));
#1824=CARTESIAN_POINT('Ctrl Pts',(5.96371817413009,8.78118673698355,23.8589676559675));
#1825=CARTESIAN_POINT('Ctrl Pts',(5.96376234694021,8.78506892228777,23.8589676559675));
#1826=CARTESIAN_POINT('Ctrl Pts',(5.97113382927638,8.71934780399543,23.8589676559675));
#1827=CARTESIAN_POINT('Ctrl Pts',(5.97300137890004,8.70269749620982,23.8589676559675));
#1828=CARTESIAN_POINT('Ctrl Pts',(5.97536183068087,8.68137926718993,23.8589676559675));
#1829=CARTESIAN_POINT('Ctrl Pts',(5.97814548159382,8.65583133467928,23.8589676559675));
#1830=CARTESIAN_POINT('',(5.97281499518453,8.70274759076834,17.8589676559675));
#1831=CARTESIAN_POINT('Origin',(-0.000996111476767025,8.,17.8589676559675));
#1832=CARTESIAN_POINT('',(3.36820678767596,12.9828402366864,17.8589676559675));
#1833=CARTESIAN_POINT('Origin',(-0.000996111476767025,8.,17.8589676559675));
#1834=CARTESIAN_POINT('',(3.36820678767596,12.9828402366864,23.8589676559675));
#1835=CARTESIAN_POINT('Origin',(-0.000996111476767025,8.,23.8589676559675));
#1836=CARTESIAN_POINT('',(3.36820678767596,12.9828402366864,17.8589676559675));
#1837=CARTESIAN_POINT('Origin',(3.31219343939412,13.,17.8589676559675));
#1838=CARTESIAN_POINT('',(3.31219343939412,13.,17.8589676559675));
#1839=CARTESIAN_POINT('',(3.31219343939412,13.,17.8589676559675));
#1840=CARTESIAN_POINT('',(3.31219343939412,13.,23.8589676559675));
#1841=CARTESIAN_POINT('',(3.31219343939412,13.,23.8589676559675));
#1842=CARTESIAN_POINT('',(3.31219343939412,13.,17.8589676559675));
#1843=CARTESIAN_POINT('Origin',(-3.31418566234766,13.,17.8589676559675));
#1844=CARTESIAN_POINT('',(-3.31418566234766,13.,17.8589676559675));
#1845=CARTESIAN_POINT('',(-3.31418566234766,13.,17.8589676559675));
#1846=CARTESIAN_POINT('',(-3.31418566234766,13.,23.8589676559675));
#1847=CARTESIAN_POINT('',(-3.31418566234766,13.,23.8589676559675));
#1848=CARTESIAN_POINT('',(-3.31418566234766,13.,17.8589676559675));
#1849=CARTESIAN_POINT('Origin',(-3.37019901062949,12.9828402366864,17.8589676559675));
#1850=CARTESIAN_POINT('',(-3.37019901062949,12.9828402366864,17.8589676559675));
#1851=CARTESIAN_POINT('',(-3.37019901062949,12.9828402366864,17.8589676559675));
#1852=CARTESIAN_POINT('',(-3.37019901062949,12.9828402366864,23.8589676559675));
#1853=CARTESIAN_POINT('',(-3.37019901062949,12.9828402366864,23.8589676559675));
#1854=CARTESIAN_POINT('',(-3.37019901062949,12.9828402366864,17.8589676559675));
#1855=CARTESIAN_POINT('Origin',(-0.000996111476771521,8.,17.8589676559675));
#1856=CARTESIAN_POINT('',(-5.97480463745575,8.70275256968819,17.8589676559675));
#1857=CARTESIAN_POINT('Origin',(-0.000996111476771521,8.,17.8589676559675));
#1858=CARTESIAN_POINT('',(-5.97480463745575,8.70275256968819,23.8589676559675));
#1859=CARTESIAN_POINT('Origin',(-0.000996111476771521,8.,23.8589676559675));
#1860=CARTESIAN_POINT('',(-5.97480463745575,8.70275256968819,17.8589676559675));
#1861=CARTESIAN_POINT('Ctrl Pts',(-5.98069896199615,8.65067566469641,17.8589676559675));
#1862=CARTESIAN_POINT('Ctrl Pts',(-5.98069896199615,8.65067566469641,23.8589676559675));
#1863=CARTESIAN_POINT('Ctrl Pts',(-5.97567839981291,8.69681691693008,17.8589676559675));
#1864=CARTESIAN_POINT('Ctrl Pts',(-5.97567839981291,8.69681691693008,23.8589676559675));
#1865=CARTESIAN_POINT('Ctrl Pts',(-5.97189924808897,8.7304723347833,17.8589676559675));
#1866=CARTESIAN_POINT('Ctrl Pts',(-5.97189924808897,8.7304723347833,23.8589676559675));
#1867=CARTESIAN_POINT('Ctrl Pts',(-5.96977397027679,8.74889233481245,17.8589676559675));
#1868=CARTESIAN_POINT('Ctrl Pts',(-5.96977397027679,8.74889233481245,23.8589676559675));
#1869=CARTESIAN_POINT('Ctrl Pts',(-5.96591931327225,8.78230104106675,17.8589676559675));
#1870=CARTESIAN_POINT('Ctrl Pts',(-5.96591931327225,8.78230104106675,23.8589676559675));
#1871=CARTESIAN_POINT('Ctrl Pts',(-5.96741818593043,8.76647053384312,17.8589676559675));
#1872=CARTESIAN_POINT('Ctrl Pts',(-5.96741818593043,8.76647053384312,23.8589676559675));
#1873=CARTESIAN_POINT('Ctrl Pts',(-5.97480867928668,8.70275304516494,17.8589676559675));
#1874=CARTESIAN_POINT('Ctrl Pts',(-5.97480867928668,8.70275304516494,23.8589676559675));
#1875=CARTESIAN_POINT('',(-5.98070348546015,8.65063409162248,17.8589676559675));
#1876=CARTESIAN_POINT('Ctrl Pts',(-5.97480867928668,8.70275304516494,17.8589676559675));
#1877=CARTESIAN_POINT('Ctrl Pts',(-5.96741818593043,8.76647053384312,17.8589676559675));
#1878=CARTESIAN_POINT('Ctrl Pts',(-5.96591931327225,8.78230104106675,17.8589676559675));
#1879=CARTESIAN_POINT('Ctrl Pts',(-5.96977397027679,8.74889233481245,17.8589676559675));
#1880=CARTESIAN_POINT('Ctrl Pts',(-5.97189924808897,8.7304723347833,17.8589676559675));
#1881=CARTESIAN_POINT('Ctrl Pts',(-5.97567839981291,8.69681691693008,17.8589676559675));
#1882=CARTESIAN_POINT('Ctrl Pts',(-5.98069896199615,8.65067566469642,17.8589676559675));
#1883=CARTESIAN_POINT('',(-5.98070348546972,8.65063409162353,23.8589676559675));
#1884=CARTESIAN_POINT('Ctrl Pts',(-5.98069896199615,8.65067566469642,23.8589676559675));
#1885=CARTESIAN_POINT('Ctrl Pts',(-5.97567839981291,8.69681691693008,23.8589676559675));
#1886=CARTESIAN_POINT('Ctrl Pts',(-5.97189924808897,8.7304723347833,23.8589676559675));
#1887=CARTESIAN_POINT('Ctrl Pts',(-5.96977397027679,8.74889233481245,23.8589676559675));
#1888=CARTESIAN_POINT('Ctrl Pts',(-5.96591931327225,8.78230104106675,23.8589676559675));
#1889=CARTESIAN_POINT('Ctrl Pts',(-5.96741818593043,8.76647053384312,23.8589676559675));
#1890=CARTESIAN_POINT('Ctrl Pts',(-5.97480867928668,8.70275304516494,23.8589676559675));
#1891=CARTESIAN_POINT('',(-5.98070348546972,8.65063409162353,17.8589676559675));
#1892=CARTESIAN_POINT('Origin',(-0.000996111476771521,8.,17.8589676559675));
#1893=CARTESIAN_POINT('',(-5.98070471183607,7.34937724924838,17.8589676559675));
#1894=CARTESIAN_POINT('Origin',(-0.000996111476771521,8.,17.8589676559675));
#1895=CARTESIAN_POINT('',(-5.98070471183607,7.34937724924838,23.8589676559675));
#1896=CARTESIAN_POINT('Origin',(-0.000996111476771521,8.,23.8589676559675));
#1897=CARTESIAN_POINT('',(-5.98070471183607,7.34937724924838,17.8589676559675));
#1898=CARTESIAN_POINT('Ctrl Pts',(-5.9748092124652,7.29725217462314,17.8589676559675));
#1899=CARTESIAN_POINT('Ctrl Pts',(-5.9748092124652,7.29725217462314,23.8589676559675));
#1900=CARTESIAN_POINT('Ctrl Pts',(-5.96571039708363,7.21881326301647,17.8589676559675));
#1901=CARTESIAN_POINT('Ctrl Pts',(-5.96571039708363,7.21881326301647,23.8589676559675));
#1902=CARTESIAN_POINT('Ctrl Pts',(-5.96575456989374,7.21493107771216,17.8589676559675));
#1903=CARTESIAN_POINT('Ctrl Pts',(-5.96575456989374,7.21493107771216,23.8589676559675));
#1904=CARTESIAN_POINT('Ctrl Pts',(-5.97312605222991,7.28065219600458,17.8589676559675));
#1905=CARTESIAN_POINT('Ctrl Pts',(-5.97312605222991,7.28065219600458,23.8589676559675));
#1906=CARTESIAN_POINT('Ctrl Pts',(-5.97511912389498,7.29842160691698,17.8589676559675));
#1907=CARTESIAN_POINT('Ctrl Pts',(-5.97511912389498,7.29842160691698,23.8589676559675));
#1908=CARTESIAN_POINT('Ctrl Pts',(-5.9776735824259,7.32150750840188,17.8589676559675));
#1909=CARTESIAN_POINT('Ctrl Pts',(-5.9776735824259,7.32150750840188,23.8589676559675));
#1910=CARTESIAN_POINT('Ctrl Pts',(-5.98070470431658,7.34937725006653,17.8589676559675));
#1911=CARTESIAN_POINT('Ctrl Pts',(-5.98070470431658,7.34937725006653,23.8589676559675));
#1912=CARTESIAN_POINT('',(-5.97480522381099,7.29725264384071,17.8589676559675));
#1913=CARTESIAN_POINT('Ctrl Pts',(-5.98070470431658,7.34937725006653,17.8589676559675));
#1914=CARTESIAN_POINT('Ctrl Pts',(-5.9776735824259,7.32150750840188,17.8589676559675));
#1915=CARTESIAN_POINT('Ctrl Pts',(-5.97511912389498,7.29842160691698,17.8589676559675));
#1916=CARTESIAN_POINT('Ctrl Pts',(-5.97312605222991,7.28065219600458,17.8589676559675));
#1917=CARTESIAN_POINT('Ctrl Pts',(-5.96575456989374,7.21493107771216,17.8589676559675));
#1918=CARTESIAN_POINT('Ctrl Pts',(-5.96571039708363,7.21881326301647,17.8589676559675));
#1919=CARTESIAN_POINT('Ctrl Pts',(-5.9748092124652,7.29725217462314,17.8589676559675));
#1920=CARTESIAN_POINT('',(-5.97480522381099,7.29725264384071,23.8589676559675));
#1921=CARTESIAN_POINT('Ctrl Pts',(-5.9748092124652,7.29725217462314,23.8589676559675));
#1922=CARTESIAN_POINT('Ctrl Pts',(-5.96571039708363,7.21881326301647,23.8589676559675));
#1923=CARTESIAN_POINT('Ctrl Pts',(-5.96575456989374,7.21493107771216,23.8589676559675));
#1924=CARTESIAN_POINT('Ctrl Pts',(-5.97312605222991,7.28065219600458,23.8589676559675));
#1925=CARTESIAN_POINT('Ctrl Pts',(-5.97511912389498,7.29842160691698,23.8589676559675));
#1926=CARTESIAN_POINT('Ctrl Pts',(-5.9776735824259,7.32150750840188,23.8589676559675));
#1927=CARTESIAN_POINT('Ctrl Pts',(-5.98070470431658,7.34937725006653,23.8589676559675));
#1928=CARTESIAN_POINT('',(-5.97480522381099,7.29725264384071,17.8589676559675));
#1929=CARTESIAN_POINT('Origin',(-0.000996111476771521,8.,17.8589676559675));
#1930=CARTESIAN_POINT('',(-5.93228812924154,7.00000000000001,17.8589676559675));
#1931=CARTESIAN_POINT('Origin',(-0.000996111476771521,8.,17.8589676559675));
#1932=CARTESIAN_POINT('',(-5.93228812924154,7.00000000000001,23.8589676559675));
#1933=CARTESIAN_POINT('Origin',(-0.000996111476771521,8.,23.8589676559675));
#1934=CARTESIAN_POINT('',(-5.93228812924154,7.00000000000001,17.8589676559675));
#1935=CARTESIAN_POINT('Origin',(-5.93228812924154,0.,17.8589676559675));
#1936=CARTESIAN_POINT('',(-5.93228812924154,-2.16725350880665E-31,17.8589676559675));
#1937=CARTESIAN_POINT('',(-5.93228812924154,9.00000000000001,17.8589676559675));
#1938=CARTESIAN_POINT('',(-5.93228812924153,0.,23.8589676559675));
#1939=CARTESIAN_POINT('',(-5.93228812924154,9.00000000000001,23.8589676559675));
#1940=CARTESIAN_POINT('',(-5.93228812924154,-2.16725350880665E-31,17.8589676559675));
#1941=CARTESIAN_POINT('Origin',(-13.9322881292415,-2.16725350880665E-31,
17.8589676559675));
#1942=CARTESIAN_POINT('',(-13.9322881292415,-2.16725350880665E-31,17.8589676559675));
#1943=CARTESIAN_POINT('',(18.2334461252871,-2.16725350880665E-31,17.8589676559675));
#1944=CARTESIAN_POINT('',(-13.9322881292415,0.,23.8589676559675));
#1945=CARTESIAN_POINT('',(18.2334461252871,-2.16725350880665E-31,23.8589676559675));
#1946=CARTESIAN_POINT('',(-13.9322881292415,-2.16725350880665E-31,17.8589676559675));
#1947=CARTESIAN_POINT('Origin',(-13.9322881292415,2.,17.8589676559675));
#1948=CARTESIAN_POINT('',(-13.9322881292415,2.,17.8589676559675));
#1949=CARTESIAN_POINT('',(-13.9322881292415,-2.16725350880665E-31,17.8589676559675));
#1950=CARTESIAN_POINT('',(-13.9322881292415,2.,23.8589676559675));
#1951=CARTESIAN_POINT('',(-13.9322881292415,-2.16725350880665E-31,23.8589676559675));
#1952=CARTESIAN_POINT('',(-13.9322881292415,2.,17.8589676559675));
#1953=CARTESIAN_POINT('Origin',(-7.93228812924153,2.,17.8589676559675));
#1954=CARTESIAN_POINT('',(-7.93228812924153,2.,17.8589676559675));
#1955=CARTESIAN_POINT('',(-13.9322881292415,2.,17.8589676559675));
#1956=CARTESIAN_POINT('',(-7.93228812924154,2.,23.8589676559675));
#1957=CARTESIAN_POINT('',(-13.9322881292415,2.,23.8589676559675));
#1958=CARTESIAN_POINT('',(-7.93228812924153,2.,17.8589676559675));
#1959=CARTESIAN_POINT('Origin',(-7.93228812924153,9.15534926707942,17.8589676559675));
#1960=CARTESIAN_POINT('',(-7.93228812924153,9.15534926707942,17.8589676559675));
#1961=CARTESIAN_POINT('',(-7.93228812924153,9.15534926707942,17.8589676559675));
#1962=CARTESIAN_POINT('',(-7.93228812924154,9.15534926707942,23.8589676559675));
#1963=CARTESIAN_POINT('',(-7.93228812924153,9.15534926707942,23.8589676559675));
#1964=CARTESIAN_POINT('',(-7.93228812924153,9.15534926707942,17.8589676559675));
#1965=CARTESIAN_POINT('Origin',(-0.000996111476771521,8.,17.8589676559675));
#1966=CARTESIAN_POINT('',(-4.22146255124302,14.8138012908219,17.8589676559675));
#1967=CARTESIAN_POINT('Origin',(-0.000996111476771521,8.,17.8589676559675));
#1968=CARTESIAN_POINT('',(-4.22146255124302,14.8138012908219,23.8589676559675));
#1969=CARTESIAN_POINT('Origin',(-0.000996111476771521,8.,23.8589676559675));
#1970=CARTESIAN_POINT('',(-4.22146255124302,14.8138012908219,17.8589676559675));
#1971=CARTESIAN_POINT('Origin',(-3.61366785406626,15.,17.8589676559675));
#1972=CARTESIAN_POINT('',(-3.61366785406626,15.,17.8589676559675));
#1973=CARTESIAN_POINT('',(-4.22146255124302,14.8138012908219,17.8589676559675));
#1974=CARTESIAN_POINT('',(-3.61366785406626,15.,23.8589676559675));
#1975=CARTESIAN_POINT('',(-4.22146255124302,14.8138012908219,23.8589676559675));
#1976=CARTESIAN_POINT('',(-3.61366785406626,15.,17.8589676559675));
#1977=CARTESIAN_POINT('Origin',(3.61167563111267,15.,17.8589676559675));
#1978=CARTESIAN_POINT('',(3.61167563111267,15.,17.8589676559675));
#1979=CARTESIAN_POINT('',(3.61167563111267,15.,17.8589676559675));
#1980=CARTESIAN_POINT('',(3.61167563111267,15.,23.8589676559675));
#1981=CARTESIAN_POINT('',(3.61167563111267,15.,23.8589676559675));
#1982=CARTESIAN_POINT('',(3.61167563111267,15.,17.8589676559675));
#1983=CARTESIAN_POINT('Origin',(4.21947032828945,14.813801290822,17.8589676559675));
#1984=CARTESIAN_POINT('',(4.21947032828945,14.813801290822,17.8589676559675));
#1985=CARTESIAN_POINT('',(3.61167563111267,15.,17.8589676559675));
#1986=CARTESIAN_POINT('',(4.21947032828945,14.813801290822,23.8589676559675));
#1987=CARTESIAN_POINT('',(3.61167563111267,15.,23.8589676559675));
#1988=CARTESIAN_POINT('',(4.21947032828945,14.813801290822,17.8589676559675));
#1989=CARTESIAN_POINT('Origin',(-0.000996111476767025,8.,17.8589676559675));
#1990=CARTESIAN_POINT('',(7.930295906288,9.15534926707941,17.8589676559675));
#1991=CARTESIAN_POINT('Origin',(-0.000996111476767025,8.,17.8589676559675));
#1992=CARTESIAN_POINT('',(7.930295906288,9.15534926707941,23.8589676559675));
#1993=CARTESIAN_POINT('Origin',(-0.000996111476767025,8.,23.8589676559675));
#1994=CARTESIAN_POINT('',(7.930295906288,9.15534926707941,17.8589676559675));
#1995=CARTESIAN_POINT('Origin',(7.930295906288,2.,17.8589676559675));
#1996=CARTESIAN_POINT('',(7.930295906288,2.,17.8589676559675));
#1997=CARTESIAN_POINT('',(7.930295906288,2.,17.8589676559675));
#1998=CARTESIAN_POINT('',(7.930295906288,2.,23.8589676559675));
#1999=CARTESIAN_POINT('',(7.930295906288,2.,23.8589676559675));
#2000=CARTESIAN_POINT('',(7.930295906288,2.,17.8589676559675));
#2001=CARTESIAN_POINT('Origin',(13.930295906288,2.,17.8589676559675));
#2002=CARTESIAN_POINT('',(13.930295906288,2.,17.8589676559675));
#2003=CARTESIAN_POINT('',(13.930295906288,2.,17.8589676559675));
#2004=CARTESIAN_POINT('',(13.930295906288,2.,23.8589676559675));
#2005=CARTESIAN_POINT('',(13.930295906288,2.,23.8589676559675));
#2006=CARTESIAN_POINT('',(13.930295906288,2.,17.8589676559675));
#2007=CARTESIAN_POINT('Origin',(13.930295906288,-3.33066907387547E-15,17.8589676559675));
#2008=CARTESIAN_POINT('',(13.930295906288,-3.33066907387547E-15,17.8589676559675));
#2009=CARTESIAN_POINT('',(13.930295906288,-3.33066907387547E-15,17.8589676559675));
#2010=CARTESIAN_POINT('',(13.930295906288,-3.33066907387547E-15,23.8589676559675));
#2011=CARTESIAN_POINT('',(13.930295906288,-3.33066907387547E-15,23.8589676559675));
#2012=CARTESIAN_POINT('',(13.930295906288,-3.33066907387547E-15,17.8589676559675));
#2013=CARTESIAN_POINT('Origin',(5.930295906288,-2.16725350880665E-31,17.8589676559675));
#2014=CARTESIAN_POINT('',(5.930295906288,-3.33066907387547E-15,17.8589676559675));
#2015=CARTESIAN_POINT('',(18.2334461252871,-2.16725350880665E-31,17.8589676559675));
#2016=CARTESIAN_POINT('',(5.930295906288,-3.33066907387547E-15,23.8589676559675));
#2017=CARTESIAN_POINT('',(18.2334461252871,-2.16725350880665E-31,23.8589676559675));
#2018=CARTESIAN_POINT('',(5.930295906288,-3.33066907387547E-15,17.8589676559675));
#2019=CARTESIAN_POINT('Origin',(5.930295906288,7.,17.8589676559675));
#2020=CARTESIAN_POINT('',(5.930295906288,7.,17.8589676559675));
#2021=CARTESIAN_POINT('',(5.930295906288,9.,17.8589676559675));
#2022=CARTESIAN_POINT('',(5.930295906288,7.,23.8589676559675));
#2023=CARTESIAN_POINT('',(5.930295906288,9.,23.8589676559675));
#2024=CARTESIAN_POINT('',(5.930295906288,7.,17.8589676559675));
#2025=CARTESIAN_POINT('Origin',(-0.000996111476767025,8.,17.8589676559675));
#2026=CARTESIAN_POINT('',(5.97281440882908,7.29724719570104,17.8589676559675));
#2027=CARTESIAN_POINT('Origin',(-0.000996111476767025,8.,17.8589676559675));
#2028=CARTESIAN_POINT('',(5.97281440882908,7.29724719570104,23.8589676559675));
#2029=CARTESIAN_POINT('Origin',(-0.000996111476767025,8.,23.8589676559675));
#2030=CARTESIAN_POINT('',(5.97281440882908,7.29724719570104,17.8589676559675));
#2031=CARTESIAN_POINT('Ctrl Pts',(5.97870841229119,7.34933971325974,17.8589676559675));
#2032=CARTESIAN_POINT('Ctrl Pts',(5.97870841229119,7.34933971325974,23.8589676559675));
#2033=CARTESIAN_POINT('Ctrl Pts',(5.97368701653164,7.30319056081809,17.8589676559675));
#2034=CARTESIAN_POINT('Ctrl Pts',(5.97368701653164,7.30319056081809,23.8589676559675));
#2035=CARTESIAN_POINT('Ctrl Pts',(5.96990726123253,7.2695297114944,17.8589676559675));
#2036=CARTESIAN_POINT('Ctrl Pts',(5.96990726123253,7.2695297114944,23.8589676559675));
#2037=CARTESIAN_POINT('Ctrl Pts',(5.96778174732326,7.25110766518764,17.8589676559675));
#2038=CARTESIAN_POINT('Ctrl Pts',(5.96778174732326,7.25110766518764,23.8589676559675));
#2039=CARTESIAN_POINT('Ctrl Pts',(5.96392709031872,7.21769895893333,17.8589676559675));
#2040=CARTESIAN_POINT('Ctrl Pts',(5.96392709031872,7.21769895893333,23.8589676559675));
#2041=CARTESIAN_POINT('Ctrl Pts',(5.96542596297693,7.23352946615715,17.8589676559675));
#2042=CARTESIAN_POINT('Ctrl Pts',(5.96542596297693,7.23352946615715,23.8589676559675));
#2043=CARTESIAN_POINT('Ctrl Pts',(5.97281645633311,7.29724695483481,17.8589676559675));
#2044=CARTESIAN_POINT('Ctrl Pts',(5.97281645633311,7.29724695483481,23.8589676559675));
#2045=CARTESIAN_POINT('Ctrl Pts',(5.97281645633311,7.29724695483481,17.8589676559675));
#2046=CARTESIAN_POINT('Ctrl Pts',(5.96542596297693,7.23352946615715,17.8589676559675));
#2047=CARTESIAN_POINT('Ctrl Pts',(5.96392709031872,7.21769895893333,17.8589676559675));
#2048=CARTESIAN_POINT('Ctrl Pts',(5.96778174732326,7.25110766518764,17.8589676559675));
#2049=CARTESIAN_POINT('Ctrl Pts',(5.96990726123253,7.2695297114944,17.8589676559675));
#2050=CARTESIAN_POINT('Ctrl Pts',(5.97368701653164,7.30319056081809,17.8589676559675));
#2051=CARTESIAN_POINT('Ctrl Pts',(5.97870841229119,7.34933971325974,17.8589676559675));
#2052=CARTESIAN_POINT('Ctrl Pts',(5.97870841229119,7.34933971325974,23.8589676559675));
#2053=CARTESIAN_POINT('Ctrl Pts',(5.97368701653164,7.30319056081809,23.8589676559675));
#2054=CARTESIAN_POINT('Ctrl Pts',(5.96990726123253,7.2695297114944,23.8589676559675));
#2055=CARTESIAN_POINT('Ctrl Pts',(5.96778174732326,7.25110766518764,23.8589676559675));
#2056=CARTESIAN_POINT('Ctrl Pts',(5.96392709031872,7.21769895893333,23.8589676559675));
#2057=CARTESIAN_POINT('Ctrl Pts',(5.96542596297693,7.23352946615715,23.8589676559675));
#2058=CARTESIAN_POINT('Ctrl Pts',(5.97281645633311,7.29724695483481,23.8589676559675));
#2059=CARTESIAN_POINT('Origin',(-0.00099611147676597,7.5,17.8589676559675));
#2060=CARTESIAN_POINT('Origin',(-0.00099611147676597,7.5,23.8589676559675));
#2061=CARTESIAN_POINT('Origin',(-10.9322881292415,2.,-20.8589676559675));
#2062=CARTESIAN_POINT('',(-8.93228812924154,2.,-20.8589676559675));
#2063=CARTESIAN_POINT('Origin',(-10.9322881292415,2.,-20.8589676559675));
#2064=CARTESIAN_POINT('',(-8.93228812924154,0.,-20.8589676559675));
#2065=CARTESIAN_POINT('',(-8.93228812924154,2.,-20.8589676559675));
#2066=CARTESIAN_POINT('Origin',(-10.9322881292415,0.,-20.8589676559675));
#2067=CARTESIAN_POINT('Origin',(10.930295906288,2.,-20.8589676559675));
#2068=CARTESIAN_POINT('',(12.930295906288,2.,-20.8589676559675));
#2069=CARTESIAN_POINT('Origin',(10.930295906288,2.,-20.8589676559675));
#2070=CARTESIAN_POINT('',(12.930295906288,0.,-20.8589676559675));
#2071=CARTESIAN_POINT('',(12.930295906288,2.,-20.8589676559675));
#2072=CARTESIAN_POINT('Origin',(10.930295906288,0.,-20.8589676559675));
#2073=CARTESIAN_POINT('Origin',(-0.000996111476767025,8.,-17.8589676559675));
#2074=CARTESIAN_POINT('',(5.97871248136146,8.65062274994796,-17.8589676559675));
#2075=CARTESIAN_POINT('',(6.01400680733636,7.99894434355314,-17.8589676559675));
#2076=CARTESIAN_POINT('Origin',(-0.000996111476767025,8.,-17.8589676559675));
#2077=CARTESIAN_POINT('',(5.97871248136146,8.65062274994796,-23.8589676559675));
#2078=CARTESIAN_POINT('',(5.97871248136146,8.65062274994796,-17.8589676559675));
#2079=CARTESIAN_POINT('',(6.01400680733636,7.99894434355314,-23.8589676559675));
#2080=CARTESIAN_POINT('Origin',(-0.000996111476767025,8.,-23.8589676559675));
#2081=CARTESIAN_POINT('',(5.97871512130054,7.34937352699808,-23.8589676559675));
#2082=CARTESIAN_POINT('Origin',(-0.000996111476767025,8.,-23.8589676559675));
#2083=CARTESIAN_POINT('',(5.97871512130054,7.34937352699808,-17.8589676559675));
#2084=CARTESIAN_POINT('',(5.97870841229119,7.34933971325974,-17.8589676559675));
#2085=CARTESIAN_POINT('Origin',(-0.000996111476767025,8.,-17.8589676559675));
#2086=CARTESIAN_POINT('Origin',(5.97814548130358,8.65583133734557,-17.8589676559675));
#2087=CARTESIAN_POINT('',(5.97814748699505,8.65583155568254,-17.8589676559675));
#2088=CARTESIAN_POINT('',(5.97871248136146,8.65062274994796,-17.8589676559675));
#2089=CARTESIAN_POINT('',(5.97814748699505,8.65583155568254,-23.8589676559675));
#2090=CARTESIAN_POINT('',(5.97814748699505,8.65583155568254,-17.8589676559675));
#2091=CARTESIAN_POINT('',(5.97871248136146,8.65062274994796,-23.8589676559675));
#2092=CARTESIAN_POINT('Ctrl Pts',(5.97281698951163,8.70274782537713,-17.8589676559675));
#2093=CARTESIAN_POINT('Ctrl Pts',(5.97281698951163,8.70274782537713,-23.8589676559675));
#2094=CARTESIAN_POINT('Ctrl Pts',(5.96371817413009,8.78118673698355,-17.8589676559675));
#2095=CARTESIAN_POINT('Ctrl Pts',(5.96371817413009,8.78118673698355,-23.8589676559675));
#2096=CARTESIAN_POINT('Ctrl Pts',(5.96376234694021,8.78506892228777,-17.8589676559675));
#2097=CARTESIAN_POINT('Ctrl Pts',(5.96376234694021,8.78506892228777,-23.8589676559675));
#2098=CARTESIAN_POINT('Ctrl Pts',(5.97113382927638,8.71934780399543,-17.8589676559675));
#2099=CARTESIAN_POINT('Ctrl Pts',(5.97113382927638,8.71934780399543,-23.8589676559675));
#2100=CARTESIAN_POINT('Ctrl Pts',(5.97300137890004,8.70269749620982,-17.8589676559675));
#2101=CARTESIAN_POINT('Ctrl Pts',(5.97300137890004,8.70269749620982,-23.8589676559675));
#2102=CARTESIAN_POINT('Ctrl Pts',(5.97536183068087,8.68137926718993,-17.8589676559675));
#2103=CARTESIAN_POINT('Ctrl Pts',(5.97536183068087,8.68137926718993,-23.8589676559675));
#2104=CARTESIAN_POINT('Ctrl Pts',(5.97814548159382,8.65583133467928,-17.8589676559675));
#2105=CARTESIAN_POINT('Ctrl Pts',(5.97814548159382,8.65583133467928,-23.8589676559675));
#2106=CARTESIAN_POINT('',(5.97281499518453,8.70274759076834,-17.8589676559675));
#2107=CARTESIAN_POINT('Ctrl Pts',(5.97814548159382,8.65583133467928,-17.8589676559675));
#2108=CARTESIAN_POINT('Ctrl Pts',(5.97536183068087,8.68137926718993,-17.8589676559675));
#2109=CARTESIAN_POINT('Ctrl Pts',(5.97300137890004,8.70269749620982,-17.8589676559675));
#2110=CARTESIAN_POINT('Ctrl Pts',(5.97113382927638,8.71934780399543,-17.8589676559675));
#2111=CARTESIAN_POINT('Ctrl Pts',(5.96376234694021,8.78506892228777,-17.8589676559675));
#2112=CARTESIAN_POINT('Ctrl Pts',(5.96371817413009,8.78118673698355,-17.8589676559675));
#2113=CARTESIAN_POINT('Ctrl Pts',(5.97281698951163,8.70274782537713,-17.8589676559675));
#2114=CARTESIAN_POINT('',(5.97281499518453,8.70274759076834,-23.8589676559675));
#2115=CARTESIAN_POINT('',(5.97281499518453,8.70274759076834,-17.8589676559675));
#2116=CARTESIAN_POINT('Ctrl Pts',(5.97281698951163,8.70274782537713,-23.8589676559675));
#2117=CARTESIAN_POINT('Ctrl Pts',(5.96371817413009,8.78118673698355,-23.8589676559675));
#2118=CARTESIAN_POINT('Ctrl Pts',(5.96376234694021,8.78506892228777,-23.8589676559675));
#2119=CARTESIAN_POINT('Ctrl Pts',(5.97113382927638,8.71934780399543,-23.8589676559675));
#2120=CARTESIAN_POINT('Ctrl Pts',(5.97300137890004,8.70269749620982,-23.8589676559675));
#2121=CARTESIAN_POINT('Ctrl Pts',(5.97536183068087,8.68137926718993,-23.8589676559675));
#2122=CARTESIAN_POINT('Ctrl Pts',(5.97814548159382,8.65583133467928,-23.8589676559675));
#2123=CARTESIAN_POINT('Origin',(-0.000996111476767025,8.,-17.8589676559675));
#2124=CARTESIAN_POINT('',(3.36820678767596,12.9828402366864,-17.8589676559675));
#2125=CARTESIAN_POINT('Origin',(-0.000996111476767025,8.,-17.8589676559675));
#2126=CARTESIAN_POINT('',(3.36820678767596,12.9828402366864,-23.8589676559675));
#2127=CARTESIAN_POINT('',(3.36820678767596,12.9828402366864,-17.8589676559675));
#2128=CARTESIAN_POINT('Origin',(-0.000996111476767025,8.,-23.8589676559675));
#2129=CARTESIAN_POINT('Origin',(3.31219343939412,13.,-17.8589676559675));
#2130=CARTESIAN_POINT('',(3.31219343939412,13.,-17.8589676559675));
#2131=CARTESIAN_POINT('',(3.31219343939412,13.,-17.8589676559675));
#2132=CARTESIAN_POINT('',(3.31219343939412,13.,-23.8589676559675));
#2133=CARTESIAN_POINT('',(3.31219343939412,13.,-17.8589676559675));
#2134=CARTESIAN_POINT('',(3.31219343939412,13.,-23.8589676559675));
#2135=CARTESIAN_POINT('Origin',(-3.31418566234766,13.,-17.8589676559675));
#2136=CARTESIAN_POINT('',(-3.31418566234766,13.,-17.8589676559675));
#2137=CARTESIAN_POINT('',(-3.31418566234766,13.,-17.8589676559675));
#2138=CARTESIAN_POINT('',(-3.31418566234766,13.,-23.8589676559675));
#2139=CARTESIAN_POINT('',(-3.31418566234766,13.,-17.8589676559675));
#2140=CARTESIAN_POINT('',(-3.31418566234766,13.,-23.8589676559675));
#2141=CARTESIAN_POINT('Origin',(-3.37019901062949,12.9828402366864,-17.8589676559675));
#2142=CARTESIAN_POINT('',(-3.37019901062949,12.9828402366864,-17.8589676559675));
#2143=CARTESIAN_POINT('',(-3.37019901062949,12.9828402366864,-17.8589676559675));
#2144=CARTESIAN_POINT('',(-3.37019901062949,12.9828402366864,-23.8589676559675));
#2145=CARTESIAN_POINT('',(-3.37019901062949,12.9828402366864,-17.8589676559675));
#2146=CARTESIAN_POINT('',(-3.37019901062949,12.9828402366864,-23.8589676559675));
#2147=CARTESIAN_POINT('Origin',(-0.000996111476771521,8.,-17.8589676559675));
#2148=CARTESIAN_POINT('',(-5.97480463745575,8.70275256968819,-17.8589676559675));
#2149=CARTESIAN_POINT('Origin',(-0.000996111476771521,8.,-17.8589676559675));
#2150=CARTESIAN_POINT('',(-5.97480463745575,8.70275256968819,-23.8589676559675));
#2151=CARTESIAN_POINT('',(-5.97480463745575,8.70275256968819,-17.8589676559675));
#2152=CARTESIAN_POINT('Origin',(-0.000996111476771521,8.,-23.8589676559675));
#2153=CARTESIAN_POINT('Ctrl Pts',(-5.98069896199615,8.65067566469641,-17.8589676559675));
#2154=CARTESIAN_POINT('Ctrl Pts',(-5.98069896199615,8.65067566469641,-23.8589676559675));
#2155=CARTESIAN_POINT('Ctrl Pts',(-5.97567839981291,8.69681691693008,-17.8589676559675));
#2156=CARTESIAN_POINT('Ctrl Pts',(-5.97567839981291,8.69681691693008,-23.8589676559675));
#2157=CARTESIAN_POINT('Ctrl Pts',(-5.97189924808897,8.7304723347833,-17.8589676559675));
#2158=CARTESIAN_POINT('Ctrl Pts',(-5.97189924808897,8.7304723347833,-23.8589676559675));
#2159=CARTESIAN_POINT('Ctrl Pts',(-5.96977397027679,8.74889233481245,-17.8589676559675));
#2160=CARTESIAN_POINT('Ctrl Pts',(-5.96977397027679,8.74889233481245,-23.8589676559675));
#2161=CARTESIAN_POINT('Ctrl Pts',(-5.96591931327225,8.78230104106675,-17.8589676559675));
#2162=CARTESIAN_POINT('Ctrl Pts',(-5.96591931327225,8.78230104106675,-23.8589676559675));
#2163=CARTESIAN_POINT('Ctrl Pts',(-5.96741818593043,8.76647053384312,-17.8589676559675));
#2164=CARTESIAN_POINT('Ctrl Pts',(-5.96741818593043,8.76647053384312,-23.8589676559675));
#2165=CARTESIAN_POINT('Ctrl Pts',(-5.97480867928668,8.70275304516494,-17.8589676559675));
#2166=CARTESIAN_POINT('Ctrl Pts',(-5.97480867928668,8.70275304516494,-23.8589676559675));
#2167=CARTESIAN_POINT('',(-5.9807012237425,8.65065487816101,-17.8589676559675));
#2168=CARTESIAN_POINT('Ctrl Pts',(-5.97480867928668,8.70275304516494,-17.8589676559675));
#2169=CARTESIAN_POINT('Ctrl Pts',(-5.96741818593043,8.76647053384312,-17.8589676559675));
#2170=CARTESIAN_POINT('Ctrl Pts',(-5.96591931327225,8.78230104106675,-17.8589676559675));
#2171=CARTESIAN_POINT('Ctrl Pts',(-5.96977397027679,8.74889233481245,-17.8589676559675));
#2172=CARTESIAN_POINT('Ctrl Pts',(-5.97189924808897,8.7304723347833,-17.8589676559675));
#2173=CARTESIAN_POINT('Ctrl Pts',(-5.97567839981291,8.69681691693008,-17.8589676559675));
#2174=CARTESIAN_POINT('Ctrl Pts',(-5.98069896199615,8.65067566469642,-17.8589676559675));
#2175=CARTESIAN_POINT('',(-5.9807012237425,8.65065487816101,-23.8589676559675));
#2176=CARTESIAN_POINT('',(-5.98069896199615,8.65067566469641,-17.8589676559675));
#2177=CARTESIAN_POINT('Ctrl Pts',(-5.98069896199615,8.65067566469642,-23.8589676559675));
#2178=CARTESIAN_POINT('Ctrl Pts',(-5.97567839981291,8.69681691693008,-23.8589676559675));
#2179=CARTESIAN_POINT('Ctrl Pts',(-5.97189924808897,8.7304723347833,-23.8589676559675));
#2180=CARTESIAN_POINT('Ctrl Pts',(-5.96977397027679,8.74889233481245,-23.8589676559675));
#2181=CARTESIAN_POINT('Ctrl Pts',(-5.96591931327225,8.78230104106675,-23.8589676559675));
#2182=CARTESIAN_POINT('Ctrl Pts',(-5.96741818593043,8.76647053384312,-23.8589676559675));
#2183=CARTESIAN_POINT('Ctrl Pts',(-5.97480867928668,8.70275304516494,-23.8589676559675));
#2184=CARTESIAN_POINT('Origin',(-0.000996111476771521,8.,-17.8589676559675));
#2185=CARTESIAN_POINT('',(-5.98070471183607,7.34937724924838,-17.8589676559675));
#2186=CARTESIAN_POINT('Origin',(-0.000996111476771521,8.,-17.8589676559675));
#2187=CARTESIAN_POINT('',(-5.98070471183607,7.34937724924838,-23.8589676559675));
#2188=CARTESIAN_POINT('',(-5.98070471183607,7.34937724924838,-17.8589676559675));
#2189=CARTESIAN_POINT('Origin',(-0.000996111476771521,8.,-23.8589676559675));
#2190=CARTESIAN_POINT('Ctrl Pts',(-5.9748092124652,7.29725217462314,-17.8589676559675));
#2191=CARTESIAN_POINT('Ctrl Pts',(-5.9748092124652,7.29725217462314,-23.8589676559675));
#2192=CARTESIAN_POINT('Ctrl Pts',(-5.96571039708363,7.21881326301647,-17.8589676559675));
#2193=CARTESIAN_POINT('Ctrl Pts',(-5.96571039708363,7.21881326301647,-23.8589676559675));
#2194=CARTESIAN_POINT('Ctrl Pts',(-5.96575456989374,7.21493107771216,-17.8589676559675));
#2195=CARTESIAN_POINT('Ctrl Pts',(-5.96575456989374,7.21493107771216,-23.8589676559675));
#2196=CARTESIAN_POINT('Ctrl Pts',(-5.97312605222991,7.28065219600458,-17.8589676559675));
#2197=CARTESIAN_POINT('Ctrl Pts',(-5.97312605222991,7.28065219600458,-23.8589676559675));
#2198=CARTESIAN_POINT('Ctrl Pts',(-5.97511912389498,7.29842160691698,-17.8589676559675));
#2199=CARTESIAN_POINT('Ctrl Pts',(-5.97511912389498,7.29842160691698,-23.8589676559675));
#2200=CARTESIAN_POINT('Ctrl Pts',(-5.9776735824259,7.32150750840188,-17.8589676559675));
#2201=CARTESIAN_POINT('Ctrl Pts',(-5.9776735824259,7.32150750840188,-23.8589676559675));
#2202=CARTESIAN_POINT('Ctrl Pts',(-5.98070470431658,7.34937725006653,-17.8589676559675));
#2203=CARTESIAN_POINT('Ctrl Pts',(-5.98070470431658,7.34937725006653,-23.8589676559675));
#2204=CARTESIAN_POINT('',(-5.97480522381099,7.29725264384071,-17.8589676559675));
#2205=CARTESIAN_POINT('Ctrl Pts',(-5.98070470431658,7.34937725006653,-17.8589676559675));
#2206=CARTESIAN_POINT('Ctrl Pts',(-5.9776735824259,7.32150750840188,-17.8589676559675));
#2207=CARTESIAN_POINT('Ctrl Pts',(-5.97511912389498,7.29842160691698,-17.8589676559675));
#2208=CARTESIAN_POINT('Ctrl Pts',(-5.97312605222991,7.28065219600458,-17.8589676559675));
#2209=CARTESIAN_POINT('Ctrl Pts',(-5.96575456989374,7.21493107771216,-17.8589676559675));
#2210=CARTESIAN_POINT('Ctrl Pts',(-5.96571039708363,7.21881326301647,-17.8589676559675));
#2211=CARTESIAN_POINT('Ctrl Pts',(-5.9748092124652,7.29725217462314,-17.8589676559675));
#2212=CARTESIAN_POINT('',(-5.97480522381099,7.29725264384071,-23.8589676559675));
#2213=CARTESIAN_POINT('',(-5.97480522381099,7.29725264384071,-17.8589676559675));
#2214=CARTESIAN_POINT('Ctrl Pts',(-5.9748092124652,7.29725217462314,-23.8589676559675));
#2215=CARTESIAN_POINT('Ctrl Pts',(-5.96571039708363,7.21881326301647,-23.8589676559675));
#2216=CARTESIAN_POINT('Ctrl Pts',(-5.96575456989374,7.21493107771216,-23.8589676559675));
#2217=CARTESIAN_POINT('Ctrl Pts',(-5.97312605222991,7.28065219600458,-23.8589676559675));
#2218=CARTESIAN_POINT('Ctrl Pts',(-5.97511912389498,7.29842160691698,-23.8589676559675));
#2219=CARTESIAN_POINT('Ctrl Pts',(-5.9776735824259,7.32150750840188,-23.8589676559675));
#2220=CARTESIAN_POINT('Ctrl Pts',(-5.98070470431658,7.34937725006653,-23.8589676559675));
#2221=CARTESIAN_POINT('Origin',(-0.000996111476771521,8.,-17.8589676559675));
#2222=CARTESIAN_POINT('',(-5.93228812924154,7.00000000000001,-17.8589676559675));
#2223=CARTESIAN_POINT('Origin',(-0.000996111476771521,8.,-17.8589676559675));
#2224=CARTESIAN_POINT('',(-5.93228812924154,7.00000000000001,-23.8589676559675));
#2225=CARTESIAN_POINT('',(-5.93228812924154,7.00000000000001,-17.8589676559675));
#2226=CARTESIAN_POINT('Origin',(-0.000996111476771521,8.,-23.8589676559675));
#2227=CARTESIAN_POINT('Origin',(-5.93228812924154,0.,-17.8589676559675));
#2228=CARTESIAN_POINT('',(-5.93228812924154,-2.16725350880665E-31,-17.8589676559675));
#2229=CARTESIAN_POINT('',(-5.93228812924154,9.00000000000001,-17.8589676559675));
#2230=CARTESIAN_POINT('',(-5.93228812924153,0.,-23.8589676559675));
#2231=CARTESIAN_POINT('',(-5.93228812924154,-2.16725350880665E-31,-17.8589676559675));
#2232=CARTESIAN_POINT('',(-5.93228812924154,9.00000000000001,-23.8589676559675));
#2233=CARTESIAN_POINT('Origin',(-13.9322881292415,-2.16725350880665E-31,
-17.8589676559675));
#2234=CARTESIAN_POINT('',(-13.9322881292415,-2.16725350880665E-31,-17.8589676559675));
#2235=CARTESIAN_POINT('',(18.2334461252871,-2.16725350880665E-31,-17.8589676559675));
#2236=CARTESIAN_POINT('',(-13.9322881292415,0.,-23.8589676559675));
#2237=CARTESIAN_POINT('',(-13.9322881292415,-2.16725350880665E-31,-17.8589676559675));
#2238=CARTESIAN_POINT('',(18.2334461252871,-2.16725350880665E-31,-23.8589676559675));
#2239=CARTESIAN_POINT('Origin',(-13.9322881292415,2.,-17.8589676559675));
#2240=CARTESIAN_POINT('',(-13.9322881292415,2.,-17.8589676559675));
#2241=CARTESIAN_POINT('',(-13.9322881292415,-2.16725350880665E-31,-17.8589676559675));
#2242=CARTESIAN_POINT('',(-13.9322881292415,2.,-23.8589676559675));
#2243=CARTESIAN_POINT('',(-13.9322881292415,2.,-17.8589676559675));
#2244=CARTESIAN_POINT('',(-13.9322881292415,-2.16725350880665E-31,-23.8589676559675));
#2245=CARTESIAN_POINT('Origin',(-7.93228812924153,2.,-17.8589676559675));
#2246=CARTESIAN_POINT('',(-7.93228812924153,2.,-17.8589676559675));
#2247=CARTESIAN_POINT('',(-13.9322881292415,2.,-17.8589676559675));
#2248=CARTESIAN_POINT('',(-7.93228812924154,2.,-23.8589676559675));
#2249=CARTESIAN_POINT('',(-7.93228812924153,2.,-17.8589676559675));
#2250=CARTESIAN_POINT('',(-13.9322881292415,2.,-23.8589676559675));
#2251=CARTESIAN_POINT('Origin',(-7.93228812924153,9.15534926707942,-17.8589676559675));
#2252=CARTESIAN_POINT('',(-7.93228812924153,9.15534926707942,-17.8589676559675));
#2253=CARTESIAN_POINT('',(-7.93228812924153,9.15534926707942,-17.8589676559675));
#2254=CARTESIAN_POINT('',(-7.93228812924154,9.15534926707942,-23.8589676559675));
#2255=CARTESIAN_POINT('',(-7.93228812924153,9.15534926707942,-17.8589676559675));
#2256=CARTESIAN_POINT('',(-7.93228812924153,9.15534926707942,-23.8589676559675));
#2257=CARTESIAN_POINT('Origin',(-0.000996111476771521,8.,-17.8589676559675));
#2258=CARTESIAN_POINT('',(-4.22146255124302,14.8138012908219,-17.8589676559675));
#2259=CARTESIAN_POINT('Origin',(-0.000996111476771521,8.,-17.8589676559675));
#2260=CARTESIAN_POINT('',(-4.22146255124302,14.8138012908219,-23.8589676559675));
#2261=CARTESIAN_POINT('',(-4.22146255124302,14.8138012908219,-17.8589676559675));
#2262=CARTESIAN_POINT('Origin',(-0.000996111476771521,8.,-23.8589676559675));
#2263=CARTESIAN_POINT('Origin',(-3.61366785406626,15.,-17.8589676559675));
#2264=CARTESIAN_POINT('',(-3.61366785406626,15.,-17.8589676559675));
#2265=CARTESIAN_POINT('',(-4.22146255124302,14.8138012908219,-17.8589676559675));
#2266=CARTESIAN_POINT('',(-3.61366785406626,15.,-23.8589676559675));
#2267=CARTESIAN_POINT('',(-3.61366785406626,15.,-17.8589676559675));
#2268=CARTESIAN_POINT('',(-4.22146255124302,14.8138012908219,-23.8589676559675));
#2269=CARTESIAN_POINT('Origin',(3.61167563111267,15.,-17.8589676559675));
#2270=CARTESIAN_POINT('',(3.61167563111267,15.,-17.8589676559675));
#2271=CARTESIAN_POINT('',(3.61167563111267,15.,-17.8589676559675));
#2272=CARTESIAN_POINT('',(3.61167563111267,15.,-23.8589676559675));
#2273=CARTESIAN_POINT('',(3.61167563111267,15.,-17.8589676559675));
#2274=CARTESIAN_POINT('',(3.61167563111267,15.,-23.8589676559675));
#2275=CARTESIAN_POINT('Origin',(4.21947032828945,14.813801290822,-17.8589676559675));
#2276=CARTESIAN_POINT('',(4.21947032828945,14.813801290822,-17.8589676559675));
#2277=CARTESIAN_POINT('',(3.61167563111267,15.,-17.8589676559675));
#2278=CARTESIAN_POINT('',(4.21947032828945,14.813801290822,-23.8589676559675));
#2279=CARTESIAN_POINT('',(4.21947032828945,14.813801290822,-17.8589676559675));
#2280=CARTESIAN_POINT('',(3.61167563111267,15.,-23.8589676559675));
#2281=CARTESIAN_POINT('Origin',(-0.000996111476767025,8.,-17.8589676559675));
#2282=CARTESIAN_POINT('',(7.930295906288,9.15534926707941,-17.8589676559675));
#2283=CARTESIAN_POINT('Origin',(-0.000996111476767025,8.,-17.8589676559675));
#2284=CARTESIAN_POINT('',(7.930295906288,9.15534926707941,-23.8589676559675));
#2285=CARTESIAN_POINT('',(7.930295906288,9.15534926707941,-17.8589676559675));
#2286=CARTESIAN_POINT('Origin',(-0.000996111476767025,8.,-23.8589676559675));
#2287=CARTESIAN_POINT('Origin',(7.930295906288,2.,-17.8589676559675));
#2288=CARTESIAN_POINT('',(7.930295906288,2.,-17.8589676559675));
#2289=CARTESIAN_POINT('',(7.930295906288,2.,-17.8589676559675));
#2290=CARTESIAN_POINT('',(7.930295906288,2.,-23.8589676559675));
#2291=CARTESIAN_POINT('',(7.930295906288,2.,-17.8589676559675));
#2292=CARTESIAN_POINT('',(7.930295906288,2.,-23.8589676559675));
#2293=CARTESIAN_POINT('Origin',(13.930295906288,2.,-17.8589676559675));
#2294=CARTESIAN_POINT('',(13.930295906288,2.,-17.8589676559675));
#2295=CARTESIAN_POINT('',(13.930295906288,2.,-17.8589676559675));
#2296=CARTESIAN_POINT('',(13.930295906288,2.,-23.8589676559675));
#2297=CARTESIAN_POINT('',(13.930295906288,2.,-17.8589676559675));
#2298=CARTESIAN_POINT('',(13.930295906288,2.,-23.8589676559675));
#2299=CARTESIAN_POINT('Origin',(13.930295906288,-3.33066907387547E-15,-17.8589676559675));
#2300=CARTESIAN_POINT('',(13.930295906288,-3.33066907387547E-15,-17.8589676559675));
#2301=CARTESIAN_POINT('',(13.930295906288,-3.33066907387547E-15,-17.8589676559675));
#2302=CARTESIAN_POINT('',(13.930295906288,-3.33066907387547E-15,-23.8589676559675));
#2303=CARTESIAN_POINT('',(13.930295906288,-3.33066907387547E-15,-17.8589676559675));
#2304=CARTESIAN_POINT('',(13.930295906288,-3.33066907387547E-15,-23.8589676559675));
#2305=CARTESIAN_POINT('Origin',(5.930295906288,-2.16725350880665E-31,-17.8589676559675));
#2306=CARTESIAN_POINT('',(5.930295906288,-3.33066907387547E-15,-17.8589676559675));
#2307=CARTESIAN_POINT('',(18.2334461252871,-2.16725350880665E-31,-17.8589676559675));
#2308=CARTESIAN_POINT('',(5.930295906288,-3.33066907387547E-15,-23.8589676559675));
#2309=CARTESIAN_POINT('',(5.930295906288,-3.33066907387547E-15,-17.8589676559675));
#2310=CARTESIAN_POINT('',(18.2334461252871,-2.16725350880665E-31,-23.8589676559675));
#2311=CARTESIAN_POINT('Origin',(5.930295906288,7.,-17.8589676559675));
#2312=CARTESIAN_POINT('',(5.930295906288,7.,-17.8589676559675));
#2313=CARTESIAN_POINT('',(5.930295906288,9.,-17.8589676559675));
#2314=CARTESIAN_POINT('',(5.930295906288,7.,-23.8589676559675));
#2315=CARTESIAN_POINT('',(5.930295906288,7.,-17.8589676559675));
#2316=CARTESIAN_POINT('',(5.930295906288,9.,-23.8589676559675));
#2317=CARTESIAN_POINT('Origin',(-0.000996111476767025,8.,-17.8589676559675));
#2318=CARTESIAN_POINT('',(5.97281440882908,7.29724719570104,-17.8589676559675));
#2319=CARTESIAN_POINT('Origin',(-0.000996111476767025,8.,-17.8589676559675));
#2320=CARTESIAN_POINT('',(5.97281440882908,7.29724719570104,-23.8589676559675));
#2321=CARTESIAN_POINT('',(5.97281440882908,7.29724719570104,-17.8589676559675));
#2322=CARTESIAN_POINT('Origin',(-0.000996111476767025,8.,-23.8589676559675));
#2323=CARTESIAN_POINT('Ctrl Pts',(5.97870841229119,7.34933971325974,-17.8589676559675));
#2324=CARTESIAN_POINT('Ctrl Pts',(5.97870841229119,7.34933971325974,-23.8589676559675));
#2325=CARTESIAN_POINT('Ctrl Pts',(5.97368701653164,7.30319056081809,-17.8589676559675));
#2326=CARTESIAN_POINT('Ctrl Pts',(5.97368701653164,7.30319056081809,-23.8589676559675));
#2327=CARTESIAN_POINT('Ctrl Pts',(5.96990726123253,7.2695297114944,-17.8589676559675));
#2328=CARTESIAN_POINT('Ctrl Pts',(5.96990726123253,7.2695297114944,-23.8589676559675));
#2329=CARTESIAN_POINT('Ctrl Pts',(5.96778174732326,7.25110766518764,-17.8589676559675));
#2330=CARTESIAN_POINT('Ctrl Pts',(5.96778174732326,7.25110766518764,-23.8589676559675));
#2331=CARTESIAN_POINT('Ctrl Pts',(5.96392709031872,7.21769895893333,-17.8589676559675));
#2332=CARTESIAN_POINT('Ctrl Pts',(5.96392709031872,7.21769895893333,-23.8589676559675));
#2333=CARTESIAN_POINT('Ctrl Pts',(5.96542596297693,7.23352946615715,-17.8589676559675));
#2334=CARTESIAN_POINT('Ctrl Pts',(5.96542596297693,7.23352946615715,-23.8589676559675));
#2335=CARTESIAN_POINT('Ctrl Pts',(5.97281645633311,7.29724695483481,-17.8589676559675));
#2336=CARTESIAN_POINT('Ctrl Pts',(5.97281645633311,7.29724695483481,-23.8589676559675));
#2337=CARTESIAN_POINT('Ctrl Pts',(5.97281645633311,7.29724695483481,-17.8589676559675));
#2338=CARTESIAN_POINT('Ctrl Pts',(5.96542596297693,7.23352946615715,-17.8589676559675));
#2339=CARTESIAN_POINT('Ctrl Pts',(5.96392709031872,7.21769895893333,-17.8589676559675));
#2340=CARTESIAN_POINT('Ctrl Pts',(5.96778174732326,7.25110766518764,-17.8589676559675));
#2341=CARTESIAN_POINT('Ctrl Pts',(5.96990726123253,7.2695297114944,-17.8589676559675));
#2342=CARTESIAN_POINT('Ctrl Pts',(5.97368701653164,7.30319056081809,-17.8589676559675));
#2343=CARTESIAN_POINT('Ctrl Pts',(5.97870841229119,7.34933971325974,-17.8589676559675));
#2344=CARTESIAN_POINT('Ctrl Pts',(5.97870841229119,7.34933971325974,-23.8589676559675));
#2345=CARTESIAN_POINT('Ctrl Pts',(5.97368701653164,7.30319056081809,-23.8589676559675));
#2346=CARTESIAN_POINT('Ctrl Pts',(5.96990726123253,7.2695297114944,-23.8589676559675));
#2347=CARTESIAN_POINT('Ctrl Pts',(5.96778174732326,7.25110766518764,-23.8589676559675));
#2348=CARTESIAN_POINT('Ctrl Pts',(5.96392709031872,7.21769895893333,-23.8589676559675));
#2349=CARTESIAN_POINT('Ctrl Pts',(5.96542596297693,7.23352946615715,-23.8589676559675));
#2350=CARTESIAN_POINT('Ctrl Pts',(5.97281645633311,7.29724695483481,-23.8589676559675));
#2351=CARTESIAN_POINT('Origin',(-0.00099611147676597,7.5,-17.8589676559675));
#2352=CARTESIAN_POINT('Origin',(-0.00099611147676597,7.5,-23.8589676559675));
#2353=UNCERTAINTY_MEASURE_WITH_UNIT(LENGTH_MEASURE(0.01),#2357,
'DISTANCE_ACCURACY_VALUE',
'Maximum model space distance between geometric entities at asserted c
onnectivities');
#2354=UNCERTAINTY_MEASURE_WITH_UNIT(LENGTH_MEASURE(0.01),#2357,
'DISTANCE_ACCURACY_VALUE',
'Maximum model space distance between geometric entities at asserted c
onnectivities');
#2355=(
GEOMETRIC_REPRESENTATION_CONTEXT(3)
GLOBAL_UNCERTAINTY_ASSIGNED_CONTEXT((#2353))
GLOBAL_UNIT_ASSIGNED_CONTEXT((#2357,#2359,#2360))
REPRESENTATION_CONTEXT('','3D')
);
#2356=(
GEOMETRIC_REPRESENTATION_CONTEXT(3)
GLOBAL_UNCERTAINTY_ASSIGNED_CONTEXT((#2354))
GLOBAL_UNIT_ASSIGNED_CONTEXT((#2357,#2359,#2360))
REPRESENTATION_CONTEXT('','3D')
);
#2357=(
LENGTH_UNIT()
NAMED_UNIT(*)
SI_UNIT(.MILLI.,.METRE.)
);
#2358=(
LENGTH_UNIT()
NAMED_UNIT(*)
SI_UNIT($,.METRE.)
);
#2359=(
NAMED_UNIT(*)
PLANE_ANGLE_UNIT()
SI_UNIT($,.RADIAN.)
);
#2360=(
NAMED_UNIT(*)
SI_UNIT($,.STERADIAN.)
SOLID_ANGLE_UNIT()
);
#2361=SHAPE_DEFINITION_REPRESENTATION(#2362,#2363);
#2362=PRODUCT_DEFINITION_SHAPE('',$,#2365);
#2363=SHAPE_REPRESENTATION('',(#1329),#2355);
#2364=PRODUCT_DEFINITION_CONTEXT('part definition',#2369,'design');
#2365=PRODUCT_DEFINITION('2026-06-13-13-56-44-311','motor holders',#2366,
#2364);
#2366=PRODUCT_DEFINITION_FORMATION('',$,#2371);
#2367=PRODUCT_RELATED_PRODUCT_CATEGORY('motor holders','motor holders',
(#2371));
#2368=APPLICATION_PROTOCOL_DEFINITION('international standard',
'automotive_design',2009,#2369);
#2369=APPLICATION_CONTEXT(
'Core Data for Automotive Mechanical Design Process');
#2370=PRODUCT_CONTEXT('part definition',#2369,'mechanical');
#2371=PRODUCT('2026-06-13-13-56-44-311','motor holders',$,(#2370));
#2372=PRESENTATION_STYLE_ASSIGNMENT((#2373));
#2373=SURFACE_STYLE_USAGE(.BOTH.,#2374);
#2374=SURFACE_SIDE_STYLE('',(#2375));
#2375=SURFACE_STYLE_FILL_AREA(#2376);
#2376=FILL_AREA_STYLE('\X\C7elik - Saten',(#2377));
#2377=FILL_AREA_STYLE_COLOUR('\X\C7elik - Saten',#2378);
#2378=COLOUR_RGB('\X\C7elik - Saten',0.627450980392157,0.627450980392157,
0.627450980392157);
ENDSEC;
END-ISO-10303-21;
