ISO-10303-21;
HEADER;
/* Generated by software containing ST-Developer
 * from STEP Tools, Inc. (www.steptools.com) 
 */

FILE_DESCRIPTION(
/* description */ (''),
/* implementation_level */ '2;1');

FILE_NAME(
/* name */ 'outer_surface.step',
/* time_stamp */ '2026-06-13T13:54:42+03:00',
/* author */ (''),
/* organization */ (''),
/* preprocessor_version */ 'ST-DEVELOPER v20.1',
/* originating_system */ 'Autodesk Translation Framework v15.8.0.0',
/* authorisation */ '');

FILE_SCHEMA (('AUTOMOTIVE_DESIGN { 1 0 10303 214 3 1 1 }'));
ENDSEC;

DATA;
#10=MECHANICAL_DESIGN_GEOMETRIC_PRESENTATION_REPRESENTATION('',(#409,#410),
#10477);
#11=SHAPE_REPRESENTATION_RELATIONSHIP('SRR','None',#10484,#12);
#12=ADVANCED_BREP_SHAPE_REPRESENTATION('',(#13),#10476);
#13=MANIFOLD_SOLID_BREP('G\X\F6vde10',#408);
#14=FACE_BOUND('',#555,.T.);
#15=FACE_BOUND('',#557,.T.);
#16=FACE_BOUND('',#558,.T.);
#17=FACE_BOUND('',#559,.T.);
#18=FACE_BOUND('',#560,.T.);
#19=FACE_BOUND('',#561,.T.);
#20=FACE_BOUND('',#565,.T.);
#21=FACE_BOUND('',#570,.T.);
#22=FACE_BOUND('',#575,.T.);
#23=FACE_BOUND('',#600,.T.);
#24=FACE_BOUND('',#602,.T.);
#25=FACE_BOUND('',#606,.T.);
#26=FACE_BOUND('',#617,.T.);
#27=FACE_BOUND('',#619,.T.);
#28=CIRCLE('',#2068,2.);
#29=CIRCLE('',#2070,3.);
#30=CIRCLE('',#2073,1.99999999999999);
#31=CIRCLE('',#2075,3.00000000000001);
#32=CIRCLE('',#2078,1.99999999999999);
#33=CIRCLE('',#2080,3.00000000000001);
#34=CIRCLE('',#2083,2.);
#35=CIRCLE('',#2085,3.);
#36=CYLINDRICAL_SURFACE('',#2067,2.);
#37=CYLINDRICAL_SURFACE('',#2069,3.);
#38=CYLINDRICAL_SURFACE('',#2072,1.99999999999999);
#39=CYLINDRICAL_SURFACE('',#2074,3.00000000000001);
#40=CYLINDRICAL_SURFACE('',#2077,1.99999999999999);
#41=CYLINDRICAL_SURFACE('',#2079,3.00000000000001);
#42=CYLINDRICAL_SURFACE('',#2082,2.);
#43=CYLINDRICAL_SURFACE('',#2084,3.);
#44=(
BOUNDED_SURFACE()
B_SPLINE_SURFACE(5,1,((#2763,#2764),(#2765,#2766),(#2767,#2768),(#2769,
#2770),(#2771,#2772),(#2773,#2774),(#2775,#2776),(#2777,#2778),(#2779,#2780),
(#2781,#2782),(#2783,#2784),(#2785,#2786),(#2787,#2788),(#2789,#2790),(#2791,
#2792),(#2793,#2794),(#2795,#2796),(#2797,#2798),(#2799,#2800),(#2801,#2802),
(#2803,#2804),(#2805,#2806),(#2807,#2808),(#2809,#2810),(#2811,#2812)),
 .UNSPECIFIED.,.F.,.F.,.F.)
B_SPLINE_SURFACE_WITH_KNOTS((6,1,1,1,1,1,1,1,1,1,1,1,1,1,1,1,1,1,1,1,6),
(2,2),(-1.,-0.95,-0.9,-0.85,-0.8,-0.75,-0.7,-0.65,-0.6,-0.55,-0.5,-0.45,
-0.4,-0.35,-0.3,-0.25,-0.2,-0.15,-0.1,-0.05,0.),(0.,0.2),.UNSPECIFIED.)
GEOMETRIC_REPRESENTATION_ITEM()
RATIONAL_B_SPLINE_SURFACE(((1.,1.),(1.,1.),(1.,1.),(1.,1.),(1.,1.),(1.,
1.),(1.,1.),(1.,1.),(1.,1.),(1.,1.),(1.,1.),(1.,1.),(1.,1.),(1.,1.),(1.,
1.),(1.,1.),(1.,1.),(1.,1.),(1.,1.),(1.,1.),(1.,1.),(1.,1.),(1.,1.),(1.,
1.),(1.,1.)))
REPRESENTATION_ITEM('')
SURFACE()
);
#45=(
BOUNDED_SURFACE()
B_SPLINE_SURFACE(5,1,((#2868,#2869),(#2870,#2871),(#2872,#2873),(#2874,
#2875),(#2876,#2877),(#2878,#2879),(#2880,#2881),(#2882,#2883),(#2884,#2885),
(#2886,#2887),(#2888,#2889),(#2890,#2891),(#2892,#2893),(#2894,#2895),(#2896,
#2897)),.UNSPECIFIED.,.F.,.F.,.F.)
B_SPLINE_SURFACE_WITH_KNOTS((6,1,1,1,1,1,1,1,1,1,6),(2,2),(0.,0.1,0.2,0.3,
0.4,0.5,0.6,0.7,0.8,0.9,1.),(0.,0.2),.UNSPECIFIED.)
GEOMETRIC_REPRESENTATION_ITEM()
RATIONAL_B_SPLINE_SURFACE(((1.,1.),(1.,1.),(1.,1.),(1.,1.),(1.,1.),(1.,
1.),(1.,1.),(1.,1.),(1.,1.),(1.,1.),(1.,1.),(1.,1.),(1.,1.),(1.,1.),(1.,
1.)))
REPRESENTATION_ITEM('')
SURFACE()
);
#46=(
BOUNDED_SURFACE()
B_SPLINE_SURFACE(5,1,((#2931,#2932),(#2933,#2934),(#2935,#2936),(#2937,
#2938),(#2939,#2940),(#2941,#2942),(#2943,#2944),(#2945,#2946),(#2947,#2948),
(#2949,#2950),(#2951,#2952),(#2953,#2954),(#2955,#2956),(#2957,#2958),(#2959,
#2960),(#2961,#2962),(#2963,#2964),(#2965,#2966),(#2967,#2968),(#2969,#2970),
(#2971,#2972),(#2973,#2974),(#2975,#2976),(#2977,#2978),(#2979,#2980)),
 .UNSPECIFIED.,.F.,.F.,.F.)
B_SPLINE_SURFACE_WITH_KNOTS((6,1,1,1,1,1,1,1,1,1,1,1,1,1,1,1,1,1,1,1,6),
(2,2),(0.,0.05,0.1,0.15,0.2,0.25,0.3,0.35,0.4,0.45,0.5,0.55,0.6,0.65,0.7,
0.75,0.8,0.85,0.9,0.95,1.),(0.,0.2),.UNSPECIFIED.)
GEOMETRIC_REPRESENTATION_ITEM()
RATIONAL_B_SPLINE_SURFACE(((1.,1.),(1.,1.),(1.,1.),(1.,1.),(1.,1.),(1.,
1.),(1.,1.),(1.,1.),(1.,1.),(1.,1.),(1.,1.),(1.,1.),(1.,1.),(1.,1.),(1.,
1.),(1.,1.),(1.,1.),(1.,1.),(1.,1.),(1.,1.),(1.,1.),(1.,1.),(1.,1.),(1.,
1.),(1.,1.)))
REPRESENTATION_ITEM('')
SURFACE()
);
#47=(
BOUNDED_SURFACE()
B_SPLINE_SURFACE(5,1,((#3115,#3116),(#3117,#3118),(#3119,#3120),(#3121,
#3122),(#3123,#3124),(#3125,#3126),(#3127,#3128),(#3129,#3130),(#3131,#3132),
(#3133,#3134),(#3135,#3136),(#3137,#3138),(#3139,#3140),(#3141,#3142),(#3143,
#3144),(#3145,#3146),(#3147,#3148),(#3149,#3150),(#3151,#3152),(#3153,#3154),
(#3155,#3156),(#3157,#3158),(#3159,#3160),(#3161,#3162),(#3163,#3164)),
 .UNSPECIFIED.,.F.,.F.,.F.)
B_SPLINE_SURFACE_WITH_KNOTS((6,1,1,1,1,1,1,1,1,1,1,1,1,1,1,1,1,1,1,1,6),
(2,2),(-1.,-0.95,-0.9,-0.85,-0.8,-0.75,-0.7,-0.65,-0.6,-0.55,-0.5,-0.45,
-0.4,-0.35,-0.3,-0.25,-0.2,-0.15,-0.1,-0.05,0.),(0.,0.2),.UNSPECIFIED.)
GEOMETRIC_REPRESENTATION_ITEM()
RATIONAL_B_SPLINE_SURFACE(((1.,1.),(1.,1.),(1.,1.),(1.,1.),(1.,1.),(1.,
1.),(1.,1.),(1.,1.),(1.,1.),(1.,1.),(1.,1.),(1.,1.),(1.,1.),(1.,1.),(1.,
1.),(1.,1.),(1.,1.),(1.,1.),(1.,1.),(1.,1.),(1.,1.),(1.,1.),(1.,1.),(1.,
1.),(1.,1.)))
REPRESENTATION_ITEM('')
SURFACE()
);
#48=(
BOUNDED_SURFACE()
B_SPLINE_SURFACE(5,1,((#3216,#3217),(#3218,#3219),(#3220,#3221),(#3222,
#3223),(#3224,#3225),(#3226,#3227),(#3228,#3229),(#3230,#3231),(#3232,#3233),
(#3234,#3235),(#3236,#3237),(#3238,#3239),(#3240,#3241),(#3242,#3243),(#3244,
#3245)),.UNSPECIFIED.,.F.,.F.,.F.)
B_SPLINE_SURFACE_WITH_KNOTS((6,1,1,1,1,1,1,1,1,1,6),(2,2),(0.,0.1,0.2,0.3,
0.4,0.5,0.6,0.7,0.8,0.9,1.),(0.,0.2),.UNSPECIFIED.)
GEOMETRIC_REPRESENTATION_ITEM()
RATIONAL_B_SPLINE_SURFACE(((1.,1.),(1.,1.),(1.,1.),(1.,1.),(1.,1.),(1.,
1.),(1.,1.),(1.,1.),(1.,1.),(1.,1.),(1.,1.),(1.,1.),(1.,1.),(1.,1.),(1.,
1.)))
REPRESENTATION_ITEM('')
SURFACE()
);
#49=(
BOUNDED_SURFACE()
B_SPLINE_SURFACE(5,1,((#3279,#3280),(#3281,#3282),(#3283,#3284),(#3285,
#3286),(#3287,#3288),(#3289,#3290),(#3291,#3292),(#3293,#3294),(#3295,#3296),
(#3297,#3298),(#3299,#3300),(#3301,#3302),(#3303,#3304),(#3305,#3306),(#3307,
#3308),(#3309,#3310),(#3311,#3312),(#3313,#3314),(#3315,#3316),(#3317,#3318),
(#3319,#3320),(#3321,#3322),(#3323,#3324),(#3325,#3326),(#3327,#3328)),
 .UNSPECIFIED.,.F.,.F.,.F.)
B_SPLINE_SURFACE_WITH_KNOTS((6,1,1,1,1,1,1,1,1,1,1,1,1,1,1,1,1,1,1,1,6),
(2,2),(0.,0.05,0.1,0.15,0.2,0.25,0.3,0.35,0.4,0.45,0.5,0.55,0.6,0.65,0.7,
0.75,0.8,0.85,0.9,0.95,1.),(0.,0.2),.UNSPECIFIED.)
GEOMETRIC_REPRESENTATION_ITEM()
RATIONAL_B_SPLINE_SURFACE(((1.,1.),(1.,1.),(1.,1.),(1.,1.),(1.,1.),(1.,
1.),(1.,1.),(1.,1.),(1.,1.),(1.,1.),(1.,1.),(1.,1.),(1.,1.),(1.,1.),(1.,
1.),(1.,1.),(1.,1.),(1.,1.),(1.,1.),(1.,1.),(1.,1.),(1.,1.),(1.,1.),(1.,
1.),(1.,1.)))
REPRESENTATION_ITEM('')
SURFACE()
);
#50=(
BOUNDED_SURFACE()
B_SPLINE_SURFACE(5,1,((#3636,#3637),(#3638,#3639),(#3640,#3641),(#3642,
#3643),(#3644,#3645),(#3646,#3647),(#3648,#3649),(#3650,#3651),(#3652,#3653),
(#3654,#3655),(#3656,#3657),(#3658,#3659),(#3660,#3661),(#3662,#3663),(#3664,
#3665),(#3666,#3667),(#3668,#3669),(#3670,#3671),(#3672,#3673),(#3674,#3675),
(#3676,#3677),(#3678,#3679),(#3680,#3681),(#3682,#3683),(#3684,#3685),(#3686,
#3687),(#3688,#3689),(#3690,#3691),(#3692,#3693),(#3694,#3695),(#3696,#3697),
(#3698,#3699),(#3700,#3701),(#3702,#3703),(#3704,#3705),(#3706,#3707),(#3708,
#3709),(#3710,#3711),(#3712,#3713),(#3714,#3715)),.UNSPECIFIED.,.F.,.F.,
 .F.)
B_SPLINE_SURFACE_WITH_KNOTS((6,1,1,1,1,1,1,1,1,1,1,1,1,1,1,1,1,1,1,1,1,
1,1,1,1,1,1,1,1,1,1,1,1,1,1,6),(2,2),(0.,0.0285714285714286,0.0571428571428571,
0.0857142857142857,0.114285714285714,0.142857142857143,0.171428571428571,
0.2,0.228571428571429,0.257142857142857,0.285714285714286,0.314285714285714,
0.342857142857143,0.371428571428571,0.4,0.428571428571429,0.457142857142857,
0.485714285714286,0.514285714285714,0.542857142857143,0.571428571428572,
0.6,0.628571428571429,0.657142857142857,0.685714285714286,0.714285714285714,
0.742857142857143,0.771428571428572,0.8,0.828571428571429,0.857142857142857,
0.885714285714286,0.914285714285714,0.942857142857143,0.971428571428572,
1.),(-5.,5.),.UNSPECIFIED.)
GEOMETRIC_REPRESENTATION_ITEM()
RATIONAL_B_SPLINE_SURFACE(((1.,1.),(1.,1.),(1.,1.),(1.,1.),(1.,1.),(1.,
1.),(1.,1.),(1.,1.),(1.,1.),(1.,1.),(1.,1.),(1.,1.),(1.,1.),(1.,1.),(1.,
1.),(1.,1.),(1.,1.),(1.,1.),(1.,1.),(1.,1.),(1.,1.),(1.,1.),(1.,1.),(1.,
1.),(1.,1.),(1.,1.),(1.,1.),(1.,1.),(1.,1.),(1.,1.),(1.,1.),(1.,1.),(1.,
1.),(1.,1.),(1.,1.),(1.,1.),(1.,1.),(1.,1.),(1.,1.),(1.,1.)))
REPRESENTATION_ITEM('')
SURFACE()
);
#51=(
BOUNDED_SURFACE()
B_SPLINE_SURFACE(5,1,((#4851,#4852),(#4853,#4854),(#4855,#4856),(#4857,
#4858),(#4859,#4860),(#4861,#4862),(#4863,#4864),(#4865,#4866),(#4867,#4868),
(#4869,#4870),(#4871,#4872),(#4873,#4874),(#4875,#4876),(#4877,#4878),(#4879,
#4880),(#4881,#4882),(#4883,#4884),(#4885,#4886),(#4887,#4888),(#4889,#4890),
(#4891,#4892),(#4893,#4894),(#4895,#4896),(#4897,#4898),(#4899,#4900),(#4901,
#4902),(#4903,#4904),(#4905,#4906),(#4907,#4908),(#4909,#4910),(#4911,#4912),
(#4913,#4914),(#4915,#4916),(#4917,#4918),(#4919,#4920),(#4921,#4922),(#4923,
#4924),(#4925,#4926),(#4927,#4928),(#4929,#4930)),.UNSPECIFIED.,.F.,.F.,
 .F.)
B_SPLINE_SURFACE_WITH_KNOTS((6,1,1,1,1,1,1,1,1,1,1,1,1,1,1,1,1,1,1,1,1,
1,1,1,1,1,1,1,1,1,1,1,1,1,1,6),(2,2),(0.,0.0285714285714286,0.0571428571428571,
0.0857142857142857,0.114285714285714,0.142857142857143,0.171428571428571,
0.2,0.228571428571429,0.257142857142857,0.285714285714286,0.314285714285714,
0.342857142857143,0.371428571428571,0.4,0.428571428571429,0.457142857142857,
0.485714285714286,0.514285714285714,0.542857142857143,0.571428571428572,
0.6,0.628571428571429,0.657142857142857,0.685714285714286,0.714285714285714,
0.742857142857143,0.771428571428572,0.8,0.828571428571429,0.857142857142857,
0.885714285714286,0.914285714285714,0.942857142857143,0.971428571428572,
1.),(-5.,5.),.UNSPECIFIED.)
GEOMETRIC_REPRESENTATION_ITEM()
RATIONAL_B_SPLINE_SURFACE(((1.,1.),(1.,1.),(1.,1.),(1.,1.),(1.,1.),(1.,
1.),(1.,1.),(1.,1.),(1.,1.),(1.,1.),(1.,1.),(1.,1.),(1.,1.),(1.,1.),(1.,
1.),(1.,1.),(1.,1.),(1.,1.),(1.,1.),(1.,1.),(1.,1.),(1.,1.),(1.,1.),(1.,
1.),(1.,1.),(1.,1.),(1.,1.),(1.,1.),(1.,1.),(1.,1.),(1.,1.),(1.,1.),(1.,
1.),(1.,1.),(1.,1.),(1.,1.),(1.,1.),(1.,1.),(1.,1.),(1.,1.)))
REPRESENTATION_ITEM('')
SURFACE()
);
#52=(
BOUNDED_SURFACE()
B_SPLINE_SURFACE(5,1,((#4995,#4996),(#4997,#4998),(#4999,#5000),(#5001,
#5002),(#5003,#5004),(#5005,#5006),(#5007,#5008),(#5009,#5010),(#5011,#5012),
(#5013,#5014),(#5015,#5016),(#5017,#5018),(#5019,#5020),(#5021,#5022),(#5023,
#5024),(#5025,#5026),(#5027,#5028),(#5029,#5030),(#5031,#5032),(#5033,#5034),
(#5035,#5036),(#5037,#5038),(#5039,#5040),(#5041,#5042),(#5043,#5044),(#5045,
#5046),(#5047,#5048),(#5049,#5050),(#5051,#5052),(#5053,#5054),(#5055,#5056),
(#5057,#5058),(#5059,#5060),(#5061,#5062),(#5063,#5064),(#5065,#5066),(#5067,
#5068),(#5069,#5070),(#5071,#5072),(#5073,#5074)),.UNSPECIFIED.,.F.,.F.,
 .F.)
B_SPLINE_SURFACE_WITH_KNOTS((6,1,1,1,1,1,1,1,1,1,1,1,1,1,1,1,1,1,1,1,1,
1,1,1,1,1,1,1,1,1,1,1,1,1,1,6),(2,2),(0.,0.0285714285714286,0.0571428571428571,
0.0857142857142857,0.114285714285714,0.142857142857143,0.171428571428571,
0.2,0.228571428571429,0.257142857142857,0.285714285714286,0.314285714285714,
0.342857142857143,0.371428571428571,0.4,0.428571428571429,0.457142857142857,
0.485714285714286,0.514285714285714,0.542857142857143,0.571428571428572,
0.6,0.628571428571429,0.657142857142857,0.685714285714286,0.714285714285714,
0.742857142857143,0.771428571428572,0.8,0.828571428571429,0.857142857142857,
0.885714285714286,0.914285714285714,0.942857142857143,0.971428571428572,
1.),(-5.,5.),.UNSPECIFIED.)
GEOMETRIC_REPRESENTATION_ITEM()
RATIONAL_B_SPLINE_SURFACE(((1.,1.),(1.,1.),(1.,1.),(1.,1.),(1.,1.),(1.,
1.),(1.,1.),(1.,1.),(1.,1.),(1.,1.),(1.,1.),(1.,1.),(1.,1.),(1.,1.),(1.,
1.),(1.,1.),(1.,1.),(1.,1.),(1.,1.),(1.,1.),(1.,1.),(1.,1.),(1.,1.),(1.,
1.),(1.,1.),(1.,1.),(1.,1.),(1.,1.),(1.,1.),(1.,1.),(1.,1.),(1.,1.),(1.,
1.),(1.,1.),(1.,1.),(1.,1.),(1.,1.),(1.,1.),(1.,1.),(1.,1.)))
REPRESENTATION_ITEM('')
SURFACE()
);
#53=(
BOUNDED_SURFACE()
B_SPLINE_SURFACE(5,1,((#5163,#5164),(#5165,#5166),(#5167,#5168),(#5169,
#5170),(#5171,#5172),(#5173,#5174),(#5175,#5176),(#5177,#5178),(#5179,#5180),
(#5181,#5182),(#5183,#5184),(#5185,#5186),(#5187,#5188),(#5189,#5190),(#5191,
#5192),(#5193,#5194),(#5195,#5196),(#5197,#5198),(#5199,#5200),(#5201,#5202),
(#5203,#5204),(#5205,#5206),(#5207,#5208),(#5209,#5210),(#5211,#5212),(#5213,
#5214),(#5215,#5216),(#5217,#5218),(#5219,#5220),(#5221,#5222),(#5223,#5224),
(#5225,#5226),(#5227,#5228),(#5229,#5230),(#5231,#5232),(#5233,#5234),(#5235,
#5236),(#5237,#5238),(#5239,#5240),(#5241,#5242)),.UNSPECIFIED.,.F.,.F.,
 .F.)
B_SPLINE_SURFACE_WITH_KNOTS((6,1,1,1,1,1,1,1,1,1,1,1,1,1,1,1,1,1,1,1,1,
1,1,1,1,1,1,1,1,1,1,1,1,1,1,6),(2,2),(0.,0.0285714285714286,0.0571428571428571,
0.0857142857142857,0.114285714285714,0.142857142857143,0.171428571428571,
0.2,0.228571428571429,0.257142857142857,0.285714285714286,0.314285714285714,
0.342857142857143,0.371428571428571,0.4,0.428571428571429,0.457142857142857,
0.485714285714286,0.514285714285714,0.542857142857143,0.571428571428572,
0.6,0.628571428571429,0.657142857142857,0.685714285714286,0.714285714285714,
0.742857142857143,0.771428571428572,0.8,0.828571428571429,0.857142857142857,
0.885714285714286,0.914285714285714,0.942857142857143,0.971428571428572,
1.),(-5.,5.),.UNSPECIFIED.)
GEOMETRIC_REPRESENTATION_ITEM()
RATIONAL_B_SPLINE_SURFACE(((1.,1.),(1.,1.),(1.,1.),(1.,1.),(1.,1.),(1.,
1.),(1.,1.),(1.,1.),(1.,1.),(1.,1.),(1.,1.),(1.,1.),(1.,1.),(1.,1.),(1.,
1.),(1.,1.),(1.,1.),(1.,1.),(1.,1.),(1.,1.),(1.,1.),(1.,1.),(1.,1.),(1.,
1.),(1.,1.),(1.,1.),(1.,1.),(1.,1.),(1.,1.),(1.,1.),(1.,1.),(1.,1.),(1.,
1.),(1.,1.),(1.,1.),(1.,1.),(1.,1.),(1.,1.),(1.,1.),(1.,1.)))
REPRESENTATION_ITEM('')
SURFACE()
);
#54=(
BOUNDED_SURFACE()
B_SPLINE_SURFACE(5,1,((#5652,#5653),(#5654,#5655),(#5656,#5657),(#5658,
#5659),(#5660,#5661),(#5662,#5663),(#5664,#5665),(#5666,#5667),(#5668,#5669),
(#5670,#5671),(#5672,#5673),(#5674,#5675),(#5676,#5677),(#5678,#5679),(#5680,
#5681),(#5682,#5683),(#5684,#5685),(#5686,#5687),(#5688,#5689),(#5690,#5691),
(#5692,#5693),(#5694,#5695),(#5696,#5697),(#5698,#5699),(#5700,#5701),(#5702,
#5703),(#5704,#5705),(#5706,#5707),(#5708,#5709),(#5710,#5711),(#5712,#5713),
(#5714,#5715),(#5716,#5717),(#5718,#5719),(#5720,#5721),(#5722,#5723),(#5724,
#5725),(#5726,#5727),(#5728,#5729),(#5730,#5731),(#5732,#5733),(#5734,#5735),
(#5736,#5737),(#5738,#5739),(#5740,#5741),(#5742,#5743),(#5744,#5745),(#5746,
#5747),(#5748,#5749),(#5750,#5751),(#5752,#5753),(#5754,#5755),(#5756,#5757),
(#5758,#5759),(#5760,#5761),(#5762,#5763),(#5764,#5765),(#5766,#5767),(#5768,
#5769),(#5770,#5771),(#5772,#5773),(#5774,#5775),(#5776,#5777),(#5778,#5779),
(#5780,#5781),(#5782,#5783),(#5784,#5785),(#5786,#5787),(#5788,#5789),(#5790,
#5791),(#5792,#5793),(#5794,#5795),(#5796,#5797),(#5798,#5799),(#5800,#5801),
(#5802,#5803),(#5804,#5805),(#5806,#5807),(#5808,#5809),(#5810,#5811)),
 .UNSPECIFIED.,.F.,.F.,.F.)
B_SPLINE_SURFACE_WITH_KNOTS((6,1,1,1,1,1,1,1,1,1,1,1,1,1,1,1,1,1,1,1,1,
1,1,1,1,1,1,1,1,1,1,1,1,1,1,1,1,1,1,1,1,1,1,1,1,1,1,1,1,1,1,1,1,1,1,1,1,
1,1,1,1,1,1,1,1,1,1,1,1,1,1,1,1,1,1,6),(2,2),(0.,0.0133333333333333,0.0266666666666667,
0.04,0.0533333333333333,0.0666666666666667,0.08,0.0933333333333333,0.106666666666667,
0.12,0.133333333333333,0.146666666666667,0.16,0.173333333333333,0.186666666666667,
0.2,0.213333333333333,0.226666666666667,0.24,0.253333333333333,0.266666666666667,
0.28,0.293333333333333,0.306666666666667,0.32,0.333333333333333,0.346666666666667,
0.36,0.373333333333333,0.386666666666666,0.4,0.413333333333333,0.426666666666666,
0.44,0.453333333333333,0.466666666666666,0.48,0.493333333333333,0.506666666666666,
0.52,0.533333333333333,0.546666666666666,0.559999999999999,0.573333333333333,
0.586666666666666,0.599999999999999,0.613333333333333,0.626666666666666,
0.639999999999999,0.653333333333333,0.666666666666666,0.679999999999999,
0.693333333333333,0.706666666666666,0.719999999999999,0.733333333333333,
0.746666666666666,0.759999999999999,0.773333333333332,0.786666666666666,
0.799999999999999,0.813333333333332,0.826666666666666,0.839999999999999,
0.853333333333332,0.866666666666666,0.879999999999999,0.893333333333332,
0.906666666666666,0.919999999999999,0.933333333333332,0.946666666666665,
0.959999999999999,0.973333333333332,0.986666666666665,1.),(0.,3.),
 .UNSPECIFIED.)
GEOMETRIC_REPRESENTATION_ITEM()
RATIONAL_B_SPLINE_SURFACE(((1.,1.),(1.,1.),(1.,1.),(1.,1.),(1.,1.),(1.,
1.),(1.,1.),(1.,1.),(1.,1.),(1.,1.),(1.,1.),(1.,1.),(1.,1.),(1.,1.),(1.,
1.),(1.,1.),(1.,1.),(1.,1.),(1.,1.),(1.,1.),(1.,1.),(1.,1.),(1.,1.),(1.,
1.),(1.,1.),(1.,1.),(1.,1.),(1.,1.),(1.,1.),(1.,1.),(1.,1.),(1.,1.),(1.,
1.),(1.,1.),(1.,1.),(1.,1.),(1.,1.),(1.,1.),(1.,1.),(1.,1.),(1.,1.),(1.,
1.),(1.,1.),(1.,1.),(1.,1.),(1.,1.),(1.,1.),(1.,1.),(1.,1.),(1.,1.),(1.,
1.),(1.,1.),(1.,1.),(1.,1.),(1.,1.),(1.,1.),(1.,1.),(1.,1.),(1.,1.),(1.,
1.),(1.,1.),(1.,1.),(1.,1.),(1.,1.),(1.,1.),(1.,1.),(1.,1.),(1.,1.),(1.,
1.),(1.,1.),(1.,1.),(1.,1.),(1.,1.),(1.,1.),(1.,1.),(1.,1.),(1.,1.),(1.,
1.),(1.,1.),(1.,1.)))
REPRESENTATION_ITEM('')
SURFACE()
);
#55=(
BOUNDED_SURFACE()
B_SPLINE_SURFACE(5,1,((#6990,#6991),(#6992,#6993),(#6994,#6995),(#6996,
#6997),(#6998,#6999),(#7000,#7001),(#7002,#7003),(#7004,#7005),(#7006,#7007),
(#7008,#7009),(#7010,#7011),(#7012,#7013),(#7014,#7015),(#7016,#7017),(#7018,
#7019),(#7020,#7021),(#7022,#7023),(#7024,#7025),(#7026,#7027),(#7028,#7029),
(#7030,#7031),(#7032,#7033),(#7034,#7035),(#7036,#7037),(#7038,#7039),(#7040,
#7041),(#7042,#7043),(#7044,#7045),(#7046,#7047),(#7048,#7049),(#7050,#7051),
(#7052,#7053),(#7054,#7055),(#7056,#7057),(#7058,#7059),(#7060,#7061),(#7062,
#7063),(#7064,#7065),(#7066,#7067),(#7068,#7069)),.UNSPECIFIED.,.F.,.F.,
 .F.)
B_SPLINE_SURFACE_WITH_KNOTS((6,1,1,1,1,1,1,1,1,1,1,1,1,1,1,1,1,1,1,1,1,
1,1,1,1,1,1,1,1,1,1,1,1,1,1,6),(2,2),(0.,0.0285714285714286,0.0571428571428571,
0.0857142857142857,0.114285714285714,0.142857142857143,0.171428571428571,
0.2,0.228571428571429,0.257142857142857,0.285714285714286,0.314285714285714,
0.342857142857143,0.371428571428571,0.4,0.428571428571429,0.457142857142857,
0.485714285714286,0.514285714285714,0.542857142857143,0.571428571428572,
0.6,0.628571428571429,0.657142857142857,0.685714285714286,0.714285714285714,
0.742857142857143,0.771428571428572,0.8,0.828571428571429,0.857142857142857,
0.885714285714286,0.914285714285714,0.942857142857143,0.971428571428572,
1.),(-5.,5.),.UNSPECIFIED.)
GEOMETRIC_REPRESENTATION_ITEM()
RATIONAL_B_SPLINE_SURFACE(((1.,1.),(1.,1.),(1.,1.),(1.,1.),(1.,1.),(1.,
1.),(1.,1.),(1.,1.),(1.,1.),(1.,1.),(1.,1.),(1.,1.),(1.,1.),(1.,1.),(1.,
1.),(1.,1.),(1.,1.),(1.,1.),(1.,1.),(1.,1.),(1.,1.),(1.,1.),(1.,1.),(1.,
1.),(1.,1.),(1.,1.),(1.,1.),(1.,1.),(1.,1.),(1.,1.),(1.,1.),(1.,1.),(1.,
1.),(1.,1.),(1.,1.),(1.,1.),(1.,1.),(1.,1.),(1.,1.),(1.,1.)))
REPRESENTATION_ITEM('')
SURFACE()
);
#56=(
BOUNDED_SURFACE()
B_SPLINE_SURFACE(5,1,((#9258,#9259),(#9260,#9261),(#9262,#9263),(#9264,
#9265),(#9266,#9267),(#9268,#9269),(#9270,#9271),(#9272,#9273),(#9274,#9275),
(#9276,#9277),(#9278,#9279),(#9280,#9281),(#9282,#9283),(#9284,#9285),(#9286,
#9287),(#9288,#9289),(#9290,#9291),(#9292,#9293),(#9294,#9295),(#9296,#9297),
(#9298,#9299),(#9300,#9301),(#9302,#9303),(#9304,#9305),(#9306,#9307),(#9308,
#9309),(#9310,#9311),(#9312,#9313),(#9314,#9315),(#9316,#9317),(#9318,#9319),
(#9320,#9321),(#9322,#9323),(#9324,#9325),(#9326,#9327),(#9328,#9329),(#9330,
#9331),(#9332,#9333),(#9334,#9335),(#9336,#9337),(#9338,#9339),(#9340,#9341),
(#9342,#9343),(#9344,#9345),(#9346,#9347),(#9348,#9349),(#9350,#9351),(#9352,
#9353),(#9354,#9355),(#9356,#9357),(#9358,#9359),(#9360,#9361),(#9362,#9363),
(#9364,#9365),(#9366,#9367),(#9368,#9369),(#9370,#9371),(#9372,#9373),(#9374,
#9375),(#9376,#9377),(#9378,#9379),(#9380,#9381),(#9382,#9383),(#9384,#9385),
(#9386,#9387),(#9388,#9389),(#9390,#9391),(#9392,#9393),(#9394,#9395),(#9396,
#9397),(#9398,#9399),(#9400,#9401),(#9402,#9403),(#9404,#9405),(#9406,#9407),
(#9408,#9409),(#9410,#9411),(#9412,#9413),(#9414,#9415),(#9416,#9417)),
 .UNSPECIFIED.,.F.,.F.,.F.)
B_SPLINE_SURFACE_WITH_KNOTS((6,1,1,1,1,1,1,1,1,1,1,1,1,1,1,1,1,1,1,1,1,
1,1,1,1,1,1,1,1,1,1,1,1,1,1,1,1,1,1,1,1,1,1,1,1,1,1,1,1,1,1,1,1,1,1,1,1,
1,1,1,1,1,1,1,1,1,1,1,1,1,1,1,1,1,1,6),(2,2),(-1.,-0.986666666666665,-0.973333333333332,
-0.959999999999999,-0.946666666666665,-0.933333333333332,-0.919999999999999,
-0.906666666666666,-0.893333333333332,-0.879999999999999,-0.866666666666666,
-0.853333333333332,-0.839999999999999,-0.826666666666666,-0.813333333333332,
-0.799999999999999,-0.786666666666666,-0.773333333333332,-0.759999999999999,
-0.746666666666666,-0.733333333333333,-0.719999999999999,-0.706666666666666,
-0.693333333333333,-0.679999999999999,-0.666666666666666,-0.653333333333333,
-0.639999999999999,-0.626666666666666,-0.613333333333333,-0.599999999999999,
-0.586666666666666,-0.573333333333333,-0.559999999999999,-0.546666666666666,
-0.533333333333333,-0.52,-0.506666666666666,-0.493333333333333,-0.48,-0.466666666666666,
-0.453333333333333,-0.44,-0.426666666666666,-0.413333333333333,-0.4,-0.386666666666666,
-0.373333333333333,-0.36,-0.346666666666667,-0.333333333333333,-0.32,-0.306666666666667,
-0.293333333333333,-0.28,-0.266666666666667,-0.253333333333333,-0.24,-0.226666666666667,
-0.213333333333333,-0.2,-0.186666666666667,-0.173333333333333,-0.16,-0.146666666666667,
-0.133333333333333,-0.12,-0.106666666666667,-0.0933333333333333,-0.08,-0.0666666666666667,
-0.0533333333333333,-0.04,-0.0266666666666667,-0.0133333333333333,0.),(0.,
3.),.UNSPECIFIED.)
GEOMETRIC_REPRESENTATION_ITEM()
RATIONAL_B_SPLINE_SURFACE(((1.,1.),(1.,1.),(1.,1.),(1.,1.),(1.,1.),(1.,
1.),(1.,1.),(1.,1.),(1.,1.),(1.,1.),(1.,1.),(1.,1.),(1.,1.),(1.,1.),(1.,
1.),(1.,1.),(1.,1.),(1.,1.),(1.,1.),(1.,1.),(1.,1.),(1.,1.),(1.,1.),(1.,
1.),(1.,1.),(1.,1.),(1.,1.),(1.,1.),(1.,1.),(1.,1.),(1.,1.),(1.,1.),(1.,
1.),(1.,1.),(1.,1.),(1.,1.),(1.,1.),(1.,1.),(1.,1.),(1.,1.),(1.,1.),(1.,
1.),(1.,1.),(1.,1.),(1.,1.),(1.,1.),(1.,1.),(1.,1.),(1.,1.),(1.,1.),(1.,
1.),(1.,1.),(1.,1.),(1.,1.),(1.,1.),(1.,1.),(1.,1.),(1.,1.),(1.,1.),(1.,
1.),(1.,1.),(1.,1.),(1.,1.),(1.,1.),(1.,1.),(1.,1.),(1.,1.),(1.,1.),(1.,
1.),(1.,1.),(1.,1.),(1.,1.),(1.,1.),(1.,1.),(1.,1.),(1.,1.),(1.,1.),(1.,
1.),(1.,1.),(1.,1.)))
REPRESENTATION_ITEM('')
SURFACE()
);
#57=(
BOUNDED_SURFACE()
B_SPLINE_SURFACE(5,1,((#9674,#9675),(#9676,#9677),(#9678,#9679),(#9680,
#9681),(#9682,#9683),(#9684,#9685),(#9686,#9687),(#9688,#9689),(#9690,#9691),
(#9692,#9693),(#9694,#9695),(#9696,#9697),(#9698,#9699),(#9700,#9701),(#9702,
#9703),(#9704,#9705),(#9706,#9707),(#9708,#9709),(#9710,#9711),(#9712,#9713)),
 .UNSPECIFIED.,.F.,.F.,.F.)
B_SPLINE_SURFACE_WITH_KNOTS((6,1,1,1,1,1,1,1,1,1,1,1,1,1,1,6),(2,2),(0.,
0.0666666666666667,0.133333333333333,0.2,0.266666666666667,0.333333333333333,
0.4,0.466666666666667,0.533333333333333,0.6,0.666666666666667,0.733333333333333,
0.8,0.866666666666667,0.933333333333333,1.),(-4.,4.),.UNSPECIFIED.)
GEOMETRIC_REPRESENTATION_ITEM()
RATIONAL_B_SPLINE_SURFACE(((1.,1.),(1.,1.),(1.,1.),(1.,1.),(1.,1.),(1.,
1.),(1.,1.),(1.,1.),(1.,1.),(1.,1.),(1.,1.),(1.,1.),(1.,1.),(1.,1.),(1.,
1.),(1.,1.),(1.,1.),(1.,1.),(1.,1.),(1.,1.)))
REPRESENTATION_ITEM('')
SURFACE()
);
#58=(
BOUNDED_SURFACE()
B_SPLINE_SURFACE(5,1,((#9760,#9761),(#9762,#9763),(#9764,#9765),(#9766,
#9767),(#9768,#9769),(#9770,#9771),(#9772,#9773),(#9774,#9775),(#9776,#9777),
(#9778,#9779),(#9780,#9781),(#9782,#9783),(#9784,#9785),(#9786,#9787),(#9788,
#9789),(#9790,#9791),(#9792,#9793),(#9794,#9795),(#9796,#9797),(#9798,#9799)),
 .UNSPECIFIED.,.F.,.F.,.F.)
B_SPLINE_SURFACE_WITH_KNOTS((6,1,1,1,1,1,1,1,1,1,1,1,1,1,1,6),(2,2),(0.,
0.0666666666666667,0.133333333333333,0.2,0.266666666666667,0.333333333333333,
0.4,0.466666666666667,0.533333333333333,0.6,0.666666666666667,0.733333333333333,
0.8,0.866666666666667,0.933333333333333,1.),(-4.,4.),.UNSPECIFIED.)
GEOMETRIC_REPRESENTATION_ITEM()
RATIONAL_B_SPLINE_SURFACE(((1.,1.),(1.,1.),(1.,1.),(1.,1.),(1.,1.),(1.,
1.),(1.,1.),(1.,1.),(1.,1.),(1.,1.),(1.,1.),(1.,1.),(1.,1.),(1.,1.),(1.,
1.),(1.,1.),(1.,1.),(1.,1.),(1.,1.),(1.,1.)))
REPRESENTATION_ITEM('')
SURFACE()
);
#59=(
BOUNDED_SURFACE()
B_SPLINE_SURFACE(5,1,((#9883,#9884),(#9885,#9886),(#9887,#9888),(#9889,
#9890),(#9891,#9892),(#9893,#9894),(#9895,#9896),(#9897,#9898),(#9899,#9900),
(#9901,#9902),(#9903,#9904),(#9905,#9906),(#9907,#9908),(#9909,#9910),(#9911,
#9912),(#9913,#9914),(#9915,#9916),(#9917,#9918),(#9919,#9920),(#9921,#9922)),
 .UNSPECIFIED.,.F.,.F.,.F.)
B_SPLINE_SURFACE_WITH_KNOTS((6,1,1,1,1,1,1,1,1,1,1,1,1,1,1,6),(2,2),(-1.,
-0.933333333333333,-0.866666666666667,-0.8,-0.733333333333333,-0.666666666666667,
-0.6,-0.533333333333333,-0.466666666666667,-0.4,-0.333333333333333,-0.266666666666667,
-0.2,-0.133333333333333,-0.0666666666666667,0.),(-4.,4.),.UNSPECIFIED.)
GEOMETRIC_REPRESENTATION_ITEM()
RATIONAL_B_SPLINE_SURFACE(((1.,1.),(1.,1.),(1.,1.),(1.,1.),(1.,1.),(1.,
1.),(1.,1.),(1.,1.),(1.,1.),(1.,1.),(1.,1.),(1.,1.),(1.,1.),(1.,1.),(1.,
1.),(1.,1.),(1.,1.),(1.,1.),(1.,1.),(1.,1.)))
REPRESENTATION_ITEM('')
SURFACE()
);
#60=(
BOUNDED_SURFACE()
B_SPLINE_SURFACE(5,1,((#9947,#9948),(#9949,#9950),(#9951,#9952),(#9953,
#9954),(#9955,#9956),(#9957,#9958),(#9959,#9960)),.UNSPECIFIED.,.F.,.F.,
 .F.)
B_SPLINE_SURFACE_WITH_KNOTS((6,1,6),(2,2),(-0.129017409914192,-0.0666666666666667,
0.),(-4.,4.),.UNSPECIFIED.)
GEOMETRIC_REPRESENTATION_ITEM()
RATIONAL_B_SPLINE_SURFACE(((1.,1.),(1.,1.),(1.,1.),(1.,1.),(1.,1.),(1.,
1.),(1.,1.)))
REPRESENTATION_ITEM('')
SURFACE()
);
#61=(
BOUNDED_SURFACE()
B_SPLINE_SURFACE(5,1,((#9973,#9974),(#9975,#9976),(#9977,#9978),(#9979,
#9980),(#9981,#9982),(#9983,#9984),(#9985,#9986),(#9987,#9988),(#9989,#9990),
(#9991,#9992),(#9993,#9994),(#9995,#9996),(#9997,#9998),(#9999,#10000),
(#10001,#10002),(#10003,#10004),(#10005,#10006),(#10007,#10008),(#10009,
#10010),(#10011,#10012)),.UNSPECIFIED.,.F.,.F.,.F.)
B_SPLINE_SURFACE_WITH_KNOTS((6,1,1,1,1,1,1,1,1,1,1,1,1,1,1,6),(2,2),(0.,
0.0666666666666667,0.133333333333333,0.2,0.266666666666667,0.333333333333333,
0.4,0.466666666666667,0.533333333333333,0.6,0.666666666666667,0.733333333333333,
0.8,0.866666666666667,0.933333333333333,1.),(-4.,4.),.UNSPECIFIED.)
GEOMETRIC_REPRESENTATION_ITEM()
RATIONAL_B_SPLINE_SURFACE(((1.,1.),(1.,1.),(1.,1.),(1.,1.),(1.,1.),(1.,
1.),(1.,1.),(1.,1.),(1.,1.),(1.,1.),(1.,1.),(1.,1.),(1.,1.),(1.,1.),(1.,
1.),(1.,1.),(1.,1.),(1.,1.),(1.,1.),(1.,1.)))
REPRESENTATION_ITEM('')
SURFACE()
);
#62=(
BOUNDED_SURFACE()
B_SPLINE_SURFACE(5,1,((#10056,#10057),(#10058,#10059),(#10060,#10061),(#10062,
#10063),(#10064,#10065),(#10066,#10067),(#10068,#10069)),.UNSPECIFIED.,
 .F.,.F.,.F.)
B_SPLINE_SURFACE_WITH_KNOTS((6,1,6),(2,2),(-1.,-0.9,-0.879406710173617),
(-4.,4.),.UNSPECIFIED.)
GEOMETRIC_REPRESENTATION_ITEM()
RATIONAL_B_SPLINE_SURFACE(((1.,1.),(1.,1.),(1.,1.),(1.,1.),(1.,1.),(1.,
1.),(1.,1.)))
REPRESENTATION_ITEM('')
SURFACE()
);
#63=(
BOUNDED_SURFACE()
B_SPLINE_SURFACE(5,1,((#10080,#10081),(#10082,#10083),(#10084,#10085),(#10086,
#10087),(#10088,#10089),(#10090,#10091),(#10092,#10093),(#10094,#10095),
(#10096,#10097),(#10098,#10099),(#10100,#10101),(#10102,#10103),(#10104,
#10105),(#10106,#10107),(#10108,#10109)),.UNSPECIFIED.,.F.,.F.,.F.)
B_SPLINE_SURFACE_WITH_KNOTS((6,1,1,1,1,1,1,1,1,1,6),(2,2),(0.,0.1,0.2,0.3,
0.4,0.5,0.6,0.7,0.8,0.9,1.),(0.,0.2),.UNSPECIFIED.)
GEOMETRIC_REPRESENTATION_ITEM()
RATIONAL_B_SPLINE_SURFACE(((1.,1.),(1.,1.),(1.,1.),(1.,1.),(1.,1.),(1.,
1.),(1.,1.),(1.,1.),(1.,1.),(1.,1.),(1.,1.),(1.,1.),(1.,1.),(1.,1.),(1.,
1.)))
REPRESENTATION_ITEM('')
SURFACE()
);
#64=(
BOUNDED_SURFACE()
B_SPLINE_SURFACE(5,1,((#10143,#10144),(#10145,#10146),(#10147,#10148),(#10149,
#10150),(#10151,#10152),(#10153,#10154),(#10155,#10156),(#10157,#10158),
(#10159,#10160),(#10161,#10162),(#10163,#10164),(#10165,#10166),(#10167,
#10168),(#10169,#10170),(#10171,#10172),(#10173,#10174),(#10175,#10176),
(#10177,#10178),(#10179,#10180)),.UNSPECIFIED.,.F.,.F.,.F.)
B_SPLINE_SURFACE_WITH_KNOTS((6,1,1,1,1,1,1,1,1,1,1,1,1,1,6),(2,2),(0.129017409914192,
0.133333333333333,0.2,0.266666666666667,0.333333333333333,0.4,0.466666666666667,
0.533333333333333,0.6,0.666666666666667,0.733333333333333,0.8,0.866666666666667,
0.933333333333333,1.),(0.,0.2),.UNSPECIFIED.)
GEOMETRIC_REPRESENTATION_ITEM()
RATIONAL_B_SPLINE_SURFACE(((1.,1.),(1.,1.),(1.,1.),(1.,1.),(1.,1.),(1.,
1.),(1.,1.),(1.,1.),(1.,1.),(1.,1.),(1.,1.),(1.,1.),(1.,1.),(1.,1.),(1.,
1.),(1.,1.),(1.,1.),(1.,1.),(1.,1.)))
REPRESENTATION_ITEM('')
SURFACE()
);
#65=(
BOUNDED_SURFACE()
B_SPLINE_SURFACE(5,1,((#10219,#10220),(#10221,#10222),(#10223,#10224),(#10225,
#10226),(#10227,#10228),(#10229,#10230),(#10231,#10232),(#10233,#10234),
(#10235,#10236),(#10237,#10238),(#10239,#10240),(#10241,#10242),(#10243,
#10244),(#10245,#10246)),.UNSPECIFIED.,.F.,.F.,.F.)
B_SPLINE_SURFACE_WITH_KNOTS((6,1,1,1,1,1,1,1,1,6),(2,2),(0.,0.1,0.2,0.3,
0.4,0.5,0.6,0.7,0.8,0.879406710171494),(0.,0.2),.UNSPECIFIED.)
GEOMETRIC_REPRESENTATION_ITEM()
RATIONAL_B_SPLINE_SURFACE(((1.,1.),(1.,1.),(1.,1.),(1.,1.),(1.,1.),(1.,
1.),(1.,1.),(1.,1.),(1.,1.),(1.,1.),(1.,1.),(1.,1.),(1.,1.),(1.,1.)))
REPRESENTATION_ITEM('')
SURFACE()
);
#66=(
BOUNDED_SURFACE()
B_SPLINE_SURFACE(5,1,((#10277,#10278),(#10279,#10280),(#10281,#10282),(#10283,
#10284),(#10285,#10286),(#10287,#10288),(#10289,#10290),(#10291,#10292),
(#10293,#10294),(#10295,#10296),(#10297,#10298),(#10299,#10300),(#10301,
#10302),(#10303,#10304)),.UNSPECIFIED.,.F.,.F.,.F.)
B_SPLINE_SURFACE_WITH_KNOTS((6,1,1,1,1,1,1,1,1,6),(2,2),(-0.879406710171494,
-0.8,-0.7,-0.6,-0.5,-0.4,-0.3,-0.2,-0.1,0.),(0.,0.2),.UNSPECIFIED.)
GEOMETRIC_REPRESENTATION_ITEM()
RATIONAL_B_SPLINE_SURFACE(((1.,1.),(1.,1.),(1.,1.),(1.,1.),(1.,1.),(1.,
1.),(1.,1.),(1.,1.),(1.,1.),(1.,1.),(1.,1.),(1.,1.),(1.,1.),(1.,1.)))
REPRESENTATION_ITEM('')
SURFACE()
);
#67=(
BOUNDED_SURFACE()
B_SPLINE_SURFACE(5,1,((#10333,#10334),(#10335,#10336),(#10337,#10338),(#10339,
#10340),(#10341,#10342),(#10343,#10344),(#10345,#10346),(#10347,#10348),
(#10349,#10350),(#10351,#10352),(#10353,#10354),(#10355,#10356),(#10357,
#10358),(#10359,#10360),(#10361,#10362),(#10363,#10364),(#10365,#10366),
(#10367,#10368),(#10369,#10370)),.UNSPECIFIED.,.F.,.F.,.F.)
B_SPLINE_SURFACE_WITH_KNOTS((6,1,1,1,1,1,1,1,1,1,1,1,1,1,6),(2,2),(-1.,
-0.933333333333333,-0.866666666666667,-0.8,-0.733333333333333,-0.666666666666667,
-0.6,-0.533333333333333,-0.466666666666667,-0.4,-0.333333333333333,-0.266666666666667,
-0.2,-0.133333333333333,-0.129017409914192),(0.,0.2),.UNSPECIFIED.)
GEOMETRIC_REPRESENTATION_ITEM()
RATIONAL_B_SPLINE_SURFACE(((1.,1.),(1.,1.),(1.,1.),(1.,1.),(1.,1.),(1.,
1.),(1.,1.),(1.,1.),(1.,1.),(1.,1.),(1.,1.),(1.,1.),(1.,1.),(1.,1.),(1.,
1.),(1.,1.),(1.,1.),(1.,1.),(1.,1.)))
REPRESENTATION_ITEM('')
SURFACE()
);
#68=(
BOUNDED_SURFACE()
B_SPLINE_SURFACE(5,1,((#10412,#10413),(#10414,#10415),(#10416,#10417),(#10418,
#10419),(#10420,#10421),(#10422,#10423),(#10424,#10425),(#10426,#10427),
(#10428,#10429),(#10430,#10431),(#10432,#10433),(#10434,#10435),(#10436,
#10437),(#10438,#10439),(#10440,#10441)),.UNSPECIFIED.,.F.,.F.,.F.)
B_SPLINE_SURFACE_WITH_KNOTS((6,1,1,1,1,1,1,1,1,1,6),(2,2),(-1.,-0.9,-0.8,
-0.7,-0.6,-0.5,-0.4,-0.3,-0.2,-0.1,0.),(0.,0.2),.UNSPECIFIED.)
GEOMETRIC_REPRESENTATION_ITEM()
RATIONAL_B_SPLINE_SURFACE(((1.,1.),(1.,1.),(1.,1.),(1.,1.),(1.,1.),(1.,
1.),(1.,1.),(1.,1.),(1.,1.),(1.,1.),(1.,1.),(1.,1.),(1.,1.),(1.,1.),(1.,
1.)))
REPRESENTATION_ITEM('')
SURFACE()
);
#69=LINE('',#2715,#207);
#70=LINE('',#2716,#208);
#71=LINE('',#2724,#209);
#72=LINE('',#2725,#210);
#73=LINE('',#2732,#211);
#74=LINE('',#2741,#212);
#75=LINE('',#2743,#213);
#76=LINE('',#2745,#214);
#77=LINE('',#2747,#215);
#78=LINE('',#2748,#216);
#79=LINE('',#2761,#217);
#80=LINE('',#2762,#218);
#81=LINE('',#2865,#219);
#82=LINE('',#2867,#220);
#83=LINE('',#2915,#221);
#84=LINE('',#3008,#222);
#85=LINE('',#3035,#223);
#86=LINE('',#3042,#224);
#87=LINE('',#3043,#225);
#88=LINE('',#3058,#226);
#89=LINE('',#3060,#227);
#90=LINE('',#3061,#228);
#91=LINE('',#3069,#229);
#92=LINE('',#3071,#230);
#93=LINE('',#3073,#231);
#94=LINE('',#3075,#232);
#95=LINE('',#3076,#233);
#96=LINE('',#3084,#234);
#97=LINE('',#3086,#235);
#98=LINE('',#3088,#236);
#99=LINE('',#3089,#237);
#100=LINE('',#3098,#238);
#101=LINE('',#3100,#239);
#102=LINE('',#3101,#240);
#103=LINE('',#3107,#241);
#104=LINE('',#3114,#242);
#105=LINE('',#3278,#243);
#106=LINE('',#3386,#244);
#107=LINE('',#3396,#245);
#108=LINE('',#3401,#246);
#109=LINE('',#3403,#247);
#110=LINE('',#3404,#248);
#111=LINE('',#3408,#249);
#112=LINE('',#3413,#250);
#113=LINE('',#3414,#251);
#114=LINE('',#3418,#252);
#115=LINE('',#3420,#253);
#116=LINE('',#3429,#254);
#117=LINE('',#3434,#255);
#118=LINE('',#3436,#256);
#119=LINE('',#3437,#257);
#120=LINE('',#3438,#258);
#121=LINE('',#3440,#259);
#122=LINE('',#3442,#260);
#123=LINE('',#3443,#261);
#124=LINE('',#3444,#262);
#125=LINE('',#3446,#263);
#126=LINE('',#3448,#264);
#127=LINE('',#3449,#265);
#128=LINE('',#3450,#266);
#129=LINE('',#3532,#267);
#130=LINE('',#3633,#268);
#131=LINE('',#3776,#269);
#132=LINE('',#3777,#270);
#133=LINE('',#4844,#271);
#134=LINE('',#4848,#272);
#135=LINE('',#4988,#273);
#136=LINE('',#4992,#274);
#137=LINE('',#5156,#275);
#138=LINE('',#5160,#276);
#139=LINE('',#5253,#277);
#140=LINE('',#5254,#278);
#141=LINE('',#5261,#279);
#142=LINE('',#5268,#280);
#143=LINE('',#5275,#281);
#144=LINE('',#5287,#282);
#145=LINE('',#5289,#283);
#146=LINE('',#5291,#284);
#147=LINE('',#5292,#285);
#148=LINE('',#5296,#286);
#149=LINE('',#5298,#287);
#150=LINE('',#5300,#288);
#151=LINE('',#5301,#289);
#152=LINE('',#5304,#290);
#153=LINE('',#5306,#291);
#154=LINE('',#5307,#292);
#155=LINE('',#5310,#293);
#156=LINE('',#5312,#294);
#157=LINE('',#5313,#295);
#158=LINE('',#5317,#296);
#159=LINE('',#5319,#297);
#160=LINE('',#5321,#298);
#161=LINE('',#5322,#299);
#162=LINE('',#5324,#300);
#163=LINE('',#5325,#301);
#164=LINE('',#5327,#302);
#165=LINE('',#5340,#303);
#166=LINE('',#5342,#304);
#167=LINE('',#5343,#305);
#168=LINE('',#5346,#306);
#169=LINE('',#5395,#307);
#170=LINE('',#5452,#308);
#171=LINE('',#5455,#309);
#172=LINE('',#5457,#310);
#173=LINE('',#5458,#311);
#174=LINE('',#5459,#312);
#175=LINE('',#5518,#313);
#176=LINE('',#5569,#314);
#177=LINE('',#5572,#315);
#178=LINE('',#5573,#316);
#179=LINE('',#5587,#317);
#180=LINE('',#5599,#318);
#181=LINE('',#5611,#319);
#182=LINE('',#5623,#320);
#183=LINE('',#5635,#321);
#184=LINE('',#5647,#322);
#185=LINE('',#6021,#323);
#186=LINE('',#7324,#324);
#187=LINE('',#7340,#325);
#188=LINE('',#7633,#326);
#189=LINE('',#7978,#327);
#190=LINE('',#9252,#328);
#191=LINE('',#9253,#329);
#192=LINE('',#9255,#330);
#193=LINE('',#9737,#331);
#194=LINE('',#9759,#332);
#195=LINE('',#9823,#333);
#196=LINE('',#9845,#334);
#197=LINE('',#9924,#335);
#198=LINE('',#9946,#336);
#199=LINE('',#9970,#337);
#200=LINE('',#9971,#338);
#201=LINE('',#9972,#339);
#202=LINE('',#10055,#340);
#203=LINE('',#10070,#341);
#204=LINE('',#10071,#342);
#205=LINE('',#10142,#343);
#206=LINE('',#10411,#344);
#207=VECTOR('',#2124,10.);
#208=VECTOR('',#2125,10.);
#209=VECTOR('',#2128,10.);
#210=VECTOR('',#2129,10.);
#211=VECTOR('',#2132,10.);
#212=VECTOR('',#2135,10.);
#213=VECTOR('',#2136,10.);
#214=VECTOR('',#2137,10.);
#215=VECTOR('',#2138,10.);
#216=VECTOR('',#2139,10.);
#217=VECTOR('',#2144,10.);
#218=VECTOR('',#2145,10.);
#219=VECTOR('',#2146,10.);
#220=VECTOR('',#2149,10.);
#221=VECTOR('',#2150,10.);
#222=VECTOR('',#2151,10.);
#223=VECTOR('',#2154,10.);
#224=VECTOR('',#2157,10.);
#225=VECTOR('',#2158,10.);
#226=VECTOR('',#2165,10.);
#227=VECTOR('',#2166,10.);
#228=VECTOR('',#2167,10.);
#229=VECTOR('',#2170,10.);
#230=VECTOR('',#2171,10.);
#231=VECTOR('',#2172,10.);
#232=VECTOR('',#2173,10.);
#233=VECTOR('',#2174,10.);
#234=VECTOR('',#2177,10.);
#235=VECTOR('',#2178,10.);
#236=VECTOR('',#2179,10.);
#237=VECTOR('',#2180,10.);
#238=VECTOR('',#2183,10.);
#239=VECTOR('',#2184,10.);
#240=VECTOR('',#2185,10.);
#241=VECTOR('',#2188,10.);
#242=VECTOR('',#2191,10.);
#243=VECTOR('',#2194,10.);
#244=VECTOR('',#2199,10.);
#245=VECTOR('',#2206,10.);
#246=VECTOR('',#2207,10.);
#247=VECTOR('',#2208,10.);
#248=VECTOR('',#2209,10.);
#249=VECTOR('',#2212,10.);
#250=VECTOR('',#2213,10.);
#251=VECTOR('',#2214,10.);
#252=VECTOR('',#2217,10.);
#253=VECTOR('',#2218,10.);
#254=VECTOR('',#2219,10.);
#255=VECTOR('',#2222,10.);
#256=VECTOR('',#2223,10.);
#257=VECTOR('',#2224,10.);
#258=VECTOR('',#2225,10.);
#259=VECTOR('',#2226,10.);
#260=VECTOR('',#2227,10.);
#261=VECTOR('',#2228,10.);
#262=VECTOR('',#2229,10.);
#263=VECTOR('',#2230,10.);
#264=VECTOR('',#2231,10.);
#265=VECTOR('',#2232,10.);
#266=VECTOR('',#2233,10.);
#267=VECTOR('',#2236,2.);
#268=VECTOR('',#2241,3.);
#269=VECTOR('',#2246,10.);
#270=VECTOR('',#2247,10.);
#271=VECTOR('',#2250,1.99999999999999);
#272=VECTOR('',#2255,3.00000000000001);
#273=VECTOR('',#2262,1.99999999999999);
#274=VECTOR('',#2267,3.00000000000001);
#275=VECTOR('',#2274,2.);
#276=VECTOR('',#2279,3.);
#277=VECTOR('',#2286,10.);
#278=VECTOR('',#2287,10.);
#279=VECTOR('',#2290,10.);
#280=VECTOR('',#2293,10.);
#281=VECTOR('',#2296,10.);
#282=VECTOR('',#2301,10.);
#283=VECTOR('',#2302,10.);
#284=VECTOR('',#2303,10.);
#285=VECTOR('',#2304,10.);
#286=VECTOR('',#2307,10.);
#287=VECTOR('',#2308,10.);
#288=VECTOR('',#2309,10.);
#289=VECTOR('',#2310,10.);
#290=VECTOR('',#2313,10.);
#291=VECTOR('',#2314,10.);
#292=VECTOR('',#2315,10.);
#293=VECTOR('',#2318,10.);
#294=VECTOR('',#2319,10.);
#295=VECTOR('',#2320,10.);
#296=VECTOR('',#2323,10.);
#297=VECTOR('',#2324,10.);
#298=VECTOR('',#2325,10.);
#299=VECTOR('',#2326,10.);
#300=VECTOR('',#2329,10.);
#301=VECTOR('',#2330,10.);
#302=VECTOR('',#2333,10.);
#303=VECTOR('',#2334,10.);
#304=VECTOR('',#2335,10.);
#305=VECTOR('',#2336,10.);
#306=VECTOR('',#2339,10.);
#307=VECTOR('',#2340,10.);
#308=VECTOR('',#2341,10.);
#309=VECTOR('',#2344,10.);
#310=VECTOR('',#2345,10.);
#311=VECTOR('',#2346,10.);
#312=VECTOR('',#2347,10.);
#313=VECTOR('',#2350,10.);
#314=VECTOR('',#2351,10.);
#315=VECTOR('',#2354,10.);
#316=VECTOR('',#2355,10.);
#317=VECTOR('',#2358,10.);
#318=VECTOR('',#2361,10.);
#319=VECTOR('',#2364,10.);
#320=VECTOR('',#2367,10.);
#321=VECTOR('',#2370,10.);
#322=VECTOR('',#2373,10.);
#323=VECTOR('',#2374,10.);
#324=VECTOR('',#2377,10.);
#325=VECTOR('',#2378,10.);
#326=VECTOR('',#2379,10.);
#327=VECTOR('',#2380,10.);
#328=VECTOR('',#2383,10.);
#329=VECTOR('',#2384,10.);
#330=VECTOR('',#2387,10.);
#331=VECTOR('',#2392,10.);
#332=VECTOR('',#2393,10.);
#333=VECTOR('',#2394,10.);
#334=VECTOR('',#2395,10.);
#335=VECTOR('',#2398,10.);
#336=VECTOR('',#2399,10.);
#337=VECTOR('',#2400,10.);
#338=VECTOR('',#2401,10.);
#339=VECTOR('',#2402,10.);
#340=VECTOR('',#2403,10.);
#341=VECTOR('',#2404,10.);
#342=VECTOR('',#2405,10.);
#343=VECTOR('',#2408,10.);
#344=VECTOR('',#2413,10.);
#345=PLANE('',#2041);
#346=PLANE('',#2042);
#347=PLANE('',#2043);
#348=PLANE('',#2044);
#349=PLANE('',#2045);
#350=PLANE('',#2046);
#351=PLANE('',#2047);
#352=PLANE('',#2048);
#353=PLANE('',#2049);
#354=PLANE('',#2050);
#355=PLANE('',#2051);
#356=PLANE('',#2052);
#357=PLANE('',#2053);
#358=PLANE('',#2054);
#359=PLANE('',#2055);
#360=PLANE('',#2056);
#361=PLANE('',#2057);
#362=PLANE('',#2058);
#363=PLANE('',#2059);
#364=PLANE('',#2060);
#365=PLANE('',#2061);
#366=PLANE('',#2062);
#367=PLANE('',#2063);
#368=PLANE('',#2064);
#369=PLANE('',#2065);
#370=PLANE('',#2066);
#371=PLANE('',#2071);
#372=PLANE('',#2076);
#373=PLANE('',#2081);
#374=PLANE('',#2086);
#375=PLANE('',#2087);
#376=PLANE('',#2088);
#377=PLANE('',#2089);
#378=PLANE('',#2090);
#379=PLANE('',#2091);
#380=PLANE('',#2092);
#381=PLANE('',#2093);
#382=PLANE('',#2094);
#383=PLANE('',#2095);
#384=PLANE('',#2096);
#385=PLANE('',#2097);
#386=PLANE('',#2098);
#387=PLANE('',#2099);
#388=PLANE('',#2100);
#389=PLANE('',#2101);
#390=PLANE('',#2102);
#391=PLANE('',#2103);
#392=PLANE('',#2104);
#393=PLANE('',#2105);
#394=PLANE('',#2106);
#395=PLANE('',#2107);
#396=PLANE('',#2108);
#397=PLANE('',#2109);
#398=PLANE('',#2110);
#399=PLANE('',#2111);
#400=PLANE('',#2112);
#401=PLANE('',#2113);
#402=PLANE('',#2114);
#403=PLANE('',#2115);
#404=PLANE('',#2116);
#405=PLANE('',#2117);
#406=PLANE('',#2118);
#407=PLANE('',#2119);
#408=CLOSED_SHELL('',(#1921,#1922,#1923,#1924,#1925,#1926,#1927,#1928,#1929,
#1930,#1931,#1932,#1933,#1934,#1935,#1936,#1937,#1938,#1939,#1940,#1941,
#1942,#1943,#1944,#1945,#1946,#1947,#1948,#1949,#1950,#1951,#1952,#1953,
#1954,#1955,#1956,#1957,#1958,#1959,#1960,#1961,#1962,#1963,#1964,#1965,
#1966,#1967,#1968,#1969,#1970,#1971,#1972,#1973,#1974,#1975,#1976,#1977,
#1978,#1979,#1980,#1981,#1982,#1983,#1984,#1985,#1986,#1987,#1988,#1989,
#1990,#1991,#1992,#1993,#1994,#1995,#1996,#1997,#1998,#1999,#2000,#2001,
#2002,#2003,#2004,#2005,#2006,#2007,#2008,#2009,#2010,#2011,#2012,#2013,
#2014,#2015,#2016,#2017,#2018,#2019,#2020,#2021,#2022,#2023,#2024,#2025));
#409=STYLED_ITEM('',(#10493),#2027);
#410=STYLED_ITEM('',(#10493),#13);
#411=FACE_OUTER_BOUND('',#518,.T.);
#412=FACE_OUTER_BOUND('',#519,.T.);
#413=FACE_OUTER_BOUND('',#520,.T.);
#414=FACE_OUTER_BOUND('',#521,.T.);
#415=FACE_OUTER_BOUND('',#522,.T.);
#416=FACE_OUTER_BOUND('',#523,.T.);
#417=FACE_OUTER_BOUND('',#524,.T.);
#418=FACE_OUTER_BOUND('',#525,.T.);
#419=FACE_OUTER_BOUND('',#526,.T.);
#420=FACE_OUTER_BOUND('',#527,.T.);
#421=FACE_OUTER_BOUND('',#528,.T.);
#422=FACE_OUTER_BOUND('',#529,.T.);
#423=FACE_OUTER_BOUND('',#530,.T.);
#424=FACE_OUTER_BOUND('',#531,.T.);
#425=FACE_OUTER_BOUND('',#532,.T.);
#426=FACE_OUTER_BOUND('',#533,.T.);
#427=FACE_OUTER_BOUND('',#534,.T.);
#428=FACE_OUTER_BOUND('',#535,.T.);
#429=FACE_OUTER_BOUND('',#536,.T.);
#430=FACE_OUTER_BOUND('',#537,.T.);
#431=FACE_OUTER_BOUND('',#538,.T.);
#432=FACE_OUTER_BOUND('',#539,.T.);
#433=FACE_OUTER_BOUND('',#540,.T.);
#434=FACE_OUTER_BOUND('',#541,.T.);
#435=FACE_OUTER_BOUND('',#542,.T.);
#436=FACE_OUTER_BOUND('',#543,.T.);
#437=FACE_OUTER_BOUND('',#544,.T.);
#438=FACE_OUTER_BOUND('',#545,.T.);
#439=FACE_OUTER_BOUND('',#546,.T.);
#440=FACE_OUTER_BOUND('',#547,.T.);
#441=FACE_OUTER_BOUND('',#548,.T.);
#442=FACE_OUTER_BOUND('',#549,.T.);
#443=FACE_OUTER_BOUND('',#550,.T.);
#444=FACE_OUTER_BOUND('',#551,.T.);
#445=FACE_OUTER_BOUND('',#552,.T.);
#446=FACE_OUTER_BOUND('',#553,.T.);
#447=FACE_OUTER_BOUND('',#554,.T.);
#448=FACE_OUTER_BOUND('',#556,.T.);
#449=FACE_OUTER_BOUND('',#562,.T.);
#450=FACE_OUTER_BOUND('',#563,.T.);
#451=FACE_OUTER_BOUND('',#564,.T.);
#452=FACE_OUTER_BOUND('',#566,.T.);
#453=FACE_OUTER_BOUND('',#567,.T.);
#454=FACE_OUTER_BOUND('',#568,.T.);
#455=FACE_OUTER_BOUND('',#569,.T.);
#456=FACE_OUTER_BOUND('',#571,.T.);
#457=FACE_OUTER_BOUND('',#572,.T.);
#458=FACE_OUTER_BOUND('',#573,.T.);
#459=FACE_OUTER_BOUND('',#574,.T.);
#460=FACE_OUTER_BOUND('',#576,.T.);
#461=FACE_OUTER_BOUND('',#577,.T.);
#462=FACE_OUTER_BOUND('',#578,.T.);
#463=FACE_OUTER_BOUND('',#579,.T.);
#464=FACE_OUTER_BOUND('',#580,.T.);
#465=FACE_OUTER_BOUND('',#581,.T.);
#466=FACE_OUTER_BOUND('',#582,.T.);
#467=FACE_OUTER_BOUND('',#583,.T.);
#468=FACE_OUTER_BOUND('',#584,.T.);
#469=FACE_OUTER_BOUND('',#585,.T.);
#470=FACE_OUTER_BOUND('',#586,.T.);
#471=FACE_OUTER_BOUND('',#587,.T.);
#472=FACE_OUTER_BOUND('',#588,.T.);
#473=FACE_OUTER_BOUND('',#589,.T.);
#474=FACE_OUTER_BOUND('',#590,.T.);
#475=FACE_OUTER_BOUND('',#591,.T.);
#476=FACE_OUTER_BOUND('',#592,.T.);
#477=FACE_OUTER_BOUND('',#593,.T.);
#478=FACE_OUTER_BOUND('',#594,.T.);
#479=FACE_OUTER_BOUND('',#595,.T.);
#480=FACE_OUTER_BOUND('',#596,.T.);
#481=FACE_OUTER_BOUND('',#597,.T.);
#482=FACE_OUTER_BOUND('',#598,.T.);
#483=FACE_OUTER_BOUND('',#599,.T.);
#484=FACE_OUTER_BOUND('',#601,.T.);
#485=FACE_OUTER_BOUND('',#603,.T.);
#486=FACE_OUTER_BOUND('',#604,.T.);
#487=FACE_OUTER_BOUND('',#605,.T.);
#488=FACE_OUTER_BOUND('',#607,.T.);
#489=FACE_OUTER_BOUND('',#608,.T.);
#490=FACE_OUTER_BOUND('',#609,.T.);
#491=FACE_OUTER_BOUND('',#610,.T.);
#492=FACE_OUTER_BOUND('',#611,.T.);
#493=FACE_OUTER_BOUND('',#612,.T.);
#494=FACE_OUTER_BOUND('',#613,.T.);
#495=FACE_OUTER_BOUND('',#614,.T.);
#496=FACE_OUTER_BOUND('',#615,.T.);
#497=FACE_OUTER_BOUND('',#616,.T.);
#498=FACE_OUTER_BOUND('',#618,.T.);
#499=FACE_OUTER_BOUND('',#620,.T.);
#500=FACE_OUTER_BOUND('',#621,.T.);
#501=FACE_OUTER_BOUND('',#622,.T.);
#502=FACE_OUTER_BOUND('',#623,.T.);
#503=FACE_OUTER_BOUND('',#624,.T.);
#504=FACE_OUTER_BOUND('',#625,.T.);
#505=FACE_OUTER_BOUND('',#626,.T.);
#506=FACE_OUTER_BOUND('',#627,.T.);
#507=FACE_OUTER_BOUND('',#628,.T.);
#508=FACE_OUTER_BOUND('',#629,.T.);
#509=FACE_OUTER_BOUND('',#630,.T.);
#510=FACE_OUTER_BOUND('',#631,.T.);
#511=FACE_OUTER_BOUND('',#632,.T.);
#512=FACE_OUTER_BOUND('',#633,.T.);
#513=FACE_OUTER_BOUND('',#634,.T.);
#514=FACE_OUTER_BOUND('',#635,.T.);
#515=FACE_OUTER_BOUND('',#636,.T.);
#516=FACE_OUTER_BOUND('',#637,.T.);
#517=FACE_OUTER_BOUND('',#638,.T.);
#518=EDGE_LOOP('',(#1300,#1301,#1302,#1303,#1304,#1305,#1306));
#519=EDGE_LOOP('',(#1307,#1308,#1309,#1310,#1311,#1312,#1313));
#520=EDGE_LOOP('',(#1314,#1315,#1316));
#521=EDGE_LOOP('',(#1317,#1318,#1319,#1320));
#522=EDGE_LOOP('',(#1321,#1322,#1323,#1324));
#523=EDGE_LOOP('',(#1325,#1326,#1327,#1328,#1329,#1330));
#524=EDGE_LOOP('',(#1331,#1332,#1333));
#525=EDGE_LOOP('',(#1334,#1335,#1336,#1337));
#526=EDGE_LOOP('',(#1338,#1339,#1340,#1341));
#527=EDGE_LOOP('',(#1342,#1343,#1344));
#528=EDGE_LOOP('',(#1345,#1346,#1347,#1348));
#529=EDGE_LOOP('',(#1349,#1350,#1351,#1352));
#530=EDGE_LOOP('',(#1353,#1354,#1355));
#531=EDGE_LOOP('',(#1356,#1357,#1358,#1359,#1360,#1361,#1362));
#532=EDGE_LOOP('',(#1363,#1364,#1365,#1366));
#533=EDGE_LOOP('',(#1367,#1368,#1369,#1370,#1371));
#534=EDGE_LOOP('',(#1372,#1373,#1374,#1375));
#535=EDGE_LOOP('',(#1376,#1377,#1378,#1379,#1380,#1381,#1382));
#536=EDGE_LOOP('',(#1383,#1384,#1385,#1386,#1387,#1388));
#537=EDGE_LOOP('',(#1389,#1390,#1391,#1392));
#538=EDGE_LOOP('',(#1393,#1394,#1395,#1396));
#539=EDGE_LOOP('',(#1397,#1398,#1399));
#540=EDGE_LOOP('',(#1400,#1401,#1402,#1403));
#541=EDGE_LOOP('',(#1404,#1405,#1406));
#542=EDGE_LOOP('',(#1407,#1408,#1409,#1410));
#543=EDGE_LOOP('',(#1411,#1412,#1413,#1414));
#544=EDGE_LOOP('',(#1415,#1416,#1417));
#545=EDGE_LOOP('',(#1418,#1419,#1420));
#546=EDGE_LOOP('',(#1421,#1422,#1423,#1424,#1425));
#547=EDGE_LOOP('',(#1426,#1427,#1428,#1429));
#548=EDGE_LOOP('',(#1430,#1431,#1432,#1433,#1434));
#549=EDGE_LOOP('',(#1435,#1436,#1437,#1438));
#550=EDGE_LOOP('',(#1439,#1440,#1441,#1442,#1443));
#551=EDGE_LOOP('',(#1444,#1445,#1446,#1447,#1448,#1449,#1450,#1451,#1452,
#1453,#1454,#1455,#1456,#1457));
#552=EDGE_LOOP('',(#1458,#1459,#1460,#1461,#1462));
#553=EDGE_LOOP('',(#1463,#1464,#1465,#1466,#1467));
#554=EDGE_LOOP('',(#1468));
#555=EDGE_LOOP('',(#1469));
#556=EDGE_LOOP('',(#1470,#1471,#1472,#1473,#1474,#1475,#1476,#1477,#1478,
#1479,#1480,#1481,#1482,#1483,#1484,#1485,#1486,#1487,#1488,#1489,#1490,
#1491,#1492,#1493,#1494));
#557=EDGE_LOOP('',(#1495,#1496));
#558=EDGE_LOOP('',(#1497,#1498));
#559=EDGE_LOOP('',(#1499,#1500,#1501,#1502,#1503));
#560=EDGE_LOOP('',(#1504,#1505));
#561=EDGE_LOOP('',(#1506,#1507));
#562=EDGE_LOOP('',(#1508,#1509,#1510,#1511,#1512));
#563=EDGE_LOOP('',(#1513,#1514,#1515,#1516,#1517));
#564=EDGE_LOOP('',(#1518));
#565=EDGE_LOOP('',(#1519));
#566=EDGE_LOOP('',(#1520,#1521));
#567=EDGE_LOOP('',(#1522,#1523,#1524,#1525,#1526));
#568=EDGE_LOOP('',(#1527,#1528,#1529,#1530,#1531));
#569=EDGE_LOOP('',(#1532));
#570=EDGE_LOOP('',(#1533));
#571=EDGE_LOOP('',(#1534,#1535));
#572=EDGE_LOOP('',(#1536,#1537,#1538,#1539,#1540));
#573=EDGE_LOOP('',(#1541,#1542,#1543,#1544,#1545));
#574=EDGE_LOOP('',(#1546));
#575=EDGE_LOOP('',(#1547));
#576=EDGE_LOOP('',(#1548,#1549));
#577=EDGE_LOOP('',(#1550,#1551,#1552,#1553));
#578=EDGE_LOOP('',(#1554,#1555,#1556,#1557));
#579=EDGE_LOOP('',(#1558,#1559,#1560,#1561));
#580=EDGE_LOOP('',(#1562,#1563,#1564,#1565));
#581=EDGE_LOOP('',(#1566,#1567,#1568,#1569));
#582=EDGE_LOOP('',(#1570,#1571,#1572,#1573));
#583=EDGE_LOOP('',(#1574,#1575,#1576,#1577));
#584=EDGE_LOOP('',(#1578,#1579,#1580,#1581));
#585=EDGE_LOOP('',(#1582,#1583,#1584,#1585));
#586=EDGE_LOOP('',(#1586,#1587,#1588,#1589));
#587=EDGE_LOOP('',(#1590,#1591,#1592,#1593));
#588=EDGE_LOOP('',(#1594,#1595,#1596,#1597,#1598,#1599,#1600,#1601,#1602,
#1603));
#589=EDGE_LOOP('',(#1604,#1605,#1606,#1607,#1608,#1609));
#590=EDGE_LOOP('',(#1610,#1611,#1612,#1613,#1614,#1615,#1616,#1617));
#591=EDGE_LOOP('',(#1618,#1619,#1620,#1621,#1622,#1623));
#592=EDGE_LOOP('',(#1624,#1625,#1626,#1627,#1628,#1629,#1630,#1631,#1632));
#593=EDGE_LOOP('',(#1633,#1634,#1635,#1636));
#594=EDGE_LOOP('',(#1637,#1638,#1639,#1640));
#595=EDGE_LOOP('',(#1641,#1642,#1643,#1644));
#596=EDGE_LOOP('',(#1645,#1646,#1647,#1648));
#597=EDGE_LOOP('',(#1649,#1650,#1651,#1652));
#598=EDGE_LOOP('',(#1653,#1654,#1655,#1656));
#599=EDGE_LOOP('',(#1657,#1658,#1659,#1660,#1661,#1662,#1663,#1664,#1665,
#1666,#1667,#1668));
#600=EDGE_LOOP('',(#1669,#1670,#1671,#1672));
#601=EDGE_LOOP('',(#1673,#1674,#1675,#1676,#1677,#1678,#1679,#1680,#1681,
#1682,#1683));
#602=EDGE_LOOP('',(#1684,#1685,#1686,#1687));
#603=EDGE_LOOP('',(#1688,#1689,#1690,#1691,#1692,#1693));
#604=EDGE_LOOP('',(#1694,#1695));
#605=EDGE_LOOP('',(#1696,#1697,#1698,#1699,#1700,#1701,#1702,#1703,#1704,
#1705,#1706,#1707,#1708));
#606=EDGE_LOOP('',(#1709,#1710,#1711,#1712,#1713));
#607=EDGE_LOOP('',(#1714,#1715,#1716,#1717,#1718,#1719,#1720,#1721,#1722));
#608=EDGE_LOOP('',(#1723,#1724,#1725,#1726,#1727,#1728,#1729,#1730,#1731));
#609=EDGE_LOOP('',(#1732,#1733,#1734,#1735,#1736));
#610=EDGE_LOOP('',(#1737,#1738,#1739,#1740,#1741));
#611=EDGE_LOOP('',(#1742,#1743,#1744,#1745,#1746,#1747));
#612=EDGE_LOOP('',(#1748,#1749,#1750,#1751,#1752,#1753,#1754,#1755));
#613=EDGE_LOOP('',(#1756,#1757,#1758,#1759));
#614=EDGE_LOOP('',(#1760,#1761,#1762,#1763,#1764,#1765,#1766,#1767,#1768));
#615=EDGE_LOOP('',(#1769,#1770,#1771,#1772,#1773,#1774,#1775,#1776,#1777,
#1778));
#616=EDGE_LOOP('',(#1779,#1780,#1781,#1782,#1783,#1784,#1785,#1786,#1787,
#1788,#1789,#1790));
#617=EDGE_LOOP('',(#1791,#1792,#1793,#1794));
#618=EDGE_LOOP('',(#1795,#1796,#1797,#1798,#1799,#1800,#1801,#1802,#1803,
#1804,#1805,#1806));
#619=EDGE_LOOP('',(#1807,#1808,#1809,#1810));
#620=EDGE_LOOP('',(#1811,#1812,#1813,#1814,#1815));
#621=EDGE_LOOP('',(#1816,#1817,#1818,#1819));
#622=EDGE_LOOP('',(#1820,#1821,#1822,#1823));
#623=EDGE_LOOP('',(#1824,#1825,#1826,#1827));
#624=EDGE_LOOP('',(#1828,#1829,#1830,#1831));
#625=EDGE_LOOP('',(#1832,#1833,#1834,#1835,#1836,#1837,#1838,#1839));
#626=EDGE_LOOP('',(#1840,#1841,#1842,#1843));
#627=EDGE_LOOP('',(#1844,#1845,#1846,#1847,#1848,#1849,#1850,#1851));
#628=EDGE_LOOP('',(#1852,#1853,#1854,#1855));
#629=EDGE_LOOP('',(#1856,#1857,#1858,#1859));
#630=EDGE_LOOP('',(#1860,#1861,#1862,#1863));
#631=EDGE_LOOP('',(#1864,#1865,#1866,#1867));
#632=EDGE_LOOP('',(#1868,#1869,#1870,#1871,#1872,#1873,#1874));
#633=EDGE_LOOP('',(#1875,#1876,#1877,#1878,#1879,#1880,#1881));
#634=EDGE_LOOP('',(#1882,#1883,#1884,#1885));
#635=EDGE_LOOP('',(#1886,#1887,#1888,#1889));
#636=EDGE_LOOP('',(#1890,#1891,#1892,#1893));
#637=EDGE_LOOP('',(#1894,#1895,#1896,#1897,#1898,#1899,#1900));
#638=EDGE_LOOP('',(#1901,#1902,#1903,#1904,#1905,#1906,#1907));
#639=B_SPLINE_CURVE_WITH_KNOTS('',3,(#2554,#2555,#2556,#2557,#2558,#2559,
#2560,#2561,#2562,#2563,#2564,#2565,#2566,#2567,#2568),.UNSPECIFIED.,.F.,
 .F.,(4,1,1,1,1,1,1,1,1,1,1,1,4),(0.,0.0997426008620894,0.190480468422528,
0.272871455102524,0.347983111735535,0.41771053427477,0.485040222610504,
0.553685223983822,0.627029314833328,0.70736521165509,0.795940081220056,
0.893362206275268,1.),.UNSPECIFIED.);
#640=B_SPLINE_CURVE_WITH_KNOTS('',3,(#2570,#2571,#2572,#2573,#2574,#2575,
#2576,#2577,#2578,#2579,#2580,#2581),.UNSPECIFIED.,.F.,.F.,(4,1,2,1,1,1,
1,1,4),(0.,0.0362352831288905,0.0905882078222263,0.181529387040004,0.272470566257781,
0.454352924693336,0.636235283128891,0.818117641564445,1.),.UNSPECIFIED.);
#641=B_SPLINE_CURVE_WITH_KNOTS('',3,(#2582,#2583,#2584,#2585,#2586,#2587,
#2588,#2589),.UNSPECIFIED.,.F.,.F.,(4,1,1,1,1,4),(0.,0.142857142857143,
0.285714285714286,0.571428571428571,0.857142857142857,1.),.UNSPECIFIED.);
#642=B_SPLINE_CURVE_WITH_KNOTS('',3,(#2687,#2688,#2689,#2690,#2691,#2692,
#2693,#2694),.UNSPECIFIED.,.F.,.F.,(4,1,1,1,1,4),(0.,0.142857142857143,
0.285714285714286,0.571428571428571,0.857142857142857,1.),.UNSPECIFIED.);
#643=B_SPLINE_CURVE_WITH_KNOTS('',3,(#2695,#2696,#2697,#2698,#2699,#2700,
#2701,#2702,#2703,#2704,#2705,#2706),.UNSPECIFIED.,.F.,.F.,(4,1,2,1,1,1,
1,1,4),(0.,0.0362352831288905,0.0905882078222263,0.181529387040004,0.272470566257781,
0.454352924693336,0.636235283128891,0.818117641564445,1.),.UNSPECIFIED.);
#644=B_SPLINE_CURVE_WITH_KNOTS('',3,(#2710,#2711,#2712,#2713),
 .UNSPECIFIED.,.F.,.F.,(4,4),(-1.6856791455811,-0.0500171968088186),
 .UNSPECIFIED.);
#645=B_SPLINE_CURVE_WITH_KNOTS('',3,(#2719,#2720,#2721,#2722),
 .UNSPECIFIED.,.F.,.F.,(4,4),(-0.405567150966678,-0.204683976938299),
 .UNSPECIFIED.);
#646=B_SPLINE_CURVE_WITH_KNOTS('',3,(#2728,#2729,#2730,#2731),
 .UNSPECIFIED.,.F.,.F.,(4,4),(-0.250012079912254,-0.0500015721868003),
 .UNSPECIFIED.);
#647=B_SPLINE_CURVE_WITH_KNOTS('',3,(#2736,#2737,#2738,#2739),
 .UNSPECIFIED.,.F.,.F.,(4,4),(-0.250011989323582,-0.0500015809782973),
 .UNSPECIFIED.);
#648=B_SPLINE_CURVE_WITH_KNOTS('',3,(#2750,#2751,#2752,#2753),
 .UNSPECIFIED.,.F.,.F.,(4,4),(-1.95396354509969,-0.480837980170758),
 .UNSPECIFIED.);
#649=B_SPLINE_CURVE_WITH_KNOTS('',3,(#2756,#2757,#2758,#2759),
 .UNSPECIFIED.,.F.,.F.,(4,4),(-2.21710450731093,-0.0493491182147051),
 .UNSPECIFIED.);
#650=B_SPLINE_CURVE_WITH_KNOTS('',3,(#3038,#3039,#3040,#3041),
 .UNSPECIFIED.,.F.,.F.,(4,4),(-0.355796983825925,-0.155720889097903),
 .UNSPECIFIED.);
#651=B_SPLINE_CURVE_WITH_KNOTS('',3,(#3045,#3046,#3047,#3048),
 .UNSPECIFIED.,.F.,.F.,(4,4),(-2.42801451598725,-0.0497929782427722),
 .UNSPECIFIED.);
#652=B_SPLINE_CURVE_WITH_KNOTS('',3,(#3053,#3054,#3055,#3056),
 .UNSPECIFIED.,.F.,.F.,(4,4),(-1.74170911384945,-0.0483559193097861),
 .UNSPECIFIED.);
#653=B_SPLINE_CURVE_WITH_KNOTS('',3,(#3064,#3065,#3066,#3067),
 .UNSPECIFIED.,.F.,.F.,(4,4),(-0.250092812804548,-0.0500084320004559),
 .UNSPECIFIED.);
#654=B_SPLINE_CURVE_WITH_KNOTS('',3,(#3079,#3080,#3081,#3082),
 .UNSPECIFIED.,.F.,.F.,(4,4),(-0.250012219802854,-0.0500015794639976),
 .UNSPECIFIED.);
#655=B_SPLINE_CURVE_WITH_KNOTS('',3,(#3093,#3094,#3095,#3096),
 .UNSPECIFIED.,.F.,.F.,(4,4),(-0.250011851446914,-0.05000157387517),
 .UNSPECIFIED.);
#656=B_SPLINE_CURVE_WITH_KNOTS('',3,(#3103,#3104,#3105,#3106),
 .UNSPECIFIED.,.F.,.F.,(4,4),(-2.24419277607417,-0.0497035622776028),
 .UNSPECIFIED.);
#657=B_SPLINE_CURVE_WITH_KNOTS('',3,(#3110,#3111,#3112,#3113),
 .UNSPECIFIED.,.F.,.F.,(4,4),(-1.71049540511546,-0.0500253370916708),
 .UNSPECIFIED.);
#658=B_SPLINE_CURVE_WITH_KNOTS('',3,(#3382,#3383,#3384,#3385),
 .UNSPECIFIED.,.F.,.F.,(4,4),(-1.93886951851407,-0.480558751092328),
 .UNSPECIFIED.);
#659=B_SPLINE_CURVE_WITH_KNOTS('',3,(#3389,#3390,#3391,#3392),
 .UNSPECIFIED.,.F.,.F.,(4,4),(-0.348072534794564,-0.147189360766185),
 .UNSPECIFIED.);
#660=B_SPLINE_CURVE_WITH_KNOTS('',1,(#3398,#3399),.UNSPECIFIED.,.F.,.F.,
(2,2),(0.899999999999999,2.88089676595188),.UNSPECIFIED.);
#661=B_SPLINE_CURVE_WITH_KNOTS('',1,(#3410,#3411),.UNSPECIFIED.,.F.,.F.,
(2,2),(-0.700000000000001,0.699999999999999),.UNSPECIFIED.);
#662=B_SPLINE_CURVE_WITH_KNOTS('',3,(#3422,#3423,#3424,#3425,#3426,#3427),
 .UNSPECIFIED.,.F.,.F.,(4,2,4),(-0.2,-0.1,0.),.UNSPECIFIED.);
#663=B_SPLINE_CURVE_WITH_KNOTS('',1,(#3430,#3431),.UNSPECIFIED.,.F.,.F.,
(2,2),(-2.88089676595188,-0.900000000000001),.UNSPECIFIED.);
#664=B_SPLINE_CURVE_WITH_KNOTS('',3,(#3454,#3455,#3456,#3457,#3458,#3459,
#3460,#3461,#3462,#3463,#3464,#3465,#3466,#3467,#3468,#3469,#3470,#3471,
#3472,#3473,#3474,#3475,#3476,#3477,#3478,#3479,#3480,#3481,#3482,#3483,
#3484,#3485,#3486,#3487,#3488,#3489,#3490,#3491,#3492,#3493,#3494,#3495,
#3496,#3497,#3498,#3499,#3500,#3501,#3502,#3503,#3504,#3505,#3506,#3507,
#3508,#3509,#3510,#3511,#3512,#3513,#3514,#3515,#3516,#3517,#3518,#3519,
#3520,#3521,#3522,#3523,#3524,#3525,#3526),.UNSPECIFIED.,.F.,.F.,(4,3,3,
3,3,3,3,3,3,3,3,3,3,3,3,3,3,3,3,3,3,3,3,3,4),(-1.25976575871955,-1.22133265293206,
-1.17809855758978,-1.11418445687045,-1.0605224001861,-1.03406745844097,
-1.01407408988147,-0.995596684608131,-0.966502726599866,-0.904944943693497,
-0.82949110167203,-0.750596978426891,-0.672706539833467,-0.599863751714209,
-0.53193244324148,-0.452220699786455,-0.416563838619154,-0.394381430925329,
-0.374730191462213,-0.350728458453245,-0.30855356789915,-0.232307911648848,
-0.154262199095407,-0.0748935253016573,-0.0719264445794797),
 .UNSPECIFIED.);
#665=B_SPLINE_CURVE_WITH_KNOTS('',3,(#3527,#3528,#3529,#3530),
 .UNSPECIFIED.,.F.,.F.,(4,4),(-0.0719264445794797,1.42793043012013E-5),
 .UNSPECIFIED.);
#666=B_SPLINE_CURVE_WITH_KNOTS('',3,(#3537,#3538,#3539,#3540,#3541,#3542,
#3543,#3544,#3545,#3546),.UNSPECIFIED.,.F.,.F.,(4,3,3,4),(-1.55772689351685E-5,
0.,0.0918776871842479,0.108328563104173),.UNSPECIFIED.);
#667=B_SPLINE_CURVE_WITH_KNOTS('',3,(#3547,#3548,#3549,#3550,#3551,#3552,
#3553,#3554,#3555,#3556,#3557,#3558,#3559,#3560,#3561,#3562,#3563,#3564,
#3565,#3566,#3567,#3568,#3569,#3570,#3571,#3572,#3573,#3574,#3575,#3576,
#3577,#3578,#3579,#3580,#3581,#3582,#3583,#3584,#3585,#3586,#3587,#3588,
#3589,#3590,#3591,#3592,#3593,#3594,#3595,#3596,#3597,#3598,#3599,#3600,
#3601,#3602,#3603,#3604,#3605,#3606,#3607,#3608,#3609,#3610,#3611,#3612,
#3613,#3614,#3615,#3616,#3617,#3618,#3619,#3620,#3621,#3622,#3623,#3624,
#3625,#3626,#3627,#3628,#3629,#3630,#3631),.UNSPECIFIED.,.F.,.F.,(4,3,3,
3,3,3,3,3,3,3,3,3,3,3,3,3,3,3,3,3,3,3,3,3,3,3,3,3,4),(0.108328563104173,
0.116854875642512,0.209679391814263,0.228365651659143,0.332610937602947,
0.4290072306009,0.513078484273745,0.553574534517522,0.583716223715427,0.614871295099587,
0.660082924170471,0.758761520040453,0.872824677748815,0.979458287578073,
0.991345824550066,1.08848093033325,1.10743138858642,1.21602629723279,1.31720605022343,
1.42617192245764,1.43685643555008,1.48599648043305,1.51818889700926,1.5478770648753,
1.58571187485011,1.65828756955129,1.76425972258077,1.77232445463039,1.88985811820157),
 .UNSPECIFIED.);
#668=B_SPLINE_CURVE_WITH_KNOTS('',3,(#3718,#3719,#3720,#3721,#3722,#3723,
#3724),.UNSPECIFIED.,.F.,.F.,(4,3,4),(0.,0.191654874003218,0.200168940398772),
 .UNSPECIFIED.);
#669=B_SPLINE_CURVE_WITH_KNOTS('',3,(#3726,#3727,#3728,#3729),
 .UNSPECIFIED.,.F.,.F.,(4,4),(-26.6589215267393,-26.1280421371664),
 .UNSPECIFIED.);
#670=B_SPLINE_CURVE_WITH_KNOTS('',3,(#3730,#3731,#3732,#3733,#3734,#3735,
#3736,#3737,#3738,#3739,#3740,#3741,#3742,#3743,#3744,#3745,#3746,#3747,
#3748,#3749,#3750,#3751,#3752,#3753,#3754,#3755,#3756,#3757,#3758,#3759,
#3760,#3761,#3762,#3763,#3764,#3765,#3766,#3767,#3768,#3769,#3770,#3771,
#3772,#3773,#3774,#3775),.UNSPECIFIED.,.F.,.F.,(4,3,3,3,3,3,3,3,3,3,3,3,
3,3,3,4),(0.,0.403467173609166,0.686479310596018,0.935785998700029,1.16656274845691,
1.38504216429533,1.59516601929023,1.79923744048811,1.99490120529168,2.18545596161781,
2.37124490764625,2.55290984740518,2.73016931012051,2.90670167044135,3.08246851587916,
3.22773738887333),.UNSPECIFIED.);
#671=B_SPLINE_CURVE_WITH_KNOTS('',3,(#3779,#3780,#3781,#3782,#3783,#3784,
#3785,#3786,#3787,#3788,#3789,#3790,#3791,#3792,#3793,#3794,#3795,#3796,
#3797,#3798,#3799,#3800,#3801,#3802,#3803,#3804,#3805,#3806,#3807,#3808,
#3809,#3810,#3811,#3812,#3813,#3814,#3815,#3816,#3817,#3818,#3819,#3820,
#3821,#3822,#3823,#3824),.UNSPECIFIED.,.F.,.F.,(4,3,3,3,3,3,3,3,3,3,3,3,
3,3,3,4),(0.0507517520294774,0.228773442391487,0.407410957322466,0.589687860388716,
0.772722808385953,0.959975154741477,1.15209876369708,1.34971261618196,1.55242076720927,
1.76079094232269,1.97992973730854,2.20887435307583,2.45139371959681,2.72801711144334,
3.05686022898481,3.32384140638246),.UNSPECIFIED.);
#672=B_SPLINE_CURVE_WITH_KNOTS('',3,(#3826,#3827,#3828,#3829),
 .UNSPECIFIED.,.F.,.F.,(4,4),(-0.162455981604237,0.),.UNSPECIFIED.);
#673=B_SPLINE_CURVE_WITH_KNOTS('',3,(#3831,#3832,#3833,#3834,#3835,#3836),
 .UNSPECIFIED.,.F.,.F.,(4,2,4),(-0.00823935137314404,0.,0.191933744963728),
 .UNSPECIFIED.);
#674=B_SPLINE_CURVE_WITH_KNOTS('',3,(#3838,#3839,#3840,#3841,#3842,#3843,
#3844),.UNSPECIFIED.,.F.,.F.,(4,3,4),(-14.9818937962078,-14.910547578295,
-14.7199744916104),.UNSPECIFIED.);
#675=B_SPLINE_CURVE_WITH_KNOTS('',3,(#3846,#3847,#3848,#3849,#3850,#3851,
#3852,#3853,#3854,#3855,#3856,#3857,#3858,#3859,#3860,#3861,#3862,#3863,
#3864,#3865,#3866,#3867,#3868,#3869,#3870,#3871,#3872,#3873,#3874,#3875,
#3876,#3877,#3878,#3879,#3880,#3881,#3882,#3883,#3884,#3885,#3886,#3887,
#3888,#3889,#3890,#3891),.UNSPECIFIED.,.F.,.F.,(4,3,3,3,3,3,3,3,3,3,3,3,
3,3,3,4),(-14.7199744916104,-14.6394440036818,-14.5038935962403,-14.4361183925195,
-14.4022307906592,-14.3683431887988,-14.2327927813573,-14.0972423739158,
-14.0633547720554,-14.029467170195,-13.9616919664743,-13.8261415590328,
-13.5550407441498,-13.0128391143838,-10.8440325953198,-9.99630840968527),
 .UNSPECIFIED.);
#676=B_SPLINE_CURVE_WITH_KNOTS('',3,(#3893,#3894,#3895,#3896,#3897,#3898,
#3899),.UNSPECIFIED.,.F.,.F.,(4,3,4),(0.,0.187810069993376,0.202528390657544),
 .UNSPECIFIED.);
#677=B_SPLINE_CURVE_WITH_KNOTS('',3,(#3901,#3902,#3903,#3904,#3905,#3906,
#3907,#3908,#3909,#3910,#3911,#3912,#3913,#3914,#3915,#3916),
 .UNSPECIFIED.,.F.,.F.,(4,3,3,3,3,4),(-5.38610701636734,-5.18439927029067,
-4.13710463915863,-3.87324802611642,-3.5956051291978,-3.08981000802659),
 .UNSPECIFIED.);
#678=B_SPLINE_CURVE_WITH_KNOTS('',3,(#3918,#3919,#3920,#3921,#3922,#3923),
 .UNSPECIFIED.,.F.,.F.,(4,2,4),(-0.0111305684718798,0.,0.189311971661231),
 .UNSPECIFIED.);
#679=B_SPLINE_CURVE_WITH_KNOTS('',3,(#3925,#3926,#3927,#3928,#3929,#3930,
#3931),.UNSPECIFIED.,.F.,.F.,(4,3,4),(-7.35414566647908,-7.31972200184089,
-7.30769187843494),.UNSPECIFIED.);
#680=B_SPLINE_CURVE_WITH_KNOTS('',3,(#3933,#3934,#3935,#3936,#3937,#3938,
#3939,#3940,#3941,#3942,#3943,#3944,#3945,#3946,#3947,#3948,#3949,#3950,
#3951,#3952,#3953,#3954,#3955,#3956,#3957,#3958,#3959,#3960,#3961,#3962,
#3963,#3964,#3965,#3966,#3967,#3968,#3969,#3970,#3971,#3972,#3973,#3974,
#3975,#3976,#3977,#3978,#3979,#3980,#3981,#3982,#3983,#3984,#3985,#3986,
#3987,#3988,#3989,#3990,#3991,#3992,#3993,#3994,#3995,#3996,#3997,#3998,
#3999,#4000,#4001,#4002,#4003,#4004,#4005,#4006,#4007,#4008,#4009,#4010,
#4011,#4012,#4013,#4014,#4015,#4016,#4017,#4018,#4019,#4020,#4021,#4022,
#4023,#4024,#4025,#4026,#4027,#4028,#4029,#4030,#4031,#4032,#4033,#4034,
#4035,#4036,#4037,#4038,#4039,#4040,#4041,#4042,#4043,#4044,#4045,#4046,
#4047,#4048,#4049,#4050,#4051,#4052,#4053,#4054,#4055,#4056,#4057,#4058,
#4059,#4060,#4061,#4062,#4063,#4064,#4065,#4066,#4067,#4068,#4069,#4070,
#4071),.UNSPECIFIED.,.F.,.F.,(4,3,3,3,3,3,3,3,3,3,3,3,3,3,3,3,3,3,3,3,3,
3,3,3,3,3,3,3,3,3,3,3,3,3,3,3,3,3,3,3,3,3,3,3,3,3,4),(-7.30769187843494,
-7.22935506354656,-7.13898812525223,-7.0486211869579,-6.86788731036923,
-6.68715343378057,-6.59678649548624,-6.50641955719191,-6.32568568060324,
-6.14495180401458,-5.78348405083725,-5.69311711254292,-5.60275017424859,
-5.42201629765992,-5.06054854448259,-4.81957004236438,-4.33761303812794,
-4.15687916153927,-3.97614528495061,-3.79541140836195,-3.70504447006761,
-3.61467753177328,-3.52431059347895,-3.43394365518462,-3.34357671689029,
-3.25320977859595,-3.21932217673558,-3.1854345748752,-3.11765937115445,
-2.98210896371296,-2.71100814882996,-2.43990733394696,-2.16880651906397,
-2.03325611162247,-1.96548090790172,-1.89770570418097,-1.62660488929798,
-1.49105448185648,-1.42327927813573,-1.35550407441498,-1.28772887069423,
-1.21995366697348,-1.08440325953198,-0.813302444648988,-0.542201629765992,
-0.271100814882996,0.),.UNSPECIFIED.);
#681=B_SPLINE_CURVE_WITH_KNOTS('',3,(#4073,#4074,#4075,#4076,#4077,#4078,
#4079,#4080,#4081,#4082,#4083,#4084,#4085,#4086,#4087,#4088,#4089,#4090,
#4091,#4092,#4093,#4094,#4095,#4096,#4097,#4098,#4099,#4100,#4101,#4102,
#4103,#4104,#4105,#4106,#4107,#4108,#4109,#4110,#4111,#4112,#4113,#4114,
#4115,#4116,#4117,#4118,#4119,#4120,#4121,#4122,#4123,#4124,#4125,#4126,
#4127,#4128,#4129,#4130,#4131,#4132,#4133,#4134,#4135,#4136,#4137,#4138,
#4139,#4140,#4141,#4142,#4143,#4144,#4145,#4146,#4147,#4148,#4149,#4150,
#4151,#4152,#4153,#4154,#4155,#4156,#4157,#4158,#4159,#4160,#4161,#4162,
#4163,#4164,#4165,#4166,#4167,#4168,#4169,#4170,#4171,#4172,#4173,#4174,
#4175,#4176,#4177,#4178,#4179,#4180,#4181,#4182,#4183,#4184,#4185,#4186,
#4187,#4188,#4189,#4190,#4191,#4192,#4193,#4194,#4195,#4196),
 .UNSPECIFIED.,.F.,.F.,(4,3,3,3,3,3,3,3,3,3,3,3,3,3,3,3,3,3,3,3,3,3,3,3,
3,3,3,3,3,3,3,3,3,3,3,3,3,3,3,3,3,4),(-3.3645536795066,-3.35704351504341,
-3.34953335058023,-3.34202318611705,-3.33451302165386,-3.32700285719068,
-3.32324777495909,-3.31949269272749,-3.31198252826431,-3.31010498714851,
-3.30447236380112,-3.29696219933794,-3.28945203487475,-3.27443170594839,
-3.24439104809565,-3.22937071916928,-3.21435039024291,-3.18430973239017,
-3.1242284166847,-3.06414710097922,-3.03410644312649,-3.01908611420012,
-3.00406578527375,-2.9815352918842,-2.97402512742101,-2.94398446956827,
-2.91394381171554,-2.8839031538628,-2.83049753990238,-2.79044332943206,
-2.77709192594195,-2.76374052245185,-2.75038911896174,-2.72368631198153,
-2.70365920674637,-2.68363210151121,-2.6435778910409,-2.62355078580574,
-2.60352368057058,-2.56346947010026,-2.54344236486511,-2.53932050291067),
 .UNSPECIFIED.);
#682=B_SPLINE_CURVE_WITH_KNOTS('',3,(#4198,#4199,#4200,#4201,#4202,#4203,
#4204,#4205,#4206,#4207,#4208,#4209,#4210,#4211,#4212,#4213),
 .UNSPECIFIED.,.F.,.F.,(4,3,3,3,3,4),(-2.53932050291067,-2.53342890731855,
-2.52842221180141,-2.52591886404283,-2.52341551628426,-2.52058269542501),
 .UNSPECIFIED.);
#683=B_SPLINE_CURVE_WITH_KNOTS('',3,(#4215,#4216,#4217,#4218,#4219,#4220),
 .UNSPECIFIED.,.F.,.F.,(4,2,4),(0.,0.192782237448832,0.200765250546063),
 .UNSPECIFIED.);
#684=B_SPLINE_CURVE_WITH_KNOTS('',3,(#4222,#4223,#4224,#4225,#4226,#4227,
#4228,#4229,#4230,#4231,#4232,#4233,#4234,#4235,#4236,#4237,#4238,#4239,
#4240,#4241,#4242,#4243,#4244,#4245,#4246,#4247,#4248,#4249,#4250,#4251,
#4252,#4253,#4254,#4255,#4256,#4257,#4258,#4259,#4260,#4261,#4262,#4263,
#4264,#4265,#4266,#4267,#4268,#4269,#4270,#4271,#4272,#4273,#4274,#4275,
#4276,#4277,#4278,#4279,#4280,#4281,#4282,#4283,#4284,#4285,#4286,#4287,
#4288,#4289,#4290,#4291,#4292,#4293,#4294,#4295,#4296,#4297,#4298,#4299,
#4300),.UNSPECIFIED.,.F.,.F.,(4,3,3,3,3,3,3,3,3,3,3,3,3,3,3,3,3,3,3,3,3,
3,3,3,3,3,4),(-19.177415279412,-18.8422910679038,-18.5089986164543,-18.1783224226863,
-17.8534793651488,-17.5327625253771,-17.2195332924885,-17.0221622164951,
-16.8959761376583,-16.7730364003065,-16.6529332799349,-16.5352746471502,
-16.4196755181754,-16.3057477643227,-16.1930883188248,-16.0812640827353,
-15.9697911046129,-15.8581156517886,-15.7448405375607,-15.6296792808571,
-15.5117499359098,-15.3862064780527,-15.2605708722492,-15.1350734883652,
-15.0190629652408,-15.0095761044812,-15.0073169267431),.UNSPECIFIED.);
#685=B_SPLINE_CURVE_WITH_KNOTS('',3,(#4302,#4303,#4304,#4305,#4306,#4307,
#4308),.UNSPECIFIED.,.F.,.F.,(4,3,4),(-0.0155758173496787,0.,0.187167957202215),
 .UNSPECIFIED.);
#686=B_SPLINE_CURVE_WITH_KNOTS('',3,(#4310,#4311,#4312,#4313,#4314,#4315,
#4316,#4317,#4318,#4319,#4320,#4321,#4322,#4323,#4324,#4325,#4326,#4327,
#4328,#4329,#4330,#4331,#4332,#4333,#4334,#4335,#4336,#4337,#4338,#4339,
#4340,#4341,#4342,#4343,#4344,#4345,#4346,#4347,#4348,#4349,#4350,#4351,
#4352,#4353,#4354,#4355,#4356,#4357,#4358),.UNSPECIFIED.,.F.,.F.,(4,3,3,
3,3,3,3,3,3,3,3,3,3,3,3,3,4),(-1.90321008664773,-1.68227683975331,-1.56211420834236,
-1.50203289263689,-1.44195157693141,-1.41191091907867,-1.38187026122594,
-1.32178894552046,-1.20162631410951,-1.08146368269856,-1.02138236699308,
-0.961301051287609,-0.901219735582133,-0.841138419876658,-0.720975788465707,
-0.480650525643805,-0.350874548053252),.UNSPECIFIED.);
#687=B_SPLINE_CURVE_WITH_KNOTS('',3,(#4359,#4360,#4361,#4362),
 .UNSPECIFIED.,.F.,.F.,(4,4),(-0.350874548053252,-0.162634394811932),
 .UNSPECIFIED.);
#688=B_SPLINE_CURVE_WITH_KNOTS('',3,(#4365,#4366,#4367,#4368,#4369,#4370,
#4371,#4372,#4373,#4374),.UNSPECIFIED.,.F.,.F.,(4,3,3,4),(-1.88953746026566,
-1.82261181028821,-1.81412195479235,-1.77690869146332),.UNSPECIFIED.);
#689=B_SPLINE_CURVE_WITH_KNOTS('',3,(#4375,#4376,#4377,#4378,#4379,#4380,
#4381,#4382,#4383,#4384,#4385,#4386,#4387,#4388,#4389,#4390,#4391,#4392,
#4393,#4394,#4395,#4396,#4397,#4398,#4399,#4400,#4401,#4402,#4403,#4404,
#4405,#4406,#4407,#4408,#4409,#4410,#4411,#4412,#4413,#4414,#4415,#4416,
#4417,#4418,#4419,#4420,#4421,#4422,#4423,#4424,#4425,#4426,#4427,#4428,
#4429,#4430,#4431,#4432,#4433,#4434,#4435,#4436,#4437,#4438,#4439,#4440,
#4441,#4442,#4443,#4444,#4445,#4446,#4447,#4448,#4449,#4450,#4451,#4452,
#4453,#4454,#4455,#4456,#4457,#4458,#4459,#4460,#4461,#4462,#4463,#4464,
#4465,#4466,#4467,#4468,#4469,#4470,#4471,#4472,#4473,#4474),
 .UNSPECIFIED.,.F.,.F.,(4,3,3,3,3,3,3,3,3,3,3,3,3,3,3,3,3,3,3,3,3,3,3,3,
3,3,3,3,3,3,3,3,3,4),(-1.77690869146332,-1.74073806124174,-1.67239476582056,
-1.63044615933297,-1.53383771698009,-1.52664017826788,-1.4498763514833,
-1.40903549036784,-1.3493469637661,-1.30549116254249,-1.2622692077488,-1.20448944472383,
-1.123260151658,-1.09873331349841,-1.00242789410586,-0.981849073130356,
-0.910880070252169,-0.862910504087723,-0.794699988324797,-0.748589899006025,
-0.672900409417162,-0.640990828908995,-0.539731491220396,-0.462923226092387,
-0.444930218719876,-0.391452892388262,-0.348825390689989,-0.303044749896124,
-0.235662913666964,-0.154079437003015,-0.11782256967942,-0.0348898763711927,
0.,0.000188767712106408),.UNSPECIFIED.);
#690=B_SPLINE_CURVE_WITH_KNOTS('',3,(#4477,#4478,#4479,#4480,#4481,#4482,
#4483,#4484,#4485,#4486),.UNSPECIFIED.,.F.,.F.,(4,3,3,4),(-1.55772689375694E-5,
0.,0.0918776871842554,0.108328563104247),.UNSPECIFIED.);
#691=B_SPLINE_CURVE_WITH_KNOTS('',3,(#4487,#4488,#4489,#4490,#4491,#4492,
#4493,#4494,#4495,#4496,#4497,#4498,#4499,#4500,#4501,#4502,#4503,#4504,
#4505,#4506,#4507,#4508,#4509,#4510,#4511,#4512,#4513,#4514,#4515,#4516,
#4517,#4518,#4519,#4520,#4521,#4522,#4523,#4524,#4525,#4526,#4527,#4528,
#4529,#4530,#4531,#4532,#4533,#4534,#4535,#4536,#4537,#4538,#4539,#4540,
#4541,#4542,#4543,#4544,#4545,#4546,#4547,#4548,#4549,#4550,#4551,#4552,
#4553,#4554,#4555,#4556,#4557,#4558,#4559,#4560,#4561,#4562,#4563,#4564,
#4565,#4566,#4567,#4568,#4569,#4570,#4571),.UNSPECIFIED.,.F.,.F.,(4,3,3,
3,3,3,3,3,3,3,3,3,3,3,3,3,3,3,3,3,3,3,3,3,3,3,3,3,4),(0.108328563104247,
0.116854875642597,0.209679391814447,0.228365651659345,0.332610937603249,
0.429007230601312,0.513078484274263,0.553574534518097,0.583716223716113,
0.614871295100289,0.660082924171191,0.758761520041263,0.872824677749712,
0.979458287578974,0.991345824551083,1.08848093033437,1.10743138858756,1.21602629723406,
1.31720605022483,1.42617192245913,1.43685643555163,1.48599648043465,1.51818889701088,
1.54787706487694,1.5857118748518,1.65828756955304,1.76425972258262,1.77232445463226,
1.88985811820348),.UNSPECIFIED.);
#692=B_SPLINE_CURVE_WITH_KNOTS('',3,(#4574,#4575,#4576,#4577),
 .UNSPECIFIED.,.F.,.F.,(4,4),(-1.58912254208771,-0.0490811075907947),
 .UNSPECIFIED.);
#693=B_SPLINE_CURVE_WITH_KNOTS('',3,(#4579,#4580,#4581,#4582),
 .UNSPECIFIED.,.F.,.F.,(4,4),(-3.57791199974358,-0.0506293580858917),
 .UNSPECIFIED.);
#694=B_SPLINE_CURVE_WITH_KNOTS('',3,(#4584,#4585,#4586,#4587,#4588,#4589,
#4590,#4591,#4592,#4593,#4594,#4595,#4596,#4597,#4598,#4599,#4600,#4601,
#4602,#4603,#4604,#4605,#4606,#4607,#4608,#4609,#4610,#4611,#4612,#4613,
#4614,#4615,#4616,#4617,#4618,#4619,#4620,#4621,#4622,#4623,#4624,#4625,
#4626),.UNSPECIFIED.,.F.,.F.,(4,3,3,3,3,3,3,3,3,3,3,3,3,3,4),(-3.76799208483927,
-3.50658076689495,-3.23090283843708,-2.93505884879207,-2.61268294645595,
-2.2722697710209,-1.94926945350501,-1.64829225976399,-1.36557901742448,
-1.09676184100688,-0.835141352385321,-0.590176795754192,-0.351363016680704,
-0.119978911197052,-0.0502798865206455),.UNSPECIFIED.);
#695=B_SPLINE_CURVE_WITH_KNOTS('',3,(#4628,#4629,#4630,#4631),
 .UNSPECIFIED.,.F.,.F.,(4,4),(-3.36510945771048,-0.0500000000000003),
 .UNSPECIFIED.);
#696=B_SPLINE_CURVE_WITH_KNOTS('',3,(#4632,#4633,#4634,#4635,#4636,#4637,
#4638,#4639,#4640,#4641,#4642,#4643,#4644,#4645,#4646,#4647,#4648,#4649,
#4650,#4651,#4652,#4653,#4654,#4655,#4656,#4657,#4658,#4659,#4660,#4661,
#4662,#4663,#4664,#4665,#4666,#4667,#4668,#4669,#4670,#4671,#4672,#4673,
#4674),.UNSPECIFIED.,.F.,.F.,(4,3,3,3,3,3,3,3,3,3,3,3,3,3,4),(-3.48073561366395,
-3.26513465454358,-3.043398960289,-2.81437984423774,-2.57665492989064,-2.32860561936078,
-2.06746658354106,-1.77950206466516,-1.47263990754524,-1.15768723710372,
-0.870526629381097,-0.603008561394229,-0.35037329576123,-0.112101891563064,
-0.050247737878609),.UNSPECIFIED.);
#697=B_SPLINE_CURVE_WITH_KNOTS('',3,(#4677,#4678,#4679,#4680,#4681,#4682,
#4683,#4684,#4685,#4686),.UNSPECIFIED.,.F.,.F.,(4,3,3,4),(-1.88953746026502,
-1.82261181028763,-1.81412195479165,-1.77690869146265),.UNSPECIFIED.);
#698=B_SPLINE_CURVE_WITH_KNOTS('',3,(#4687,#4688,#4689,#4690,#4691,#4692,
#4693,#4694,#4695,#4696,#4697,#4698,#4699,#4700,#4701,#4702,#4703,#4704,
#4705,#4706,#4707,#4708,#4709,#4710,#4711,#4712,#4713,#4714,#4715,#4716,
#4717,#4718,#4719,#4720,#4721,#4722,#4723,#4724,#4725,#4726,#4727,#4728,
#4729,#4730,#4731,#4732,#4733,#4734,#4735,#4736,#4737,#4738,#4739,#4740,
#4741,#4742,#4743,#4744,#4745,#4746,#4747,#4748,#4749,#4750,#4751,#4752,
#4753,#4754,#4755,#4756,#4757,#4758,#4759,#4760,#4761,#4762,#4763,#4764,
#4765,#4766,#4767,#4768,#4769,#4770,#4771,#4772,#4773,#4774,#4775,#4776,
#4777,#4778,#4779,#4780,#4781,#4782,#4783,#4784,#4785,#4786),
 .UNSPECIFIED.,.F.,.F.,(4,3,3,3,3,3,3,3,3,3,3,3,3,3,3,3,3,3,3,3,3,3,3,3,
3,3,3,3,3,3,3,3,3,4),(-1.77690869146265,-1.7407380612411,-1.67239476581981,
-1.6304461593325,-1.53383771697984,-1.52664017826748,-1.44987635148261,
-1.40903549036753,-1.34934696376588,-1.30549116254235,-1.26226920774871,
-1.20448944472372,-1.12326015165926,-1.09873331349833,-1.00242789410768,
-0.981849073130268,-0.910880070252007,-0.862910504087619,-0.794699988324677,
-0.748589899005906,-0.672900409417288,-0.640990828908879,-0.539731491220317,
-0.462923226092147,-0.444930218719787,-0.391452892388182,-0.348825390689949,
-0.30304474989613,-0.235662913666978,-0.154079437003205,-0.117822569679422,
-0.0348898763711936,0.,0.000188767712106852),.UNSPECIFIED.);
#699=B_SPLINE_CURVE_WITH_KNOTS('',3,(#4790,#4791,#4792,#4793,#4794,#4795,
#4796,#4797,#4798,#4799,#4800,#4801,#4802,#4803,#4804,#4805,#4806,#4807,
#4808,#4809,#4810,#4811,#4812,#4813,#4814,#4815,#4816,#4817,#4818,#4819,
#4820,#4821,#4822,#4823,#4824,#4825,#4826,#4827,#4828,#4829,#4830,#4831,
#4832,#4833,#4834,#4835,#4836),.UNSPECIFIED.,.F.,.F.,(4,3,2,2,2,2,2,2,2,
2,2,2,2,2,2,2,2,2,2,2,2,2,4),(-0.000230547358427771,0.,0.0399393952282647,
0.0848711983120352,0.164539365287988,0.205908239575715,0.235522070876453,
0.264368860228102,0.30235833010862,0.369885567564861,0.447621151198092,
0.526867988921584,0.603426938272531,0.67547085307059,0.743267664035084,
0.808992994537372,0.845344706848669,0.873877906653761,0.90408320537397,
0.947792714207148,1.02668890971573,1.10517970968908,1.18329780008695),
 .UNSPECIFIED.);
#700=B_SPLINE_CURVE_WITH_KNOTS('',3,(#4837,#4838,#4839,#4840,#4841,#4842),
 .UNSPECIFIED.,.F.,.F.,(4,2,4),(1.18329780008695,1.18504194209541,1.25966263378181),
 .UNSPECIFIED.);
#701=B_SPLINE_CURVE_WITH_KNOTS('',3,(#4934,#4935,#4936,#4937,#4938,#4939,
#4940,#4941,#4942,#4943,#4944,#4945,#4946,#4947,#4948,#4949,#4950,#4951,
#4952,#4953,#4954,#4955,#4956,#4957,#4958,#4959,#4960,#4961,#4962,#4963,
#4964,#4965,#4966,#4967,#4968,#4969,#4970,#4971,#4972,#4973,#4974,#4975,
#4976,#4977,#4978,#4979,#4980),.UNSPECIFIED.,.F.,.F.,(4,3,2,2,2,2,2,2,2,
2,2,2,2,2,2,2,2,2,2,2,2,2,4),(-0.000230547358427924,0.,0.0399393952282829,
0.0848711983121344,0.164539365288269,0.205908239576071,0.235522070876846,
0.264368860228512,0.302358330109003,0.369885567565213,0.447621151198428,
0.526867988921888,0.603426938272802,0.67547085307085,0.743267664035333,
0.808992994537578,0.845344706848858,0.873877906653937,0.904083205374169,
0.94779271420736,1.02668890971594,1.10517970968935,1.18329780008726),
 .UNSPECIFIED.);
#702=B_SPLINE_CURVE_WITH_KNOTS('',3,(#4981,#4982,#4983,#4984,#4985,#4986),
 .UNSPECIFIED.,.F.,.F.,(4,2,4),(1.18329780008726,1.18504194209572,1.25966263378212),
 .UNSPECIFIED.);
#703=B_SPLINE_CURVE_WITH_KNOTS('',3,(#5078,#5079,#5080,#5081,#5082,#5083,
#5084,#5085,#5086,#5087,#5088,#5089,#5090,#5091,#5092,#5093,#5094,#5095,
#5096,#5097,#5098,#5099,#5100,#5101,#5102,#5103,#5104,#5105,#5106,#5107,
#5108,#5109,#5110,#5111,#5112,#5113,#5114,#5115,#5116,#5117,#5118,#5119,
#5120,#5121,#5122,#5123,#5124,#5125,#5126,#5127,#5128,#5129,#5130,#5131,
#5132,#5133,#5134,#5135,#5136,#5137,#5138,#5139,#5140,#5141,#5142,#5143,
#5144,#5145,#5146,#5147,#5148,#5149,#5150),.UNSPECIFIED.,.F.,.F.,(4,3,3,
3,3,3,3,3,3,3,3,3,3,3,3,3,3,3,3,3,3,3,3,3,4),(-1.25976575871819,-1.22133265293073,
-1.1780985575885,-1.11418445686915,-1.06052240018479,-1.03406745843967,
-1.01407408988017,-0.995596684606851,-0.966502726598639,-0.904944943692435,
-0.829491101671135,-0.750596978426156,-0.672706539832876,-0.599863751713747,
-0.531932443241169,-0.452220699786368,-0.416563838619136,-0.394381430925319,
-0.374730191462223,-0.350728458453268,-0.308553567899171,-0.23230791164886,
-0.15426219909541,-0.0748935253016573,-0.0719264445794788),
 .UNSPECIFIED.);
#704=B_SPLINE_CURVE_WITH_KNOTS('',3,(#5151,#5152,#5153,#5154),
 .UNSPECIFIED.,.F.,.F.,(4,4),(-0.0719264445794788,1.42793043012013E-5),
 .UNSPECIFIED.);
#705=B_SPLINE_CURVE_WITH_KNOTS('',3,(#5246,#5247,#5248,#5249,#5250,#5251,
#5252),.UNSPECIFIED.,.F.,.F.,(4,3,4),(-3.45556348876912,-2.48827130690849,
-0.0502428798331627),.UNSPECIFIED.);
#706=B_SPLINE_CURVE_WITH_KNOTS('',3,(#5257,#5258,#5259,#5260),
 .UNSPECIFIED.,.F.,.F.,(4,4),(-1.56763390187821,-0.0490121624257758),
 .UNSPECIFIED.);
#707=B_SPLINE_CURVE_WITH_KNOTS('',3,(#5264,#5265,#5266,#5267),
 .UNSPECIFIED.,.F.,.F.,(4,4),(-3.58430434085729,-0.0506279529723437),
 .UNSPECIFIED.);
#708=B_SPLINE_CURVE_WITH_KNOTS('',3,(#5271,#5272,#5273,#5274),
 .UNSPECIFIED.,.F.,.F.,(4,4),(-3.36510945771048,-0.0499999999999998),
 .UNSPECIFIED.);
#709=B_SPLINE_CURVE_WITH_KNOTS('',3,(#5277,#5278,#5279,#5280,#5281,#5282,
#5283),.UNSPECIFIED.,.F.,.F.,(4,3,4),(-3.78881103027054,-1.11222268711419,
-0.0502814276760275),.UNSPECIFIED.);
#710=B_SPLINE_CURVE_WITH_KNOTS('',3,(#5329,#5330,#5331,#5332,#5333,#5334,
#5335,#5336,#5337,#5338),.UNSPECIFIED.,.F.,.F.,(4,3,3,4),(-3.23234550488143,
-3.2164108734261,-1.33212631805807,-4.44089209850063E-16),.UNSPECIFIED.);
#711=B_SPLINE_CURVE_WITH_KNOTS('',3,(#5348,#5349,#5350,#5351,#5352,#5353,
#5354,#5355,#5356,#5357,#5358,#5359,#5360,#5361,#5362,#5363,#5364,#5365,
#5366,#5367,#5368,#5369,#5370,#5371,#5372,#5373,#5374,#5375,#5376,#5377,
#5378,#5379,#5380,#5381,#5382,#5383,#5384,#5385,#5386,#5387,#5388,#5389,
#5390,#5391,#5392,#5393),.UNSPECIFIED.,.F.,.F.,(4,3,3,3,3,3,3,3,3,3,3,3,
3,3,3,4),(0.000343155527837513,0.0585538697876206,0.107282213851882,0.150655435943497,
0.190360789879275,0.224245199119696,0.269425223661628,0.300132545853222,
0.343874261737395,0.37538144437777,0.422079446460129,0.465958830851608,
0.518399524004028,0.564865652109745,0.619257445596026,0.663234909226954),
 .UNSPECIFIED.);
#712=B_SPLINE_CURVE_WITH_KNOTS('',3,(#5520,#5521,#5522,#5523,#5524,#5525,
#5526,#5527,#5528,#5529,#5530,#5531,#5532,#5533,#5534,#5535,#5536,#5537,
#5538,#5539,#5540,#5541,#5542,#5543,#5544,#5545,#5546,#5547,#5548,#5549,
#5550,#5551,#5552,#5553,#5554,#5555,#5556,#5557,#5558,#5559,#5560,#5561,
#5562,#5563,#5564,#5565,#5566,#5567,#5568),.UNSPECIFIED.,.F.,.F.,(4,3,3,
3,3,3,3,3,3,3,3,3,3,3,3,3,4),(0.000343155527836223,0.0510935969218706,0.101197279792023,
0.143347275012242,0.189343905736636,0.221464320573681,0.260668980808241,
0.291372558477498,0.332997209688569,0.367171437036945,0.399980234922284,
0.439483742870325,0.502267134708943,0.556699340564497,0.602836899237657,
0.644860579486734,0.663234909226954),.UNSPECIFIED.);
#713=B_SPLINE_CURVE_WITH_KNOTS('',3,(#5574,#5575,#5576,#5577,#5578,#5579),
 .UNSPECIFIED.,.F.,.F.,(4,2,4),(-2.54858700840673,-1.27429350420336,-0.191789899192095),
 .UNSPECIFIED.);
#714=B_SPLINE_CURVE_WITH_KNOTS('',3,(#5582,#5583,#5584,#5585),
 .UNSPECIFIED.,.F.,.F.,(4,4),(-1.5,0.),.UNSPECIFIED.);
#715=B_SPLINE_CURVE_WITH_KNOTS('',3,(#5588,#5589,#5590,#5591),
 .UNSPECIFIED.,.F.,.F.,(4,4),(-1.55,-0.0499999999999983),.UNSPECIFIED.);
#716=B_SPLINE_CURVE_WITH_KNOTS('',3,(#5594,#5595,#5596,#5597),
 .UNSPECIFIED.,.F.,.F.,(4,4),(-1.5,0.),.UNSPECIFIED.);
#717=B_SPLINE_CURVE_WITH_KNOTS('',3,(#5600,#5601,#5602,#5603),
 .UNSPECIFIED.,.F.,.F.,(4,4),(-1.55,-0.0499999999999983),.UNSPECIFIED.);
#718=B_SPLINE_CURVE_WITH_KNOTS('',3,(#5606,#5607,#5608,#5609),
 .UNSPECIFIED.,.F.,.F.,(4,4),(-2.82149154244607,-0.0506340386160574),
 .UNSPECIFIED.);
#719=B_SPLINE_CURVE_WITH_KNOTS('',3,(#5612,#5613,#5614,#5615),
 .UNSPECIFIED.,.F.,.F.,(4,4),(-1.95795346827404,-0.0498135301545334),
 .UNSPECIFIED.);
#720=B_SPLINE_CURVE_WITH_KNOTS('',3,(#5618,#5619,#5620,#5621),
 .UNSPECIFIED.,.F.,.F.,(4,4),(-1.55,-0.0499999999999983),.UNSPECIFIED.);
#721=B_SPLINE_CURVE_WITH_KNOTS('',3,(#5624,#5625,#5626,#5627),
 .UNSPECIFIED.,.F.,.F.,(4,4),(-1.5,0.),.UNSPECIFIED.);
#722=B_SPLINE_CURVE_WITH_KNOTS('',3,(#5630,#5631,#5632,#5633),
 .UNSPECIFIED.,.F.,.F.,(4,4),(-2.82209852184296,-0.0506297633935004),
 .UNSPECIFIED.);
#723=B_SPLINE_CURVE_WITH_KNOTS('',3,(#5636,#5637,#5638,#5639),
 .UNSPECIFIED.,.F.,.F.,(4,4),(-1.94999633994845,-0.0498003241871196),
 .UNSPECIFIED.);
#724=B_SPLINE_CURVE_WITH_KNOTS('',3,(#5642,#5643,#5644,#5645),
 .UNSPECIFIED.,.F.,.F.,(4,4),(-1.55,-0.0499999999999983),.UNSPECIFIED.);
#725=B_SPLINE_CURVE_WITH_KNOTS('',3,(#5648,#5649,#5650,#5651),
 .UNSPECIFIED.,.F.,.F.,(4,4),(-1.5,0.),.UNSPECIFIED.);
#726=B_SPLINE_CURVE_WITH_KNOTS('',3,(#5837,#5838,#5839,#5840,#5841,#5842,
#5843,#5844,#5845,#5846,#5847,#5848,#5849,#5850,#5851,#5852,#5853,#5854,
#5855,#5856,#5857,#5858,#5859,#5860,#5861,#5862,#5863,#5864,#5865,#5866,
#5867,#5868,#5869,#5870,#5871,#5872,#5873,#5874,#5875,#5876,#5877,#5878,
#5879,#5880,#5881,#5882,#5883,#5884,#5885,#5886,#5887,#5888,#5889,#5890,
#5891,#5892,#5893,#5894,#5895,#5896,#5897,#5898,#5899,#5900,#5901,#5902,
#5903,#5904,#5905,#5906,#5907,#5908,#5909,#5910,#5911,#5912,#5913,#5914,
#5915,#5916,#5917,#5918),.UNSPECIFIED.,.F.,.F.,(4,3,3,3,3,3,3,3,3,3,3,3,
3,3,3,3,3,3,3,3,3,3,3,3,3,3,3,4),(-3.3645536795066,-3.35679241228838,-3.35060393647573,
-3.33898241409577,-3.332798051148,-3.31292654420439,-3.30283192551646,-3.29273730682854,
-3.2782547689063,-3.25815602670763,-3.23805728450896,-3.20707618789202,
-3.17609509127508,-3.14207359023046,-3.11137412659648,-3.08067466296249,
-3.02550767382539,-2.96965121529058,-2.926931405301,-2.84761712986024,-2.80795999213986,
-2.78813142327967,-2.76830285441948,-2.74006437462737,-2.71182589483525,
-2.62974763059221,-2.57516501182497,-2.53932050291067),.UNSPECIFIED.);
#727=B_SPLINE_CURVE_WITH_KNOTS('',3,(#5919,#5920,#5921,#5922),
 .UNSPECIFIED.,.F.,.F.,(4,4),(-2.53932050291067,-2.52058269542501),
 .UNSPECIFIED.);
#728=B_SPLINE_CURVE_WITH_KNOTS('',3,(#5923,#5924,#5925,#5926,#5927,#5928,
#5929,#5930,#5931,#5932,#5933,#5934,#5935,#5936,#5937,#5938,#5939,#5940,
#5941,#5942,#5943,#5944,#5945,#5946,#5947,#5948,#5949,#5950,#5951,#5952,
#5953,#5954,#5955,#5956,#5957,#5958,#5959,#5960,#5961,#5962,#5963,#5964,
#5965,#5966,#5967,#5968),.UNSPECIFIED.,.F.,.F.,(4,3,3,3,3,3,3,3,3,3,3,3,
3,3,3,4),(-2.52058269542501,-2.50338844834042,-2.4833613332967,-2.48085794391624,
-2.47835455453578,-2.47334777577485,-2.46333421825299,-2.44330710320928,
-2.40325287312185,-2.24303595277214,-2.22300883772843,-2.20298172268472,
-2.16292749259729,-2.08281903242244,-1.92260211207273,-1.90321008664773),
 .UNSPECIFIED.);
#729=B_SPLINE_CURVE_WITH_KNOTS('',3,(#5969,#5970,#5971,#5972,#5973,#5974,
#5975,#5976,#5977,#5978,#5979,#5980,#5981,#5982,#5983,#5984,#5985,#5986,
#5987,#5988,#5989,#5990,#5991,#5992,#5993,#5994,#5995,#5996,#5997,#5998,
#5999,#6000,#6001,#6002),.UNSPECIFIED.,.F.,.F.,(4,3,3,3,3,3,3,3,3,3,3,4),
(-1.90321008664773,-1.81236528038278,-1.65103981544607,-1.48971435050937,
-1.3792703013884,-1.26882625226743,-1.15838220314645,-1.04793815402548,
-0.87242142922231,-0.696904704419136,-0.429771556988249,-0.350874548053252),
 .UNSPECIFIED.);
#730=B_SPLINE_CURVE_WITH_KNOTS('',3,(#6003,#6004,#6005,#6006),
 .UNSPECIFIED.,.F.,.F.,(4,4),(-0.350874548053252,-0.162634394811932),
 .UNSPECIFIED.);
#731=B_SPLINE_CURVE_WITH_KNOTS('',3,(#6008,#6009,#6010,#6011,#6012,#6013,
#6014,#6015,#6016,#6017,#6018,#6019,#6020),.UNSPECIFIED.,.F.,.F.,(4,3,3,
3,4),(-0.162634394811932,-0.113684307655191,-0.0642294676967327,-0.0140707225808233,
0.),.UNSPECIFIED.);
#732=B_SPLINE_CURVE_WITH_KNOTS('',3,(#6181,#6182,#6183,#6184,#6185,#6186,
#6187,#6188,#6189,#6190,#6191,#6192,#6193,#6194,#6195,#6196,#6197,#6198,
#6199,#6200,#6201,#6202,#6203,#6204,#6205,#6206,#6207,#6208),
 .UNSPECIFIED.,.F.,.F.,(4,3,3,3,3,3,3,3,3,4),(0.744385139473288,0.74688026803269,
0.796672285901536,0.829494172203298,0.873466162665908,0.900519451062636,
0.930565865163664,0.953729741811443,0.982264116366279,0.993781899143368),
 .UNSPECIFIED.);
#733=B_SPLINE_CURVE_WITH_KNOTS('',3,(#6210,#6211,#6212,#6213),
 .UNSPECIFIED.,.F.,.F.,(4,4),(0.,0.0378025283326482),.UNSPECIFIED.);
#734=B_SPLINE_CURVE_WITH_KNOTS('',3,(#6214,#6215,#6216,#6217,#6218,#6219,
#6220,#6221,#6222,#6223,#6224,#6225,#6226,#6227,#6228,#6229,#6230,#6231,
#6232,#6233,#6234,#6235,#6236,#6237,#6238,#6239,#6240,#6241,#6242,#6243,
#6244,#6245,#6246,#6247,#6248,#6249,#6250,#6251,#6252,#6253,#6254,#6255,
#6256,#6257,#6258,#6259,#6260,#6261,#6262,#6263,#6264,#6265,#6266,#6267,
#6268,#6269,#6270,#6271,#6272,#6273,#6274,#6275,#6276,#6277,#6278,#6279,
#6280,#6281,#6282,#6283,#6284,#6285,#6286,#6287,#6288,#6289,#6290,#6291,
#6292,#6293,#6294,#6295,#6296,#6297,#6298,#6299,#6300,#6301,#6302,#6303,
#6304,#6305,#6306,#6307,#6308,#6309,#6310,#6311,#6312,#6313,#6314,#6315,
#6316,#6317,#6318,#6319,#6320,#6321,#6322,#6323,#6324,#6325,#6326,#6327,
#6328,#6329,#6330,#6331,#6332,#6333,#6334,#6335,#6336,#6337,#6338,#6339,
#6340,#6341,#6342,#6343,#6344,#6345,#6346,#6347,#6348,#6349,#6350,#6351,
#6352,#6353,#6354,#6355,#6356,#6357,#6358,#6359,#6360,#6361,#6362,#6363,
#6364,#6365,#6366,#6367,#6368,#6369,#6370,#6371,#6372,#6373,#6374,#6375,
#6376,#6377,#6378,#6379,#6380,#6381,#6382,#6383,#6384,#6385,#6386,#6387,
#6388,#6389,#6390,#6391,#6392,#6393,#6394,#6395,#6396,#6397,#6398,#6399,
#6400,#6401,#6402,#6403,#6404,#6405,#6406,#6407,#6408,#6409,#6410,#6411,
#6412,#6413,#6414,#6415,#6416,#6417,#6418,#6419,#6420,#6421,#6422,#6423,
#6424,#6425,#6426,#6427,#6428,#6429,#6430,#6431,#6432,#6433,#6434,#6435,
#6436,#6437,#6438,#6439,#6440,#6441,#6442,#6443,#6444,#6445,#6446,#6447,
#6448,#6449,#6450,#6451,#6452,#6453,#6454,#6455,#6456,#6457,#6458,#6459,
#6460,#6461,#6462,#6463,#6464,#6465,#6466,#6467,#6468,#6469,#6470,#6471,
#6472,#6473,#6474,#6475,#6476,#6477,#6478,#6479,#6480,#6481,#6482,#6483,
#6484,#6485,#6486,#6487,#6488,#6489,#6490,#6491,#6492,#6493,#6494,#6495,
#6496,#6497,#6498,#6499,#6500,#6501,#6502,#6503,#6504,#6505,#6506,#6507,
#6508,#6509,#6510,#6511,#6512,#6513,#6514,#6515,#6516,#6517,#6518,#6519,
#6520,#6521,#6522,#6523,#6524,#6525,#6526,#6527,#6528,#6529,#6530,#6531,
#6532,#6533,#6534,#6535,#6536,#6537,#6538,#6539,#6540,#6541,#6542,#6543,
#6544,#6545,#6546,#6547,#6548,#6549,#6550,#6551,#6552,#6553,#6554,#6555,
#6556,#6557,#6558,#6559,#6560,#6561,#6562,#6563,#6564,#6565,#6566,#6567,
#6568,#6569,#6570,#6571,#6572,#6573,#6574,#6575,#6576,#6577,#6578,#6579,
#6580,#6581,#6582,#6583,#6584,#6585,#6586,#6587,#6588,#6589,#6590,#6591,
#6592,#6593,#6594,#6595,#6596,#6597,#6598,#6599,#6600,#6601,#6602,#6603,
#6604,#6605,#6606,#6607,#6608,#6609,#6610,#6611,#6612,#6613,#6614,#6615,
#6616,#6617,#6618,#6619,#6620,#6621,#6622,#6623,#6624,#6625,#6626,#6627,
#6628,#6629,#6630,#6631,#6632,#6633,#6634,#6635,#6636,#6637,#6638,#6639,
#6640,#6641,#6642,#6643,#6644,#6645,#6646,#6647,#6648,#6649,#6650,#6651,
#6652,#6653,#6654,#6655,#6656,#6657,#6658,#6659,#6660,#6661,#6662,#6663,
#6664,#6665,#6666,#6667,#6668,#6669,#6670,#6671,#6672,#6673,#6674,#6675,
#6676,#6677,#6678,#6679,#6680,#6681,#6682,#6683,#6684,#6685,#6686,#6687,
#6688,#6689,#6690,#6691,#6692,#6693,#6694,#6695,#6696,#6697,#6698,#6699,
#6700,#6701,#6702,#6703,#6704,#6705,#6706,#6707,#6708,#6709,#6710,#6711,
#6712,#6713,#6714,#6715,#6716,#6717,#6718,#6719,#6720,#6721,#6722,#6723,
#6724,#6725,#6726,#6727,#6728,#6729,#6730,#6731,#6732,#6733,#6734,#6735,
#6736,#6737,#6738,#6739,#6740,#6741,#6742,#6743,#6744,#6745,#6746,#6747,
#6748,#6749,#6750,#6751,#6752,#6753,#6754,#6755,#6756,#6757),
 .UNSPECIFIED.,.F.,.F.,(4,3,3,3,3,3,3,3,3,3,3,3,3,3,3,3,3,3,3,3,3,3,3,3,
3,3,3,3,3,3,3,3,3,3,3,3,3,3,3,3,3,3,3,3,3,3,3,3,3,3,3,3,3,3,3,3,3,3,3,3,
3,3,3,3,3,3,3,3,3,3,3,3,3,3,3,3,3,3,3,3,3,3,3,3,3,3,3,3,3,3,3,3,3,3,3,3,
3,3,3,3,3,3,3,3,3,3,3,3,3,3,3,3,3,3,3,3,3,3,3,3,3,3,3,3,3,3,3,3,3,3,3,3,
3,3,3,3,3,3,3,3,3,3,3,3,3,3,3,3,3,3,3,3,3,3,3,3,3,3,3,3,3,3,3,3,3,3,3,3,
3,3,3,3,3,3,3,3,3,3,3,3,3,4),(-7.35038948597496,-7.31261688061371,-7.29769951634853,
-7.25848550470923,-7.22035119622043,-7.18810257020101,-7.15505455855617,
-7.12167293479245,-7.08792277771821,-7.05224730643916,-7.0173934926702,
-6.98130719263609,-6.94522089260199,-6.90861591159097,-6.87170074991784,
-6.8344515054246,-6.79684289715749,-6.7586576278917,-6.72010724937602,-6.68100522459972,
-6.67263540181514,-6.61680730145926,-6.55926714653503,-6.49845508416495,
-6.469354649257,-6.40439682917179,-6.34317555284646,-6.28635719885016,-6.23331519221293,
-6.1833600667523,-6.1359586401662,-6.08939200226848,-6.04683554575234,-6.00559595920658,
-5.96607643535008,-5.94969208857534,-5.88978423407807,-5.83759926634678,
-5.78771442633235,-5.74076795145535,-5.71006067058625,-5.6603913558633,
-5.60977365363022,-5.55815034876578,-5.50545769778335,-5.45101715638672,
-5.39549183013082,-5.33823200371187,-5.3138633746216,-5.26073271429277,
-5.20650405020851,-5.15049784005575,-5.12477096510904,-5.05348690199761,
-4.97394395897055,-4.89055274850774,-4.81970909947496,-4.75324403262015,
-4.69154154850913,-4.6403791171193,-4.58218258508261,-4.52368728957639,
-4.46542048102645,-4.40762390365555,-4.35105182328735,-4.29602421433762,
-4.24791260246137,-4.20164906956907,-4.15633884122837,-4.10972735595093,
-4.06657156636044,-4.06311587067348,-4.00464696782629,-3.94621954133409,
-3.88840485528364,-3.86208004294035,-3.80368292390623,-3.74533099464875,
-3.68789237767543,-3.65753933179081,-3.61522622613374,-3.57451191910559,
-3.53583630024679,-3.49815252666274,-3.46188418544186,-3.43260897424206,
-3.38302957908146,-3.33252866647873,-3.28817762386516,-3.24751308732855,
-3.21031513435774,-3.19103841454511,-3.15050866648443,-3.11096064091584,
-3.09437395351725,-3.04573063808462,-2.99734117423652,-2.94928125779507,
-2.90195189995502,-2.87938263047982,-2.84694640087687,-2.81343311778864,
-2.77771024633264,-2.73830910325129,-2.70215774573236,-2.67102113185877,
-2.64208074957885,-2.61456031688634,-2.5883868975651,-2.58133828604056,
-2.55094293136533,-2.54793136485478,-2.51160184731171,-2.47466472120384,
-2.43710248921928,-2.39857174812623,-2.3594661748244,-2.31949411392364,
-2.30312971142432,-2.27493300382114,-2.24538731201633,-2.21921291184946,
-2.16863231198411,-2.13893145289499,-2.11242233509276,-2.08779912021111,
-2.06452316459211,-2.04277824029263,-2.02172514347077,-2.00164107128738,
-1.98335533793861,-1.95932972445782,-1.95222365521247,-1.91832070597471,
-1.88410228345861,-1.84931068904312,-1.81412663527204,-1.77822111343117,
-1.76200118774728,-1.74161795510615,-1.73146652958714,-1.70781445128006,
-1.68711888276138,-1.66901026030752,-1.65241988446113,-1.63633735121989,
-1.62058682270435,-1.60504035469249,-1.589342741802,-1.57386606243468,-1.55805798278262,
-1.54224990313055,-1.5203432050963,-1.50049382057427,-1.47997119765977,
-1.4587360278414,-1.43636666560456,-1.41329396812302,-1.38916298267273,
-1.38303631072026,-1.32547306918309,-1.26511293807453,-1.20304288394391,
-1.13849047479672,-1.12171104239009,-1.06981818695016,-1.01349374432018,
-0.953924057771878,-0.887648493944214,-0.855096522603037,-0.782988657279635,
-0.709016828505112,-0.631204870154088,-0.550438572091173,-0.463369623592038,
-0.430437208584165,-0.40566166774703,-0.349316433406267,-0.293085556728937,
-0.236960630837264,-0.188943295196262,-0.138491161031647),.UNSPECIFIED.);
#735=B_SPLINE_CURVE_WITH_KNOTS('',3,(#6758,#6759,#6760,#6761,#6762,#6763,
#6764,#6765,#6766,#6767,#6768,#6769,#6770,#6771,#6772,#6773,#6774,#6775,
#6776,#6777,#6778,#6779,#6780,#6781,#6782,#6783,#6784,#6785,#6786,#6787,
#6788,#6789,#6790,#6791,#6792,#6793,#6794,#6795,#6796,#6797,#6798,#6799,
#6800,#6801,#6802,#6803,#6804,#6805,#6806,#6807,#6808,#6809,#6810,#6811,
#6812,#6813,#6814,#6815,#6816,#6817,#6818,#6819,#6820,#6821,#6822,#6823,
#6824,#6825,#6826,#6827,#6828,#6829,#6830,#6831,#6832,#6833,#6834,#6835,
#6836,#6837,#6838,#6839,#6840,#6841,#6842,#6843,#6844,#6845,#6846,#6847,
#6848,#6849,#6850,#6851,#6852,#6853,#6854,#6855,#6856,#6857,#6858,#6859,
#6860,#6861,#6862,#6863,#6864,#6865,#6866,#6867,#6868,#6869,#6870,#6871,
#6872,#6873,#6874,#6875,#6876,#6877,#6878,#6879,#6880,#6881,#6882,#6883,
#6884,#6885,#6886,#6887,#6888,#6889,#6890,#6891,#6892,#6893,#6894,#6895,
#6896,#6897,#6898,#6899,#6900,#6901,#6902,#6903,#6904,#6905,#6906,#6907,
#6908,#6909,#6910,#6911,#6912,#6913,#6914,#6915,#6916,#6917,#6918,#6919,
#6920,#6921,#6922,#6923,#6924,#6925,#6926,#6927,#6928,#6929),
 .UNSPECIFIED.,.F.,.F.,(4,3,3,3,3,3,3,3,3,3,3,3,3,3,3,3,3,3,3,3,3,3,3,3,
3,3,3,3,3,3,3,3,3,3,3,3,3,3,3,3,3,3,3,3,3,3,3,3,3,3,3,3,3,3,3,3,3,4),(-14.9746074771944,
-14.9050444111697,-14.8363474179335,-14.7688048873311,-14.7026820788889,
-14.6376466487804,-14.57374825912,-14.5110286058148,-14.4501435970182,-14.3903235397694,
-14.3321670683015,-14.2960071731138,-14.2436449620498,-14.2337581597911,
-14.177172220316,-14.1193325886866,-14.0602559781703,-13.9999678724873,
-13.9378918307055,-13.8747678094427,-13.8106344983547,-13.7455329771559,
-13.679054168457,-13.6118418583661,-13.5436109638851,-13.5077559159113,
-13.4466433536971,-13.3838579882312,-13.3184830155112,-13.2926877223516,
-13.2102674458301,-13.1228619460191,-13.0351332399886,-12.9451676154527,
-12.8528022532005,-12.7564577835295,-12.657621548573,-12.554767702198,-12.5110234473428,
-12.4099960759453,-12.3052331530254,-12.1963151591019,-12.0827514366591,
-11.9639865644811,-11.8363768330962,-11.7029884086006,-11.5645212013087,
-11.4227345677213,-11.2821965092265,-11.1464702023378,-11.0178996040911,
-10.895867712703,-10.7692918490553,-10.6493578549958,-10.4973387415579,
-10.3450151028842,-10.1869156948289,-10.0412814012444),.UNSPECIFIED.);
#736=B_SPLINE_CURVE_WITH_KNOTS('',3,(#6930,#6931,#6932,#6933,#6934,#6935),
 .UNSPECIFIED.,.F.,.F.,(4,2,4),(-2.35679710921463,-0.134377831402632,0.),
 .UNSPECIFIED.);
#737=B_SPLINE_CURVE_WITH_KNOTS('',3,(#6937,#6938,#6939,#6940,#6941,#6942,
#6943,#6944,#6945,#6946,#6947,#6948,#6949,#6950,#6951,#6952,#6953,#6954,
#6955,#6956,#6957,#6958,#6959,#6960,#6961,#6962,#6963,#6964),
 .UNSPECIFIED.,.F.,.F.,(4,3,3,3,3,3,3,3,3,4),(0.744385139473288,0.756435875659669,
0.801328357364592,0.833737460551356,0.875303095413517,0.901190899658139,
0.928215900361981,0.951381047787188,0.975690523893594,0.993781899143368),
 .UNSPECIFIED.);
#738=B_SPLINE_CURVE_WITH_KNOTS('',3,(#7145,#7146,#7147,#7148,#7149,#7150,
#7151),.UNSPECIFIED.,.F.,.F.,(4,3,4),(0.,1.19394366985432,1.89670481833863),
 .UNSPECIFIED.);
#739=B_SPLINE_CURVE_WITH_KNOTS('',3,(#7153,#7154,#7155,#7156,#7157,#7158,
#7159,#7160,#7161,#7162),.UNSPECIFIED.,.F.,.F.,(4,3,3,4),(-3.3282285773592,
-1.97712118070516,-0.0659880053843383,-0.0498263260222545),
 .UNSPECIFIED.);
#740=B_SPLINE_CURVE_WITH_KNOTS('',3,(#7164,#7165,#7166,#7167,#7168,#7169,
#7170,#7171,#7172,#7173,#7174,#7175,#7176,#7177,#7178,#7179,#7180,#7181,
#7182,#7183,#7184,#7185,#7186,#7187,#7188,#7189,#7190,#7191,#7192,#7193,
#7194,#7195,#7196,#7197,#7198,#7199,#7200,#7201,#7202,#7203,#7204,#7205,
#7206,#7207,#7208,#7209,#7210,#7211,#7212,#7213,#7214,#7215,#7216,#7217,
#7218,#7219,#7220,#7221,#7222,#7223,#7224,#7225,#7226,#7227,#7228,#7229,
#7230,#7231,#7232,#7233,#7234,#7235,#7236,#7237,#7238,#7239,#7240,#7241),
 .UNSPECIFIED.,.F.,.F.,(4,1,1,1,1,1,1,1,1,1,1,1,1,1,1,1,1,1,1,1,1,1,1,1,
1,1,1,1,1,1,1,1,1,1,1,1,1,1,1,1,1,1,1,1,1,1,1,1,1,1,1,1,1,1,1,1,1,1,1,1,
1,1,1,1,1,1,1,1,1,1,1,1,1,1,1,4),(0.,0.2403252628219,0.4806505256438,0.7209757884657,
0.84113841987665,0.901219735582125,0.9613010512876,1.02138236699307,1.08146368269855,
1.2016263141095,1.32178894552045,1.38187026122592,1.41191091907866,1.4419515769314,
1.50203289263687,1.56211420834235,1.6822768397533,1.9226021025752,2.08281894445647,
2.1629273653971,2.20298157586742,2.22300868110257,2.24303578633773,2.403252628219,
2.44330683868932,2.46333394392447,2.47334749654205,2.47835427285084,2.48085766100524,
2.48336104915963,2.50338815439479,2.52341525962995,2.52591864778434,2.52842203593874,
2.53342881224753,2.54344236486511,2.56346947010027,2.60352368057058,2.62355078580574,
2.6435778910409,2.68363210151122,2.70365920674637,2.72368631198153,2.75038911896174,
2.76374052245185,2.77709192594195,2.79044332943206,2.83049753990238,2.8839031538628,
2.91394381171554,2.94398446956827,2.97402512742101,2.9815352918842,3.00406578527375,
3.01908611420012,3.03410644312649,3.06414710097922,3.1242284166847,3.18430973239017,
3.21435039024291,3.22937071916928,3.24439104809565,3.27443170594839,3.28945203487475,
3.29696219933794,3.30447236380112,3.31010498714851,3.31198252826431,3.31949269272749,
3.32324777495908,3.32700285719068,3.33451302165386,3.34202318611705,3.34953335058023,
3.35704351504341,3.3645536795066),.UNSPECIFIED.);
#741=B_SPLINE_CURVE_WITH_KNOTS('',3,(#7242,#7243,#7244,#7245,#7246,#7247,
#7248,#7249,#7250,#7251,#7252,#7253,#7254,#7255,#7256,#7257,#7258,#7259,
#7260,#7261,#7262,#7263,#7264,#7265,#7266,#7267,#7268,#7269,#7270,#7271,
#7272,#7273,#7274,#7275,#7276,#7277,#7278,#7279,#7280,#7281,#7282,#7283,
#7284,#7285,#7286,#7287,#7288,#7289,#7290,#7291,#7292,#7293,#7294,#7295,
#7296,#7297,#7298,#7299,#7300,#7301,#7302,#7303,#7304,#7305,#7306,#7307,
#7308,#7309,#7310,#7311,#7312,#7313,#7314),.UNSPECIFIED.,.F.,.F.,(4,1,1,
1,1,1,1,1,1,1,1,1,1,1,1,1,1,1,1,1,1,1,1,1,1,1,1,1,1,1,1,1,1,1,1,1,1,1,1,
1,1,1,1,1,1,1,1,1,1,1,1,1,1,1,1,1,1,1,1,1,1,1,1,1,1,1,1,1,1,1,4),(0.,0.271100814882996,
0.542201629765992,0.813302444648988,1.08440325953198,1.21995366697348,1.28772887069423,
1.35550407441498,1.42327927813573,1.49105448185648,1.62660488929798,1.89770570418097,
1.96548090790172,2.03325611162247,2.16880651906397,2.43990733394696,2.71100814882996,
2.98210896371296,3.11765937115445,3.1854345748752,3.21932217673558,3.25320977859595,
3.34357671689028,3.43394365518462,3.52431059347895,3.61467753177328,3.70504447006761,
3.79541140836194,3.97614528495061,4.15687916153927,4.33761303812794,4.81957004236437,
5.06054854448259,5.42201629765992,5.60275017424858,5.69311711254292,5.78348405083725,
6.14495180401458,6.32568568060324,6.5064195571919,6.59678649548624,6.68715343378057,
6.86788731036923,7.0486211869579,7.13898812525223,7.22935506354656,7.31972200184089,
7.41008894013522,7.59082281672389,7.95229056990122,8.31375832307855,8.40412526137288,
8.49449219966721,8.67522607625587,9.75962933578786,10.8440325953198,13.0128391143838,
13.5550407441498,13.8261415590328,13.9616919664743,14.029467170195,14.0633547720554,
14.0972423739158,14.2327927813573,14.3683431887988,14.4022307906592,14.4361183925195,
14.5038935962403,14.6394440036818,14.9105448185648,15.1816456334478),
 .UNSPECIFIED.);
#742=B_SPLINE_CURVE_WITH_KNOTS('',3,(#7316,#7317,#7318,#7319,#7320,#7321,
#7322),.UNSPECIFIED.,.F.,.F.,(4,3,4),(-1.89670481833863,-1.19394366985432,
0.),.UNSPECIFIED.);
#743=B_SPLINE_CURVE_WITH_KNOTS('',3,(#7325,#7326,#7327,#7328,#7329,#7330,
#7331),.UNSPECIFIED.,.F.,.F.,(4,3,4),(-1.89670481833903,-1.19394366985435,
2.22044604925031E-16),.UNSPECIFIED.);
#744=B_SPLINE_CURVE_WITH_KNOTS('',3,(#7333,#7334,#7335,#7336,#7337,#7338,
#7339),.UNSPECIFIED.,.F.,.F.,(4,3,4),(-1.89670481833903,-1.19394366985435,
2.22044604925031E-16),.UNSPECIFIED.);
#745=B_SPLINE_CURVE_WITH_KNOTS('',3,(#7634,#7635,#7636,#7637,#7638,#7639,
#7640,#7641,#7642,#7643,#7644,#7645,#7646,#7647,#7648,#7649,#7650,#7651,
#7652,#7653,#7654,#7655,#7656,#7657,#7658,#7659,#7660,#7661),
 .UNSPECIFIED.,.F.,.F.,(4,3,3,3,3,3,3,3,3,4),(-9.99630840968527,-9.75962933578786,
-8.67522607625587,-8.49449219966721,-8.40412526137288,-8.31375832307855,
-7.95229056990122,-7.59082281672389,-7.41008894013523,-7.35414566647909),
 .UNSPECIFIED.);
#746=B_SPLINE_CURVE_WITH_KNOTS('',3,(#7662,#7663,#7664,#7665),
 .UNSPECIFIED.,.F.,.F.,(4,4),(-15.1816456334478,-14.9818937962078),
 .UNSPECIFIED.);
#747=B_SPLINE_CURVE_WITH_KNOTS('',3,(#8168,#8169,#8170,#8171,#8172,#8173),
 .UNSPECIFIED.,.F.,.F.,(4,2,4),(0.,0.119823233484397,0.231360664320887),
 .UNSPECIFIED.);
#748=B_SPLINE_CURVE_WITH_KNOTS('',3,(#8174,#8175,#8176,#8177,#8178,#8179,
#8180,#8181,#8182,#8183,#8184,#8185,#8186,#8187,#8188,#8189,#8190,#8191,
#8192,#8193,#8194,#8195,#8196,#8197,#8198,#8199,#8200,#8201,#8202,#8203,
#8204,#8205,#8206,#8207,#8208,#8209,#8210,#8211,#8212,#8213,#8214,#8215,
#8216,#8217,#8218,#8219,#8220,#8221,#8222,#8223,#8224,#8225,#8226,#8227,
#8228,#8229,#8230,#8231,#8232,#8233,#8234,#8235,#8236,#8237,#8238,#8239,
#8240,#8241,#8242,#8243,#8244,#8245,#8246,#8247,#8248,#8249,#8250,#8251,
#8252,#8253,#8254,#8255,#8256,#8257,#8258,#8259,#8260,#8261,#8262,#8263,
#8264,#8265,#8266,#8267,#8268,#8269,#8270,#8271,#8272,#8273,#8274,#8275,
#8276,#8277,#8278,#8279,#8280,#8281,#8282,#8283,#8284,#8285,#8286,#8287,
#8288,#8289,#8290,#8291,#8292,#8293,#8294,#8295,#8296,#8297,#8298,#8299,
#8300,#8301,#8302,#8303,#8304,#8305,#8306,#8307,#8308,#8309,#8310,#8311,
#8312,#8313,#8314,#8315,#8316,#8317,#8318,#8319,#8320,#8321,#8322,#8323,
#8324,#8325,#8326,#8327,#8328,#8329,#8330,#8331,#8332,#8333,#8334,#8335,
#8336,#8337,#8338,#8339,#8340,#8341,#8342,#8343,#8344,#8345,#8346,#8347,
#8348,#8349,#8350,#8351,#8352,#8353,#8354,#8355,#8356,#8357,#8358,#8359,
#8360,#8361,#8362,#8363,#8364,#8365,#8366,#8367,#8368,#8369,#8370,#8371,
#8372,#8373,#8374,#8375,#8376,#8377,#8378,#8379,#8380,#8381,#8382,#8383,
#8384,#8385,#8386,#8387,#8388,#8389,#8390,#8391,#8392,#8393,#8394,#8395,
#8396,#8397,#8398,#8399,#8400,#8401,#8402,#8403,#8404,#8405,#8406,#8407,
#8408,#8409,#8410,#8411,#8412,#8413,#8414,#8415,#8416,#8417,#8418,#8419,
#8420,#8421,#8422,#8423,#8424,#8425,#8426,#8427,#8428,#8429,#8430,#8431,
#8432,#8433,#8434,#8435,#8436,#8437,#8438,#8439,#8440,#8441,#8442,#8443,
#8444,#8445,#8446,#8447,#8448,#8449,#8450,#8451,#8452,#8453,#8454,#8455,
#8456,#8457,#8458,#8459,#8460,#8461,#8462,#8463,#8464,#8465,#8466,#8467,
#8468,#8469,#8470,#8471,#8472,#8473,#8474,#8475,#8476,#8477,#8478,#8479,
#8480,#8481,#8482,#8483,#8484,#8485,#8486,#8487,#8488,#8489,#8490,#8491,
#8492,#8493,#8494,#8495,#8496,#8497,#8498,#8499,#8500,#8501,#8502,#8503,
#8504,#8505,#8506,#8507,#8508,#8509,#8510,#8511,#8512,#8513,#8514,#8515,
#8516,#8517,#8518,#8519,#8520,#8521,#8522,#8523,#8524,#8525,#8526,#8527,
#8528,#8529,#8530,#8531,#8532,#8533,#8534,#8535,#8536,#8537,#8538,#8539,
#8540,#8541,#8542,#8543,#8544,#8545,#8546,#8547,#8548,#8549,#8550,#8551,
#8552,#8553,#8554,#8555,#8556,#8557,#8558,#8559,#8560,#8561,#8562,#8563,
#8564,#8565,#8566,#8567,#8568,#8569,#8570,#8571,#8572,#8573,#8574,#8575,
#8576,#8577,#8578,#8579,#8580,#8581,#8582,#8583,#8584,#8585,#8586,#8587,
#8588,#8589,#8590,#8591,#8592,#8593,#8594,#8595,#8596,#8597,#8598,#8599,
#8600,#8601,#8602,#8603,#8604,#8605,#8606,#8607,#8608,#8609,#8610,#8611,
#8612,#8613,#8614,#8615,#8616,#8617,#8618,#8619,#8620,#8621,#8622,#8623,
#8624,#8625,#8626,#8627,#8628,#8629,#8630,#8631,#8632,#8633,#8634,#8635,
#8636,#8637,#8638,#8639,#8640,#8641,#8642,#8643,#8644,#8645,#8646,#8647,
#8648,#8649,#8650,#8651,#8652,#8653,#8654,#8655,#8656,#8657,#8658,#8659,
#8660,#8661,#8662,#8663,#8664,#8665,#8666,#8667,#8668,#8669,#8670,#8671,
#8672,#8673,#8674,#8675,#8676,#8677,#8678,#8679,#8680,#8681,#8682,#8683,
#8684,#8685,#8686,#8687,#8688,#8689,#8690,#8691,#8692,#8693,#8694,#8695,
#8696,#8697,#8698,#8699,#8700,#8701,#8702,#8703,#8704,#8705,#8706,#8707,
#8708,#8709,#8710,#8711,#8712,#8713,#8714,#8715,#8716,#8717),
 .UNSPECIFIED.,.F.,.F.,(4,3,3,3,3,3,3,3,3,3,3,3,3,3,3,3,3,3,3,3,3,3,3,3,
3,3,3,3,3,3,3,3,3,3,3,3,3,3,3,3,3,3,3,3,3,3,3,3,3,3,3,3,3,3,3,3,3,3,3,3,
3,3,3,3,3,3,3,3,3,3,3,3,3,3,3,3,3,3,3,3,3,3,3,3,3,3,3,3,3,3,3,3,3,3,3,3,
3,3,3,3,3,3,3,3,3,3,3,3,3,3,3,3,3,3,3,3,3,3,3,3,3,3,3,3,3,3,3,3,3,3,3,3,
3,3,3,3,3,3,3,3,3,3,3,3,3,3,3,3,3,3,3,3,3,3,3,3,3,3,3,3,3,3,3,3,3,3,3,3,
3,3,3,3,3,3,3,3,3,3,3,3,3,4),(-3.36002717876037,-3.35881720307935,-3.35759706928632,
-3.35680590754675,-3.35460576304464,-3.35236034259295,-3.35062819222946,
-3.34669917620661,-3.34600395339092,-3.34381940751075,-3.34164381800679,
-3.33947855043546,-3.3390268773031,-3.33659133228481,-3.33424412710213,
-3.33285326769926,-3.33096024593541,-3.32898283451154,-3.32681431146219,
-3.32603878503994,-3.32374641081185,-3.32142610209914,-3.31906685755512,
-3.31669125369956,-3.31430160232851,-3.31301631324723,-3.31137504448281,
-3.30977725446268,-3.3083592997694,-3.30701388282566,-3.30560751096555,
-3.30410182434792,-3.30235579914679,-3.29998239456792,-3.29820234113376,
-3.29675905523663,-3.29538118187508,-3.29406643236288,-3.2928621808313,
-3.29111944045376,-3.2906387604477,-3.28859369656083,-3.28654338349131,
-3.28448076891659,-3.28241034451531,-3.28032679718896,-3.27840482508428,
-3.27533880219089,-3.27228130456939,-3.26923026031021,-3.26753942646942,
-3.26510598600551,-3.26260120187984,-3.26001897997408,-3.25730126196501,
-3.25449200847051,-3.2515782715371,-3.24854463205305,-3.24529342124767,
-3.2417344863209,-3.2382772359015,-3.23104966387618,-3.22451310098502,-3.21957146434496,
-3.21797653809385,-3.21266163572499,-3.20752800262933,-3.20255512979727,
-3.19772736010552,-3.19309873652718,-3.18857100217227,-3.18419539402302,
-3.18034726488968,-3.17642278226515,-3.1726412149184,-3.16868890617935,
-3.16458538324644,-3.16026986723667,-3.1556070809174,-3.14984726920818,
-3.14246043766156,-3.13760401143557,-3.13497296880044,-3.12724494847981,
-3.11944777431102,-3.11153793848335,-3.10356036342828,-3.09547199454042,
-3.09066063402324,-3.08493612357091,-3.08116827058667,-3.07556615236595,
-3.06964248166516,-3.06328354039148,-3.05621771874989,-3.04801538583185,
-3.04086511075651,-3.03683210209317,-3.03086344066793,-3.02609720557518,
-3.01908341614217,-3.01186739873884,-3.00442253314363,-2.99657067349222,
-2.98843005239793,-2.97978512176843,-2.97833644077865,-2.97132505664475,
-2.97033787001242,-2.96500717889167,-2.95963153148171,-2.95412262840915,
-2.94847808894049,-2.94263013110449,-2.93667140578353,-2.93056570360822,
-2.9276923410464,-2.92137167813811,-2.91497242685996,-2.90849578243854,
-2.90240968941324,-2.89619112589081,-2.88977651503814,-2.88314071304948,
-2.87610925050219,-2.8687752300681,-2.86109439668948,-2.85294574536168,
-2.84479877025478,-2.83714889350791,-2.83269519029594,-2.82463382667134,
-2.81735119592229,-2.81058490353642,-2.80420667838386,-2.7981402041298,
-2.79233470805706,-2.78658593424608,-2.78129102422714,-2.77613934024462,
-2.77117581329909,-2.76933961281314,-2.76875839943682,-2.76420577842692,
-2.75946262356656,-2.75450110196365,-2.74913296095152,-2.74345204033544,
-2.73738739026816,-2.73052214040547,-2.72303366784169,-2.7146744421799,
-2.71296085512554,-2.71041176100919,-2.70238185180045,-2.69333357568542,
-2.68350560151669,-2.67347656748887,-2.66416961172481,-2.65587626778846,
-2.64796796974298,-2.64036664884828,-2.63311346393988,-2.63102530821858,
-2.63008556070282,-2.6235074942083,-2.6165993175273,-2.60982216065762,-2.60296538477147,
-2.59602558769746,-2.58894862785828,-2.58179216403151,-2.57450010237069,
-2.56824208076031,-2.56213301305783,-2.55593338934888,-2.54963759976846,
-2.54323938519195,-2.53667834487214,-2.53001352199184,-2.52319291296294,
-2.52210653706322),.UNSPECIFIED.);
#749=B_SPLINE_CURVE_WITH_KNOTS('',3,(#8790,#8791,#8792,#8793,#8794,#8795,
#8796,#8797,#8798,#8799,#8800,#8801,#8802,#8803,#8804,#8805,#8806,#8807,
#8808,#8809,#8810,#8811,#8812,#8813,#8814,#8815,#8816,#8817,#8818,#8819,
#8820,#8821,#8822,#8823,#8824,#8825,#8826,#8827,#8828,#8829,#8830,#8831,
#8832,#8833,#8834,#8835,#8836,#8837,#8838,#8839,#8840,#8841,#8842,#8843,
#8844,#8845,#8846,#8847,#8848,#8849,#8850,#8851,#8852,#8853,#8854,#8855,
#8856,#8857,#8858,#8859,#8860,#8861,#8862,#8863,#8864,#8865,#8866,#8867,
#8868,#8869,#8870,#8871,#8872,#8873,#8874,#8875,#8876,#8877,#8878,#8879,
#8880,#8881,#8882,#8883,#8884,#8885,#8886,#8887,#8888,#8889,#8890,#8891,
#8892,#8893,#8894,#8895,#8896,#8897,#8898,#8899,#8900,#8901,#8902,#8903,
#8904,#8905,#8906,#8907,#8908,#8909,#8910,#8911,#8912,#8913,#8914,#8915,
#8916,#8917,#8918,#8919,#8920,#8921,#8922,#8923,#8924,#8925,#8926,#8927,
#8928,#8929,#8930,#8931,#8932,#8933,#8934,#8935,#8936,#8937,#8938,#8939,
#8940,#8941,#8942,#8943,#8944,#8945,#8946,#8947,#8948,#8949,#8950,#8951,
#8952,#8953,#8954,#8955,#8956,#8957,#8958,#8959,#8960,#8961,#8962,#8963,
#8964,#8965,#8966,#8967),.UNSPECIFIED.,.F.,.F.,(4,3,3,3,3,3,3,3,3,3,3,3,
3,3,3,3,3,3,3,3,3,3,3,3,3,3,3,3,3,3,3,3,3,3,3,3,3,3,3,3,3,3,3,3,3,3,3,3,
3,3,3,3,3,3,3,3,3,3,3,4),(-1.8923916328609,-1.85951786054169,-1.8279916788279,
-1.81506421895629,-1.78763130574784,-1.76007047119983,-1.73433411546171,
-1.70911753585273,-1.68459988925744,-1.67738796755579,-1.64648630788393,
-1.61695560606036,-1.58867585095093,-1.56204145741972,-1.53622281418446,
-1.51155579565199,-1.49297431314472,-1.46405235001656,-1.43570334378316,
-1.41861128127744,-1.3903456136715,-1.36238183957616,-1.33465274386916,
-1.30685271545174,-1.27945665331576,-1.25210668196324,-1.22476042130791,
-1.19663344511339,-1.16910942344155,-1.14068096998568,-1.11225251652981,
-1.07434771266446,-1.0519662752286,-1.0241432763524,-0.996622882650091,
-0.969294193053618,-0.942072553388234,-0.913609205109635,-0.886385173292933,
-0.859092396326054,-0.831699266218653,-0.804175112082141,-0.776392971765425,
-0.748424261908855,-0.720119181034696,-0.714365767159442,-0.701543201088452,
-0.663753995759256,-0.625107729550481,-0.585594778144912,-0.545208324282672,
-0.50394396834725,-0.461335039472611,-0.417901283934752,-0.37364368220074,
-0.328564500953879,-0.282266481849297,-0.2352759779748,-0.187297060618113,
-0.168227325693352),.UNSPECIFIED.);
#750=B_SPLINE_CURVE_WITH_KNOTS('',3,(#9160,#9161,#9162,#9163),
 .UNSPECIFIED.,.F.,.F.,(4,4),(0.,8.9182612233423E-6),.UNSPECIFIED.);
#751=B_SPLINE_CURVE_WITH_KNOTS('',3,(#9164,#9165,#9166,#9167,#9168,#9169,
#9170,#9171,#9172,#9173,#9174,#9175,#9176,#9177,#9178,#9179,#9180,#9181,
#9182,#9183,#9184,#9185,#9186,#9187,#9188,#9189,#9190,#9191,#9192,#9193,
#9194,#9195,#9196,#9197,#9198,#9199,#9200,#9201,#9202,#9203,#9204,#9205,
#9206,#9207,#9208,#9209,#9210,#9211,#9212,#9213,#9214,#9215,#9216,#9217,
#9218,#9219,#9220,#9221,#9222,#9223,#9224,#9225,#9226,#9227,#9228,#9229,
#9230,#9231,#9232,#9233,#9234,#9235,#9236,#9237,#9238,#9239,#9240,#9241,
#9242,#9243,#9244,#9245),.UNSPECIFIED.,.F.,.F.,(4,3,3,3,3,3,3,3,3,3,3,3,
3,3,3,3,3,3,3,3,3,3,3,3,3,3,3,4),(-7.30769187843494,-7.19159287856323,-6.93373414734083,
-6.67587541611843,-6.19435435304344,-5.71283328996844,-5.42004633842606,
-5.12725938688367,-4.71268480529047,-4.29811022369727,-3.86395534315175,
-3.43427573729809,-3.09587648066963,-2.8996731530727,-2.70346982547578,
-2.58259169979162,-2.40144109455568,-2.22029048931974,-1.98431839065714,
-1.85831283198301,-1.73230727330888,-1.62669435376032,-1.52108143421175,
-1.38370786808236,-0.855511729608527,-0.430646214865564,-0.189035039903126,
0.),.UNSPECIFIED.);
#752=B_SPLINE_CURVE_WITH_KNOTS('',3,(#9246,#9247,#9248,#9249),
 .UNSPECIFIED.,.F.,.F.,(4,4),(-7.35414566647909,-7.30769187843494),
 .UNSPECIFIED.);
#753=B_SPLINE_CURVE_WITH_KNOTS('',3,(#9418,#9419,#9420,#9421),
 .UNSPECIFIED.,.F.,.F.,(4,4),(-14.9818937962078,-14.7199744916104),
 .UNSPECIFIED.);
#754=B_SPLINE_CURVE_WITH_KNOTS('',3,(#9422,#9423,#9424,#9425,#9426,#9427,
#9428,#9429,#9430,#9431,#9432,#9433,#9434,#9435,#9436,#9437,#9438,#9439,
#9440,#9441,#9442,#9443,#9444,#9445,#9446,#9447,#9448,#9449),
 .UNSPECIFIED.,.F.,.F.,(4,3,3,3,3,3,3,3,3,4),(-14.7199744916104,-14.6112798061061,
-14.2406696089038,-14.0052877612597,-13.7699059136156,-13.2991422183275,
-12.6379888727778,-11.9768355272282,-10.6545288361289,-9.99630840968527),
 .UNSPECIFIED.);
#755=(
BOUNDED_CURVE()
B_SPLINE_CURVE(5,(#2517,#2518,#2519,#2520,#2521,#2522,#2523,#2524,#2525),
 .UNSPECIFIED.,.F.,.F.)
B_SPLINE_CURVE_WITH_KNOTS((6,1,1,1,6),(0.,0.1,0.2,0.3,0.357637695467084),
 .UNSPECIFIED.)
CURVE()
GEOMETRIC_REPRESENTATION_ITEM()
RATIONAL_B_SPLINE_CURVE((1.,1.,1.,1.,1.,1.,1.,1.,1.))
REPRESENTATION_ITEM('')
);
#756=(
BOUNDED_CURVE()
B_SPLINE_CURVE(5,(#2527,#2528,#2529,#2530,#2531,#2532,#2533,#2534,#2535,
#2536),.UNSPECIFIED.,.F.,.F.)
B_SPLINE_CURVE_WITH_KNOTS((6,1,1,1,1,6),(0.357637695467084,0.4,0.5,0.6,
0.7,0.753025433863292),.UNSPECIFIED.)
CURVE()
GEOMETRIC_REPRESENTATION_ITEM()
RATIONAL_B_SPLINE_CURVE((1.,1.,1.,1.,1.,1.,1.,1.,1.,1.))
REPRESENTATION_ITEM('')
);
#757=(
BOUNDED_CURVE()
B_SPLINE_CURVE(5,(#2538,#2539,#2540,#2541,#2542,#2543,#2544,#2545),
 .UNSPECIFIED.,.F.,.F.)
B_SPLINE_CURVE_WITH_KNOTS((6,1,1,6),(0.753025433863292,0.8,0.9,0.981861862451666),
 .UNSPECIFIED.)
CURVE()
GEOMETRIC_REPRESENTATION_ITEM()
RATIONAL_B_SPLINE_CURVE((1.,1.,1.,1.,1.,1.,1.,1.))
REPRESENTATION_ITEM('')
);
#758=(
BOUNDED_CURVE()
B_SPLINE_CURVE(5,(#2547,#2548,#2549,#2550,#2551,#2552),.UNSPECIFIED.,.F.,
 .F.)
B_SPLINE_CURVE_WITH_KNOTS((6,6),(0.981861862451666,1.),.UNSPECIFIED.)
CURVE()
GEOMETRIC_REPRESENTATION_ITEM()
RATIONAL_B_SPLINE_CURVE((1.,1.,1.,1.,1.,1.))
REPRESENTATION_ITEM('')
);
#759=(
BOUNDED_CURVE()
B_SPLINE_CURVE(5,(#2814,#2815,#2816,#2817,#2818,#2819,#2820,#2821,#2822,
#2823,#2824,#2825,#2826,#2827,#2828,#2829,#2830,#2831,#2832,#2833,#2834,
#2835,#2836,#2837,#2838),.UNSPECIFIED.,.F.,.F.)
B_SPLINE_CURVE_WITH_KNOTS((6,1,1,1,1,1,1,1,1,1,1,1,1,1,1,1,1,1,1,1,6),(0.,
0.05,0.1,0.15,0.2,0.25,0.3,0.35,0.4,0.45,0.5,0.55,0.6,0.65,0.7,0.75,0.8,
0.85,0.9,0.95,1.),.UNSPECIFIED.)
CURVE()
GEOMETRIC_REPRESENTATION_ITEM()
RATIONAL_B_SPLINE_CURVE((1.,1.,1.,1.,1.,1.,1.,1.,1.,1.,1.,1.,1.,1.,1.,1.,
1.,1.,1.,1.,1.,1.,1.,1.,1.))
REPRESENTATION_ITEM('')
);
#760=(
BOUNDED_CURVE()
B_SPLINE_CURVE(5,(#2840,#2841,#2842,#2843,#2844,#2845,#2846,#2847,#2848,
#2849,#2850,#2851,#2852,#2853,#2854,#2855,#2856,#2857,#2858,#2859,#2860,
#2861,#2862,#2863,#2864),.UNSPECIFIED.,.F.,.F.)
B_SPLINE_CURVE_WITH_KNOTS((6,1,1,1,1,1,1,1,1,1,1,1,1,1,1,1,1,1,1,1,6),(-1.,
-0.95,-0.9,-0.85,-0.8,-0.75,-0.7,-0.65,-0.6,-0.55,-0.5,-0.45,-0.4,-0.35,
-0.3,-0.25,-0.2,-0.15,-0.1,-0.05,0.),.UNSPECIFIED.)
CURVE()
GEOMETRIC_REPRESENTATION_ITEM()
RATIONAL_B_SPLINE_CURVE((1.,1.,1.,1.,1.,1.,1.,1.,1.,1.,1.,1.,1.,1.,1.,1.,
1.,1.,1.,1.,1.,1.,1.,1.,1.))
REPRESENTATION_ITEM('')
);
#761=(
BOUNDED_CURVE()
B_SPLINE_CURVE(5,(#2899,#2900,#2901,#2902,#2903,#2904,#2905,#2906,#2907,
#2908,#2909,#2910,#2911,#2912,#2913),.UNSPECIFIED.,.F.,.F.)
B_SPLINE_CURVE_WITH_KNOTS((6,1,1,1,1,1,1,1,1,1,6),(0.,0.1,0.2,0.3,0.4,0.5,
0.6,0.7,0.8,0.9,1.),.UNSPECIFIED.)
CURVE()
GEOMETRIC_REPRESENTATION_ITEM()
RATIONAL_B_SPLINE_CURVE((1.,1.,1.,1.,1.,1.,1.,1.,1.,1.,1.,1.,1.,1.,1.))
REPRESENTATION_ITEM('')
);
#762=(
BOUNDED_CURVE()
B_SPLINE_CURVE(5,(#2916,#2917,#2918,#2919,#2920,#2921,#2922,#2923,#2924,
#2925,#2926,#2927,#2928,#2929,#2930),.UNSPECIFIED.,.F.,.F.)
B_SPLINE_CURVE_WITH_KNOTS((6,1,1,1,1,1,1,1,1,1,6),(0.,0.1,0.2,0.3,0.4,0.5,
0.6,0.7,0.8,0.9,1.),.UNSPECIFIED.)
CURVE()
GEOMETRIC_REPRESENTATION_ITEM()
RATIONAL_B_SPLINE_CURVE((1.,1.,1.,1.,1.,1.,1.,1.,1.,1.,1.,1.,1.,1.,1.))
REPRESENTATION_ITEM('')
);
#763=(
BOUNDED_CURVE()
B_SPLINE_CURVE(5,(#2982,#2983,#2984,#2985,#2986,#2987,#2988,#2989,#2990,
#2991,#2992,#2993,#2994,#2995,#2996,#2997,#2998,#2999,#3000,#3001,#3002,
#3003,#3004,#3005,#3006),.UNSPECIFIED.,.F.,.F.)
B_SPLINE_CURVE_WITH_KNOTS((6,1,1,1,1,1,1,1,1,1,1,1,1,1,1,1,1,1,1,1,6),(0.,
0.05,0.1,0.15,0.2,0.25,0.3,0.35,0.4,0.45,0.5,0.55,0.6,0.65,0.7,0.75,0.8,
0.85,0.9,0.95,1.),.UNSPECIFIED.)
CURVE()
GEOMETRIC_REPRESENTATION_ITEM()
RATIONAL_B_SPLINE_CURVE((1.,1.,1.,1.,1.,1.,1.,1.,1.,1.,1.,1.,1.,1.,1.,1.,
1.,1.,1.,1.,1.,1.,1.,1.,1.))
REPRESENTATION_ITEM('')
);
#764=(
BOUNDED_CURVE()
B_SPLINE_CURVE(5,(#3009,#3010,#3011,#3012,#3013,#3014,#3015,#3016,#3017,
#3018,#3019,#3020,#3021,#3022,#3023,#3024,#3025,#3026,#3027,#3028,#3029,
#3030,#3031,#3032,#3033),.UNSPECIFIED.,.F.,.F.)
B_SPLINE_CURVE_WITH_KNOTS((6,1,1,1,1,1,1,1,1,1,1,1,1,1,1,1,1,1,1,1,6),(0.,
0.05,0.1,0.15,0.2,0.25,0.3,0.35,0.4,0.45,0.5,0.55,0.6,0.65,0.7,0.75,0.8,
0.85,0.9,0.95,1.),.UNSPECIFIED.)
CURVE()
GEOMETRIC_REPRESENTATION_ITEM()
RATIONAL_B_SPLINE_CURVE((1.,1.,1.,1.,1.,1.,1.,1.,1.,1.,1.,1.,1.,1.,1.,1.,
1.,1.,1.,1.,1.,1.,1.,1.,1.))
REPRESENTATION_ITEM('')
);
#765=(
BOUNDED_CURVE()
B_SPLINE_CURVE(5,(#3165,#3166,#3167,#3168,#3169,#3170,#3171,#3172,#3173,
#3174,#3175,#3176,#3177,#3178,#3179,#3180,#3181,#3182,#3183,#3184,#3185,
#3186,#3187,#3188,#3189),.UNSPECIFIED.,.F.,.F.)
B_SPLINE_CURVE_WITH_KNOTS((6,1,1,1,1,1,1,1,1,1,1,1,1,1,1,1,1,1,1,1,6),(0.,
0.05,0.1,0.15,0.2,0.25,0.3,0.35,0.4,0.45,0.5,0.55,0.6,0.65,0.7,0.75,0.8,
0.85,0.9,0.95,1.),.UNSPECIFIED.)
CURVE()
GEOMETRIC_REPRESENTATION_ITEM()
RATIONAL_B_SPLINE_CURVE((1.,1.,1.,1.,1.,1.,1.,1.,1.,1.,1.,1.,1.,1.,1.,1.,
1.,1.,1.,1.,1.,1.,1.,1.,1.))
REPRESENTATION_ITEM('')
);
#766=(
BOUNDED_CURVE()
B_SPLINE_CURVE(5,(#3190,#3191,#3192,#3193,#3194,#3195,#3196,#3197,#3198,
#3199,#3200,#3201,#3202,#3203,#3204,#3205,#3206,#3207,#3208,#3209,#3210,
#3211,#3212,#3213,#3214),.UNSPECIFIED.,.F.,.F.)
B_SPLINE_CURVE_WITH_KNOTS((6,1,1,1,1,1,1,1,1,1,1,1,1,1,1,1,1,1,1,1,6),(-1.,
-0.95,-0.9,-0.85,-0.8,-0.75,-0.7,-0.65,-0.6,-0.55,-0.5,-0.45,-0.4,-0.35,
-0.3,-0.25,-0.2,-0.15,-0.1,-0.05,0.),.UNSPECIFIED.)
CURVE()
GEOMETRIC_REPRESENTATION_ITEM()
RATIONAL_B_SPLINE_CURVE((1.,1.,1.,1.,1.,1.,1.,1.,1.,1.,1.,1.,1.,1.,1.,1.,
1.,1.,1.,1.,1.,1.,1.,1.,1.))
REPRESENTATION_ITEM('')
);
#767=(
BOUNDED_CURVE()
B_SPLINE_CURVE(5,(#3247,#3248,#3249,#3250,#3251,#3252,#3253,#3254,#3255,
#3256,#3257,#3258,#3259,#3260,#3261),.UNSPECIFIED.,.F.,.F.)
B_SPLINE_CURVE_WITH_KNOTS((6,1,1,1,1,1,1,1,1,1,6),(0.,0.1,0.2,0.3,0.4,0.5,
0.6,0.7,0.8,0.9,1.),.UNSPECIFIED.)
CURVE()
GEOMETRIC_REPRESENTATION_ITEM()
RATIONAL_B_SPLINE_CURVE((1.,1.,1.,1.,1.,1.,1.,1.,1.,1.,1.,1.,1.,1.,1.))
REPRESENTATION_ITEM('')
);
#768=(
BOUNDED_CURVE()
B_SPLINE_CURVE(5,(#3263,#3264,#3265,#3266,#3267,#3268,#3269,#3270,#3271,
#3272,#3273,#3274,#3275,#3276,#3277),.UNSPECIFIED.,.F.,.F.)
B_SPLINE_CURVE_WITH_KNOTS((6,1,1,1,1,1,1,1,1,1,6),(0.,0.1,0.2,0.3,0.4,0.5,
0.6,0.7,0.8,0.9,1.),.UNSPECIFIED.)
CURVE()
GEOMETRIC_REPRESENTATION_ITEM()
RATIONAL_B_SPLINE_CURVE((1.,1.,1.,1.,1.,1.,1.,1.,1.,1.,1.,1.,1.,1.,1.))
REPRESENTATION_ITEM('')
);
#769=(
BOUNDED_CURVE()
B_SPLINE_CURVE(5,(#3329,#3330,#3331,#3332,#3333,#3334,#3335,#3336,#3337,
#3338,#3339,#3340,#3341,#3342,#3343,#3344,#3345,#3346,#3347,#3348,#3349,
#3350,#3351,#3352,#3353),.UNSPECIFIED.,.F.,.F.)
B_SPLINE_CURVE_WITH_KNOTS((6,1,1,1,1,1,1,1,1,1,1,1,1,1,1,1,1,1,1,1,6),(0.,
0.05,0.1,0.15,0.2,0.25,0.3,0.35,0.4,0.45,0.5,0.55,0.6,0.65,0.7,0.75,0.8,
0.85,0.9,0.95,1.),.UNSPECIFIED.)
CURVE()
GEOMETRIC_REPRESENTATION_ITEM()
RATIONAL_B_SPLINE_CURVE((1.,1.,1.,1.,1.,1.,1.,1.,1.,1.,1.,1.,1.,1.,1.,1.,
1.,1.,1.,1.,1.,1.,1.,1.,1.))
REPRESENTATION_ITEM('')
);
#770=(
BOUNDED_CURVE()
B_SPLINE_CURVE(5,(#3354,#3355,#3356,#3357,#3358,#3359,#3360,#3361,#3362,
#3363,#3364,#3365,#3366,#3367,#3368,#3369,#3370,#3371,#3372,#3373,#3374,
#3375,#3376,#3377,#3378),.UNSPECIFIED.,.F.,.F.)
B_SPLINE_CURVE_WITH_KNOTS((6,1,1,1,1,1,1,1,1,1,1,1,1,1,1,1,1,1,1,1,6),(0.,
0.05,0.1,0.15,0.2,0.25,0.3,0.35,0.4,0.45,0.5,0.55,0.6,0.65,0.7,0.75,0.8,
0.85,0.9,0.95,1.),.UNSPECIFIED.)
CURVE()
GEOMETRIC_REPRESENTATION_ITEM()
RATIONAL_B_SPLINE_CURVE((1.,1.,1.,1.,1.,1.,1.,1.,1.,1.,1.,1.,1.,1.,1.,1.,
1.,1.,1.,1.,1.,1.,1.,1.,1.))
REPRESENTATION_ITEM('')
);
#771=(
BOUNDED_CURVE()
B_SPLINE_CURVE(5,(#5397,#5398,#5399,#5400,#5401,#5402,#5403,#5404,#5405,
#5406,#5407,#5408,#5409,#5410,#5411,#5412,#5413,#5414,#5415,#5416,#5417,
#5418,#5419,#5420,#5421,#5422,#5423,#5424,#5425,#5426,#5427,#5428,#5429,
#5430,#5431,#5432,#5433,#5434,#5435,#5436,#5437,#5438,#5439,#5440,#5441,
#5442,#5443,#5444,#5445,#5446,#5447,#5448,#5449,#5450,#5451),
 .UNSPECIFIED.,.F.,.F.)
B_SPLINE_CURVE_WITH_KNOTS((6,1,1,1,1,1,1,1,1,1,1,1,1,1,1,1,1,1,1,1,1,1,
1,1,1,1,1,1,1,1,1,1,1,1,1,1,1,1,1,1,1,1,1,1,1,1,1,1,1,1,6),(0.,0.0133333333333333,
0.0266666666666667,0.04,0.0533333333333333,0.0666666666666667,0.08,0.0933333333333333,
0.106666666666667,0.12,0.133333333333333,0.146666666666667,0.16,0.173333333333333,
0.186666666666667,0.2,0.213333333333333,0.226666666666667,0.24,0.253333333333333,
0.266666666666667,0.28,0.293333333333333,0.306666666666667,0.32,0.333333333333333,
0.346666666666667,0.36,0.373333333333333,0.386666666666666,0.4,0.413333333333333,
0.426666666666666,0.44,0.453333333333333,0.466666666666666,0.48,0.493333333333333,
0.506666666666666,0.52,0.533333333333333,0.546666666666666,0.559999999999999,
0.573333333333333,0.586666666666666,0.599999999999999,0.613333333333333,
0.626666666666666,0.639999999999999,0.653333333333333,0.662385115699416),
 .UNSPECIFIED.)
CURVE()
GEOMETRIC_REPRESENTATION_ITEM()
RATIONAL_B_SPLINE_CURVE((1.,1.,1.,1.,1.,1.,1.,1.,1.,1.,1.,1.,1.,1.,1.,1.,
1.,1.,1.,1.,1.,1.,1.,1.,1.,1.,1.,1.,1.,1.,1.,1.,1.,1.,1.,1.,1.,1.,1.,1.,
1.,1.,1.,1.,1.,1.,1.,1.,1.,1.,1.,1.,1.,1.,1.))
REPRESENTATION_ITEM('')
);
#772=(
BOUNDED_CURVE()
B_SPLINE_CURVE(5,(#5462,#5463,#5464,#5465,#5466,#5467,#5468,#5469,#5470,
#5471,#5472,#5473,#5474,#5475,#5476,#5477,#5478,#5479,#5480,#5481,#5482,
#5483,#5484,#5485,#5486,#5487,#5488,#5489,#5490,#5491,#5492,#5493,#5494,
#5495,#5496,#5497,#5498,#5499,#5500,#5501,#5502,#5503,#5504,#5505,#5506,
#5507,#5508,#5509,#5510,#5511,#5512,#5513,#5514,#5515,#5516),
 .UNSPECIFIED.,.F.,.F.)
B_SPLINE_CURVE_WITH_KNOTS((6,1,1,1,1,1,1,1,1,1,1,1,1,1,1,1,1,1,1,1,1,1,
1,1,1,1,1,1,1,1,1,1,1,1,1,1,1,1,1,1,1,1,1,1,1,1,1,1,1,1,6),(0.,0.0133333333333333,
0.0266666666666667,0.04,0.0533333333333333,0.0666666666666667,0.08,0.0933333333333333,
0.106666666666667,0.12,0.133333333333333,0.146666666666667,0.16,0.173333333333333,
0.186666666666667,0.2,0.213333333333333,0.226666666666667,0.24,0.253333333333333,
0.266666666666667,0.28,0.293333333333333,0.306666666666667,0.32,0.333333333333333,
0.346666666666667,0.36,0.373333333333333,0.386666666666666,0.4,0.413333333333333,
0.426666666666666,0.44,0.453333333333333,0.466666666666666,0.48,0.493333333333333,
0.506666666666666,0.52,0.533333333333333,0.546666666666666,0.559999999999999,
0.573333333333333,0.586666666666666,0.599999999999999,0.613333333333333,
0.626666666666666,0.639999999999999,0.653333333333333,0.662385115699416),
 .UNSPECIFIED.)
CURVE()
GEOMETRIC_REPRESENTATION_ITEM()
RATIONAL_B_SPLINE_CURVE((1.,1.,1.,1.,1.,1.,1.,1.,1.,1.,1.,1.,1.,1.,1.,1.,
1.,1.,1.,1.,1.,1.,1.,1.,1.,1.,1.,1.,1.,1.,1.,1.,1.,1.,1.,1.,1.,1.,1.,1.,
1.,1.,1.,1.,1.,1.,1.,1.,1.,1.,1.,1.,1.,1.,1.))
REPRESENTATION_ITEM('')
);
#773=(
BOUNDED_CURVE()
B_SPLINE_CURVE(5,(#5812,#5813,#5814,#5815,#5816,#5817,#5818,#5819,#5820,
#5821,#5822,#5823,#5824,#5825,#5826,#5827,#5828,#5829,#5830,#5831,#5832,
#5833,#5834,#5835,#5836),.UNSPECIFIED.,.F.,.F.)
B_SPLINE_CURVE_WITH_KNOTS((6,1,1,1,1,1,1,1,1,1,1,1,1,1,1,1,1,1,1,1,6),(0.743918719658187,
0.746666666666666,0.759999999999999,0.773333333333332,0.786666666666666,
0.799999999999999,0.813333333333332,0.826666666666666,0.839999999999999,
0.853333333333332,0.866666666666666,0.879999999999999,0.893333333333332,
0.906666666666666,0.919999999999999,0.933333333333332,0.946666666666665,
0.959999999999999,0.973333333333332,0.986666666666665,1.),.UNSPECIFIED.)
CURVE()
GEOMETRIC_REPRESENTATION_ITEM()
RATIONAL_B_SPLINE_CURVE((1.,1.,1.,1.,1.,1.,1.,1.,1.,1.,1.,1.,1.,1.,1.,1.,
1.,1.,1.,1.,1.,1.,1.,1.,1.))
REPRESENTATION_ITEM('')
);
#774=(
BOUNDED_CURVE()
B_SPLINE_CURVE(5,(#6965,#6966,#6967,#6968,#6969,#6970,#6971,#6972,#6973,
#6974,#6975,#6976,#6977,#6978,#6979,#6980,#6981,#6982,#6983,#6984,#6985,
#6986,#6987,#6988,#6989),.UNSPECIFIED.,.F.,.F.)
B_SPLINE_CURVE_WITH_KNOTS((6,1,1,1,1,1,1,1,1,1,1,1,1,1,1,1,1,1,1,1,6),(0.743918719658187,
0.746666666666666,0.759999999999999,0.773333333333332,0.786666666666666,
0.799999999999999,0.813333333333332,0.826666666666666,0.839999999999999,
0.853333333333332,0.866666666666666,0.879999999999999,0.893333333333332,
0.906666666666666,0.919999999999999,0.933333333333332,0.946666666666665,
0.959999999999999,0.973333333333332,0.986666666666665,1.),.UNSPECIFIED.)
CURVE()
GEOMETRIC_REPRESENTATION_ITEM()
RATIONAL_B_SPLINE_CURVE((1.,1.,1.,1.,1.,1.,1.,1.,1.,1.,1.,1.,1.,1.,1.,1.,
1.,1.,1.,1.,1.,1.,1.,1.,1.))
REPRESENTATION_ITEM('')
);
#775=(
BOUNDED_CURVE()
B_SPLINE_CURVE(5,(#9716,#9717,#9718,#9719,#9720,#9721,#9722,#9723,#9724,
#9725,#9726,#9727,#9728,#9729,#9730,#9731,#9732,#9733,#9734,#9735),
 .UNSPECIFIED.,.F.,.F.)
B_SPLINE_CURVE_WITH_KNOTS((6,1,1,1,1,1,1,1,1,1,1,1,1,1,1,6),(0.,0.0666666666666667,
0.133333333333333,0.2,0.266666666666667,0.333333333333333,0.4,0.466666666666667,
0.533333333333333,0.6,0.666666666666667,0.733333333333333,0.8,0.866666666666667,
0.933333333333333,1.),.UNSPECIFIED.)
CURVE()
GEOMETRIC_REPRESENTATION_ITEM()
RATIONAL_B_SPLINE_CURVE((1.,1.,1.,1.,1.,1.,1.,1.,1.,1.,1.,1.,1.,1.,1.,1.,
1.,1.,1.,1.))
REPRESENTATION_ITEM('')
);
#776=(
BOUNDED_CURVE()
B_SPLINE_CURVE(5,(#9739,#9740,#9741,#9742,#9743,#9744,#9745,#9746,#9747,
#9748,#9749,#9750,#9751,#9752,#9753,#9754,#9755,#9756,#9757,#9758),
 .UNSPECIFIED.,.F.,.F.)
B_SPLINE_CURVE_WITH_KNOTS((6,1,1,1,1,1,1,1,1,1,1,1,1,1,1,6),(-1.,-0.933333333333333,
-0.866666666666667,-0.8,-0.733333333333333,-0.666666666666667,-0.6,-0.533333333333333,
-0.466666666666667,-0.4,-0.333333333333333,-0.266666666666667,-0.2,-0.133333333333333,
-0.0666666666666667,0.),.UNSPECIFIED.)
CURVE()
GEOMETRIC_REPRESENTATION_ITEM()
RATIONAL_B_SPLINE_CURVE((1.,1.,1.,1.,1.,1.,1.,1.,1.,1.,1.,1.,1.,1.,1.,1.,
1.,1.,1.,1.))
REPRESENTATION_ITEM('')
);
#777=(
BOUNDED_CURVE()
B_SPLINE_CURVE(5,(#9802,#9803,#9804,#9805,#9806,#9807,#9808,#9809,#9810,
#9811,#9812,#9813,#9814,#9815,#9816,#9817,#9818,#9819,#9820,#9821),
 .UNSPECIFIED.,.F.,.F.)
B_SPLINE_CURVE_WITH_KNOTS((6,1,1,1,1,1,1,1,1,1,1,1,1,1,1,6),(0.,0.0666666666666667,
0.133333333333333,0.2,0.266666666666667,0.333333333333333,0.4,0.466666666666667,
0.533333333333333,0.6,0.666666666666667,0.733333333333333,0.8,0.866666666666667,
0.933333333333333,1.),.UNSPECIFIED.)
CURVE()
GEOMETRIC_REPRESENTATION_ITEM()
RATIONAL_B_SPLINE_CURVE((1.,1.,1.,1.,1.,1.,1.,1.,1.,1.,1.,1.,1.,1.,1.,1.,
1.,1.,1.,1.))
REPRESENTATION_ITEM('')
);
#778=(
BOUNDED_CURVE()
B_SPLINE_CURVE(5,(#9825,#9826,#9827,#9828,#9829,#9830,#9831,#9832,#9833,
#9834,#9835,#9836,#9837,#9838,#9839,#9840,#9841,#9842,#9843,#9844),
 .UNSPECIFIED.,.F.,.F.)
B_SPLINE_CURVE_WITH_KNOTS((6,1,1,1,1,1,1,1,1,1,1,1,1,1,1,6),(0.,0.0666666666666667,
0.133333333333333,0.2,0.266666666666667,0.333333333333333,0.4,0.466666666666667,
0.533333333333333,0.6,0.666666666666667,0.733333333333333,0.8,0.866666666666667,
0.933333333333333,1.),.UNSPECIFIED.)
CURVE()
GEOMETRIC_REPRESENTATION_ITEM()
RATIONAL_B_SPLINE_CURVE((1.,1.,1.,1.,1.,1.,1.,1.,1.,1.,1.,1.,1.,1.,1.,1.,
1.,1.,1.,1.))
REPRESENTATION_ITEM('')
);
#779=(
BOUNDED_CURVE()
B_SPLINE_CURVE(5,(#9848,#9849,#9850,#9851,#9852,#9853,#9854),
 .UNSPECIFIED.,.F.,.F.)
B_SPLINE_CURVE_WITH_KNOTS((6,1,6),(0.879406710173617,0.9,1.),
 .UNSPECIFIED.)
CURVE()
GEOMETRIC_REPRESENTATION_ITEM()
RATIONAL_B_SPLINE_CURVE((1.,1.,1.,1.,1.,1.,1.))
REPRESENTATION_ITEM('')
);
#780=(
BOUNDED_CURVE()
B_SPLINE_CURVE(5,(#9856,#9857,#9858,#9859,#9860,#9861,#9862,#9863,#9864,
#9865,#9866,#9867,#9868,#9869,#9870,#9871,#9872,#9873,#9874,#9875),
 .UNSPECIFIED.,.F.,.F.)
B_SPLINE_CURVE_WITH_KNOTS((6,1,1,1,1,1,1,1,1,1,1,1,1,1,1,6),(0.,0.0666666666666667,
0.133333333333333,0.2,0.266666666666667,0.333333333333333,0.4,0.466666666666667,
0.533333333333333,0.6,0.666666666666667,0.733333333333333,0.8,0.866666666666667,
0.933333333333333,1.),.UNSPECIFIED.)
CURVE()
GEOMETRIC_REPRESENTATION_ITEM()
RATIONAL_B_SPLINE_CURVE((1.,1.,1.,1.,1.,1.,1.,1.,1.,1.,1.,1.,1.,1.,1.,1.,
1.,1.,1.,1.))
REPRESENTATION_ITEM('')
);
#781=(
BOUNDED_CURVE()
B_SPLINE_CURVE(5,(#9876,#9877,#9878,#9879,#9880,#9881,#9882),
 .UNSPECIFIED.,.F.,.F.)
B_SPLINE_CURVE_WITH_KNOTS((6,1,6),(0.,0.0666666666666667,0.129017409914192),
 .UNSPECIFIED.)
CURVE()
GEOMETRIC_REPRESENTATION_ITEM()
RATIONAL_B_SPLINE_CURVE((1.,1.,1.,1.,1.,1.,1.))
REPRESENTATION_ITEM('')
);
#782=(
BOUNDED_CURVE()
B_SPLINE_CURVE(5,(#9926,#9927,#9928,#9929,#9930,#9931,#9932,#9933,#9934,
#9935,#9936,#9937,#9938,#9939,#9940,#9941,#9942,#9943,#9944,#9945),
 .UNSPECIFIED.,.F.,.F.)
B_SPLINE_CURVE_WITH_KNOTS((6,1,1,1,1,1,1,1,1,1,1,1,1,1,1,6),(-1.,-0.933333333333333,
-0.866666666666667,-0.8,-0.733333333333333,-0.666666666666667,-0.6,-0.533333333333333,
-0.466666666666667,-0.4,-0.333333333333333,-0.266666666666667,-0.2,-0.133333333333333,
-0.0666666666666667,0.),.UNSPECIFIED.)
CURVE()
GEOMETRIC_REPRESENTATION_ITEM()
RATIONAL_B_SPLINE_CURVE((1.,1.,1.,1.,1.,1.,1.,1.,1.,1.,1.,1.,1.,1.,1.,1.,
1.,1.,1.,1.))
REPRESENTATION_ITEM('')
);
#783=(
BOUNDED_CURVE()
B_SPLINE_CURVE(5,(#9962,#9963,#9964,#9965,#9966,#9967,#9968),
 .UNSPECIFIED.,.F.,.F.)
B_SPLINE_CURVE_WITH_KNOTS((6,1,6),(-0.129017409914192,-0.0666666666666667,
0.),.UNSPECIFIED.)
CURVE()
GEOMETRIC_REPRESENTATION_ITEM()
RATIONAL_B_SPLINE_CURVE((1.,1.,1.,1.,1.,1.,1.))
REPRESENTATION_ITEM('')
);
#784=(
BOUNDED_CURVE()
B_SPLINE_CURVE(5,(#10014,#10015,#10016,#10017,#10018,#10019,#10020,#10021,
#10022,#10023,#10024,#10025,#10026,#10027,#10028,#10029,#10030,#10031,#10032,
#10033),.UNSPECIFIED.,.F.,.F.)
B_SPLINE_CURVE_WITH_KNOTS((6,1,1,1,1,1,1,1,1,1,1,1,1,1,1,6),(-1.,-0.933333333333333,
-0.866666666666667,-0.8,-0.733333333333333,-0.666666666666667,-0.6,-0.533333333333333,
-0.466666666666667,-0.4,-0.333333333333333,-0.266666666666667,-0.2,-0.133333333333333,
-0.0666666666666667,0.),.UNSPECIFIED.)
CURVE()
GEOMETRIC_REPRESENTATION_ITEM()
RATIONAL_B_SPLINE_CURVE((1.,1.,1.,1.,1.,1.,1.,1.,1.,1.,1.,1.,1.,1.,1.,1.,
1.,1.,1.,1.))
REPRESENTATION_ITEM('')
);
#785=(
BOUNDED_CURVE()
B_SPLINE_CURVE(5,(#10035,#10036,#10037,#10038,#10039,#10040,#10041,#10042,
#10043,#10044,#10045,#10046,#10047,#10048,#10049,#10050,#10051,#10052,#10053,
#10054),.UNSPECIFIED.,.F.,.F.)
B_SPLINE_CURVE_WITH_KNOTS((6,1,1,1,1,1,1,1,1,1,1,1,1,1,1,6),(0.,0.0666666666666667,
0.133333333333333,0.2,0.266666666666667,0.333333333333333,0.4,0.466666666666667,
0.533333333333333,0.6,0.666666666666667,0.733333333333333,0.8,0.866666666666667,
0.933333333333333,1.),.UNSPECIFIED.)
CURVE()
GEOMETRIC_REPRESENTATION_ITEM()
RATIONAL_B_SPLINE_CURVE((1.,1.,1.,1.,1.,1.,1.,1.,1.,1.,1.,1.,1.,1.,1.,1.,
1.,1.,1.,1.))
REPRESENTATION_ITEM('')
);
#786=(
BOUNDED_CURVE()
B_SPLINE_CURVE(5,(#10072,#10073,#10074,#10075,#10076,#10077,#10078),
 .UNSPECIFIED.,.F.,.F.)
B_SPLINE_CURVE_WITH_KNOTS((6,1,6),(-1.,-0.9,-0.879406710173617),
 .UNSPECIFIED.)
CURVE()
GEOMETRIC_REPRESENTATION_ITEM()
RATIONAL_B_SPLINE_CURVE((1.,1.,1.,1.,1.,1.,1.))
REPRESENTATION_ITEM('')
);
#787=(
BOUNDED_CURVE()
B_SPLINE_CURVE(5,(#10111,#10112,#10113,#10114,#10115,#10116,#10117,#10118,
#10119,#10120,#10121,#10122,#10123,#10124,#10125),.UNSPECIFIED.,.F.,.F.)
B_SPLINE_CURVE_WITH_KNOTS((6,1,1,1,1,1,1,1,1,1,6),(0.,0.1,0.2,0.3,0.4,0.5,
0.6,0.7,0.8,0.9,1.),.UNSPECIFIED.)
CURVE()
GEOMETRIC_REPRESENTATION_ITEM()
RATIONAL_B_SPLINE_CURVE((1.,1.,1.,1.,1.,1.,1.,1.,1.,1.,1.,1.,1.,1.,1.))
REPRESENTATION_ITEM('')
);
#788=(
BOUNDED_CURVE()
B_SPLINE_CURVE(5,(#10127,#10128,#10129,#10130,#10131,#10132,#10133,#10134,
#10135,#10136,#10137,#10138,#10139,#10140,#10141),.UNSPECIFIED.,.F.,.F.)
B_SPLINE_CURVE_WITH_KNOTS((6,1,1,1,1,1,1,1,1,1,6),(0.,0.1,0.2,0.3,0.4,0.5,
0.6,0.7,0.8,0.9,1.),.UNSPECIFIED.)
CURVE()
GEOMETRIC_REPRESENTATION_ITEM()
RATIONAL_B_SPLINE_CURVE((1.,1.,1.,1.,1.,1.,1.,1.,1.,1.,1.,1.,1.,1.,1.))
REPRESENTATION_ITEM('')
);
#789=(
BOUNDED_CURVE()
B_SPLINE_CURVE(5,(#10181,#10182,#10183,#10184,#10185,#10186,#10187,#10188,
#10189,#10190,#10191,#10192,#10193,#10194,#10195,#10196,#10197,#10198,#10199),
 .UNSPECIFIED.,.F.,.F.)
B_SPLINE_CURVE_WITH_KNOTS((6,1,1,1,1,1,1,1,1,1,1,1,1,1,6),(0.129017409914192,
0.133333333333333,0.2,0.266666666666667,0.333333333333333,0.4,0.466666666666667,
0.533333333333333,0.6,0.666666666666667,0.733333333333333,0.8,0.866666666666667,
0.933333333333333,1.),.UNSPECIFIED.)
CURVE()
GEOMETRIC_REPRESENTATION_ITEM()
RATIONAL_B_SPLINE_CURVE((1.,1.,1.,1.,1.,1.,1.,1.,1.,1.,1.,1.,1.,1.,1.,1.,
1.,1.,1.))
REPRESENTATION_ITEM('')
);
#790=(
BOUNDED_CURVE()
B_SPLINE_CURVE(5,(#10200,#10201,#10202,#10203,#10204,#10205,#10206,#10207,
#10208,#10209,#10210,#10211,#10212,#10213,#10214,#10215,#10216,#10217,#10218),
 .UNSPECIFIED.,.F.,.F.)
B_SPLINE_CURVE_WITH_KNOTS((6,1,1,1,1,1,1,1,1,1,1,1,1,1,6),(0.129017409914192,
0.133333333333333,0.2,0.266666666666667,0.333333333333333,0.4,0.466666666666667,
0.533333333333333,0.6,0.666666666666667,0.733333333333333,0.8,0.866666666666667,
0.933333333333333,1.),.UNSPECIFIED.)
CURVE()
GEOMETRIC_REPRESENTATION_ITEM()
RATIONAL_B_SPLINE_CURVE((1.,1.,1.,1.,1.,1.,1.,1.,1.,1.,1.,1.,1.,1.,1.,1.,
1.,1.,1.))
REPRESENTATION_ITEM('')
);
#791=(
BOUNDED_CURVE()
B_SPLINE_CURVE(5,(#10247,#10248,#10249,#10250,#10251,#10252,#10253,#10254,
#10255,#10256,#10257,#10258,#10259,#10260),.UNSPECIFIED.,.F.,.F.)
B_SPLINE_CURVE_WITH_KNOTS((6,1,1,1,1,1,1,1,1,6),(0.,0.1,0.2,0.3,0.4,0.5,
0.6,0.7,0.8,0.879406710171494),.UNSPECIFIED.)
CURVE()
GEOMETRIC_REPRESENTATION_ITEM()
RATIONAL_B_SPLINE_CURVE((1.,1.,1.,1.,1.,1.,1.,1.,1.,1.,1.,1.,1.,1.))
REPRESENTATION_ITEM('')
);
#792=(
BOUNDED_CURVE()
B_SPLINE_CURVE(5,(#10261,#10262,#10263,#10264,#10265,#10266,#10267,#10268,
#10269,#10270,#10271,#10272,#10273,#10274),.UNSPECIFIED.,.F.,.F.)
B_SPLINE_CURVE_WITH_KNOTS((6,1,1,1,1,1,1,1,1,6),(0.,0.1,0.2,0.3,0.4,0.5,
0.6,0.7,0.8,0.879406710171494),.UNSPECIFIED.)
CURVE()
GEOMETRIC_REPRESENTATION_ITEM()
RATIONAL_B_SPLINE_CURVE((1.,1.,1.,1.,1.,1.,1.,1.,1.,1.,1.,1.,1.,1.))
REPRESENTATION_ITEM('')
);
#793=(
BOUNDED_CURVE()
B_SPLINE_CURVE(5,(#10305,#10306,#10307,#10308,#10309,#10310,#10311,#10312,
#10313,#10314,#10315,#10316,#10317,#10318),.UNSPECIFIED.,.F.,.F.)
B_SPLINE_CURVE_WITH_KNOTS((6,1,1,1,1,1,1,1,1,6),(0.,0.1,0.2,0.3,0.4,0.5,
0.6,0.7,0.8,0.879406710171494),.UNSPECIFIED.)
CURVE()
GEOMETRIC_REPRESENTATION_ITEM()
RATIONAL_B_SPLINE_CURVE((1.,1.,1.,1.,1.,1.,1.,1.,1.,1.,1.,1.,1.,1.))
REPRESENTATION_ITEM('')
);
#794=(
BOUNDED_CURVE()
B_SPLINE_CURVE(5,(#10319,#10320,#10321,#10322,#10323,#10324,#10325,#10326,
#10327,#10328,#10329,#10330,#10331,#10332),.UNSPECIFIED.,.F.,.F.)
B_SPLINE_CURVE_WITH_KNOTS((6,1,1,1,1,1,1,1,1,6),(-0.879406710171494,-0.8,
-0.7,-0.6,-0.5,-0.4,-0.3,-0.2,-0.1,0.),.UNSPECIFIED.)
CURVE()
GEOMETRIC_REPRESENTATION_ITEM()
RATIONAL_B_SPLINE_CURVE((1.,1.,1.,1.,1.,1.,1.,1.,1.,1.,1.,1.,1.,1.))
REPRESENTATION_ITEM('')
);
#795=(
BOUNDED_CURVE()
B_SPLINE_CURVE(5,(#10372,#10373,#10374,#10375,#10376,#10377,#10378,#10379,
#10380,#10381,#10382,#10383,#10384,#10385,#10386,#10387,#10388,#10389,#10390),
 .UNSPECIFIED.,.F.,.F.)
B_SPLINE_CURVE_WITH_KNOTS((6,1,1,1,1,1,1,1,1,1,1,1,1,1,6),(0.129017409914192,
0.133333333333333,0.2,0.266666666666667,0.333333333333333,0.4,0.466666666666667,
0.533333333333333,0.6,0.666666666666667,0.733333333333333,0.8,0.866666666666667,
0.933333333333333,1.),.UNSPECIFIED.)
CURVE()
GEOMETRIC_REPRESENTATION_ITEM()
RATIONAL_B_SPLINE_CURVE((1.,1.,1.,1.,1.,1.,1.,1.,1.,1.,1.,1.,1.,1.,1.,1.,
1.,1.,1.))
REPRESENTATION_ITEM('')
);
#796=(
BOUNDED_CURVE()
B_SPLINE_CURVE(5,(#10392,#10393,#10394,#10395,#10396,#10397,#10398,#10399,
#10400,#10401,#10402,#10403,#10404,#10405,#10406,#10407,#10408,#10409,#10410),
 .UNSPECIFIED.,.F.,.F.)
B_SPLINE_CURVE_WITH_KNOTS((6,1,1,1,1,1,1,1,1,1,1,1,1,1,6),(-1.,-0.933333333333333,
-0.866666666666667,-0.8,-0.733333333333333,-0.666666666666667,-0.6,-0.533333333333333,
-0.466666666666667,-0.4,-0.333333333333333,-0.266666666666667,-0.2,-0.133333333333333,
-0.129017409914192),.UNSPECIFIED.)
CURVE()
GEOMETRIC_REPRESENTATION_ITEM()
RATIONAL_B_SPLINE_CURVE((1.,1.,1.,1.,1.,1.,1.,1.,1.,1.,1.,1.,1.,1.,1.,1.,
1.,1.,1.))
REPRESENTATION_ITEM('')
);
#797=(
BOUNDED_CURVE()
B_SPLINE_CURVE(5,(#10442,#10443,#10444,#10445,#10446,#10447,#10448,#10449,
#10450,#10451,#10452,#10453,#10454,#10455,#10456),.UNSPECIFIED.,.F.,.F.)
B_SPLINE_CURVE_WITH_KNOTS((6,1,1,1,1,1,1,1,1,1,6),(0.,0.1,0.2,0.3,0.4,0.5,
0.6,0.7,0.8,0.9,1.),.UNSPECIFIED.)
CURVE()
GEOMETRIC_REPRESENTATION_ITEM()
RATIONAL_B_SPLINE_CURVE((1.,1.,1.,1.,1.,1.,1.,1.,1.,1.,1.,1.,1.,1.,1.))
REPRESENTATION_ITEM('')
);
#798=(
BOUNDED_CURVE()
B_SPLINE_CURVE(5,(#10457,#10458,#10459,#10460,#10461,#10462,#10463,#10464,
#10465,#10466,#10467,#10468,#10469,#10470,#10471),.UNSPECIFIED.,.F.,.F.)
B_SPLINE_CURVE_WITH_KNOTS((6,1,1,1,1,1,1,1,1,1,6),(-1.,-0.9,-0.8,-0.7,-0.6,
-0.5,-0.4,-0.3,-0.2,-0.1,0.),.UNSPECIFIED.)
CURVE()
GEOMETRIC_REPRESENTATION_ITEM()
RATIONAL_B_SPLINE_CURVE((1.,1.,1.,1.,1.,1.,1.,1.,1.,1.,1.,1.,1.,1.,1.))
REPRESENTATION_ITEM('')
);
#799=VERTEX_POINT('',#2515);
#800=VERTEX_POINT('',#2516);
#801=VERTEX_POINT('',#2526);
#802=VERTEX_POINT('',#2537);
#803=VERTEX_POINT('',#2546);
#804=VERTEX_POINT('',#2553);
#805=VERTEX_POINT('',#2569);
#806=VERTEX_POINT('',#2686);
#807=VERTEX_POINT('',#2708);
#808=VERTEX_POINT('',#2709);
#809=VERTEX_POINT('',#2714);
#810=VERTEX_POINT('',#2718);
#811=VERTEX_POINT('',#2723);
#812=VERTEX_POINT('',#2727);
#813=VERTEX_POINT('',#2734);
#814=VERTEX_POINT('',#2735);
#815=VERTEX_POINT('',#2740);
#816=VERTEX_POINT('',#2742);
#817=VERTEX_POINT('',#2744);
#818=VERTEX_POINT('',#2746);
#819=VERTEX_POINT('',#2755);
#820=VERTEX_POINT('',#2760);
#821=VERTEX_POINT('',#2813);
#822=VERTEX_POINT('',#2839);
#823=VERTEX_POINT('',#2898);
#824=VERTEX_POINT('',#2914);
#825=VERTEX_POINT('',#2981);
#826=VERTEX_POINT('',#3007);
#827=VERTEX_POINT('',#3037);
#828=VERTEX_POINT('',#3051);
#829=VERTEX_POINT('',#3052);
#830=VERTEX_POINT('',#3057);
#831=VERTEX_POINT('',#3059);
#832=VERTEX_POINT('',#3063);
#833=VERTEX_POINT('',#3068);
#834=VERTEX_POINT('',#3070);
#835=VERTEX_POINT('',#3072);
#836=VERTEX_POINT('',#3074);
#837=VERTEX_POINT('',#3078);
#838=VERTEX_POINT('',#3083);
#839=VERTEX_POINT('',#3085);
#840=VERTEX_POINT('',#3087);
#841=VERTEX_POINT('',#3091);
#842=VERTEX_POINT('',#3092);
#843=VERTEX_POINT('',#3097);
#844=VERTEX_POINT('',#3099);
#845=VERTEX_POINT('',#3109);
#846=VERTEX_POINT('',#3246);
#847=VERTEX_POINT('',#3262);
#848=VERTEX_POINT('',#3381);
#849=VERTEX_POINT('',#3394);
#850=VERTEX_POINT('',#3395);
#851=VERTEX_POINT('',#3397);
#852=VERTEX_POINT('',#3400);
#853=VERTEX_POINT('',#3402);
#854=VERTEX_POINT('',#3406);
#855=VERTEX_POINT('',#3407);
#856=VERTEX_POINT('',#3409);
#857=VERTEX_POINT('',#3412);
#858=VERTEX_POINT('',#3416);
#859=VERTEX_POINT('',#3417);
#860=VERTEX_POINT('',#3419);
#861=VERTEX_POINT('',#3421);
#862=VERTEX_POINT('',#3428);
#863=VERTEX_POINT('',#3433);
#864=VERTEX_POINT('',#3435);
#865=VERTEX_POINT('',#3439);
#866=VERTEX_POINT('',#3441);
#867=VERTEX_POINT('',#3445);
#868=VERTEX_POINT('',#3447);
#869=VERTEX_POINT('',#3452);
#870=VERTEX_POINT('',#3453);
#871=VERTEX_POINT('',#3531);
#872=VERTEX_POINT('',#3535);
#873=VERTEX_POINT('',#3536);
#874=VERTEX_POINT('',#3632);
#875=VERTEX_POINT('',#3716);
#876=VERTEX_POINT('',#3717);
#877=VERTEX_POINT('',#3725);
#878=VERTEX_POINT('',#3778);
#879=VERTEX_POINT('',#3825);
#880=VERTEX_POINT('',#3830);
#881=VERTEX_POINT('',#3837);
#882=VERTEX_POINT('',#3845);
#883=VERTEX_POINT('',#3892);
#884=VERTEX_POINT('',#3900);
#885=VERTEX_POINT('',#3917);
#886=VERTEX_POINT('',#3924);
#887=VERTEX_POINT('',#3932);
#888=VERTEX_POINT('',#4072);
#889=VERTEX_POINT('',#4197);
#890=VERTEX_POINT('',#4214);
#891=VERTEX_POINT('',#4221);
#892=VERTEX_POINT('',#4301);
#893=VERTEX_POINT('',#4309);
#894=VERTEX_POINT('',#4363);
#895=VERTEX_POINT('',#4364);
#896=VERTEX_POINT('',#4475);
#897=VERTEX_POINT('',#4476);
#898=VERTEX_POINT('',#4572);
#899=VERTEX_POINT('',#4573);
#900=VERTEX_POINT('',#4578);
#901=VERTEX_POINT('',#4583);
#902=VERTEX_POINT('',#4627);
#903=VERTEX_POINT('',#4675);
#904=VERTEX_POINT('',#4676);
#905=VERTEX_POINT('',#4788);
#906=VERTEX_POINT('',#4789);
#907=VERTEX_POINT('',#4843);
#908=VERTEX_POINT('',#4847);
#909=VERTEX_POINT('',#4932);
#910=VERTEX_POINT('',#4933);
#911=VERTEX_POINT('',#4987);
#912=VERTEX_POINT('',#4991);
#913=VERTEX_POINT('',#5076);
#914=VERTEX_POINT('',#5077);
#915=VERTEX_POINT('',#5155);
#916=VERTEX_POINT('',#5159);
#917=VERTEX_POINT('',#5244);
#918=VERTEX_POINT('',#5245);
#919=VERTEX_POINT('',#5256);
#920=VERTEX_POINT('',#5263);
#921=VERTEX_POINT('',#5270);
#922=VERTEX_POINT('',#5285);
#923=VERTEX_POINT('',#5286);
#924=VERTEX_POINT('',#5288);
#925=VERTEX_POINT('',#5290);
#926=VERTEX_POINT('',#5294);
#927=VERTEX_POINT('',#5295);
#928=VERTEX_POINT('',#5297);
#929=VERTEX_POINT('',#5299);
#930=VERTEX_POINT('',#5303);
#931=VERTEX_POINT('',#5305);
#932=VERTEX_POINT('',#5309);
#933=VERTEX_POINT('',#5311);
#934=VERTEX_POINT('',#5315);
#935=VERTEX_POINT('',#5316);
#936=VERTEX_POINT('',#5318);
#937=VERTEX_POINT('',#5320);
#938=VERTEX_POINT('',#5328);
#939=VERTEX_POINT('',#5339);
#940=VERTEX_POINT('',#5341);
#941=VERTEX_POINT('',#5345);
#942=VERTEX_POINT('',#5347);
#943=VERTEX_POINT('',#5394);
#944=VERTEX_POINT('',#5396);
#945=VERTEX_POINT('',#5454);
#946=VERTEX_POINT('',#5456);
#947=VERTEX_POINT('',#5461);
#948=VERTEX_POINT('',#5517);
#949=VERTEX_POINT('',#5519);
#950=VERTEX_POINT('',#5571);
#951=VERTEX_POINT('',#5581);
#952=VERTEX_POINT('',#5586);
#953=VERTEX_POINT('',#5593);
#954=VERTEX_POINT('',#5598);
#955=VERTEX_POINT('',#5605);
#956=VERTEX_POINT('',#5610);
#957=VERTEX_POINT('',#5617);
#958=VERTEX_POINT('',#5622);
#959=VERTEX_POINT('',#5629);
#960=VERTEX_POINT('',#5634);
#961=VERTEX_POINT('',#5641);
#962=VERTEX_POINT('',#5646);
#963=VERTEX_POINT('',#6007);
#964=VERTEX_POINT('',#6180);
#965=VERTEX_POINT('',#6209);
#966=VERTEX_POINT('',#7144);
#967=VERTEX_POINT('',#7152);
#968=VERTEX_POINT('',#7163);
#969=VERTEX_POINT('',#7315);
#970=VERTEX_POINT('',#7323);
#971=VERTEX_POINT('',#7332);
#972=VERTEX_POINT('',#8167);
#973=VERTEX_POINT('',#9251);
#974=VERTEX_POINT('',#9714);
#975=VERTEX_POINT('',#9715);
#976=VERTEX_POINT('',#9736);
#977=VERTEX_POINT('',#9738);
#978=VERTEX_POINT('',#9800);
#979=VERTEX_POINT('',#9801);
#980=VERTEX_POINT('',#9822);
#981=VERTEX_POINT('',#9824);
#982=VERTEX_POINT('',#9847);
#983=VERTEX_POINT('',#9855);
#984=VERTEX_POINT('',#9923);
#985=VERTEX_POINT('',#9925);
#986=VERTEX_POINT('',#9961);
#987=VERTEX_POINT('',#9969);
#988=VERTEX_POINT('',#10013);
#989=VERTEX_POINT('',#10034);
#990=VERTEX_POINT('',#10110);
#991=VERTEX_POINT('',#10126);
#992=VERTEX_POINT('',#10371);
#993=VERTEX_POINT('',#10391);
#994=EDGE_CURVE('',#799,#800,#755,.T.);
#995=EDGE_CURVE('',#800,#801,#756,.T.);
#996=EDGE_CURVE('',#801,#802,#757,.T.);
#997=EDGE_CURVE('',#802,#803,#758,.T.);
#998=EDGE_CURVE('',#803,#804,#639,.T.);
#999=EDGE_CURVE('',#805,#804,#640,.T.);
#1000=EDGE_CURVE('',#799,#805,#641,.T.);
#1001=EDGE_CURVE('',#799,#806,#642,.T.);
#1002=EDGE_CURVE('',#806,#804,#643,.T.);
#1003=EDGE_CURVE('',#807,#808,#644,.T.);
#1004=EDGE_CURVE('',#807,#809,#69,.T.);
#1005=EDGE_CURVE('',#809,#808,#70,.T.);
#1006=EDGE_CURVE('',#810,#807,#645,.T.);
#1007=EDGE_CURVE('',#810,#811,#71,.T.);
#1008=EDGE_CURVE('',#809,#811,#72,.T.);
#1009=EDGE_CURVE('',#808,#812,#646,.T.);
#1010=EDGE_CURVE('',#811,#812,#73,.T.);
#1011=EDGE_CURVE('',#813,#814,#647,.T.);
#1012=EDGE_CURVE('',#813,#815,#74,.T.);
#1013=EDGE_CURVE('',#815,#816,#75,.T.);
#1014=EDGE_CURVE('',#816,#817,#76,.T.);
#1015=EDGE_CURVE('',#818,#817,#77,.T.);
#1016=EDGE_CURVE('',#814,#818,#78,.T.);
#1017=EDGE_CURVE('',#812,#810,#648,.T.);
#1018=EDGE_CURVE('',#819,#813,#649,.T.);
#1019=EDGE_CURVE('',#819,#820,#79,.T.);
#1020=EDGE_CURVE('',#815,#820,#80,.T.);
#1021=EDGE_CURVE('',#821,#816,#759,.T.);
#1022=EDGE_CURVE('',#815,#822,#760,.T.);
#1023=EDGE_CURVE('',#821,#822,#81,.T.);
#1024=EDGE_CURVE('',#822,#820,#82,.T.);
#1025=EDGE_CURVE('',#823,#817,#761,.T.);
#1026=EDGE_CURVE('',#823,#824,#83,.T.);
#1027=EDGE_CURVE('',#824,#818,#762,.T.);
#1028=EDGE_CURVE('',#825,#823,#763,.T.);
#1029=EDGE_CURVE('',#826,#825,#84,.T.);
#1030=EDGE_CURVE('',#826,#824,#764,.T.);
#1031=EDGE_CURVE('',#826,#818,#85,.T.);
#1032=EDGE_CURVE('',#827,#819,#650,.T.);
#1033=EDGE_CURVE('',#827,#826,#86,.T.);
#1034=EDGE_CURVE('',#825,#821,#87,.T.);
#1035=EDGE_CURVE('',#814,#827,#651,.T.);
#1036=EDGE_CURVE('',#828,#829,#652,.T.);
#1037=EDGE_CURVE('',#828,#830,#88,.T.);
#1038=EDGE_CURVE('',#830,#831,#89,.T.);
#1039=EDGE_CURVE('',#829,#831,#90,.T.);
#1040=EDGE_CURVE('',#832,#828,#653,.T.);
#1041=EDGE_CURVE('',#832,#833,#91,.T.);
#1042=EDGE_CURVE('',#834,#833,#92,.T.);
#1043=EDGE_CURVE('',#835,#834,#93,.T.);
#1044=EDGE_CURVE('',#836,#835,#94,.T.);
#1045=EDGE_CURVE('',#830,#836,#95,.T.);
#1046=EDGE_CURVE('',#829,#837,#654,.T.);
#1047=EDGE_CURVE('',#831,#838,#96,.T.);
#1048=EDGE_CURVE('',#839,#838,#97,.T.);
#1049=EDGE_CURVE('',#840,#839,#98,.T.);
#1050=EDGE_CURVE('',#837,#840,#99,.T.);
#1051=EDGE_CURVE('',#841,#842,#655,.T.);
#1052=EDGE_CURVE('',#843,#841,#100,.T.);
#1053=EDGE_CURVE('',#844,#843,#101,.T.);
#1054=EDGE_CURVE('',#844,#842,#102,.T.);
#1055=EDGE_CURVE('',#837,#832,#656,.T.);
#1056=EDGE_CURVE('',#840,#833,#103,.T.);
#1057=EDGE_CURVE('',#845,#841,#657,.T.);
#1058=EDGE_CURVE('',#845,#843,#104,.T.);
#1059=EDGE_CURVE('',#835,#839,#765,.T.);
#1060=EDGE_CURVE('',#840,#834,#766,.T.);
#1061=EDGE_CURVE('',#846,#838,#767,.T.);
#1062=EDGE_CURVE('',#847,#831,#768,.T.);
#1063=EDGE_CURVE('',#846,#847,#105,.T.);
#1064=EDGE_CURVE('',#836,#846,#769,.T.);
#1065=EDGE_CURVE('',#830,#847,#770,.T.);
#1066=EDGE_CURVE('',#842,#848,#658,.T.);
#1067=EDGE_CURVE('',#848,#844,#106,.T.);
#1068=EDGE_CURVE('',#848,#845,#659,.T.);
#1069=EDGE_CURVE('',#849,#850,#107,.T.);
#1070=EDGE_CURVE('',#849,#851,#660,.T.);
#1071=EDGE_CURVE('',#851,#852,#108,.T.);
#1072=EDGE_CURVE('',#853,#852,#109,.T.);
#1073=EDGE_CURVE('',#850,#853,#110,.T.);
#1074=EDGE_CURVE('',#854,#855,#111,.T.);
#1075=EDGE_CURVE('',#855,#856,#661,.T.);
#1076=EDGE_CURVE('',#857,#856,#112,.T.);
#1077=EDGE_CURVE('',#854,#857,#113,.T.);
#1078=EDGE_CURVE('',#858,#859,#114,.T.);
#1079=EDGE_CURVE('',#860,#858,#115,.T.);
#1080=EDGE_CURVE('',#860,#861,#662,.T.);
#1081=EDGE_CURVE('',#862,#861,#116,.T.);
#1082=EDGE_CURVE('',#862,#859,#663,.T.);
#1083=EDGE_CURVE('',#863,#858,#117,.T.);
#1084=EDGE_CURVE('',#864,#863,#118,.T.);
#1085=EDGE_CURVE('',#864,#854,#119,.T.);
#1086=EDGE_CURVE('',#854,#857,#120,.T.);
#1087=EDGE_CURVE('',#865,#857,#121,.T.);
#1088=EDGE_CURVE('',#865,#866,#122,.T.);
#1089=EDGE_CURVE('',#850,#866,#123,.T.);
#1090=EDGE_CURVE('',#850,#853,#124,.T.);
#1091=EDGE_CURVE('',#867,#852,#125,.T.);
#1092=EDGE_CURVE('',#868,#867,#126,.T.);
#1093=EDGE_CURVE('',#868,#861,#127,.T.);
#1094=EDGE_CURVE('',#860,#858,#128,.T.);
#1095=EDGE_CURVE('',#869,#870,#664,.T.);
#1096=EDGE_CURVE('',#870,#869,#665,.T.);
#1097=EDGE_CURVE('',#870,#871,#129,.T.);
#1098=EDGE_CURVE('',#871,#871,#28,.T.);
#1099=EDGE_CURVE('',#872,#873,#666,.T.);
#1100=EDGE_CURVE('',#873,#872,#667,.T.);
#1101=EDGE_CURVE('',#873,#874,#130,.T.);
#1102=EDGE_CURVE('',#874,#874,#29,.T.);
#1103=EDGE_CURVE('',#875,#876,#668,.T.);
#1104=EDGE_CURVE('',#877,#875,#669,.T.);
#1105=EDGE_CURVE('',#860,#877,#670,.T.);
#1106=EDGE_CURVE('',#854,#858,#131,.T.);
#1107=EDGE_CURVE('',#857,#850,#132,.T.);
#1108=EDGE_CURVE('',#878,#853,#671,.T.);
#1109=EDGE_CURVE('',#879,#878,#672,.T.);
#1110=EDGE_CURVE('',#880,#879,#673,.T.);
#1111=EDGE_CURVE('',#880,#881,#674,.T.);
#1112=EDGE_CURVE('',#881,#882,#675,.T.);
#1113=EDGE_CURVE('',#883,#882,#676,.T.);
#1114=EDGE_CURVE('',#884,#883,#677,.T.);
#1115=EDGE_CURVE('',#885,#884,#678,.T.);
#1116=EDGE_CURVE('',#885,#886,#679,.T.);
#1117=EDGE_CURVE('',#886,#887,#680,.T.);
#1118=EDGE_CURVE('',#887,#888,#681,.T.);
#1119=EDGE_CURVE('',#888,#889,#682,.T.);
#1120=EDGE_CURVE('',#890,#889,#683,.T.);
#1121=EDGE_CURVE('',#891,#890,#684,.T.);
#1122=EDGE_CURVE('',#892,#891,#685,.T.);
#1123=EDGE_CURVE('',#892,#893,#686,.T.);
#1124=EDGE_CURVE('',#893,#876,#687,.T.);
#1125=EDGE_CURVE('',#894,#895,#688,.T.);
#1126=EDGE_CURVE('',#895,#894,#689,.T.);
#1127=EDGE_CURVE('',#896,#897,#690,.T.);
#1128=EDGE_CURVE('',#897,#896,#691,.T.);
#1129=EDGE_CURVE('',#898,#899,#692,.T.);
#1130=EDGE_CURVE('',#899,#900,#693,.T.);
#1131=EDGE_CURVE('',#900,#901,#694,.T.);
#1132=EDGE_CURVE('',#901,#902,#695,.T.);
#1133=EDGE_CURVE('',#902,#898,#696,.T.);
#1134=EDGE_CURVE('',#903,#904,#697,.T.);
#1135=EDGE_CURVE('',#904,#903,#698,.T.);
#1136=EDGE_CURVE('',#905,#906,#699,.T.);
#1137=EDGE_CURVE('',#906,#905,#700,.T.);
#1138=EDGE_CURVE('',#906,#907,#133,.T.);
#1139=EDGE_CURVE('',#907,#907,#30,.T.);
#1140=EDGE_CURVE('',#895,#908,#134,.T.);
#1141=EDGE_CURVE('',#908,#908,#31,.T.);
#1142=EDGE_CURVE('',#909,#910,#701,.T.);
#1143=EDGE_CURVE('',#910,#909,#702,.T.);
#1144=EDGE_CURVE('',#910,#911,#135,.T.);
#1145=EDGE_CURVE('',#911,#911,#32,.T.);
#1146=EDGE_CURVE('',#904,#912,#136,.T.);
#1147=EDGE_CURVE('',#912,#912,#33,.T.);
#1148=EDGE_CURVE('',#913,#914,#703,.T.);
#1149=EDGE_CURVE('',#914,#913,#704,.T.);
#1150=EDGE_CURVE('',#914,#915,#137,.T.);
#1151=EDGE_CURVE('',#915,#915,#34,.T.);
#1152=EDGE_CURVE('',#897,#916,#138,.T.);
#1153=EDGE_CURVE('',#916,#916,#35,.T.);
#1154=EDGE_CURVE('',#917,#918,#705,.T.);
#1155=EDGE_CURVE('',#917,#901,#139,.T.);
#1156=EDGE_CURVE('',#918,#900,#140,.T.);
#1157=EDGE_CURVE('',#918,#919,#706,.T.);
#1158=EDGE_CURVE('',#919,#899,#141,.T.);
#1159=EDGE_CURVE('',#919,#920,#707,.T.);
#1160=EDGE_CURVE('',#920,#898,#142,.T.);
#1161=EDGE_CURVE('',#921,#917,#708,.T.);
#1162=EDGE_CURVE('',#921,#902,#143,.T.);
#1163=EDGE_CURVE('',#920,#921,#709,.T.);
#1164=EDGE_CURVE('',#922,#923,#144,.T.);
#1165=EDGE_CURVE('',#924,#922,#145,.T.);
#1166=EDGE_CURVE('',#925,#924,#146,.T.);
#1167=EDGE_CURVE('',#923,#925,#147,.T.);
#1168=EDGE_CURVE('',#926,#927,#148,.T.);
#1169=EDGE_CURVE('',#928,#926,#149,.T.);
#1170=EDGE_CURVE('',#929,#928,#150,.T.);
#1171=EDGE_CURVE('',#927,#929,#151,.T.);
#1172=EDGE_CURVE('',#923,#930,#152,.T.);
#1173=EDGE_CURVE('',#931,#925,#153,.T.);
#1174=EDGE_CURVE('',#930,#931,#154,.T.);
#1175=EDGE_CURVE('',#930,#932,#155,.T.);
#1176=EDGE_CURVE('',#933,#931,#156,.T.);
#1177=EDGE_CURVE('',#932,#933,#157,.T.);
#1178=EDGE_CURVE('',#934,#935,#158,.T.);
#1179=EDGE_CURVE('',#936,#934,#159,.T.);
#1180=EDGE_CURVE('',#937,#936,#160,.T.);
#1181=EDGE_CURVE('',#937,#935,#161,.T.);
#1182=EDGE_CURVE('',#935,#926,#162,.T.);
#1183=EDGE_CURVE('',#928,#937,#163,.T.);
#1184=EDGE_CURVE('',#867,#936,#164,.T.);
#1185=EDGE_CURVE('',#938,#851,#710,.T.);
#1186=EDGE_CURVE('',#938,#939,#165,.T.);
#1187=EDGE_CURVE('',#940,#939,#166,.T.);
#1188=EDGE_CURVE('',#929,#940,#167,.T.);
#1189=EDGE_CURVE('',#941,#922,#168,.T.);
#1190=EDGE_CURVE('',#941,#942,#711,.T.);
#1191=EDGE_CURVE('',#942,#943,#169,.T.);
#1192=EDGE_CURVE('',#944,#943,#771,.T.);
#1193=EDGE_CURVE('',#944,#924,#170,.T.);
#1194=EDGE_CURVE('',#945,#934,#171,.T.);
#1195=EDGE_CURVE('',#946,#945,#172,.T.);
#1196=EDGE_CURVE('',#932,#946,#173,.T.);
#1197=EDGE_CURVE('',#933,#868,#174,.T.);
#1198=EDGE_CURVE('',#940,#947,#772,.T.);
#1199=EDGE_CURVE('',#947,#948,#175,.T.);
#1200=EDGE_CURVE('',#949,#948,#712,.T.);
#1201=EDGE_CURVE('',#927,#949,#176,.T.);
#1202=EDGE_CURVE('',#946,#950,#177,.T.);
#1203=EDGE_CURVE('',#950,#860,#178,.T.);
#1204=EDGE_CURVE('',#941,#877,#713,.T.);
#1205=EDGE_CURVE('',#951,#947,#714,.T.);
#1206=EDGE_CURVE('',#951,#952,#179,.T.);
#1207=EDGE_CURVE('',#948,#952,#715,.T.);
#1208=EDGE_CURVE('',#953,#942,#716,.T.);
#1209=EDGE_CURVE('',#953,#954,#180,.T.);
#1210=EDGE_CURVE('',#943,#954,#717,.T.);
#1211=EDGE_CURVE('',#955,#951,#718,.T.);
#1212=EDGE_CURVE('',#955,#956,#181,.T.);
#1213=EDGE_CURVE('',#952,#956,#719,.T.);
#1214=EDGE_CURVE('',#957,#955,#720,.T.);
#1215=EDGE_CURVE('',#958,#957,#182,.T.);
#1216=EDGE_CURVE('',#956,#958,#721,.T.);
#1217=EDGE_CURVE('',#959,#953,#722,.T.);
#1218=EDGE_CURVE('',#959,#960,#183,.T.);
#1219=EDGE_CURVE('',#954,#960,#723,.T.);
#1220=EDGE_CURVE('',#961,#959,#724,.T.);
#1221=EDGE_CURVE('',#962,#961,#184,.T.);
#1222=EDGE_CURVE('',#960,#962,#725,.T.);
#1223=EDGE_CURVE('',#962,#887,#773,.T.);
#1224=EDGE_CURVE('',#887,#888,#726,.T.);
#1225=EDGE_CURVE('',#888,#889,#727,.T.);
#1226=EDGE_CURVE('',#889,#892,#728,.T.);
#1227=EDGE_CURVE('',#892,#893,#729,.T.);
#1228=EDGE_CURVE('',#893,#876,#730,.T.);
#1229=EDGE_CURVE('',#876,#963,#731,.T.);
#1230=EDGE_CURVE('',#944,#963,#185,.T.);
#1231=EDGE_CURVE('',#958,#964,#732,.T.);
#1232=EDGE_CURVE('',#964,#965,#733,.T.);
#1233=EDGE_CURVE('',#884,#965,#734,.T.);
#1234=EDGE_CURVE('',#879,#883,#735,.T.);
#1235=EDGE_CURVE('',#949,#878,#736,.F.);
#1236=EDGE_CURVE('',#961,#964,#737,.T.);
#1237=EDGE_CURVE('',#957,#887,#774,.T.);
#1238=EDGE_CURVE('',#859,#966,#738,.T.);
#1239=EDGE_CURVE('',#862,#967,#739,.T.);
#1240=EDGE_CURVE('',#967,#968,#740,.T.);
#1241=EDGE_CURVE('',#968,#938,#741,.T.);
#1242=EDGE_CURVE('',#969,#849,#742,.T.);
#1243=EDGE_CURVE('',#970,#969,#186,.T.);
#1244=EDGE_CURVE('',#970,#856,#743,.T.);
#1245=EDGE_CURVE('',#971,#855,#744,.T.);
#1246=EDGE_CURVE('',#971,#966,#187,.T.);
#1247=EDGE_CURVE('',#968,#887,#188,.T.);
#1248=EDGE_CURVE('',#882,#885,#745,.T.);
#1249=EDGE_CURVE('',#939,#880,#746,.T.);
#1250=EDGE_CURVE('',#967,#963,#189,.T.);
#1251=EDGE_CURVE('',#972,#887,#747,.T.);
#1252=EDGE_CURVE('',#972,#890,#748,.T.);
#1253=EDGE_CURVE('',#891,#875,#749,.T.);
#1254=EDGE_CURVE('',#965,#972,#750,.T.);
#1255=EDGE_CURVE('',#886,#887,#751,.T.);
#1256=EDGE_CURVE('',#885,#886,#752,.T.);
#1257=EDGE_CURVE('',#950,#973,#190,.T.);
#1258=EDGE_CURVE('',#853,#973,#191,.T.);
#1259=EDGE_CURVE('',#945,#973,#192,.T.);
#1260=EDGE_CURVE('',#880,#881,#753,.T.);
#1261=EDGE_CURVE('',#881,#882,#754,.T.);
#1262=EDGE_CURVE('',#974,#975,#775,.T.);
#1263=EDGE_CURVE('',#976,#974,#193,.T.);
#1264=EDGE_CURVE('',#977,#976,#776,.T.);
#1265=EDGE_CURVE('',#977,#975,#194,.T.);
#1266=EDGE_CURVE('',#978,#979,#777,.T.);
#1267=EDGE_CURVE('',#980,#978,#195,.T.);
#1268=EDGE_CURVE('',#980,#981,#778,.T.);
#1269=EDGE_CURVE('',#981,#979,#196,.T.);
#1270=EDGE_CURVE('',#976,#982,#779,.T.);
#1271=EDGE_CURVE('',#982,#983,#780,.T.);
#1272=EDGE_CURVE('',#983,#977,#781,.T.);
#1273=EDGE_CURVE('',#984,#982,#197,.T.);
#1274=EDGE_CURVE('',#985,#984,#782,.T.);
#1275=EDGE_CURVE('',#983,#985,#198,.T.);
#1276=EDGE_CURVE('',#986,#985,#783,.T.);
#1277=EDGE_CURVE('',#987,#986,#199,.T.);
#1278=EDGE_CURVE('',#979,#987,#200,.T.);
#1279=EDGE_CURVE('',#981,#975,#201,.T.);
#1280=EDGE_CURVE('',#987,#988,#784,.T.);
#1281=EDGE_CURVE('',#989,#986,#785,.T.);
#1282=EDGE_CURVE('',#988,#989,#202,.T.);
#1283=EDGE_CURVE('',#980,#974,#203,.T.);
#1284=EDGE_CURVE('',#978,#988,#204,.T.);
#1285=EDGE_CURVE('',#984,#989,#786,.T.);
#1286=EDGE_CURVE('',#990,#864,#787,.T.);
#1287=EDGE_CURVE('',#991,#863,#788,.T.);
#1288=EDGE_CURVE('',#990,#991,#205,.T.);
#1289=EDGE_CURVE('',#981,#990,#789,.T.);
#1290=EDGE_CURVE('',#975,#991,#790,.T.);
#1291=EDGE_CURVE('',#971,#980,#791,.T.);
#1292=EDGE_CURVE('',#966,#974,#792,.T.);
#1293=EDGE_CURVE('',#970,#978,#793,.T.);
#1294=EDGE_CURVE('',#988,#969,#794,.T.);
#1295=EDGE_CURVE('',#979,#992,#795,.T.);
#1296=EDGE_CURVE('',#993,#987,#796,.T.);
#1297=EDGE_CURVE('',#992,#993,#206,.T.);
#1298=EDGE_CURVE('',#992,#865,#797,.T.);
#1299=EDGE_CURVE('',#866,#993,#798,.T.);
#1300=ORIENTED_EDGE('',*,*,#994,.T.);
#1301=ORIENTED_EDGE('',*,*,#995,.T.);
#1302=ORIENTED_EDGE('',*,*,#996,.T.);
#1303=ORIENTED_EDGE('',*,*,#997,.T.);
#1304=ORIENTED_EDGE('',*,*,#998,.T.);
#1305=ORIENTED_EDGE('',*,*,#999,.F.);
#1306=ORIENTED_EDGE('',*,*,#1000,.F.);
#1307=ORIENTED_EDGE('',*,*,#994,.F.);
#1308=ORIENTED_EDGE('',*,*,#1001,.T.);
#1309=ORIENTED_EDGE('',*,*,#1002,.T.);
#1310=ORIENTED_EDGE('',*,*,#998,.F.);
#1311=ORIENTED_EDGE('',*,*,#997,.F.);
#1312=ORIENTED_EDGE('',*,*,#996,.F.);
#1313=ORIENTED_EDGE('',*,*,#995,.F.);
#1314=ORIENTED_EDGE('',*,*,#1003,.F.);
#1315=ORIENTED_EDGE('',*,*,#1004,.T.);
#1316=ORIENTED_EDGE('',*,*,#1005,.T.);
#1317=ORIENTED_EDGE('',*,*,#1006,.F.);
#1318=ORIENTED_EDGE('',*,*,#1007,.T.);
#1319=ORIENTED_EDGE('',*,*,#1008,.F.);
#1320=ORIENTED_EDGE('',*,*,#1004,.F.);
#1321=ORIENTED_EDGE('',*,*,#1009,.F.);
#1322=ORIENTED_EDGE('',*,*,#1005,.F.);
#1323=ORIENTED_EDGE('',*,*,#1008,.T.);
#1324=ORIENTED_EDGE('',*,*,#1010,.T.);
#1325=ORIENTED_EDGE('',*,*,#1011,.F.);
#1326=ORIENTED_EDGE('',*,*,#1012,.T.);
#1327=ORIENTED_EDGE('',*,*,#1013,.T.);
#1328=ORIENTED_EDGE('',*,*,#1014,.T.);
#1329=ORIENTED_EDGE('',*,*,#1015,.F.);
#1330=ORIENTED_EDGE('',*,*,#1016,.F.);
#1331=ORIENTED_EDGE('',*,*,#1017,.F.);
#1332=ORIENTED_EDGE('',*,*,#1010,.F.);
#1333=ORIENTED_EDGE('',*,*,#1007,.F.);
#1334=ORIENTED_EDGE('',*,*,#1018,.F.);
#1335=ORIENTED_EDGE('',*,*,#1019,.T.);
#1336=ORIENTED_EDGE('',*,*,#1020,.F.);
#1337=ORIENTED_EDGE('',*,*,#1012,.F.);
#1338=ORIENTED_EDGE('',*,*,#1021,.T.);
#1339=ORIENTED_EDGE('',*,*,#1013,.F.);
#1340=ORIENTED_EDGE('',*,*,#1022,.T.);
#1341=ORIENTED_EDGE('',*,*,#1023,.F.);
#1342=ORIENTED_EDGE('',*,*,#1024,.F.);
#1343=ORIENTED_EDGE('',*,*,#1022,.F.);
#1344=ORIENTED_EDGE('',*,*,#1020,.T.);
#1345=ORIENTED_EDGE('',*,*,#1025,.F.);
#1346=ORIENTED_EDGE('',*,*,#1026,.T.);
#1347=ORIENTED_EDGE('',*,*,#1027,.T.);
#1348=ORIENTED_EDGE('',*,*,#1015,.T.);
#1349=ORIENTED_EDGE('',*,*,#1028,.F.);
#1350=ORIENTED_EDGE('',*,*,#1029,.F.);
#1351=ORIENTED_EDGE('',*,*,#1030,.T.);
#1352=ORIENTED_EDGE('',*,*,#1026,.F.);
#1353=ORIENTED_EDGE('',*,*,#1031,.T.);
#1354=ORIENTED_EDGE('',*,*,#1027,.F.);
#1355=ORIENTED_EDGE('',*,*,#1030,.F.);
#1356=ORIENTED_EDGE('',*,*,#1032,.F.);
#1357=ORIENTED_EDGE('',*,*,#1033,.T.);
#1358=ORIENTED_EDGE('',*,*,#1029,.T.);
#1359=ORIENTED_EDGE('',*,*,#1034,.T.);
#1360=ORIENTED_EDGE('',*,*,#1023,.T.);
#1361=ORIENTED_EDGE('',*,*,#1024,.T.);
#1362=ORIENTED_EDGE('',*,*,#1019,.F.);
#1363=ORIENTED_EDGE('',*,*,#1035,.F.);
#1364=ORIENTED_EDGE('',*,*,#1016,.T.);
#1365=ORIENTED_EDGE('',*,*,#1031,.F.);
#1366=ORIENTED_EDGE('',*,*,#1033,.F.);
#1367=ORIENTED_EDGE('',*,*,#1034,.F.);
#1368=ORIENTED_EDGE('',*,*,#1028,.T.);
#1369=ORIENTED_EDGE('',*,*,#1025,.T.);
#1370=ORIENTED_EDGE('',*,*,#1014,.F.);
#1371=ORIENTED_EDGE('',*,*,#1021,.F.);
#1372=ORIENTED_EDGE('',*,*,#1036,.F.);
#1373=ORIENTED_EDGE('',*,*,#1037,.T.);
#1374=ORIENTED_EDGE('',*,*,#1038,.T.);
#1375=ORIENTED_EDGE('',*,*,#1039,.F.);
#1376=ORIENTED_EDGE('',*,*,#1040,.F.);
#1377=ORIENTED_EDGE('',*,*,#1041,.T.);
#1378=ORIENTED_EDGE('',*,*,#1042,.F.);
#1379=ORIENTED_EDGE('',*,*,#1043,.F.);
#1380=ORIENTED_EDGE('',*,*,#1044,.F.);
#1381=ORIENTED_EDGE('',*,*,#1045,.F.);
#1382=ORIENTED_EDGE('',*,*,#1037,.F.);
#1383=ORIENTED_EDGE('',*,*,#1046,.F.);
#1384=ORIENTED_EDGE('',*,*,#1039,.T.);
#1385=ORIENTED_EDGE('',*,*,#1047,.T.);
#1386=ORIENTED_EDGE('',*,*,#1048,.F.);
#1387=ORIENTED_EDGE('',*,*,#1049,.F.);
#1388=ORIENTED_EDGE('',*,*,#1050,.F.);
#1389=ORIENTED_EDGE('',*,*,#1051,.F.);
#1390=ORIENTED_EDGE('',*,*,#1052,.F.);
#1391=ORIENTED_EDGE('',*,*,#1053,.F.);
#1392=ORIENTED_EDGE('',*,*,#1054,.T.);
#1393=ORIENTED_EDGE('',*,*,#1055,.F.);
#1394=ORIENTED_EDGE('',*,*,#1050,.T.);
#1395=ORIENTED_EDGE('',*,*,#1056,.T.);
#1396=ORIENTED_EDGE('',*,*,#1041,.F.);
#1397=ORIENTED_EDGE('',*,*,#1057,.F.);
#1398=ORIENTED_EDGE('',*,*,#1058,.T.);
#1399=ORIENTED_EDGE('',*,*,#1052,.T.);
#1400=ORIENTED_EDGE('',*,*,#1059,.F.);
#1401=ORIENTED_EDGE('',*,*,#1043,.T.);
#1402=ORIENTED_EDGE('',*,*,#1060,.F.);
#1403=ORIENTED_EDGE('',*,*,#1049,.T.);
#1404=ORIENTED_EDGE('',*,*,#1042,.T.);
#1405=ORIENTED_EDGE('',*,*,#1056,.F.);
#1406=ORIENTED_EDGE('',*,*,#1060,.T.);
#1407=ORIENTED_EDGE('',*,*,#1061,.T.);
#1408=ORIENTED_EDGE('',*,*,#1047,.F.);
#1409=ORIENTED_EDGE('',*,*,#1062,.F.);
#1410=ORIENTED_EDGE('',*,*,#1063,.F.);
#1411=ORIENTED_EDGE('',*,*,#1064,.T.);
#1412=ORIENTED_EDGE('',*,*,#1063,.T.);
#1413=ORIENTED_EDGE('',*,*,#1065,.F.);
#1414=ORIENTED_EDGE('',*,*,#1045,.T.);
#1415=ORIENTED_EDGE('',*,*,#1038,.F.);
#1416=ORIENTED_EDGE('',*,*,#1065,.T.);
#1417=ORIENTED_EDGE('',*,*,#1062,.T.);
#1418=ORIENTED_EDGE('',*,*,#1066,.F.);
#1419=ORIENTED_EDGE('',*,*,#1054,.F.);
#1420=ORIENTED_EDGE('',*,*,#1067,.F.);
#1421=ORIENTED_EDGE('',*,*,#1044,.T.);
#1422=ORIENTED_EDGE('',*,*,#1059,.T.);
#1423=ORIENTED_EDGE('',*,*,#1048,.T.);
#1424=ORIENTED_EDGE('',*,*,#1061,.F.);
#1425=ORIENTED_EDGE('',*,*,#1064,.F.);
#1426=ORIENTED_EDGE('',*,*,#1068,.F.);
#1427=ORIENTED_EDGE('',*,*,#1067,.T.);
#1428=ORIENTED_EDGE('',*,*,#1053,.T.);
#1429=ORIENTED_EDGE('',*,*,#1058,.F.);
#1430=ORIENTED_EDGE('',*,*,#1069,.F.);
#1431=ORIENTED_EDGE('',*,*,#1070,.T.);
#1432=ORIENTED_EDGE('',*,*,#1071,.T.);
#1433=ORIENTED_EDGE('',*,*,#1072,.F.);
#1434=ORIENTED_EDGE('',*,*,#1073,.F.);
#1435=ORIENTED_EDGE('',*,*,#1074,.T.);
#1436=ORIENTED_EDGE('',*,*,#1075,.T.);
#1437=ORIENTED_EDGE('',*,*,#1076,.F.);
#1438=ORIENTED_EDGE('',*,*,#1077,.F.);
#1439=ORIENTED_EDGE('',*,*,#1078,.F.);
#1440=ORIENTED_EDGE('',*,*,#1079,.F.);
#1441=ORIENTED_EDGE('',*,*,#1080,.T.);
#1442=ORIENTED_EDGE('',*,*,#1081,.F.);
#1443=ORIENTED_EDGE('',*,*,#1082,.T.);
#1444=ORIENTED_EDGE('',*,*,#1083,.F.);
#1445=ORIENTED_EDGE('',*,*,#1084,.F.);
#1446=ORIENTED_EDGE('',*,*,#1085,.T.);
#1447=ORIENTED_EDGE('',*,*,#1086,.T.);
#1448=ORIENTED_EDGE('',*,*,#1087,.F.);
#1449=ORIENTED_EDGE('',*,*,#1088,.T.);
#1450=ORIENTED_EDGE('',*,*,#1089,.F.);
#1451=ORIENTED_EDGE('',*,*,#1090,.T.);
#1452=ORIENTED_EDGE('',*,*,#1072,.T.);
#1453=ORIENTED_EDGE('',*,*,#1091,.F.);
#1454=ORIENTED_EDGE('',*,*,#1092,.F.);
#1455=ORIENTED_EDGE('',*,*,#1093,.T.);
#1456=ORIENTED_EDGE('',*,*,#1080,.F.);
#1457=ORIENTED_EDGE('',*,*,#1094,.T.);
#1458=ORIENTED_EDGE('',*,*,#1095,.F.);
#1459=ORIENTED_EDGE('',*,*,#1096,.F.);
#1460=ORIENTED_EDGE('',*,*,#1097,.T.);
#1461=ORIENTED_EDGE('',*,*,#1098,.T.);
#1462=ORIENTED_EDGE('',*,*,#1097,.F.);
#1463=ORIENTED_EDGE('',*,*,#1099,.F.);
#1464=ORIENTED_EDGE('',*,*,#1100,.F.);
#1465=ORIENTED_EDGE('',*,*,#1101,.T.);
#1466=ORIENTED_EDGE('',*,*,#1102,.T.);
#1467=ORIENTED_EDGE('',*,*,#1101,.F.);
#1468=ORIENTED_EDGE('',*,*,#1102,.F.);
#1469=ORIENTED_EDGE('',*,*,#1098,.F.);
#1470=ORIENTED_EDGE('',*,*,#1103,.F.);
#1471=ORIENTED_EDGE('',*,*,#1104,.F.);
#1472=ORIENTED_EDGE('',*,*,#1105,.F.);
#1473=ORIENTED_EDGE('',*,*,#1079,.T.);
#1474=ORIENTED_EDGE('',*,*,#1106,.F.);
#1475=ORIENTED_EDGE('',*,*,#1077,.T.);
#1476=ORIENTED_EDGE('',*,*,#1107,.T.);
#1477=ORIENTED_EDGE('',*,*,#1073,.T.);
#1478=ORIENTED_EDGE('',*,*,#1108,.F.);
#1479=ORIENTED_EDGE('',*,*,#1109,.F.);
#1480=ORIENTED_EDGE('',*,*,#1110,.F.);
#1481=ORIENTED_EDGE('',*,*,#1111,.T.);
#1482=ORIENTED_EDGE('',*,*,#1112,.T.);
#1483=ORIENTED_EDGE('',*,*,#1113,.F.);
#1484=ORIENTED_EDGE('',*,*,#1114,.F.);
#1485=ORIENTED_EDGE('',*,*,#1115,.F.);
#1486=ORIENTED_EDGE('',*,*,#1116,.T.);
#1487=ORIENTED_EDGE('',*,*,#1117,.T.);
#1488=ORIENTED_EDGE('',*,*,#1118,.T.);
#1489=ORIENTED_EDGE('',*,*,#1119,.T.);
#1490=ORIENTED_EDGE('',*,*,#1120,.F.);
#1491=ORIENTED_EDGE('',*,*,#1121,.F.);
#1492=ORIENTED_EDGE('',*,*,#1122,.F.);
#1493=ORIENTED_EDGE('',*,*,#1123,.T.);
#1494=ORIENTED_EDGE('',*,*,#1124,.T.);
#1495=ORIENTED_EDGE('',*,*,#1125,.T.);
#1496=ORIENTED_EDGE('',*,*,#1126,.T.);
#1497=ORIENTED_EDGE('',*,*,#1127,.T.);
#1498=ORIENTED_EDGE('',*,*,#1128,.T.);
#1499=ORIENTED_EDGE('',*,*,#1129,.T.);
#1500=ORIENTED_EDGE('',*,*,#1130,.T.);
#1501=ORIENTED_EDGE('',*,*,#1131,.T.);
#1502=ORIENTED_EDGE('',*,*,#1132,.T.);
#1503=ORIENTED_EDGE('',*,*,#1133,.T.);
#1504=ORIENTED_EDGE('',*,*,#1134,.T.);
#1505=ORIENTED_EDGE('',*,*,#1135,.T.);
#1506=ORIENTED_EDGE('',*,*,#1099,.T.);
#1507=ORIENTED_EDGE('',*,*,#1100,.T.);
#1508=ORIENTED_EDGE('',*,*,#1136,.F.);
#1509=ORIENTED_EDGE('',*,*,#1137,.F.);
#1510=ORIENTED_EDGE('',*,*,#1138,.T.);
#1511=ORIENTED_EDGE('',*,*,#1139,.T.);
#1512=ORIENTED_EDGE('',*,*,#1138,.F.);
#1513=ORIENTED_EDGE('',*,*,#1125,.F.);
#1514=ORIENTED_EDGE('',*,*,#1126,.F.);
#1515=ORIENTED_EDGE('',*,*,#1140,.T.);
#1516=ORIENTED_EDGE('',*,*,#1141,.T.);
#1517=ORIENTED_EDGE('',*,*,#1140,.F.);
#1518=ORIENTED_EDGE('',*,*,#1141,.F.);
#1519=ORIENTED_EDGE('',*,*,#1139,.F.);
#1520=ORIENTED_EDGE('',*,*,#1095,.T.);
#1521=ORIENTED_EDGE('',*,*,#1096,.T.);
#1522=ORIENTED_EDGE('',*,*,#1142,.F.);
#1523=ORIENTED_EDGE('',*,*,#1143,.F.);
#1524=ORIENTED_EDGE('',*,*,#1144,.T.);
#1525=ORIENTED_EDGE('',*,*,#1145,.T.);
#1526=ORIENTED_EDGE('',*,*,#1144,.F.);
#1527=ORIENTED_EDGE('',*,*,#1134,.F.);
#1528=ORIENTED_EDGE('',*,*,#1135,.F.);
#1529=ORIENTED_EDGE('',*,*,#1146,.T.);
#1530=ORIENTED_EDGE('',*,*,#1147,.T.);
#1531=ORIENTED_EDGE('',*,*,#1146,.F.);
#1532=ORIENTED_EDGE('',*,*,#1147,.F.);
#1533=ORIENTED_EDGE('',*,*,#1145,.F.);
#1534=ORIENTED_EDGE('',*,*,#1136,.T.);
#1535=ORIENTED_EDGE('',*,*,#1137,.T.);
#1536=ORIENTED_EDGE('',*,*,#1148,.F.);
#1537=ORIENTED_EDGE('',*,*,#1149,.F.);
#1538=ORIENTED_EDGE('',*,*,#1150,.T.);
#1539=ORIENTED_EDGE('',*,*,#1151,.T.);
#1540=ORIENTED_EDGE('',*,*,#1150,.F.);
#1541=ORIENTED_EDGE('',*,*,#1127,.F.);
#1542=ORIENTED_EDGE('',*,*,#1128,.F.);
#1543=ORIENTED_EDGE('',*,*,#1152,.T.);
#1544=ORIENTED_EDGE('',*,*,#1153,.T.);
#1545=ORIENTED_EDGE('',*,*,#1152,.F.);
#1546=ORIENTED_EDGE('',*,*,#1153,.F.);
#1547=ORIENTED_EDGE('',*,*,#1151,.F.);
#1548=ORIENTED_EDGE('',*,*,#1142,.T.);
#1549=ORIENTED_EDGE('',*,*,#1143,.T.);
#1550=ORIENTED_EDGE('',*,*,#1154,.F.);
#1551=ORIENTED_EDGE('',*,*,#1155,.T.);
#1552=ORIENTED_EDGE('',*,*,#1131,.F.);
#1553=ORIENTED_EDGE('',*,*,#1156,.F.);
#1554=ORIENTED_EDGE('',*,*,#1157,.F.);
#1555=ORIENTED_EDGE('',*,*,#1156,.T.);
#1556=ORIENTED_EDGE('',*,*,#1130,.F.);
#1557=ORIENTED_EDGE('',*,*,#1158,.F.);
#1558=ORIENTED_EDGE('',*,*,#1159,.F.);
#1559=ORIENTED_EDGE('',*,*,#1158,.T.);
#1560=ORIENTED_EDGE('',*,*,#1129,.F.);
#1561=ORIENTED_EDGE('',*,*,#1160,.F.);
#1562=ORIENTED_EDGE('',*,*,#1161,.F.);
#1563=ORIENTED_EDGE('',*,*,#1162,.T.);
#1564=ORIENTED_EDGE('',*,*,#1132,.F.);
#1565=ORIENTED_EDGE('',*,*,#1155,.F.);
#1566=ORIENTED_EDGE('',*,*,#1163,.F.);
#1567=ORIENTED_EDGE('',*,*,#1160,.T.);
#1568=ORIENTED_EDGE('',*,*,#1133,.F.);
#1569=ORIENTED_EDGE('',*,*,#1162,.F.);
#1570=ORIENTED_EDGE('',*,*,#1164,.F.);
#1571=ORIENTED_EDGE('',*,*,#1165,.F.);
#1572=ORIENTED_EDGE('',*,*,#1166,.F.);
#1573=ORIENTED_EDGE('',*,*,#1167,.F.);
#1574=ORIENTED_EDGE('',*,*,#1168,.F.);
#1575=ORIENTED_EDGE('',*,*,#1169,.F.);
#1576=ORIENTED_EDGE('',*,*,#1170,.F.);
#1577=ORIENTED_EDGE('',*,*,#1171,.F.);
#1578=ORIENTED_EDGE('',*,*,#1172,.F.);
#1579=ORIENTED_EDGE('',*,*,#1167,.T.);
#1580=ORIENTED_EDGE('',*,*,#1173,.F.);
#1581=ORIENTED_EDGE('',*,*,#1174,.F.);
#1582=ORIENTED_EDGE('',*,*,#1175,.F.);
#1583=ORIENTED_EDGE('',*,*,#1174,.T.);
#1584=ORIENTED_EDGE('',*,*,#1176,.F.);
#1585=ORIENTED_EDGE('',*,*,#1177,.F.);
#1586=ORIENTED_EDGE('',*,*,#1178,.F.);
#1587=ORIENTED_EDGE('',*,*,#1179,.F.);
#1588=ORIENTED_EDGE('',*,*,#1180,.F.);
#1589=ORIENTED_EDGE('',*,*,#1181,.T.);
#1590=ORIENTED_EDGE('',*,*,#1182,.F.);
#1591=ORIENTED_EDGE('',*,*,#1181,.F.);
#1592=ORIENTED_EDGE('',*,*,#1183,.F.);
#1593=ORIENTED_EDGE('',*,*,#1169,.T.);
#1594=ORIENTED_EDGE('',*,*,#1170,.T.);
#1595=ORIENTED_EDGE('',*,*,#1183,.T.);
#1596=ORIENTED_EDGE('',*,*,#1180,.T.);
#1597=ORIENTED_EDGE('',*,*,#1184,.F.);
#1598=ORIENTED_EDGE('',*,*,#1091,.T.);
#1599=ORIENTED_EDGE('',*,*,#1071,.F.);
#1600=ORIENTED_EDGE('',*,*,#1185,.F.);
#1601=ORIENTED_EDGE('',*,*,#1186,.T.);
#1602=ORIENTED_EDGE('',*,*,#1187,.F.);
#1603=ORIENTED_EDGE('',*,*,#1188,.F.);
#1604=ORIENTED_EDGE('',*,*,#1165,.T.);
#1605=ORIENTED_EDGE('',*,*,#1189,.F.);
#1606=ORIENTED_EDGE('',*,*,#1190,.T.);
#1607=ORIENTED_EDGE('',*,*,#1191,.T.);
#1608=ORIENTED_EDGE('',*,*,#1192,.F.);
#1609=ORIENTED_EDGE('',*,*,#1193,.T.);
#1610=ORIENTED_EDGE('',*,*,#1179,.T.);
#1611=ORIENTED_EDGE('',*,*,#1194,.F.);
#1612=ORIENTED_EDGE('',*,*,#1195,.F.);
#1613=ORIENTED_EDGE('',*,*,#1196,.F.);
#1614=ORIENTED_EDGE('',*,*,#1177,.T.);
#1615=ORIENTED_EDGE('',*,*,#1197,.T.);
#1616=ORIENTED_EDGE('',*,*,#1092,.T.);
#1617=ORIENTED_EDGE('',*,*,#1184,.T.);
#1618=ORIENTED_EDGE('',*,*,#1171,.T.);
#1619=ORIENTED_EDGE('',*,*,#1188,.T.);
#1620=ORIENTED_EDGE('',*,*,#1198,.T.);
#1621=ORIENTED_EDGE('',*,*,#1199,.T.);
#1622=ORIENTED_EDGE('',*,*,#1200,.F.);
#1623=ORIENTED_EDGE('',*,*,#1201,.F.);
#1624=ORIENTED_EDGE('',*,*,#1164,.T.);
#1625=ORIENTED_EDGE('',*,*,#1172,.T.);
#1626=ORIENTED_EDGE('',*,*,#1175,.T.);
#1627=ORIENTED_EDGE('',*,*,#1196,.T.);
#1628=ORIENTED_EDGE('',*,*,#1202,.T.);
#1629=ORIENTED_EDGE('',*,*,#1203,.T.);
#1630=ORIENTED_EDGE('',*,*,#1105,.T.);
#1631=ORIENTED_EDGE('',*,*,#1204,.F.);
#1632=ORIENTED_EDGE('',*,*,#1189,.T.);
#1633=ORIENTED_EDGE('',*,*,#1205,.F.);
#1634=ORIENTED_EDGE('',*,*,#1206,.T.);
#1635=ORIENTED_EDGE('',*,*,#1207,.F.);
#1636=ORIENTED_EDGE('',*,*,#1199,.F.);
#1637=ORIENTED_EDGE('',*,*,#1208,.F.);
#1638=ORIENTED_EDGE('',*,*,#1209,.T.);
#1639=ORIENTED_EDGE('',*,*,#1210,.F.);
#1640=ORIENTED_EDGE('',*,*,#1191,.F.);
#1641=ORIENTED_EDGE('',*,*,#1211,.F.);
#1642=ORIENTED_EDGE('',*,*,#1212,.T.);
#1643=ORIENTED_EDGE('',*,*,#1213,.F.);
#1644=ORIENTED_EDGE('',*,*,#1206,.F.);
#1645=ORIENTED_EDGE('',*,*,#1214,.F.);
#1646=ORIENTED_EDGE('',*,*,#1215,.F.);
#1647=ORIENTED_EDGE('',*,*,#1216,.F.);
#1648=ORIENTED_EDGE('',*,*,#1212,.F.);
#1649=ORIENTED_EDGE('',*,*,#1217,.F.);
#1650=ORIENTED_EDGE('',*,*,#1218,.T.);
#1651=ORIENTED_EDGE('',*,*,#1219,.F.);
#1652=ORIENTED_EDGE('',*,*,#1209,.F.);
#1653=ORIENTED_EDGE('',*,*,#1220,.F.);
#1654=ORIENTED_EDGE('',*,*,#1221,.F.);
#1655=ORIENTED_EDGE('',*,*,#1222,.F.);
#1656=ORIENTED_EDGE('',*,*,#1218,.F.);
#1657=ORIENTED_EDGE('',*,*,#1210,.T.);
#1658=ORIENTED_EDGE('',*,*,#1219,.T.);
#1659=ORIENTED_EDGE('',*,*,#1222,.T.);
#1660=ORIENTED_EDGE('',*,*,#1223,.T.);
#1661=ORIENTED_EDGE('',*,*,#1224,.T.);
#1662=ORIENTED_EDGE('',*,*,#1225,.T.);
#1663=ORIENTED_EDGE('',*,*,#1226,.T.);
#1664=ORIENTED_EDGE('',*,*,#1227,.T.);
#1665=ORIENTED_EDGE('',*,*,#1228,.T.);
#1666=ORIENTED_EDGE('',*,*,#1229,.T.);
#1667=ORIENTED_EDGE('',*,*,#1230,.F.);
#1668=ORIENTED_EDGE('',*,*,#1192,.T.);
#1669=ORIENTED_EDGE('',*,*,#1018,.T.);
#1670=ORIENTED_EDGE('',*,*,#1011,.T.);
#1671=ORIENTED_EDGE('',*,*,#1035,.T.);
#1672=ORIENTED_EDGE('',*,*,#1032,.T.);
#1673=ORIENTED_EDGE('',*,*,#1207,.T.);
#1674=ORIENTED_EDGE('',*,*,#1213,.T.);
#1675=ORIENTED_EDGE('',*,*,#1216,.T.);
#1676=ORIENTED_EDGE('',*,*,#1231,.T.);
#1677=ORIENTED_EDGE('',*,*,#1232,.T.);
#1678=ORIENTED_EDGE('',*,*,#1233,.F.);
#1679=ORIENTED_EDGE('',*,*,#1114,.T.);
#1680=ORIENTED_EDGE('',*,*,#1234,.F.);
#1681=ORIENTED_EDGE('',*,*,#1109,.T.);
#1682=ORIENTED_EDGE('',*,*,#1235,.F.);
#1683=ORIENTED_EDGE('',*,*,#1200,.T.);
#1684=ORIENTED_EDGE('',*,*,#1057,.T.);
#1685=ORIENTED_EDGE('',*,*,#1051,.T.);
#1686=ORIENTED_EDGE('',*,*,#1066,.T.);
#1687=ORIENTED_EDGE('',*,*,#1068,.T.);
#1688=ORIENTED_EDGE('',*,*,#1221,.T.);
#1689=ORIENTED_EDGE('',*,*,#1236,.T.);
#1690=ORIENTED_EDGE('',*,*,#1231,.F.);
#1691=ORIENTED_EDGE('',*,*,#1215,.T.);
#1692=ORIENTED_EDGE('',*,*,#1237,.T.);
#1693=ORIENTED_EDGE('',*,*,#1223,.F.);
#1694=ORIENTED_EDGE('',*,*,#1148,.T.);
#1695=ORIENTED_EDGE('',*,*,#1149,.T.);
#1696=ORIENTED_EDGE('',*,*,#1238,.F.);
#1697=ORIENTED_EDGE('',*,*,#1082,.F.);
#1698=ORIENTED_EDGE('',*,*,#1239,.T.);
#1699=ORIENTED_EDGE('',*,*,#1240,.T.);
#1700=ORIENTED_EDGE('',*,*,#1241,.T.);
#1701=ORIENTED_EDGE('',*,*,#1185,.T.);
#1702=ORIENTED_EDGE('',*,*,#1070,.F.);
#1703=ORIENTED_EDGE('',*,*,#1242,.F.);
#1704=ORIENTED_EDGE('',*,*,#1243,.F.);
#1705=ORIENTED_EDGE('',*,*,#1244,.T.);
#1706=ORIENTED_EDGE('',*,*,#1075,.F.);
#1707=ORIENTED_EDGE('',*,*,#1245,.F.);
#1708=ORIENTED_EDGE('',*,*,#1246,.T.);
#1709=ORIENTED_EDGE('',*,*,#1159,.T.);
#1710=ORIENTED_EDGE('',*,*,#1163,.T.);
#1711=ORIENTED_EDGE('',*,*,#1161,.T.);
#1712=ORIENTED_EDGE('',*,*,#1154,.T.);
#1713=ORIENTED_EDGE('',*,*,#1157,.T.);
#1714=ORIENTED_EDGE('',*,*,#1241,.F.);
#1715=ORIENTED_EDGE('',*,*,#1247,.T.);
#1716=ORIENTED_EDGE('',*,*,#1117,.F.);
#1717=ORIENTED_EDGE('',*,*,#1116,.F.);
#1718=ORIENTED_EDGE('',*,*,#1248,.F.);
#1719=ORIENTED_EDGE('',*,*,#1112,.F.);
#1720=ORIENTED_EDGE('',*,*,#1111,.F.);
#1721=ORIENTED_EDGE('',*,*,#1249,.F.);
#1722=ORIENTED_EDGE('',*,*,#1186,.F.);
#1723=ORIENTED_EDGE('',*,*,#1240,.F.);
#1724=ORIENTED_EDGE('',*,*,#1250,.T.);
#1725=ORIENTED_EDGE('',*,*,#1229,.F.);
#1726=ORIENTED_EDGE('',*,*,#1124,.F.);
#1727=ORIENTED_EDGE('',*,*,#1123,.F.);
#1728=ORIENTED_EDGE('',*,*,#1226,.F.);
#1729=ORIENTED_EDGE('',*,*,#1119,.F.);
#1730=ORIENTED_EDGE('',*,*,#1118,.F.);
#1731=ORIENTED_EDGE('',*,*,#1247,.F.);
#1732=ORIENTED_EDGE('',*,*,#1120,.T.);
#1733=ORIENTED_EDGE('',*,*,#1225,.F.);
#1734=ORIENTED_EDGE('',*,*,#1224,.F.);
#1735=ORIENTED_EDGE('',*,*,#1251,.F.);
#1736=ORIENTED_EDGE('',*,*,#1252,.T.);
#1737=ORIENTED_EDGE('',*,*,#1103,.T.);
#1738=ORIENTED_EDGE('',*,*,#1228,.F.);
#1739=ORIENTED_EDGE('',*,*,#1227,.F.);
#1740=ORIENTED_EDGE('',*,*,#1122,.T.);
#1741=ORIENTED_EDGE('',*,*,#1253,.T.);
#1742=ORIENTED_EDGE('',*,*,#1115,.T.);
#1743=ORIENTED_EDGE('',*,*,#1233,.T.);
#1744=ORIENTED_EDGE('',*,*,#1254,.T.);
#1745=ORIENTED_EDGE('',*,*,#1251,.T.);
#1746=ORIENTED_EDGE('',*,*,#1255,.F.);
#1747=ORIENTED_EDGE('',*,*,#1256,.F.);
#1748=ORIENTED_EDGE('',*,*,#1203,.F.);
#1749=ORIENTED_EDGE('',*,*,#1257,.T.);
#1750=ORIENTED_EDGE('',*,*,#1258,.F.);
#1751=ORIENTED_EDGE('',*,*,#1090,.F.);
#1752=ORIENTED_EDGE('',*,*,#1107,.F.);
#1753=ORIENTED_EDGE('',*,*,#1086,.F.);
#1754=ORIENTED_EDGE('',*,*,#1106,.T.);
#1755=ORIENTED_EDGE('',*,*,#1094,.F.);
#1756=ORIENTED_EDGE('',*,*,#1202,.F.);
#1757=ORIENTED_EDGE('',*,*,#1195,.T.);
#1758=ORIENTED_EDGE('',*,*,#1259,.T.);
#1759=ORIENTED_EDGE('',*,*,#1257,.F.);
#1760=ORIENTED_EDGE('',*,*,#1168,.T.);
#1761=ORIENTED_EDGE('',*,*,#1201,.T.);
#1762=ORIENTED_EDGE('',*,*,#1235,.T.);
#1763=ORIENTED_EDGE('',*,*,#1108,.T.);
#1764=ORIENTED_EDGE('',*,*,#1258,.T.);
#1765=ORIENTED_EDGE('',*,*,#1259,.F.);
#1766=ORIENTED_EDGE('',*,*,#1194,.T.);
#1767=ORIENTED_EDGE('',*,*,#1178,.T.);
#1768=ORIENTED_EDGE('',*,*,#1182,.T.);
#1769=ORIENTED_EDGE('',*,*,#1166,.T.);
#1770=ORIENTED_EDGE('',*,*,#1193,.F.);
#1771=ORIENTED_EDGE('',*,*,#1230,.T.);
#1772=ORIENTED_EDGE('',*,*,#1250,.F.);
#1773=ORIENTED_EDGE('',*,*,#1239,.F.);
#1774=ORIENTED_EDGE('',*,*,#1081,.T.);
#1775=ORIENTED_EDGE('',*,*,#1093,.F.);
#1776=ORIENTED_EDGE('',*,*,#1197,.F.);
#1777=ORIENTED_EDGE('',*,*,#1176,.T.);
#1778=ORIENTED_EDGE('',*,*,#1173,.T.);
#1779=ORIENTED_EDGE('',*,*,#1205,.T.);
#1780=ORIENTED_EDGE('',*,*,#1198,.F.);
#1781=ORIENTED_EDGE('',*,*,#1187,.T.);
#1782=ORIENTED_EDGE('',*,*,#1249,.T.);
#1783=ORIENTED_EDGE('',*,*,#1260,.T.);
#1784=ORIENTED_EDGE('',*,*,#1261,.T.);
#1785=ORIENTED_EDGE('',*,*,#1248,.T.);
#1786=ORIENTED_EDGE('',*,*,#1256,.T.);
#1787=ORIENTED_EDGE('',*,*,#1255,.T.);
#1788=ORIENTED_EDGE('',*,*,#1237,.F.);
#1789=ORIENTED_EDGE('',*,*,#1214,.T.);
#1790=ORIENTED_EDGE('',*,*,#1211,.T.);
#1791=ORIENTED_EDGE('',*,*,#1055,.T.);
#1792=ORIENTED_EDGE('',*,*,#1040,.T.);
#1793=ORIENTED_EDGE('',*,*,#1036,.T.);
#1794=ORIENTED_EDGE('',*,*,#1046,.T.);
#1795=ORIENTED_EDGE('',*,*,#1208,.T.);
#1796=ORIENTED_EDGE('',*,*,#1190,.F.);
#1797=ORIENTED_EDGE('',*,*,#1204,.T.);
#1798=ORIENTED_EDGE('',*,*,#1104,.T.);
#1799=ORIENTED_EDGE('',*,*,#1253,.F.);
#1800=ORIENTED_EDGE('',*,*,#1121,.T.);
#1801=ORIENTED_EDGE('',*,*,#1252,.F.);
#1802=ORIENTED_EDGE('',*,*,#1254,.F.);
#1803=ORIENTED_EDGE('',*,*,#1232,.F.);
#1804=ORIENTED_EDGE('',*,*,#1236,.F.);
#1805=ORIENTED_EDGE('',*,*,#1220,.T.);
#1806=ORIENTED_EDGE('',*,*,#1217,.T.);
#1807=ORIENTED_EDGE('',*,*,#1017,.T.);
#1808=ORIENTED_EDGE('',*,*,#1006,.T.);
#1809=ORIENTED_EDGE('',*,*,#1003,.T.);
#1810=ORIENTED_EDGE('',*,*,#1009,.T.);
#1811=ORIENTED_EDGE('',*,*,#1110,.T.);
#1812=ORIENTED_EDGE('',*,*,#1234,.T.);
#1813=ORIENTED_EDGE('',*,*,#1113,.T.);
#1814=ORIENTED_EDGE('',*,*,#1261,.F.);
#1815=ORIENTED_EDGE('',*,*,#1260,.F.);
#1816=ORIENTED_EDGE('',*,*,#1262,.F.);
#1817=ORIENTED_EDGE('',*,*,#1263,.F.);
#1818=ORIENTED_EDGE('',*,*,#1264,.F.);
#1819=ORIENTED_EDGE('',*,*,#1265,.T.);
#1820=ORIENTED_EDGE('',*,*,#1266,.F.);
#1821=ORIENTED_EDGE('',*,*,#1267,.F.);
#1822=ORIENTED_EDGE('',*,*,#1268,.T.);
#1823=ORIENTED_EDGE('',*,*,#1269,.T.);
#1824=ORIENTED_EDGE('',*,*,#1270,.T.);
#1825=ORIENTED_EDGE('',*,*,#1271,.T.);
#1826=ORIENTED_EDGE('',*,*,#1272,.T.);
#1827=ORIENTED_EDGE('',*,*,#1264,.T.);
#1828=ORIENTED_EDGE('',*,*,#1273,.F.);
#1829=ORIENTED_EDGE('',*,*,#1274,.F.);
#1830=ORIENTED_EDGE('',*,*,#1275,.F.);
#1831=ORIENTED_EDGE('',*,*,#1271,.F.);
#1832=ORIENTED_EDGE('',*,*,#1275,.T.);
#1833=ORIENTED_EDGE('',*,*,#1276,.F.);
#1834=ORIENTED_EDGE('',*,*,#1277,.F.);
#1835=ORIENTED_EDGE('',*,*,#1278,.F.);
#1836=ORIENTED_EDGE('',*,*,#1269,.F.);
#1837=ORIENTED_EDGE('',*,*,#1279,.T.);
#1838=ORIENTED_EDGE('',*,*,#1265,.F.);
#1839=ORIENTED_EDGE('',*,*,#1272,.F.);
#1840=ORIENTED_EDGE('',*,*,#1280,.F.);
#1841=ORIENTED_EDGE('',*,*,#1277,.T.);
#1842=ORIENTED_EDGE('',*,*,#1281,.F.);
#1843=ORIENTED_EDGE('',*,*,#1282,.F.);
#1844=ORIENTED_EDGE('',*,*,#1263,.T.);
#1845=ORIENTED_EDGE('',*,*,#1283,.F.);
#1846=ORIENTED_EDGE('',*,*,#1267,.T.);
#1847=ORIENTED_EDGE('',*,*,#1284,.T.);
#1848=ORIENTED_EDGE('',*,*,#1282,.T.);
#1849=ORIENTED_EDGE('',*,*,#1285,.F.);
#1850=ORIENTED_EDGE('',*,*,#1273,.T.);
#1851=ORIENTED_EDGE('',*,*,#1270,.F.);
#1852=ORIENTED_EDGE('',*,*,#1285,.T.);
#1853=ORIENTED_EDGE('',*,*,#1281,.T.);
#1854=ORIENTED_EDGE('',*,*,#1276,.T.);
#1855=ORIENTED_EDGE('',*,*,#1274,.T.);
#1856=ORIENTED_EDGE('',*,*,#1286,.T.);
#1857=ORIENTED_EDGE('',*,*,#1084,.T.);
#1858=ORIENTED_EDGE('',*,*,#1287,.F.);
#1859=ORIENTED_EDGE('',*,*,#1288,.F.);
#1860=ORIENTED_EDGE('',*,*,#1289,.T.);
#1861=ORIENTED_EDGE('',*,*,#1288,.T.);
#1862=ORIENTED_EDGE('',*,*,#1290,.F.);
#1863=ORIENTED_EDGE('',*,*,#1279,.F.);
#1864=ORIENTED_EDGE('',*,*,#1291,.T.);
#1865=ORIENTED_EDGE('',*,*,#1283,.T.);
#1866=ORIENTED_EDGE('',*,*,#1292,.F.);
#1867=ORIENTED_EDGE('',*,*,#1246,.F.);
#1868=ORIENTED_EDGE('',*,*,#1245,.T.);
#1869=ORIENTED_EDGE('',*,*,#1074,.F.);
#1870=ORIENTED_EDGE('',*,*,#1085,.F.);
#1871=ORIENTED_EDGE('',*,*,#1286,.F.);
#1872=ORIENTED_EDGE('',*,*,#1289,.F.);
#1873=ORIENTED_EDGE('',*,*,#1268,.F.);
#1874=ORIENTED_EDGE('',*,*,#1291,.F.);
#1875=ORIENTED_EDGE('',*,*,#1238,.T.);
#1876=ORIENTED_EDGE('',*,*,#1292,.T.);
#1877=ORIENTED_EDGE('',*,*,#1262,.T.);
#1878=ORIENTED_EDGE('',*,*,#1290,.T.);
#1879=ORIENTED_EDGE('',*,*,#1287,.T.);
#1880=ORIENTED_EDGE('',*,*,#1083,.T.);
#1881=ORIENTED_EDGE('',*,*,#1078,.T.);
#1882=ORIENTED_EDGE('',*,*,#1293,.F.);
#1883=ORIENTED_EDGE('',*,*,#1243,.T.);
#1884=ORIENTED_EDGE('',*,*,#1294,.F.);
#1885=ORIENTED_EDGE('',*,*,#1284,.F.);
#1886=ORIENTED_EDGE('',*,*,#1295,.F.);
#1887=ORIENTED_EDGE('',*,*,#1278,.T.);
#1888=ORIENTED_EDGE('',*,*,#1296,.F.);
#1889=ORIENTED_EDGE('',*,*,#1297,.F.);
#1890=ORIENTED_EDGE('',*,*,#1298,.F.);
#1891=ORIENTED_EDGE('',*,*,#1297,.T.);
#1892=ORIENTED_EDGE('',*,*,#1299,.F.);
#1893=ORIENTED_EDGE('',*,*,#1088,.F.);
#1894=ORIENTED_EDGE('',*,*,#1242,.T.);
#1895=ORIENTED_EDGE('',*,*,#1069,.T.);
#1896=ORIENTED_EDGE('',*,*,#1089,.T.);
#1897=ORIENTED_EDGE('',*,*,#1299,.T.);
#1898=ORIENTED_EDGE('',*,*,#1296,.T.);
#1899=ORIENTED_EDGE('',*,*,#1280,.T.);
#1900=ORIENTED_EDGE('',*,*,#1294,.T.);
#1901=ORIENTED_EDGE('',*,*,#1244,.F.);
#1902=ORIENTED_EDGE('',*,*,#1293,.T.);
#1903=ORIENTED_EDGE('',*,*,#1266,.T.);
#1904=ORIENTED_EDGE('',*,*,#1295,.T.);
#1905=ORIENTED_EDGE('',*,*,#1298,.T.);
#1906=ORIENTED_EDGE('',*,*,#1087,.T.);
#1907=ORIENTED_EDGE('',*,*,#1076,.T.);
#1908=B_SPLINE_SURFACE_WITH_KNOTS('',3,3,((#2419,#2420,#2421,#2422,#2423,
#2424,#2425,#2426),(#2427,#2428,#2429,#2430,#2431,#2432,#2433,#2434),(#2435,
#2436,#2437,#2438,#2439,#2440,#2441,#2442),(#2443,#2444,#2445,#2446,#2447,
#2448,#2449,#2450),(#2451,#2452,#2453,#2454,#2455,#2456,#2457,#2458),(#2459,
#2460,#2461,#2462,#2463,#2464,#2465,#2466),(#2467,#2468,#2469,#2470,#2471,
#2472,#2473,#2474),(#2475,#2476,#2477,#2478,#2479,#2480,#2481,#2482),(#2483,
#2484,#2485,#2486,#2487,#2488,#2489,#2490),(#2491,#2492,#2493,#2494,#2495,
#2496,#2497,#2498),(#2499,#2500,#2501,#2502,#2503,#2504,#2505,#2506),(#2507,
#2508,#2509,#2510,#2511,#2512,#2513,#2514)),.UNSPECIFIED.,.F.,.F.,.F.,(4,
1,2,1,1,1,1,1,4),(4,1,1,1,1,4),(0.,0.0362352831288905,0.0905882078222263,
0.181529387040004,0.272470566257781,0.454352924693336,0.636235283128891,
0.818117641564445,1.),(0.,0.142857142857143,0.285714285714286,0.571428571428571,
0.857142857142857,1.),.UNSPECIFIED.);
#1909=B_SPLINE_SURFACE_WITH_KNOTS('',3,3,((#2590,#2591,#2592,#2593,#2594,
#2595,#2596,#2597),(#2598,#2599,#2600,#2601,#2602,#2603,#2604,#2605),(#2606,
#2607,#2608,#2609,#2610,#2611,#2612,#2613),(#2614,#2615,#2616,#2617,#2618,
#2619,#2620,#2621),(#2622,#2623,#2624,#2625,#2626,#2627,#2628,#2629),(#2630,
#2631,#2632,#2633,#2634,#2635,#2636,#2637),(#2638,#2639,#2640,#2641,#2642,
#2643,#2644,#2645),(#2646,#2647,#2648,#2649,#2650,#2651,#2652,#2653),(#2654,
#2655,#2656,#2657,#2658,#2659,#2660,#2661),(#2662,#2663,#2664,#2665,#2666,
#2667,#2668,#2669),(#2670,#2671,#2672,#2673,#2674,#2675,#2676,#2677),(#2678,
#2679,#2680,#2681,#2682,#2683,#2684,#2685)),.UNSPECIFIED.,.F.,.F.,.F.,(4,
1,2,1,1,1,1,1,4),(4,1,1,1,1,4),(0.,0.0362352831288905,0.0905882078222263,
0.181529387040004,0.272470566257781,0.454352924693336,0.636235283128891,
0.818117641564445,1.),(0.,0.142857142857143,0.285714285714286,0.571428571428571,
0.857142857142857,1.),.UNSPECIFIED.);
#1910=B_SPLINE_SURFACE_WITH_KNOTS('',3,1,((#6022,#6023),(#6024,#6025),(#6026,
#6027),(#6028,#6029),(#6030,#6031),(#6032,#6033),(#6034,#6035),(#6036,#6037),
(#6038,#6039),(#6040,#6041),(#6042,#6043),(#6044,#6045),(#6046,#6047),(#6048,
#6049),(#6050,#6051),(#6052,#6053),(#6054,#6055),(#6056,#6057),(#6058,#6059),
(#6060,#6061),(#6062,#6063),(#6064,#6065),(#6066,#6067),(#6068,#6069),(#6070,
#6071),(#6072,#6073),(#6074,#6075),(#6076,#6077),(#6078,#6079),(#6080,#6081),
(#6082,#6083),(#6084,#6085),(#6086,#6087),(#6088,#6089),(#6090,#6091),(#6092,
#6093),(#6094,#6095),(#6096,#6097),(#6098,#6099),(#6100,#6101),(#6102,#6103),
(#6104,#6105),(#6106,#6107),(#6108,#6109),(#6110,#6111),(#6112,#6113),(#6114,
#6115),(#6116,#6117),(#6118,#6119),(#6120,#6121),(#6122,#6123),(#6124,#6125),
(#6126,#6127),(#6128,#6129),(#6130,#6131),(#6132,#6133),(#6134,#6135),(#6136,
#6137),(#6138,#6139),(#6140,#6141),(#6142,#6143),(#6144,#6145),(#6146,#6147),
(#6148,#6149),(#6150,#6151),(#6152,#6153),(#6154,#6155),(#6156,#6157),(#6158,
#6159),(#6160,#6161),(#6162,#6163),(#6164,#6165),(#6166,#6167),(#6168,#6169),
(#6170,#6171),(#6172,#6173),(#6174,#6175),(#6176,#6177),(#6178,#6179)),
 .UNSPECIFIED.,.F.,.F.,.F.,(4,3,3,3,3,3,3,3,3,3,3,3,3,3,3,3,3,3,3,3,3,3,
3,3,3,3,4),(2,2),(-1.,-0.982264116366279,-0.953729741811443,-0.930565865163664,
-0.900519451062636,-0.873466162665909,-0.829494172203298,-0.796672285901536,
-0.74688026803269,-0.703318886632754,-0.644860579486735,-0.602836899237658,
-0.556699340564498,-0.502267134708944,-0.439483742870326,-0.399980234922285,
-0.367171437036945,-0.332997209688569,-0.291372558477498,-0.260668980808242,
-0.221464320573681,-0.189343905736636,-0.143347275012241,-0.101197279792023,
-0.0510935969218703,0.,0.01),(0.,2.54954749429893),.UNSPECIFIED.);
#1911=B_SPLINE_SURFACE_WITH_KNOTS('',3,1,((#7070,#7071),(#7072,#7073),(#7074,
#7075),(#7076,#7077),(#7078,#7079),(#7080,#7081),(#7082,#7083),(#7084,#7085),
(#7086,#7087),(#7088,#7089),(#7090,#7091),(#7092,#7093),(#7094,#7095),(#7096,
#7097),(#7098,#7099),(#7100,#7101),(#7102,#7103),(#7104,#7105),(#7106,#7107),
(#7108,#7109),(#7110,#7111),(#7112,#7113),(#7114,#7115),(#7116,#7117),(#7118,
#7119),(#7120,#7121),(#7122,#7123),(#7124,#7125),(#7126,#7127),(#7128,#7129),
(#7130,#7131),(#7132,#7133),(#7134,#7135),(#7136,#7137),(#7138,#7139),(#7140,
#7141),(#7142,#7143)),.UNSPECIFIED.,.F.,.F.,.F.,(4,3,3,3,3,3,3,3,3,3,3,
3,4),(2,2),(0.,0.083514002155533,0.159095010755718,0.24454741965619,0.314612401184296,
0.424638833856798,0.518191187011738,0.622893280650033,0.693725589306232,
0.778041456821123,0.862717588839682,0.94314236578913,1.),(-4.61634283747575,
4.60161588588653),.UNSPECIFIED.);
#1912=B_SPLINE_SURFACE_WITH_KNOTS('',3,3,((#7341,#7342,#7343,#7344),(#7345,
#7346,#7347,#7348),(#7349,#7350,#7351,#7352),(#7353,#7354,#7355,#7356),
(#7357,#7358,#7359,#7360),(#7361,#7362,#7363,#7364),(#7365,#7366,#7367,
#7368),(#7369,#7370,#7371,#7372),(#7373,#7374,#7375,#7376),(#7377,#7378,
#7379,#7380),(#7381,#7382,#7383,#7384),(#7385,#7386,#7387,#7388),(#7389,
#7390,#7391,#7392),(#7393,#7394,#7395,#7396),(#7397,#7398,#7399,#7400),
(#7401,#7402,#7403,#7404),(#7405,#7406,#7407,#7408),(#7409,#7410,#7411,
#7412),(#7413,#7414,#7415,#7416),(#7417,#7418,#7419,#7420),(#7421,#7422,
#7423,#7424),(#7425,#7426,#7427,#7428),(#7429,#7430,#7431,#7432),(#7433,
#7434,#7435,#7436),(#7437,#7438,#7439,#7440),(#7441,#7442,#7443,#7444),
(#7445,#7446,#7447,#7448),(#7449,#7450,#7451,#7452),(#7453,#7454,#7455,
#7456),(#7457,#7458,#7459,#7460),(#7461,#7462,#7463,#7464),(#7465,#7466,
#7467,#7468),(#7469,#7470,#7471,#7472),(#7473,#7474,#7475,#7476),(#7477,
#7478,#7479,#7480),(#7481,#7482,#7483,#7484),(#7485,#7486,#7487,#7488),
(#7489,#7490,#7491,#7492),(#7493,#7494,#7495,#7496),(#7497,#7498,#7499,
#7500),(#7501,#7502,#7503,#7504),(#7505,#7506,#7507,#7508),(#7509,#7510,
#7511,#7512),(#7513,#7514,#7515,#7516),(#7517,#7518,#7519,#7520),(#7521,
#7522,#7523,#7524),(#7525,#7526,#7527,#7528),(#7529,#7530,#7531,#7532),
(#7533,#7534,#7535,#7536),(#7537,#7538,#7539,#7540),(#7541,#7542,#7543,
#7544),(#7545,#7546,#7547,#7548),(#7549,#7550,#7551,#7552),(#7553,#7554,
#7555,#7556),(#7557,#7558,#7559,#7560),(#7561,#7562,#7563,#7564),(#7565,
#7566,#7567,#7568),(#7569,#7570,#7571,#7572),(#7573,#7574,#7575,#7576),
(#7577,#7578,#7579,#7580),(#7581,#7582,#7583,#7584),(#7585,#7586,#7587,
#7588),(#7589,#7590,#7591,#7592),(#7593,#7594,#7595,#7596),(#7597,#7598,
#7599,#7600),(#7601,#7602,#7603,#7604),(#7605,#7606,#7607,#7608),(#7609,
#7610,#7611,#7612),(#7613,#7614,#7615,#7616),(#7617,#7618,#7619,#7620),
(#7621,#7622,#7623,#7624),(#7625,#7626,#7627,#7628),(#7629,#7630,#7631,
#7632)),.UNSPECIFIED.,.F.,.F.,.F.,(4,1,1,1,1,1,1,1,1,1,1,1,1,1,1,1,1,1,
1,1,1,1,1,1,1,1,1,1,1,1,1,1,1,1,1,1,1,1,1,1,1,1,1,1,1,1,1,1,1,1,1,1,1,1,
1,1,1,1,1,1,1,1,1,1,1,1,1,1,1,1,4),(4,4),(0.,0.271100814882996,0.542201629765992,
0.813302444648988,1.08440325953198,1.21995366697348,1.28772887069423,1.35550407441498,
1.42327927813573,1.49105448185648,1.62660488929798,1.89770570418097,1.96548090790172,
2.03325611162247,2.16880651906397,2.43990733394696,2.71100814882996,2.98210896371296,
3.11765937115445,3.1854345748752,3.21932217673558,3.25320977859595,3.34357671689028,
3.43394365518462,3.52431059347895,3.61467753177328,3.70504447006761,3.79541140836194,
3.97614528495061,4.15687916153927,4.33761303812794,4.81957004236437,5.06054854448259,
5.42201629765992,5.60275017424858,5.69311711254292,5.78348405083725,6.14495180401458,
6.32568568060324,6.5064195571919,6.59678649548624,6.68715343378057,6.86788731036923,
7.0486211869579,7.13898812525223,7.22935506354656,7.31972200184089,7.41008894013522,
7.59082281672389,7.95229056990122,8.31375832307855,8.40412526137288,8.49449219966721,
8.67522607625587,9.75962933578786,10.8440325953198,13.0128391143838,13.5550407441498,
13.8261415590328,13.9616919664743,14.029467170195,14.0633547720554,14.0972423739158,
14.2327927813573,14.3683431887988,14.4022307906592,14.4361183925195,14.5038935962403,
14.6394440036818,14.9105448185648,15.1816456334478),(-0.2,0.),
 .UNSPECIFIED.);
#1913=B_SPLINE_SURFACE_WITH_KNOTS('',3,3,((#7666,#7667,#7668,#7669),(#7670,
#7671,#7672,#7673),(#7674,#7675,#7676,#7677),(#7678,#7679,#7680,#7681),
(#7682,#7683,#7684,#7685),(#7686,#7687,#7688,#7689),(#7690,#7691,#7692,
#7693),(#7694,#7695,#7696,#7697),(#7698,#7699,#7700,#7701),(#7702,#7703,
#7704,#7705),(#7706,#7707,#7708,#7709),(#7710,#7711,#7712,#7713),(#7714,
#7715,#7716,#7717),(#7718,#7719,#7720,#7721),(#7722,#7723,#7724,#7725),
(#7726,#7727,#7728,#7729),(#7730,#7731,#7732,#7733),(#7734,#7735,#7736,
#7737),(#7738,#7739,#7740,#7741),(#7742,#7743,#7744,#7745),(#7746,#7747,
#7748,#7749),(#7750,#7751,#7752,#7753),(#7754,#7755,#7756,#7757),(#7758,
#7759,#7760,#7761),(#7762,#7763,#7764,#7765),(#7766,#7767,#7768,#7769),
(#7770,#7771,#7772,#7773),(#7774,#7775,#7776,#7777),(#7778,#7779,#7780,
#7781),(#7782,#7783,#7784,#7785),(#7786,#7787,#7788,#7789),(#7790,#7791,
#7792,#7793),(#7794,#7795,#7796,#7797),(#7798,#7799,#7800,#7801),(#7802,
#7803,#7804,#7805),(#7806,#7807,#7808,#7809),(#7810,#7811,#7812,#7813),
(#7814,#7815,#7816,#7817),(#7818,#7819,#7820,#7821),(#7822,#7823,#7824,
#7825),(#7826,#7827,#7828,#7829),(#7830,#7831,#7832,#7833),(#7834,#7835,
#7836,#7837),(#7838,#7839,#7840,#7841),(#7842,#7843,#7844,#7845),(#7846,
#7847,#7848,#7849),(#7850,#7851,#7852,#7853),(#7854,#7855,#7856,#7857),
(#7858,#7859,#7860,#7861),(#7862,#7863,#7864,#7865),(#7866,#7867,#7868,
#7869),(#7870,#7871,#7872,#7873),(#7874,#7875,#7876,#7877),(#7878,#7879,
#7880,#7881),(#7882,#7883,#7884,#7885),(#7886,#7887,#7888,#7889),(#7890,
#7891,#7892,#7893),(#7894,#7895,#7896,#7897),(#7898,#7899,#7900,#7901),
(#7902,#7903,#7904,#7905),(#7906,#7907,#7908,#7909),(#7910,#7911,#7912,
#7913),(#7914,#7915,#7916,#7917),(#7918,#7919,#7920,#7921),(#7922,#7923,
#7924,#7925),(#7926,#7927,#7928,#7929),(#7930,#7931,#7932,#7933),(#7934,
#7935,#7936,#7937),(#7938,#7939,#7940,#7941),(#7942,#7943,#7944,#7945),
(#7946,#7947,#7948,#7949),(#7950,#7951,#7952,#7953),(#7954,#7955,#7956,
#7957),(#7958,#7959,#7960,#7961),(#7962,#7963,#7964,#7965),(#7966,#7967,
#7968,#7969),(#7970,#7971,#7972,#7973),(#7974,#7975,#7976,#7977)),
 .UNSPECIFIED.,.F.,.F.,.F.,(4,1,1,1,1,1,1,1,1,1,1,1,1,1,1,1,1,1,1,1,1,1,
1,1,1,1,1,1,1,1,1,1,1,1,1,1,1,1,1,1,1,1,1,1,1,1,1,1,1,1,1,1,1,1,1,1,1,1,
1,1,1,1,1,1,1,1,1,1,1,1,1,1,1,1,1,4),(4,4),(0.,0.2403252628219,0.4806505256438,
0.7209757884657,0.84113841987665,0.901219735582125,0.9613010512876,1.02138236699307,
1.08146368269855,1.2016263141095,1.32178894552045,1.38187026122592,1.41191091907866,
1.4419515769314,1.50203289263687,1.56211420834235,1.6822768397533,1.9226021025752,
2.08281894445647,2.1629273653971,2.20298157586742,2.22300868110257,2.24303578633773,
2.403252628219,2.44330683868932,2.46333394392447,2.47334749654205,2.47835427285084,
2.48085766100524,2.48336104915963,2.50338815439479,2.52341525962995,2.52591864778434,
2.52842203593874,2.53342881224753,2.54344236486511,2.56346947010027,2.60352368057058,
2.62355078580574,2.6435778910409,2.68363210151122,2.70365920674637,2.72368631198153,
2.75038911896174,2.76374052245185,2.77709192594195,2.79044332943206,2.83049753990238,
2.8839031538628,2.91394381171554,2.94398446956827,2.97402512742101,2.9815352918842,
3.00406578527375,3.01908611420012,3.03410644312649,3.06414710097922,3.1242284166847,
3.18430973239017,3.21435039024291,3.22937071916928,3.24439104809565,3.27443170594839,
3.28945203487475,3.29696219933794,3.30447236380112,3.31010498714851,3.31198252826431,
3.31949269272749,3.32324777495908,3.32700285719068,3.33451302165386,3.34202318611705,
3.34953335058023,3.35704351504341,3.3645536795066),(-0.2,0.),
 .UNSPECIFIED.);
#1914=B_SPLINE_SURFACE_WITH_KNOTS('',3,3,((#7979,#7980,#7981,#7982),(#7983,
#7984,#7985,#7986),(#7987,#7988,#7989,#7990),(#7991,#7992,#7993,#7994),
(#7995,#7996,#7997,#7998),(#7999,#8000,#8001,#8002),(#8003,#8004,#8005,
#8006),(#8007,#8008,#8009,#8010),(#8011,#8012,#8013,#8014),(#8015,#8016,
#8017,#8018),(#8019,#8020,#8021,#8022),(#8023,#8024,#8025,#8026),(#8027,
#8028,#8029,#8030),(#8031,#8032,#8033,#8034),(#8035,#8036,#8037,#8038),
(#8039,#8040,#8041,#8042),(#8043,#8044,#8045,#8046),(#8047,#8048,#8049,
#8050),(#8051,#8052,#8053,#8054),(#8055,#8056,#8057,#8058),(#8059,#8060,
#8061,#8062),(#8063,#8064,#8065,#8066),(#8067,#8068,#8069,#8070),(#8071,
#8072,#8073,#8074),(#8075,#8076,#8077,#8078),(#8079,#8080,#8081,#8082),
(#8083,#8084,#8085,#8086),(#8087,#8088,#8089,#8090),(#8091,#8092,#8093,
#8094),(#8095,#8096,#8097,#8098),(#8099,#8100,#8101,#8102),(#8103,#8104,
#8105,#8106),(#8107,#8108,#8109,#8110),(#8111,#8112,#8113,#8114),(#8115,
#8116,#8117,#8118),(#8119,#8120,#8121,#8122),(#8123,#8124,#8125,#8126),
(#8127,#8128,#8129,#8130),(#8131,#8132,#8133,#8134),(#8135,#8136,#8137,
#8138),(#8139,#8140,#8141,#8142),(#8143,#8144,#8145,#8146),(#8147,#8148,
#8149,#8150),(#8151,#8152,#8153,#8154),(#8155,#8156,#8157,#8158),(#8159,
#8160,#8161,#8162),(#8163,#8164,#8165,#8166)),.UNSPECIFIED.,.F.,.F.,.F.,
(4,2,2,2,2,2,1,2,2,1,2,1,2,2,1,2,2,2,2,1,1,1,2,1,2,2,1,4),(4,4),(0.,0.00230677467430163,
0.00414609019788807,0.00760019540379991,0.00943828851714158,0.0153444231300786,
0.0183447077590348,0.0213449923879911,0.0256494378811486,0.0316231105026005,
0.0375967831240525,0.0468048682277749,0.0560129533314972,0.0661246960128062,
0.0752490752197633,0.0843734544267205,0.100769979610172,0.117371426296855,
0.130068447672909,0.153641938541508,0.165428683975807,0.171322056692957,
0.177215429410106,0.185608364248423,0.19400129908674,0.218396292319564,
0.234619133137859,0.250841973956154),(0.,1.00000000000008),
 .UNSPECIFIED.);
#1915=B_SPLINE_SURFACE_WITH_KNOTS('',3,3,((#8718,#8719,#8720,#8721),(#8722,
#8723,#8724,#8725),(#8726,#8727,#8728,#8729),(#8730,#8731,#8732,#8733),
(#8734,#8735,#8736,#8737),(#8738,#8739,#8740,#8741),(#8742,#8743,#8744,
#8745),(#8746,#8747,#8748,#8749),(#8750,#8751,#8752,#8753),(#8754,#8755,
#8756,#8757),(#8758,#8759,#8760,#8761),(#8762,#8763,#8764,#8765),(#8766,
#8767,#8768,#8769),(#8770,#8771,#8772,#8773),(#8774,#8775,#8776,#8777),
(#8778,#8779,#8780,#8781),(#8782,#8783,#8784,#8785),(#8786,#8787,#8788,
#8789)),.UNSPECIFIED.,.F.,.F.,.F.,(4,2,1,2,1,1,1,2,1,2,1,4),(4,4),(0.434335050666562,
0.461335602572838,0.50928415097001,0.557232699367182,0.590058464577492,
0.622884229787802,0.655709994998113,0.688535760208423,0.740702181529694,
0.792868602850965,0.872264912993967,0.951661223136969),(0.,1.00000000000008),
 .UNSPECIFIED.);
#1916=B_SPLINE_SURFACE_WITH_KNOTS('',3,3,((#8968,#8969,#8970,#8971),(#8972,
#8973,#8974,#8975),(#8976,#8977,#8978,#8979),(#8980,#8981,#8982,#8983),
(#8984,#8985,#8986,#8987),(#8988,#8989,#8990,#8991),(#8992,#8993,#8994,
#8995),(#8996,#8997,#8998,#8999),(#9000,#9001,#9002,#9003),(#9004,#9005,
#9006,#9007),(#9008,#9009,#9010,#9011),(#9012,#9013,#9014,#9015),(#9016,
#9017,#9018,#9019),(#9020,#9021,#9022,#9023),(#9024,#9025,#9026,#9027),
(#9028,#9029,#9030,#9031),(#9032,#9033,#9034,#9035),(#9036,#9037,#9038,
#9039),(#9040,#9041,#9042,#9043),(#9044,#9045,#9046,#9047),(#9048,#9049,
#9050,#9051),(#9052,#9053,#9054,#9055),(#9056,#9057,#9058,#9059),(#9060,
#9061,#9062,#9063),(#9064,#9065,#9066,#9067),(#9068,#9069,#9070,#9071),
(#9072,#9073,#9074,#9075),(#9076,#9077,#9078,#9079),(#9080,#9081,#9082,
#9083),(#9084,#9085,#9086,#9087),(#9088,#9089,#9090,#9091),(#9092,#9093,
#9094,#9095),(#9096,#9097,#9098,#9099),(#9100,#9101,#9102,#9103),(#9104,
#9105,#9106,#9107),(#9108,#9109,#9110,#9111),(#9112,#9113,#9114,#9115),
(#9116,#9117,#9118,#9119),(#9120,#9121,#9122,#9123),(#9124,#9125,#9126,
#9127),(#9128,#9129,#9130,#9131),(#9132,#9133,#9134,#9135),(#9136,#9137,
#9138,#9139),(#9140,#9141,#9142,#9143),(#9144,#9145,#9146,#9147),(#9148,
#9149,#9150,#9151),(#9152,#9153,#9154,#9155),(#9156,#9157,#9158,#9159)),
 .UNSPECIFIED.,.F.,.F.,.F.,(4,2,1,2,1,2,1,2,1,2,2,2,2,1,2,2,1,2,2,1,2,1,
2,2,2,2,2,4),(4,4),(0.515589690074399,0.526296881629294,0.543281781517504,
0.560266681405715,0.591983998138107,0.623701314870498,0.642986902125764,
0.66227248938103,0.689580107514325,0.71688772564762,0.745485078729621,0.773787649888771,
0.796077674619879,0.809001393980358,0.821925113340838,0.82988723606473,
0.841819447473804,0.853751658882877,0.869294907906074,0.877594769575649,
0.885894631245225,0.89285124992139,0.899807868597555,0.908856529687808,
0.943648287526637,0.971633759260144,0.987548448668394,1.),(0.,1.00000000000007),
 .UNSPECIFIED.);
#1917=B_SPLINE_SURFACE_WITH_KNOTS('',3,1,((#9450,#9451),(#9452,#9453),(#9454,
#9455),(#9456,#9457),(#9458,#9459),(#9460,#9461),(#9462,#9463),(#9464,#9465),
(#9466,#9467),(#9468,#9469),(#9470,#9471),(#9472,#9473),(#9474,#9475),(#9476,
#9477),(#9478,#9479),(#9480,#9481),(#9482,#9483),(#9484,#9485),(#9486,#9487),
(#9488,#9489),(#9490,#9491),(#9492,#9493),(#9494,#9495),(#9496,#9497),(#9498,
#9499),(#9500,#9501),(#9502,#9503),(#9504,#9505),(#9506,#9507),(#9508,#9509),
(#9510,#9511),(#9512,#9513),(#9514,#9515),(#9516,#9517),(#9518,#9519),(#9520,
#9521),(#9522,#9523),(#9524,#9525),(#9526,#9527),(#9528,#9529),(#9530,#9531),
(#9532,#9533),(#9534,#9535),(#9536,#9537),(#9538,#9539),(#9540,#9541),(#9542,
#9543),(#9544,#9545),(#9546,#9547),(#9548,#9549),(#9550,#9551),(#9552,#9553),
(#9554,#9555),(#9556,#9557),(#9558,#9559),(#9560,#9561),(#9562,#9563),(#9564,
#9565),(#9566,#9567),(#9568,#9569),(#9570,#9571),(#9572,#9573),(#9574,#9575),
(#9576,#9577),(#9578,#9579),(#9580,#9581),(#9582,#9583),(#9584,#9585),(#9586,
#9587),(#9588,#9589),(#9590,#9591),(#9592,#9593),(#9594,#9595),(#9596,#9597),
(#9598,#9599),(#9600,#9601),(#9602,#9603),(#9604,#9605),(#9606,#9607),(#9608,
#9609),(#9610,#9611),(#9612,#9613)),.UNSPECIFIED.,.F.,.F.,.F.,(4,3,3,3,
3,3,3,3,3,3,3,3,3,3,3,3,3,3,3,3,3,3,3,3,3,3,3,4),(2,2),(-0.01,0.,0.0585538697876206,
0.107282213851882,0.150655435943497,0.190360789879275,0.224245199119696,
0.269425223661628,0.300132545853222,0.343874261737395,0.37538144437777,
0.422079446460129,0.465958830851608,0.518399524004028,0.564865652109745,
0.619257445596026,0.668107566862139,0.714464221369589,0.756435875659669,
0.801328357364592,0.833737460551356,0.875303095413517,0.901190899658139,
0.928215900361981,0.951381047787188,0.975690523893594,0.993994035456674,
1.),(0.,2.54858700840673),.UNSPECIFIED.);
#1918=B_SPLINE_SURFACE_WITH_KNOTS('',3,3,((#9614,#9615,#9616,#9617),(#9618,
#9619,#9620,#9621),(#9622,#9623,#9624,#9625),(#9626,#9627,#9628,#9629),
(#9630,#9631,#9632,#9633),(#9634,#9635,#9636,#9637),(#9638,#9639,#9640,
#9641),(#9642,#9643,#9644,#9645),(#9646,#9647,#9648,#9649),(#9650,#9651,
#9652,#9653),(#9654,#9655,#9656,#9657),(#9658,#9659,#9660,#9661),(#9662,
#9663,#9664,#9665),(#9666,#9667,#9668,#9669),(#9670,#9671,#9672,#9673)),
 .UNSPECIFIED.,.F.,.F.,.F.,(4,1,2,1,1,2,1,1,2,4),(4,4),(0.0131577060196413,
0.0375694335853166,0.0619811611509919,0.0774855309227046,0.0929899006944174,
0.123998640237843,0.167548157958966,0.211097675680088,0.298196711122334,
0.341553040359361),(0.,1.00000000000007),.UNSPECIFIED.);
#1919=ADVANCED_FACE('',(#411),#1908,.T.);
#1920=ADVANCED_FACE('',(#412),#1909,.F.);
#1921=ADVANCED_FACE('',(#413),#345,.F.);
#1922=ADVANCED_FACE('',(#414),#346,.T.);
#1923=ADVANCED_FACE('',(#415),#347,.F.);
#1924=ADVANCED_FACE('',(#416),#348,.F.);
#1925=ADVANCED_FACE('',(#417),#349,.F.);
#1926=ADVANCED_FACE('',(#418),#350,.F.);
#1927=ADVANCED_FACE('',(#419),#44,.F.);
#1928=ADVANCED_FACE('',(#420),#351,.T.);
#1929=ADVANCED_FACE('',(#421),#45,.F.);
#1930=ADVANCED_FACE('',(#422),#46,.F.);
#1931=ADVANCED_FACE('',(#423),#352,.T.);
#1932=ADVANCED_FACE('',(#424),#353,.F.);
#1933=ADVANCED_FACE('',(#425),#354,.F.);
#1934=ADVANCED_FACE('',(#426),#355,.F.);
#1935=ADVANCED_FACE('',(#427),#356,.T.);
#1936=ADVANCED_FACE('',(#428),#357,.T.);
#1937=ADVANCED_FACE('',(#429),#358,.T.);
#1938=ADVANCED_FACE('',(#430),#359,.T.);
#1939=ADVANCED_FACE('',(#431),#360,.T.);
#1940=ADVANCED_FACE('',(#432),#361,.T.);
#1941=ADVANCED_FACE('',(#433),#47,.T.);
#1942=ADVANCED_FACE('',(#434),#362,.F.);
#1943=ADVANCED_FACE('',(#435),#48,.T.);
#1944=ADVANCED_FACE('',(#436),#49,.T.);
#1945=ADVANCED_FACE('',(#437),#363,.F.);
#1946=ADVANCED_FACE('',(#438),#364,.T.);
#1947=ADVANCED_FACE('',(#439),#365,.T.);
#1948=ADVANCED_FACE('',(#440),#366,.F.);
#1949=ADVANCED_FACE('',(#441),#367,.F.);
#1950=ADVANCED_FACE('',(#442),#368,.F.);
#1951=ADVANCED_FACE('',(#443),#369,.F.);
#1952=ADVANCED_FACE('',(#444),#370,.T.);
#1953=ADVANCED_FACE('',(#445),#36,.F.);
#1954=ADVANCED_FACE('',(#446),#37,.T.);
#1955=ADVANCED_FACE('',(#447,#14),#371,.F.);
#1956=ADVANCED_FACE('',(#448,#15,#16,#17,#18,#19),#50,.T.);
#1957=ADVANCED_FACE('',(#449),#38,.F.);
#1958=ADVANCED_FACE('',(#450),#39,.T.);
#1959=ADVANCED_FACE('',(#451,#20),#372,.F.);
#1960=ADVANCED_FACE('',(#452),#51,.T.);
#1961=ADVANCED_FACE('',(#453),#40,.F.);
#1962=ADVANCED_FACE('',(#454),#41,.T.);
#1963=ADVANCED_FACE('',(#455,#21),#373,.F.);
#1964=ADVANCED_FACE('',(#456),#52,.T.);
#1965=ADVANCED_FACE('',(#457),#42,.F.);
#1966=ADVANCED_FACE('',(#458),#43,.T.);
#1967=ADVANCED_FACE('',(#459,#22),#374,.F.);
#1968=ADVANCED_FACE('',(#460),#53,.T.);
#1969=ADVANCED_FACE('',(#461),#375,.F.);
#1970=ADVANCED_FACE('',(#462),#376,.F.);
#1971=ADVANCED_FACE('',(#463),#377,.F.);
#1972=ADVANCED_FACE('',(#464),#378,.F.);
#1973=ADVANCED_FACE('',(#465),#379,.F.);
#1974=ADVANCED_FACE('',(#466),#380,.F.);
#1975=ADVANCED_FACE('',(#467),#381,.F.);
#1976=ADVANCED_FACE('',(#468),#382,.F.);
#1977=ADVANCED_FACE('',(#469),#383,.F.);
#1978=ADVANCED_FACE('',(#470),#384,.F.);
#1979=ADVANCED_FACE('',(#471),#385,.F.);
#1980=ADVANCED_FACE('',(#472),#386,.T.);
#1981=ADVANCED_FACE('',(#473),#387,.F.);
#1982=ADVANCED_FACE('',(#474),#388,.F.);
#1983=ADVANCED_FACE('',(#475),#389,.F.);
#1984=ADVANCED_FACE('',(#476),#390,.F.);
#1985=ADVANCED_FACE('',(#477),#391,.F.);
#1986=ADVANCED_FACE('',(#478),#392,.F.);
#1987=ADVANCED_FACE('',(#479),#393,.F.);
#1988=ADVANCED_FACE('',(#480),#394,.F.);
#1989=ADVANCED_FACE('',(#481),#395,.F.);
#1990=ADVANCED_FACE('',(#482),#396,.F.);
#1991=ADVANCED_FACE('',(#483,#23),#54,.T.);
#1992=ADVANCED_FACE('',(#484,#24),#1910,.F.);
#1993=ADVANCED_FACE('',(#485),#397,.F.);
#1994=ADVANCED_FACE('',(#486),#55,.T.);
#1995=ADVANCED_FACE('',(#487,#25),#1911,.F.);
#1996=ADVANCED_FACE('',(#488),#1912,.F.);
#1997=ADVANCED_FACE('',(#489),#1913,.F.);
#1998=ADVANCED_FACE('',(#490),#1914,.F.);
#1999=ADVANCED_FACE('',(#491),#1915,.F.);
#2000=ADVANCED_FACE('',(#492),#1916,.F.);
#2001=ADVANCED_FACE('',(#493),#398,.F.);
#2002=ADVANCED_FACE('',(#494),#399,.F.);
#2003=ADVANCED_FACE('',(#495),#400,.F.);
#2004=ADVANCED_FACE('',(#496),#401,.T.);
#2005=ADVANCED_FACE('',(#497,#26),#56,.T.);
#2006=ADVANCED_FACE('',(#498,#27),#1917,.F.);
#2007=ADVANCED_FACE('',(#499),#1918,.F.);
#2008=ADVANCED_FACE('',(#500),#57,.T.);
#2009=ADVANCED_FACE('',(#501),#58,.T.);
#2010=ADVANCED_FACE('',(#502),#402,.F.);
#2011=ADVANCED_FACE('',(#503),#59,.T.);
#2012=ADVANCED_FACE('',(#504),#60,.T.);
#2013=ADVANCED_FACE('',(#505),#61,.T.);
#2014=ADVANCED_FACE('',(#506),#62,.T.);
#2015=ADVANCED_FACE('',(#507),#403,.T.);
#2016=ADVANCED_FACE('',(#508),#63,.T.);
#2017=ADVANCED_FACE('',(#509),#64,.T.);
#2018=ADVANCED_FACE('',(#510),#65,.T.);
#2019=ADVANCED_FACE('',(#511),#404,.T.);
#2020=ADVANCED_FACE('',(#512),#405,.F.);
#2021=ADVANCED_FACE('',(#513),#66,.T.);
#2022=ADVANCED_FACE('',(#514),#67,.T.);
#2023=ADVANCED_FACE('',(#515),#68,.T.);
#2024=ADVANCED_FACE('',(#516),#406,.T.);
#2025=ADVANCED_FACE('',(#517),#407,.F.);
#2026=OPEN_SHELL('',(#1919,#1920));
#2027=SHELL_BASED_SURFACE_MODEL('G\X\F6vde9',(#2026));
#2028=DERIVED_UNIT_ELEMENT(#2030,1.);
#2029=DERIVED_UNIT_ELEMENT(#10479,-3.);
#2030=(
MASS_UNIT()
NAMED_UNIT(*)
SI_UNIT(.KILO.,.GRAM.)
);
#2031=DERIVED_UNIT((#2028,#2029));
#2032=MEASURE_REPRESENTATION_ITEM('density measure',
POSITIVE_RATIO_MEASURE(7850.),#2031);
#2033=PROPERTY_DEFINITION_REPRESENTATION(#2038,#2035);
#2034=PROPERTY_DEFINITION_REPRESENTATION(#2039,#2036);
#2035=REPRESENTATION('material name',(#2037),#10476);
#2036=REPRESENTATION('density',(#2032),#10476);
#2037=DESCRIPTIVE_REPRESENTATION_ITEM('\X\C7elik','\X\C7elik');
#2038=PROPERTY_DEFINITION('material property','material name',#10486);
#2039=PROPERTY_DEFINITION('material property','density of part',#10486);
#2040=AXIS2_PLACEMENT_3D('',#2418,#2120,#2121);
#2041=AXIS2_PLACEMENT_3D('',#2707,#2122,#2123);
#2042=AXIS2_PLACEMENT_3D('',#2717,#2126,#2127);
#2043=AXIS2_PLACEMENT_3D('',#2726,#2130,#2131);
#2044=AXIS2_PLACEMENT_3D('',#2733,#2133,#2134);
#2045=AXIS2_PLACEMENT_3D('',#2749,#2140,#2141);
#2046=AXIS2_PLACEMENT_3D('',#2754,#2142,#2143);
#2047=AXIS2_PLACEMENT_3D('',#2866,#2147,#2148);
#2048=AXIS2_PLACEMENT_3D('',#3034,#2152,#2153);
#2049=AXIS2_PLACEMENT_3D('',#3036,#2155,#2156);
#2050=AXIS2_PLACEMENT_3D('',#3044,#2159,#2160);
#2051=AXIS2_PLACEMENT_3D('',#3049,#2161,#2162);
#2052=AXIS2_PLACEMENT_3D('',#3050,#2163,#2164);
#2053=AXIS2_PLACEMENT_3D('',#3062,#2168,#2169);
#2054=AXIS2_PLACEMENT_3D('',#3077,#2175,#2176);
#2055=AXIS2_PLACEMENT_3D('',#3090,#2181,#2182);
#2056=AXIS2_PLACEMENT_3D('',#3102,#2186,#2187);
#2057=AXIS2_PLACEMENT_3D('',#3108,#2189,#2190);
#2058=AXIS2_PLACEMENT_3D('',#3215,#2192,#2193);
#2059=AXIS2_PLACEMENT_3D('',#3379,#2195,#2196);
#2060=AXIS2_PLACEMENT_3D('',#3380,#2197,#2198);
#2061=AXIS2_PLACEMENT_3D('',#3387,#2200,#2201);
#2062=AXIS2_PLACEMENT_3D('',#3388,#2202,#2203);
#2063=AXIS2_PLACEMENT_3D('',#3393,#2204,#2205);
#2064=AXIS2_PLACEMENT_3D('',#3405,#2210,#2211);
#2065=AXIS2_PLACEMENT_3D('',#3415,#2215,#2216);
#2066=AXIS2_PLACEMENT_3D('',#3432,#2220,#2221);
#2067=AXIS2_PLACEMENT_3D('',#3451,#2234,#2235);
#2068=AXIS2_PLACEMENT_3D('',#3533,#2237,#2238);
#2069=AXIS2_PLACEMENT_3D('',#3534,#2239,#2240);
#2070=AXIS2_PLACEMENT_3D('',#3634,#2242,#2243);
#2071=AXIS2_PLACEMENT_3D('',#3635,#2244,#2245);
#2072=AXIS2_PLACEMENT_3D('',#4787,#2248,#2249);
#2073=AXIS2_PLACEMENT_3D('',#4845,#2251,#2252);
#2074=AXIS2_PLACEMENT_3D('',#4846,#2253,#2254);
#2075=AXIS2_PLACEMENT_3D('',#4849,#2256,#2257);
#2076=AXIS2_PLACEMENT_3D('',#4850,#2258,#2259);
#2077=AXIS2_PLACEMENT_3D('',#4931,#2260,#2261);
#2078=AXIS2_PLACEMENT_3D('',#4989,#2263,#2264);
#2079=AXIS2_PLACEMENT_3D('',#4990,#2265,#2266);
#2080=AXIS2_PLACEMENT_3D('',#4993,#2268,#2269);
#2081=AXIS2_PLACEMENT_3D('',#4994,#2270,#2271);
#2082=AXIS2_PLACEMENT_3D('',#5075,#2272,#2273);
#2083=AXIS2_PLACEMENT_3D('',#5157,#2275,#2276);
#2084=AXIS2_PLACEMENT_3D('',#5158,#2277,#2278);
#2085=AXIS2_PLACEMENT_3D('',#5161,#2280,#2281);
#2086=AXIS2_PLACEMENT_3D('',#5162,#2282,#2283);
#2087=AXIS2_PLACEMENT_3D('',#5243,#2284,#2285);
#2088=AXIS2_PLACEMENT_3D('',#5255,#2288,#2289);
#2089=AXIS2_PLACEMENT_3D('',#5262,#2291,#2292);
#2090=AXIS2_PLACEMENT_3D('',#5269,#2294,#2295);
#2091=AXIS2_PLACEMENT_3D('',#5276,#2297,#2298);
#2092=AXIS2_PLACEMENT_3D('',#5284,#2299,#2300);
#2093=AXIS2_PLACEMENT_3D('',#5293,#2305,#2306);
#2094=AXIS2_PLACEMENT_3D('',#5302,#2311,#2312);
#2095=AXIS2_PLACEMENT_3D('',#5308,#2316,#2317);
#2096=AXIS2_PLACEMENT_3D('',#5314,#2321,#2322);
#2097=AXIS2_PLACEMENT_3D('',#5323,#2327,#2328);
#2098=AXIS2_PLACEMENT_3D('',#5326,#2331,#2332);
#2099=AXIS2_PLACEMENT_3D('',#5344,#2337,#2338);
#2100=AXIS2_PLACEMENT_3D('',#5453,#2342,#2343);
#2101=AXIS2_PLACEMENT_3D('',#5460,#2348,#2349);
#2102=AXIS2_PLACEMENT_3D('',#5570,#2352,#2353);
#2103=AXIS2_PLACEMENT_3D('',#5580,#2356,#2357);
#2104=AXIS2_PLACEMENT_3D('',#5592,#2359,#2360);
#2105=AXIS2_PLACEMENT_3D('',#5604,#2362,#2363);
#2106=AXIS2_PLACEMENT_3D('',#5616,#2365,#2366);
#2107=AXIS2_PLACEMENT_3D('',#5628,#2368,#2369);
#2108=AXIS2_PLACEMENT_3D('',#5640,#2371,#2372);
#2109=AXIS2_PLACEMENT_3D('',#6936,#2375,#2376);
#2110=AXIS2_PLACEMENT_3D('',#9250,#2381,#2382);
#2111=AXIS2_PLACEMENT_3D('',#9254,#2385,#2386);
#2112=AXIS2_PLACEMENT_3D('',#9256,#2388,#2389);
#2113=AXIS2_PLACEMENT_3D('',#9257,#2390,#2391);
#2114=AXIS2_PLACEMENT_3D('',#9846,#2396,#2397);
#2115=AXIS2_PLACEMENT_3D('',#10079,#2406,#2407);
#2116=AXIS2_PLACEMENT_3D('',#10275,#2409,#2410);
#2117=AXIS2_PLACEMENT_3D('',#10276,#2411,#2412);
#2118=AXIS2_PLACEMENT_3D('',#10472,#2414,#2415);
#2119=AXIS2_PLACEMENT_3D('',#10473,#2416,#2417);
#2120=DIRECTION('axis',(0.,0.,1.));
#2121=DIRECTION('refdir',(1.,0.,0.));
#2122=DIRECTION('center_axis',(0.0936674068260799,-0.99560354403672,0.));
#2123=DIRECTION('ref_axis',(-0.99560354403672,-0.0936674068260799,0.));
#2124=DIRECTION('',(0.99560354403672,0.0936674068260799,0.));
#2125=DIRECTION('',(0.,0.,-1.));
#2126=DIRECTION('center_axis',(0.,0.,1.));
#2127=DIRECTION('ref_axis',(1.,0.,0.));
#2128=DIRECTION('',(0.99560354403672,0.0936674068260804,0.));
#2129=DIRECTION('',(0.0936674068260687,-0.995603544036721,0.));
#2130=DIRECTION('center_axis',(-0.995603544036721,-0.0936674068260687,0.));
#2131=DIRECTION('ref_axis',(-0.0936674068260687,0.995603544036721,0.));
#2132=DIRECTION('',(0.,0.,-1.));
#2133=DIRECTION('center_axis',(-0.995603544036721,-0.0936674068260687,0.));
#2134=DIRECTION('ref_axis',(-0.0936674068260687,0.995603544036721,0.));
#2135=DIRECTION('',(0.,0.,-1.));
#2136=DIRECTION('',(0.,0.,-1.));
#2137=DIRECTION('',(-0.0936674068260687,0.995603544036721,0.));
#2138=DIRECTION('',(0.,0.,-1.));
#2139=DIRECTION('',(0.,0.,-1.));
#2140=DIRECTION('center_axis',(-0.0936674068260804,0.99560354403672,0.));
#2141=DIRECTION('ref_axis',(0.99560354403672,0.0936674068260804,0.));
#2142=DIRECTION('center_axis',(-0.0936674068260804,0.99560354403672,0.));
#2143=DIRECTION('ref_axis',(0.99560354403672,0.0936674068260804,0.));
#2144=DIRECTION('',(0.,0.,-1.));
#2145=DIRECTION('',(-0.99560354403672,-0.0936674068260804,0.));
#2146=DIRECTION('',(0.,0.,1.));
#2147=DIRECTION('center_axis',(0.,0.,1.));
#2148=DIRECTION('ref_axis',(1.,0.,0.));
#2149=DIRECTION('',(-0.0936674068260264,0.995603544036725,0.));
#2150=DIRECTION('',(0.,0.,1.));
#2151=DIRECTION('',(0.,0.,-1.));
#2152=DIRECTION('center_axis',(0.,0.,1.));
#2153=DIRECTION('ref_axis',(1.,0.,0.));
#2154=DIRECTION('',(0.99560354403672,0.0936674068260799,0.));
#2155=DIRECTION('center_axis',(0.995603544036721,0.0936674068260681,0.));
#2156=DIRECTION('ref_axis',(0.0936674068260681,-0.995603544036721,0.));
#2157=DIRECTION('',(0.,0.,-1.));
#2158=DIRECTION('',(0.093667406826068,-0.995603544036721,0.));
#2159=DIRECTION('center_axis',(0.0936674068260799,-0.99560354403672,0.));
#2160=DIRECTION('ref_axis',(-0.99560354403672,-0.0936674068260799,0.));
#2161=DIRECTION('center_axis',(0.,0.,1.));
#2162=DIRECTION('ref_axis',(1.,0.,0.));
#2163=DIRECTION('center_axis',(-0.0936674068260799,0.99560354403672,0.));
#2164=DIRECTION('ref_axis',(-0.99560354403672,-0.0936674068260799,0.));
#2165=DIRECTION('',(0.,0.,1.));
#2166=DIRECTION('',(0.99560354403672,0.0936674068260799,0.));
#2167=DIRECTION('',(0.,0.,1.));
#2168=DIRECTION('center_axis',(-0.995603544036721,-0.0936674068260681,0.));
#2169=DIRECTION('ref_axis',(0.0936674068260681,-0.995603544036721,0.));
#2170=DIRECTION('',(0.,0.,1.));
#2171=DIRECTION('',(-0.0936674068260264,0.995603544036725,0.));
#2172=DIRECTION('',(0.,0.,-1.));
#2173=DIRECTION('',(0.093667406826068,-0.995603544036721,0.));
#2174=DIRECTION('',(0.,0.,1.));
#2175=DIRECTION('center_axis',(0.995603544036721,0.0936674068260687,0.));
#2176=DIRECTION('ref_axis',(-0.0936674068260687,0.995603544036721,0.));
#2177=DIRECTION('',(0.,0.,1.));
#2178=DIRECTION('',(-0.0936674068260687,0.995603544036721,0.));
#2179=DIRECTION('',(0.,0.,1.));
#2180=DIRECTION('',(0.,0.,1.));
#2181=DIRECTION('center_axis',(0.995603544036721,0.0936674068260687,0.));
#2182=DIRECTION('ref_axis',(-0.0936674068260687,0.995603544036721,0.));
#2183=DIRECTION('',(0.,0.,1.));
#2184=DIRECTION('',(0.0936674068260687,-0.995603544036721,0.));
#2185=DIRECTION('',(0.,0.,1.));
#2186=DIRECTION('center_axis',(0.0936674068260804,-0.99560354403672,0.));
#2187=DIRECTION('ref_axis',(0.99560354403672,0.0936674068260804,0.));
#2188=DIRECTION('',(-0.99560354403672,-0.0936674068260804,0.));
#2189=DIRECTION('center_axis',(0.0936674068260804,-0.99560354403672,0.));
#2190=DIRECTION('ref_axis',(0.99560354403672,0.0936674068260804,0.));
#2191=DIRECTION('',(0.99560354403672,0.0936674068260804,0.));
#2192=DIRECTION('center_axis',(0.,0.,1.));
#2193=DIRECTION('ref_axis',(1.,0.,0.));
#2194=DIRECTION('',(0.,0.,-1.));
#2195=DIRECTION('center_axis',(0.,0.,1.));
#2196=DIRECTION('ref_axis',(1.,0.,0.));
#2197=DIRECTION('center_axis',(-0.0936674068260799,0.99560354403672,0.));
#2198=DIRECTION('ref_axis',(-0.99560354403672,-0.0936674068260799,0.));
#2199=DIRECTION('',(0.99560354403672,0.0936674068260799,0.));
#2200=DIRECTION('center_axis',(0.,0.,1.));
#2201=DIRECTION('ref_axis',(1.,0.,0.));
#2202=DIRECTION('center_axis',(0.,0.,1.));
#2203=DIRECTION('ref_axis',(1.,0.,0.));
#2204=DIRECTION('center_axis',(-0.993125765814898,0.117052181844562,0.));
#2205=DIRECTION('ref_axis',(0.,0.,1.));
#2206=DIRECTION('',(-0.11705218184456,-0.993125765814898,0.));
#2207=DIRECTION('',(-0.117052181844562,-0.993125765814898,0.));
#2208=DIRECTION('',(0.,0.,1.));
#2209=DIRECTION('',(0.,0.,1.));
#2210=DIRECTION('center_axis',(-0.993125765814898,0.117052181844562,0.));
#2211=DIRECTION('ref_axis',(0.,0.,1.));
#2212=DIRECTION('',(0.11705218184456,0.993125765814898,0.));
#2213=DIRECTION('',(0.11705218184456,0.993125765814898,0.));
#2214=DIRECTION('',(0.,0.,1.));
#2215=DIRECTION('center_axis',(-0.993125765814898,0.117052181844562,0.));
#2216=DIRECTION('ref_axis',(0.,0.,1.));
#2217=DIRECTION('',(0.11705218184456,0.993125765814898,0.));
#2218=DIRECTION('',(0.,0.,1.));
#2219=DIRECTION('',(-0.117052181844562,-0.993125765814898,0.));
#2220=DIRECTION('center_axis',(1.,0.,0.));
#2221=DIRECTION('ref_axis',(0.,0.,-1.));
#2222=DIRECTION('',(0.,1.,0.));
#2223=DIRECTION('',(0.,0.,-1.));
#2224=DIRECTION('',(0.,1.,0.));
#2225=DIRECTION('',(0.,0.,1.));
#2226=DIRECTION('',(0.,1.,0.));
#2227=DIRECTION('',(0.,0.,1.));
#2228=DIRECTION('',(0.,-1.,0.));
#2229=DIRECTION('',(0.,0.,1.));
#2230=DIRECTION('',(0.,1.,0.));
#2231=DIRECTION('',(0.,0.,1.));
#2232=DIRECTION('',(0.,1.,0.));
#2233=DIRECTION('',(0.,0.,1.));
#2234=DIRECTION('center_axis',(0.,1.,0.));
#2235=DIRECTION('ref_axis',(-1.,0.,0.));
#2236=DIRECTION('',(0.,-1.,0.));
#2237=DIRECTION('center_axis',(0.,-1.,0.));
#2238=DIRECTION('ref_axis',(-1.,0.,0.));
#2239=DIRECTION('center_axis',(0.,1.,0.));
#2240=DIRECTION('ref_axis',(-1.,0.,0.));
#2241=DIRECTION('',(0.,-1.,0.));
#2242=DIRECTION('center_axis',(0.,1.,0.));
#2243=DIRECTION('ref_axis',(-1.,0.,0.));
#2244=DIRECTION('center_axis',(0.,1.,0.));
#2245=DIRECTION('ref_axis',(-1.,0.,0.));
#2246=DIRECTION('',(0.,0.,-1.));
#2247=DIRECTION('',(0.,0.,1.));
#2248=DIRECTION('center_axis',(0.,1.,0.));
#2249=DIRECTION('ref_axis',(-1.,0.,0.));
#2250=DIRECTION('',(0.,-1.,0.));
#2251=DIRECTION('center_axis',(0.,-1.,0.));
#2252=DIRECTION('ref_axis',(-1.,0.,0.));
#2253=DIRECTION('center_axis',(0.,1.,0.));
#2254=DIRECTION('ref_axis',(-1.,0.,0.));
#2255=DIRECTION('',(0.,-1.,0.));
#2256=DIRECTION('center_axis',(0.,1.,0.));
#2257=DIRECTION('ref_axis',(-1.,0.,0.));
#2258=DIRECTION('center_axis',(0.,1.,0.));
#2259=DIRECTION('ref_axis',(-1.,0.,0.));
#2260=DIRECTION('center_axis',(0.,1.,0.));
#2261=DIRECTION('ref_axis',(-1.,0.,0.));
#2262=DIRECTION('',(0.,-1.,0.));
#2263=DIRECTION('center_axis',(0.,-1.,0.));
#2264=DIRECTION('ref_axis',(-1.,0.,0.));
#2265=DIRECTION('center_axis',(0.,1.,0.));
#2266=DIRECTION('ref_axis',(-1.,0.,0.));
#2267=DIRECTION('',(0.,-1.,0.));
#2268=DIRECTION('center_axis',(0.,1.,0.));
#2269=DIRECTION('ref_axis',(-1.,0.,0.));
#2270=DIRECTION('center_axis',(0.,1.,0.));
#2271=DIRECTION('ref_axis',(-1.,0.,0.));
#2272=DIRECTION('center_axis',(0.,1.,0.));
#2273=DIRECTION('ref_axis',(-1.,0.,0.));
#2274=DIRECTION('',(0.,-1.,0.));
#2275=DIRECTION('center_axis',(0.,-1.,0.));
#2276=DIRECTION('ref_axis',(-1.,0.,0.));
#2277=DIRECTION('center_axis',(0.,1.,0.));
#2278=DIRECTION('ref_axis',(-1.,0.,0.));
#2279=DIRECTION('',(0.,-1.,0.));
#2280=DIRECTION('center_axis',(0.,1.,0.));
#2281=DIRECTION('ref_axis',(-1.,0.,0.));
#2282=DIRECTION('center_axis',(0.,1.,0.));
#2283=DIRECTION('ref_axis',(-1.,0.,0.));
#2284=DIRECTION('center_axis',(0.,0.,1.));
#2285=DIRECTION('ref_axis',(-1.,0.,0.));
#2286=DIRECTION('',(0.,-1.,0.));
#2287=DIRECTION('',(0.,-1.,0.));
#2288=DIRECTION('center_axis',(-0.608966728428211,0.,0.793195766294451));
#2289=DIRECTION('ref_axis',(-0.793195766294451,0.,-0.608966728428211));
#2290=DIRECTION('',(0.,-1.,0.));
#2291=DIRECTION('center_axis',(-0.608966728428211,0.,-0.793195766294451));
#2292=DIRECTION('ref_axis',(0.793195766294451,0.,-0.608966728428211));
#2293=DIRECTION('',(0.,-1.,0.));
#2294=DIRECTION('center_axis',(1.,0.,0.));
#2295=DIRECTION('ref_axis',(0.,0.,1.));
#2296=DIRECTION('',(0.,-1.,0.));
#2297=DIRECTION('center_axis',(0.,0.,-1.));
#2298=DIRECTION('ref_axis',(1.,0.,0.));
#2299=DIRECTION('center_axis',(-1.,0.,0.));
#2300=DIRECTION('ref_axis',(0.,1.,0.));
#2301=DIRECTION('',(0.,1.,0.));
#2302=DIRECTION('',(0.,0.,1.));
#2303=DIRECTION('',(0.,-1.,0.));
#2304=DIRECTION('',(0.,0.,-1.));
#2305=DIRECTION('center_axis',(-1.,0.,0.));
#2306=DIRECTION('ref_axis',(0.,1.,0.));
#2307=DIRECTION('',(0.,-1.,0.));
#2308=DIRECTION('',(0.,0.,-1.));
#2309=DIRECTION('',(0.,1.,0.));
#2310=DIRECTION('',(0.,0.,1.));
#2311=DIRECTION('center_axis',(0.,1.,0.));
#2312=DIRECTION('ref_axis',(1.,0.,0.));
#2313=DIRECTION('',(1.,0.,0.));
#2314=DIRECTION('',(-1.,0.,0.));
#2315=DIRECTION('',(0.,0.,-1.));
#2316=DIRECTION('center_axis',(1.,0.,0.));
#2317=DIRECTION('ref_axis',(0.,-1.,0.));
#2318=DIRECTION('',(0.,-1.,0.));
#2319=DIRECTION('',(0.,1.,0.));
#2320=DIRECTION('',(0.,0.,-1.));
#2321=DIRECTION('center_axis',(1.,0.,0.));
#2322=DIRECTION('ref_axis',(0.,-1.,0.));
#2323=DIRECTION('',(0.,1.,0.));
#2324=DIRECTION('',(0.,0.,-1.));
#2325=DIRECTION('',(0.,-1.,0.));
#2326=DIRECTION('',(0.,0.,-1.));
#2327=DIRECTION('center_axis',(0.,1.,0.));
#2328=DIRECTION('ref_axis',(1.,0.,0.));
#2329=DIRECTION('',(-1.,0.,0.));
#2330=DIRECTION('',(1.,0.,0.));
#2331=DIRECTION('center_axis',(0.,0.,1.));
#2332=DIRECTION('ref_axis',(1.,0.,0.));
#2333=DIRECTION('',(-1.,0.,0.));
#2334=DIRECTION('',(-0.0603522095155541,-0.998177144001299,0.));
#2335=DIRECTION('',(0.,1.,0.));
#2336=DIRECTION('',(-1.,0.,0.));
#2337=DIRECTION('center_axis',(0.,1.,0.));
#2338=DIRECTION('ref_axis',(0.,0.,1.));
#2339=DIRECTION('',(1.,0.,0.));
#2340=DIRECTION('',(0.,0.,-1.));
#2341=DIRECTION('',(1.,0.,0.));
#2342=DIRECTION('center_axis',(0.,1.,0.));
#2343=DIRECTION('ref_axis',(0.,0.,1.));
#2344=DIRECTION('',(-1.,0.,0.));
#2345=DIRECTION('',(0.,0.,1.));
#2346=DIRECTION('',(1.,0.,0.));
#2347=DIRECTION('',(1.,0.,0.));
#2348=DIRECTION('center_axis',(0.,1.,0.));
#2349=DIRECTION('ref_axis',(0.,0.,1.));
#2350=DIRECTION('',(0.,0.,-1.));
#2351=DIRECTION('',(-1.,0.,0.));
#2352=DIRECTION('center_axis',(0.,0.,-1.));
#2353=DIRECTION('ref_axis',(-1.,0.,0.));
#2354=DIRECTION('',(0.,1.,0.));
#2355=DIRECTION('',(1.,0.,0.));
#2356=DIRECTION('center_axis',(1.,0.,0.));
#2357=DIRECTION('ref_axis',(0.,-1.,0.));
#2358=DIRECTION('',(0.,0.,-1.));
#2359=DIRECTION('center_axis',(1.,0.,0.));
#2360=DIRECTION('ref_axis',(0.,-1.,0.));
#2361=DIRECTION('',(0.,0.,-1.));
#2362=DIRECTION('center_axis',(0.,1.,0.));
#2363=DIRECTION('ref_axis',(1.,0.,0.));
#2364=DIRECTION('',(0.,0.,-1.));
#2365=DIRECTION('center_axis',(-1.,0.,0.));
#2366=DIRECTION('ref_axis',(0.,1.,0.));
#2367=DIRECTION('',(0.,0.,1.));
#2368=DIRECTION('center_axis',(0.,1.,0.));
#2369=DIRECTION('ref_axis',(1.,0.,0.));
#2370=DIRECTION('',(0.,0.,-1.));
#2371=DIRECTION('center_axis',(-1.,0.,0.));
#2372=DIRECTION('ref_axis',(0.,1.,0.));
#2373=DIRECTION('',(0.,0.,1.));
#2374=DIRECTION('',(0.,1.,0.));
#2375=DIRECTION('center_axis',(0.,1.,0.));
#2376=DIRECTION('ref_axis',(0.,0.,1.));
#2377=DIRECTION('',(0.,0.,1.));
#2378=DIRECTION('',(0.,0.,-1.));
#2379=DIRECTION('',(0.517899060285706,-0.855441735803896,0.));
#2380=DIRECTION('',(-0.0603522095155552,-0.998177144001299,0.));
#2381=DIRECTION('center_axis',(0.,-1.,0.));
#2382=DIRECTION('ref_axis',(0.,0.,-1.));
#2383=DIRECTION('',(0.,0.,1.));
#2384=DIRECTION('',(-1.,0.,0.));
#2385=DIRECTION('center_axis',(1.,0.,0.));
#2386=DIRECTION('ref_axis',(0.,0.,-1.));
#2387=DIRECTION('',(0.,1.,0.));
#2388=DIRECTION('center_axis',(0.,0.,1.));
#2389=DIRECTION('ref_axis',(1.,0.,0.));
#2390=DIRECTION('center_axis',(0.,0.,-1.));
#2391=DIRECTION('ref_axis',(-1.,0.,0.));
#2392=DIRECTION('',(0.,0.,1.));
#2393=DIRECTION('',(0.,0.,1.));
#2394=DIRECTION('',(0.,0.,1.));
#2395=DIRECTION('',(0.,0.,1.));
#2396=DIRECTION('center_axis',(0.,0.,1.));
#2397=DIRECTION('ref_axis',(1.,0.,0.));
#2398=DIRECTION('',(0.,0.,-1.));
#2399=DIRECTION('',(0.,0.,1.));
#2400=DIRECTION('',(0.,0.,1.));
#2401=DIRECTION('',(0.,0.,1.));
#2402=DIRECTION('',(0.,0.,-1.));
#2403=DIRECTION('',(0.,0.,1.));
#2404=DIRECTION('',(0.,0.,-1.));
#2405=DIRECTION('',(0.,0.,1.));
#2406=DIRECTION('center_axis',(0.,0.,1.));
#2407=DIRECTION('ref_axis',(1.,0.,0.));
#2408=DIRECTION('',(0.,0.,-1.));
#2409=DIRECTION('center_axis',(0.,0.,1.));
#2410=DIRECTION('ref_axis',(1.,0.,0.));
#2411=DIRECTION('center_axis',(0.,0.,1.));
#2412=DIRECTION('ref_axis',(1.,0.,0.));
#2413=DIRECTION('',(0.,0.,1.));
#2414=DIRECTION('center_axis',(0.,0.,1.));
#2415=DIRECTION('ref_axis',(1.,0.,0.));
#2416=DIRECTION('center_axis',(0.,0.,1.));
#2417=DIRECTION('ref_axis',(1.,0.,0.));
#2418=CARTESIAN_POINT('',(0.,0.,0.));
#2419=CARTESIAN_POINT('Ctrl Pts',(-88.0757314457269,45.0380231464315,0.));
#2420=CARTESIAN_POINT('Ctrl Pts',(-88.0757314457269,45.0979309113264,-1.80895545170442));
#2421=CARTESIAN_POINT('Ctrl Pts',(-88.0757314457269,44.9666053776317,-5.14791279335804));
#2422=CARTESIAN_POINT('Ctrl Pts',(-88.0757314457269,43.6914086792788,-10.7011479587999));
#2423=CARTESIAN_POINT('Ctrl Pts',(-88.0757314457269,39.858039052642,-15.1553197749393));
#2424=CARTESIAN_POINT('Ctrl Pts',(-88.0757314457269,32.8186232879522,-16.0483933901618));
#2425=CARTESIAN_POINT('Ctrl Pts',(-88.0757314457269,27.495528000284,-15.3630341222334));
#2426=CARTESIAN_POINT('Ctrl Pts',(-88.0757314457269,25.6,-15.));
#2427=CARTESIAN_POINT('Ctrl Pts',(-87.230713329666,44.9776899694335,0.));
#2428=CARTESIAN_POINT('Ctrl Pts',(-87.2410893430465,45.0489735509323,-1.81821511788599));
#2429=CARTESIAN_POINT('Ctrl Pts',(-87.2623414596484,44.937934961323,-5.17752165535274));
#2430=CARTESIAN_POINT('Ctrl Pts',(-87.3033525138611,43.6934971251143,-10.7762316116666));
#2431=CARTESIAN_POINT('Ctrl Pts',(-87.3551444521712,39.8803178860057,-15.2985138125648));
#2432=CARTESIAN_POINT('Ctrl Pts',(-87.4064150943384,32.8370704771997,-16.273645315053));
#2433=CARTESIAN_POINT('Ctrl Pts',(-87.4382335972778,27.5010230352939,-15.6446336037782));
#2434=CARTESIAN_POINT('Ctrl Pts',(-87.4486096106584,25.6,-15.3009183529674));
#2435=CARTESIAN_POINT('Ctrl Pts',(-85.1219472967114,44.8137018282261,0.));
#2436=CARTESIAN_POINT('Ctrl Pts',(-85.1271423640171,44.9344484384483,-1.84203386020485));
#2437=CARTESIAN_POINT('Ctrl Pts',(-85.143149567379,44.911140189701,-5.25345004420337));
#2438=CARTESIAN_POINT('Ctrl Pts',(-85.1957635939351,43.7973681619125,-10.9755990793511));
#2439=CARTESIAN_POINT('Ctrl Pts',(-85.2812669540006,40.0548735300644,-15.6777649172937));
#2440=CARTESIAN_POINT('Ctrl Pts',(-85.358445161438,32.9537249783512,-16.8467719910856));
#2441=CARTESIAN_POINT('Ctrl Pts',(-85.3825489034895,27.5342108999934,-16.3211479504921));
#2442=CARTESIAN_POINT('Ctrl Pts',(-85.387743971372,25.6,-16.0104310142164));
#2443=CARTESIAN_POINT('Ctrl Pts',(-83.0226578593154,44.61672664984,0.));
#2444=CARTESIAN_POINT('Ctrl Pts',(-83.0071044301676,44.7783114092071,-1.84363278022143));
#2445=CARTESIAN_POINT('Ctrl Pts',(-82.9769078689603,44.8289137893645,-5.25657456525151));
#2446=CARTESIAN_POINT('Ctrl Pts',(-82.9162684932145,43.8314624297927,-10.9739943005495));
#2447=CARTESIAN_POINT('Ctrl Pts',(-82.8423435857309,40.1620500223457,-15.6788834931504));
#2448=CARTESIAN_POINT('Ctrl Pts',(-82.767306422641,33.0287281176006,-16.8899896037295));
#2449=CARTESIAN_POINT('Ctrl Pts',(-82.7219534407651,27.5557867620771,-16.4129473354678));
#2450=CARTESIAN_POINT('Ctrl Pts',(-82.7064000124825,25.6,-16.1209931118682));
#2451=CARTESIAN_POINT('Ctrl Pts',(-79.6648816603005,44.2685426123877,0.));
#2452=CARTESIAN_POINT('Ctrl Pts',(-79.6909050471846,44.3990085466615,-1.79032349466877));
#2453=CARTESIAN_POINT('Ctrl Pts',(-79.742335388219,44.401198603943,-5.11083572007219));
#2454=CARTESIAN_POINT('Ctrl Pts',(-79.8457289392857,43.3619867976973,-10.7045396957048));
#2455=CARTESIAN_POINT('Ctrl Pts',(-79.973836867413,39.7427974162827,-15.3656046788866));
#2456=CARTESIAN_POINT('Ctrl Pts',(-80.102673791992,32.7944575435508,-16.6827714007502));
#2457=CARTESIAN_POINT('Ctrl Pts',(-80.1798661490522,27.4922640178162,-16.3355224673435));
#2458=CARTESIAN_POINT('Ctrl Pts',(-80.2058895344887,25.6,-16.0946230805176));
#2459=CARTESIAN_POINT('Ctrl Pts',(-75.4661664326016,43.7639300610229,0.));
#2460=CARTESIAN_POINT('Ctrl Pts',(-75.5244203822849,43.8574094918048,-1.7088610678618));
#2461=CARTESIAN_POINT('Ctrl Pts',(-75.6430635218067,43.802202684175,-4.88687137737015));
#2462=CARTESIAN_POINT('Ctrl Pts',(-75.8832750742147,42.7148933471881,-10.2712881537353));
#2463=CARTESIAN_POINT('Ctrl Pts',(-76.1892298717515,39.1688193432706,-14.8209803068373));
#2464=CARTESIAN_POINT('Ctrl Pts',(-76.492344184507,32.477882468543,-16.2216668574471));
#2465=CARTESIAN_POINT('Ctrl Pts',(-76.6702440355366,27.4067287444853,-16.0027215141201));
#2466=CARTESIAN_POINT('Ctrl Pts',(-76.7284979808194,25.6,-15.8126018508464));
#2467=CARTESIAN_POINT('Ctrl Pts',(-67.1022088093621,42.4591588045923,0.));
#2468=CARTESIAN_POINT('Ctrl Pts',(-67.1631928817944,42.4876030829255,-1.49818336662369));
#2469=CARTESIAN_POINT('Ctrl Pts',(-67.2832505507211,42.3334724124586,-4.28808568705228));
#2470=CARTESIAN_POINT('Ctrl Pts',(-67.5202127157003,41.1771529007609,-9.03631154961601));
#2471=CARTESIAN_POINT('Ctrl Pts',(-67.8111261268994,37.8294816152962,-13.0902142720488));
#2472=CARTESIAN_POINT('Ctrl Pts',(-68.1046164098638,31.7561680500646,-14.4292206650274));
#2473=CARTESIAN_POINT('Ctrl Pts',(-68.284749964432,27.2129592633962,-14.3330723357876));
#2474=CARTESIAN_POINT('Ctrl Pts',(-68.3457340263621,25.6,-14.2021885418955));
#2475=CARTESIAN_POINT('Ctrl Pts',(-56.7399266162223,40.2291936322982,0.));
#2476=CARTESIAN_POINT('Ctrl Pts',(-56.7214536636742,40.1950954724525,-1.16622823169369));
#2477=CARTESIAN_POINT('Ctrl Pts',(-56.657758428231,39.9538133189935,-3.31989654876073));
#2478=CARTESIAN_POINT('Ctrl Pts',(-56.4536196181506,38.7823096465884,-6.92384727574979));
#2479=CARTESIAN_POINT('Ctrl Pts',(-56.1123472825678,35.8037032571729,-9.90241331941957));
#2480=CARTESIAN_POINT('Ctrl Pts',(-55.8093095028183,30.6952647700389,-10.7782799229849));
#2481=CARTESIAN_POINT('Ctrl Pts',(-55.7137600322602,26.9307471833491,-10.6397740724749));
#2482=CARTESIAN_POINT('Ctrl Pts',(-55.6952870612798,25.6,-10.5227105383929));
#2483=CARTESIAN_POINT('Ctrl Pts',(-44.5534640126552,36.4362632953095,0.));
#2484=CARTESIAN_POINT('Ctrl Pts',(-44.4122541908257,36.3634942938705,-0.725080715287679));
#2485=CARTESIAN_POINT('Ctrl Pts',(-44.0746188488474,36.0976485173721,-2.03008310602582));
#2486=CARTESIAN_POINT('Ctrl Pts',(-43.245868305688,35.0895583728688,-4.0961636589116));
#2487=CARTESIAN_POINT('Ctrl Pts',(-42.0340317278219,32.8276994408164,-5.59806143427951));
#2488=CARTESIAN_POINT('Ctrl Pts',(-40.9007918455088,29.1914145356426,-5.76252335007563));
#2489=CARTESIAN_POINT('Ctrl Pts',(-40.3944261480598,26.5362851961644,-5.47020507805839));
#2490=CARTESIAN_POINT('Ctrl Pts',(-40.2532162980051,25.6,-5.3345893528838));
#2491=CARTESIAN_POINT('Ctrl Pts',(-32.6511254103235,31.5911397343061,0.));
#2492=CARTESIAN_POINT('Ctrl Pts',(-32.4649933260697,31.5224576559062,-0.308103303313335));
#2493=CARTESIAN_POINT('Ctrl Pts',(-32.0657974835289,31.3239759796317,-0.847969187916178));
#2494=CARTESIAN_POINT('Ctrl Pts',(-31.1851689567143,30.68514217408,-1.63772275954441));
#2495=CARTESIAN_POINT('Ctrl Pts',(-29.9958634873056,29.4095235724404,-2.08936102261529));
#2496=CARTESIAN_POINT('Ctrl Pts',(-28.8453813348213,27.4945329358785,-1.90318578552967));
#2497=CARTESIAN_POINT('Ctrl Pts',(-28.2464794572042,26.0942085926209,-1.58212694834287));
#2498=CARTESIAN_POINT('Ctrl Pts',(-28.0603473348631,25.6,-1.45404534941378));
#2499=CARTESIAN_POINT('Ctrl Pts',(-24.9076368963842,27.7790502171486,0.));
#2500=CARTESIAN_POINT('Ctrl Pts',(-24.8135684058601,27.7458497174698,-0.0908794042326978));
#2501=CARTESIAN_POINT('Ctrl Pts',(-24.624210346407,27.6589954513867,-0.249514807770231));
#2502=CARTESIAN_POINT('Ctrl Pts',(-24.249140109839,27.4039819622737,-0.479291857215846));
#2503=CARTESIAN_POINT('Ctrl Pts',(-23.7790127473925,26.9335875562561,-0.596185662019143));
#2504=CARTESIAN_POINT('Ctrl Pts',(-23.3101581634927,26.2635801861372,-0.488350095853369));
#2505=CARTESIAN_POINT('Ctrl Pts',(-23.0262666587508,25.7732096958655,-0.325070643080054));
#2506=CARTESIAN_POINT('Ctrl Pts',(-22.9321981236569,25.6,-0.260217886675077));
#2507=CARTESIAN_POINT('Ctrl Pts',(-21.0880535366087,25.7440949319935,0.));
#2508=CARTESIAN_POINT('Ctrl Pts',(-21.0880536261462,25.7378874092508,-0.00861962507156021));
#2509=CARTESIAN_POINT('Ctrl Pts',(-21.0880537990882,25.7253056697682,-0.023662345035296));
#2510=CARTESIAN_POINT('Ctrl Pts',(-21.088054120245,25.6994701172035,-0.0448918575188373));
#2511=CARTESIAN_POINT('Ctrl Pts',(-21.0880544670036,25.6656893000483,-0.0518427355268585));
#2512=CARTESIAN_POINT('Ctrl Pts',(-21.0880547354679,25.6297804810502,-0.0307528901224072));
#2513=CARTESIAN_POINT('Ctrl Pts',(-21.088054869697,25.6075054363512,-0.00848300885237402));
#2514=CARTESIAN_POINT('Ctrl Pts',(-21.0880549114812,25.6,1.01384962990536E-15));
#2515=CARTESIAN_POINT('',(-88.0757314457269,45.0380231464315,0.));
#2516=CARTESIAN_POINT('',(-63.1352129061774,41.5602026679125,0.));
#2517=CARTESIAN_POINT('Ctrl Pts',(-88.0757314457269,45.0380231464315,0.));
#2518=CARTESIAN_POINT('Ctrl Pts',(-86.6542780254192,44.9365332503314,0.));
#2519=CARTESIAN_POINT('Ctrl Pts',(-83.8185062283031,44.7087171185693,0.));
#2520=CARTESIAN_POINT('Ctrl Pts',(-79.586253008306,44.2924861816028,0.));
#2521=CARTESIAN_POINT('Ctrl Pts',(-74.5797853788373,43.660844974617,0.));
#2522=CARTESIAN_POINT('Ctrl Pts',(-69.6228513092433,42.8567826306096,0.));
#2523=CARTESIAN_POINT('Ctrl Pts',(-66.0796169035603,42.1812001970878,0.));
#2524=CARTESIAN_POINT('Ctrl Pts',(-63.9224724323404,41.7302042522292,0.));
#2525=CARTESIAN_POINT('Ctrl Pts',(-63.1352129061774,41.5602026679125,0.));
#2526=CARTESIAN_POINT('',(-36.8461921370852,33.2455853352925,0.));
#2527=CARTESIAN_POINT('Ctrl Pts',(-63.1352129061774,41.5602026679125,0.));
#2528=CARTESIAN_POINT('Ctrl Pts',(-62.5565962990509,41.435255637544,0.));
#2529=CARTESIAN_POINT('Ctrl Pts',(-60.6147644280821,41.0060977844683,0.));
#2530=CARTESIAN_POINT('Ctrl Pts',(-57.3243039459067,40.2219544977063,0.));
#2531=CARTESIAN_POINT('Ctrl Pts',(-52.7143426165041,38.9814350797653,0.));
#2532=CARTESIAN_POINT('Ctrl Pts',(-47.4546949031637,37.324928850973,0.));
#2533=CARTESIAN_POINT('Ctrl Pts',(-42.8154354694723,35.6479668328931,0.));
#2534=CARTESIAN_POINT('Ctrl Pts',(-39.5176711763052,34.3508211132534,0.));
#2535=CARTESIAN_POINT('Ctrl Pts',(-37.5328314452003,33.5329428850926,0.));
#2536=CARTESIAN_POINT('Ctrl Pts',(-36.8461921370852,33.2455853352925,0.));
#2537=CARTESIAN_POINT('',(-22.2301682573849,26.3478672835291,0.));
#2538=CARTESIAN_POINT('Ctrl Pts',(-36.8461921370852,33.2455853352925,0.));
#2539=CARTESIAN_POINT('Ctrl Pts',(-36.2379069946332,32.9910188896361,0.));
#2540=CARTESIAN_POINT('Ctrl Pts',(-34.3374847891355,32.184825844327,0.));
#2541=CARTESIAN_POINT('Ctrl Pts',(-31.3919698159105,30.8829416954367,0.));
#2542=CARTESIAN_POINT('Ctrl Pts',(-28.4665046693508,29.5112661986109,0.));
#2543=CARTESIAN_POINT('Ctrl Pts',(-25.5601062823332,28.0732213076032,0.));
#2544=CARTESIAN_POINT('Ctrl Pts',(-23.2621567452243,26.8891730137303,0.));
#2545=CARTESIAN_POINT('Ctrl Pts',(-22.2301682573849,26.3478672835291,0.));
#2546=CARTESIAN_POINT('',(-21.0880535366087,25.7440949319935,0.));
#2547=CARTESIAN_POINT('Ctrl Pts',(-22.2301682573849,26.3478672835291,0.));
#2548=CARTESIAN_POINT('Ctrl Pts',(-22.0015105090741,26.2279301419097,0.));
#2549=CARTESIAN_POINT('Ctrl Pts',(-21.77297020998,26.1075841718607,0.));
#2550=CARTESIAN_POINT('Ctrl Pts',(-21.5445472971687,25.9868295924485,0.));
#2551=CARTESIAN_POINT('Ctrl Pts',(-21.3162417391605,25.865666513251,0.));
#2552=CARTESIAN_POINT('Ctrl Pts',(-21.0880535366087,25.7440949319935,0.));
#2553=CARTESIAN_POINT('',(-21.0880549114812,25.6,1.01384962990536E-15));
#2554=CARTESIAN_POINT('Ctrl Pts',(-21.0880535366087,25.7440949319935,3.46944695195361E-17));
#2555=CARTESIAN_POINT('Ctrl Pts',(-21.0880535864803,25.7406373934189,-0.00480105952390775));
#2556=CARTESIAN_POINT('Ctrl Pts',(-21.0880536841265,25.7336961554362,-0.0137357768554944));
#2557=CARTESIAN_POINT('Ctrl Pts',(-21.088053831576,25.7225993068416,-0.0255578832444456));
#2558=CARTESIAN_POINT('Ctrl Pts',(-21.0880539728625,25.7112933782149,-0.0350599428716601));
#2559=CARTESIAN_POINT('Ctrl Pts',(-21.0880541080496,25.6997171735466,-0.0420939474513691));
#2560=CARTESIAN_POINT('Ctrl Pts',(-21.088054237037,25.6878004438805,-0.0464408125877718));
#2561=CARTESIAN_POINT('Ctrl Pts',(-21.0880543587962,25.6755564045945,-0.0478438640262526));
#2562=CARTESIAN_POINT('Ctrl Pts',(-21.0880544715842,25.663134621996,-0.0462132437794943));
#2563=CARTESIAN_POINT('Ctrl Pts',(-21.0880545750419,25.6506439484461,-0.0417422475668439));
#2564=CARTESIAN_POINT('Ctrl Pts',(-21.0880546702285,25.6380676295271,-0.0346865973895134));
#2565=CARTESIAN_POINT('Ctrl Pts',(-21.0880547582694,25.6253608647394,-0.0252447640711526));
#2566=CARTESIAN_POINT('Ctrl Pts',(-21.088054839927,25.612496294996,-0.0135594090716609));
#2567=CARTESIAN_POINT('Ctrl Pts',(-21.0880548881464,25.6041914893536,-0.00473742493142349));
#2568=CARTESIAN_POINT('Ctrl Pts',(-21.0880549114812,25.6,3.46944695195361E-17));
#2569=CARTESIAN_POINT('',(-88.0757314457269,25.6,-15.));
#2570=CARTESIAN_POINT('Ctrl Pts',(-88.0757314457269,25.6,-15.));
#2571=CARTESIAN_POINT('Ctrl Pts',(-87.4486096106584,25.6,-15.3009183529674));
#2572=CARTESIAN_POINT('Ctrl Pts',(-85.387743971372,25.6,-16.0104310142164));
#2573=CARTESIAN_POINT('Ctrl Pts',(-82.7064000124825,25.6,-16.1209931118682));
#2574=CARTESIAN_POINT('Ctrl Pts',(-80.2058895344887,25.6,-16.0946230805176));
#2575=CARTESIAN_POINT('Ctrl Pts',(-76.7284979808194,25.6,-15.8126018508464));
#2576=CARTESIAN_POINT('Ctrl Pts',(-68.3457340263621,25.6,-14.2021885418955));
#2577=CARTESIAN_POINT('Ctrl Pts',(-55.6952870612798,25.6,-10.5227105383929));
#2578=CARTESIAN_POINT('Ctrl Pts',(-40.2532162980051,25.6,-5.3345893528838));
#2579=CARTESIAN_POINT('Ctrl Pts',(-28.0603473348631,25.6,-1.45404534941378));
#2580=CARTESIAN_POINT('Ctrl Pts',(-22.9321981236569,25.6,-0.260217886675077));
#2581=CARTESIAN_POINT('Ctrl Pts',(-21.0880549114812,25.6,1.01384962990536E-15));
#2582=CARTESIAN_POINT('Ctrl Pts',(-88.0757314457269,45.0380231464315,0.));
#2583=CARTESIAN_POINT('Ctrl Pts',(-88.0757314457269,45.0979309113264,-1.80895545170442));
#2584=CARTESIAN_POINT('Ctrl Pts',(-88.0757314457269,44.9666053776317,-5.14791279335804));
#2585=CARTESIAN_POINT('Ctrl Pts',(-88.0757314457269,43.6914086792788,-10.7011479587999));
#2586=CARTESIAN_POINT('Ctrl Pts',(-88.0757314457269,39.858039052642,-15.1553197749393));
#2587=CARTESIAN_POINT('Ctrl Pts',(-88.0757314457269,32.8186232879522,-16.0483933901618));
#2588=CARTESIAN_POINT('Ctrl Pts',(-88.0757314457269,27.495528000284,-15.3630341222334));
#2589=CARTESIAN_POINT('Ctrl Pts',(-88.0757314457269,25.6,-15.));
#2590=CARTESIAN_POINT('Ctrl Pts',(-88.0757314457269,45.0380231464315,0.));
#2591=CARTESIAN_POINT('Ctrl Pts',(-88.0757314457269,45.0979309113264,1.80895545170442));
#2592=CARTESIAN_POINT('Ctrl Pts',(-88.0757314457269,44.9666053776317,5.14791279335804));
#2593=CARTESIAN_POINT('Ctrl Pts',(-88.0757314457269,43.6914086792788,10.7011479587999));
#2594=CARTESIAN_POINT('Ctrl Pts',(-88.0757314457269,39.858039052642,15.1553197749393));
#2595=CARTESIAN_POINT('Ctrl Pts',(-88.0757314457269,32.8186232879522,16.0483933901618));
#2596=CARTESIAN_POINT('Ctrl Pts',(-88.0757314457269,27.495528000284,15.3630341222334));
#2597=CARTESIAN_POINT('Ctrl Pts',(-88.0757314457269,25.6,15.));
#2598=CARTESIAN_POINT('Ctrl Pts',(-87.230713329666,44.9776899694335,0.));
#2599=CARTESIAN_POINT('Ctrl Pts',(-87.2410893430465,45.0489735509323,1.81821511788599));
#2600=CARTESIAN_POINT('Ctrl Pts',(-87.2623414596484,44.937934961323,5.17752165535274));
#2601=CARTESIAN_POINT('Ctrl Pts',(-87.3033525138611,43.6934971251143,10.7762316116666));
#2602=CARTESIAN_POINT('Ctrl Pts',(-87.3551444521712,39.8803178860057,15.2985138125648));
#2603=CARTESIAN_POINT('Ctrl Pts',(-87.4064150943384,32.8370704771997,16.273645315053));
#2604=CARTESIAN_POINT('Ctrl Pts',(-87.4382335972778,27.5010230352939,15.6446336037782));
#2605=CARTESIAN_POINT('Ctrl Pts',(-87.4486096106584,25.6,15.3009183529674));
#2606=CARTESIAN_POINT('Ctrl Pts',(-85.1219472967114,44.8137018282261,0.));
#2607=CARTESIAN_POINT('Ctrl Pts',(-85.1271423640171,44.9344484384483,1.84203386020485));
#2608=CARTESIAN_POINT('Ctrl Pts',(-85.143149567379,44.911140189701,5.25345004420337));
#2609=CARTESIAN_POINT('Ctrl Pts',(-85.1957635939351,43.7973681619125,10.9755990793511));
#2610=CARTESIAN_POINT('Ctrl Pts',(-85.2812669540006,40.0548735300644,15.6777649172937));
#2611=CARTESIAN_POINT('Ctrl Pts',(-85.358445161438,32.9537249783512,16.8467719910856));
#2612=CARTESIAN_POINT('Ctrl Pts',(-85.3825489034895,27.5342108999934,16.3211479504921));
#2613=CARTESIAN_POINT('Ctrl Pts',(-85.387743971372,25.6,16.0104310142164));
#2614=CARTESIAN_POINT('Ctrl Pts',(-83.0226578593154,44.61672664984,0.));
#2615=CARTESIAN_POINT('Ctrl Pts',(-83.0071044301676,44.7783114092071,1.84363278022143));
#2616=CARTESIAN_POINT('Ctrl Pts',(-82.9769078689603,44.8289137893645,5.25657456525151));
#2617=CARTESIAN_POINT('Ctrl Pts',(-82.9162684932145,43.8314624297927,10.9739943005495));
#2618=CARTESIAN_POINT('Ctrl Pts',(-82.8423435857309,40.1620500223457,15.6788834931504));
#2619=CARTESIAN_POINT('Ctrl Pts',(-82.767306422641,33.0287281176006,16.8899896037295));
#2620=CARTESIAN_POINT('Ctrl Pts',(-82.7219534407651,27.5557867620771,16.4129473354678));
#2621=CARTESIAN_POINT('Ctrl Pts',(-82.7064000124825,25.6,16.1209931118682));
#2622=CARTESIAN_POINT('Ctrl Pts',(-79.6648816603005,44.2685426123877,0.));
#2623=CARTESIAN_POINT('Ctrl Pts',(-79.6909050471846,44.3990085466615,1.79032349466877));
#2624=CARTESIAN_POINT('Ctrl Pts',(-79.742335388219,44.401198603943,5.11083572007219));
#2625=CARTESIAN_POINT('Ctrl Pts',(-79.8457289392857,43.3619867976973,10.7045396957048));
#2626=CARTESIAN_POINT('Ctrl Pts',(-79.973836867413,39.7427974162827,15.3656046788866));
#2627=CARTESIAN_POINT('Ctrl Pts',(-80.102673791992,32.7944575435508,16.6827714007502));
#2628=CARTESIAN_POINT('Ctrl Pts',(-80.1798661490522,27.4922640178162,16.3355224673435));
#2629=CARTESIAN_POINT('Ctrl Pts',(-80.2058895344887,25.6,16.0946230805176));
#2630=CARTESIAN_POINT('Ctrl Pts',(-75.4661664326016,43.7639300610229,0.));
#2631=CARTESIAN_POINT('Ctrl Pts',(-75.5244203822849,43.8574094918048,1.7088610678618));
#2632=CARTESIAN_POINT('Ctrl Pts',(-75.6430635218067,43.802202684175,4.88687137737015));
#2633=CARTESIAN_POINT('Ctrl Pts',(-75.8832750742147,42.7148933471881,10.2712881537353));
#2634=CARTESIAN_POINT('Ctrl Pts',(-76.1892298717515,39.1688193432706,14.8209803068373));
#2635=CARTESIAN_POINT('Ctrl Pts',(-76.492344184507,32.477882468543,16.2216668574471));
#2636=CARTESIAN_POINT('Ctrl Pts',(-76.6702440355366,27.4067287444853,16.0027215141201));
#2637=CARTESIAN_POINT('Ctrl Pts',(-76.7284979808194,25.6,15.8126018508464));
#2638=CARTESIAN_POINT('Ctrl Pts',(-67.1022088093621,42.4591588045923,0.));
#2639=CARTESIAN_POINT('Ctrl Pts',(-67.1631928817944,42.4876030829255,1.49818336662369));
#2640=CARTESIAN_POINT('Ctrl Pts',(-67.2832505507211,42.3334724124586,4.28808568705228));
#2641=CARTESIAN_POINT('Ctrl Pts',(-67.5202127157003,41.1771529007609,9.03631154961601));
#2642=CARTESIAN_POINT('Ctrl Pts',(-67.8111261268994,37.8294816152962,13.0902142720488));
#2643=CARTESIAN_POINT('Ctrl Pts',(-68.1046164098638,31.7561680500646,14.4292206650274));
#2644=CARTESIAN_POINT('Ctrl Pts',(-68.284749964432,27.2129592633962,14.3330723357876));
#2645=CARTESIAN_POINT('Ctrl Pts',(-68.3457340263621,25.6,14.2021885418955));
#2646=CARTESIAN_POINT('Ctrl Pts',(-56.7399266162223,40.2291936322982,0.));
#2647=CARTESIAN_POINT('Ctrl Pts',(-56.7214536636742,40.1950954724525,1.16622823169369));
#2648=CARTESIAN_POINT('Ctrl Pts',(-56.657758428231,39.9538133189935,3.31989654876073));
#2649=CARTESIAN_POINT('Ctrl Pts',(-56.4536196181506,38.7823096465884,6.92384727574979));
#2650=CARTESIAN_POINT('Ctrl Pts',(-56.1123472825678,35.8037032571729,9.90241331941957));
#2651=CARTESIAN_POINT('Ctrl Pts',(-55.8093095028183,30.6952647700389,10.7782799229849));
#2652=CARTESIAN_POINT('Ctrl Pts',(-55.7137600322602,26.9307471833491,10.6397740724749));
#2653=CARTESIAN_POINT('Ctrl Pts',(-55.6952870612798,25.6,10.5227105383929));
#2654=CARTESIAN_POINT('Ctrl Pts',(-44.5534640126552,36.4362632953095,0.));
#2655=CARTESIAN_POINT('Ctrl Pts',(-44.4122541908257,36.3634942938705,0.725080715287679));
#2656=CARTESIAN_POINT('Ctrl Pts',(-44.0746188488474,36.0976485173721,2.03008310602582));
#2657=CARTESIAN_POINT('Ctrl Pts',(-43.245868305688,35.0895583728688,4.0961636589116));
#2658=CARTESIAN_POINT('Ctrl Pts',(-42.0340317278219,32.8276994408164,5.59806143427951));
#2659=CARTESIAN_POINT('Ctrl Pts',(-40.9007918455088,29.1914145356426,5.76252335007563));
#2660=CARTESIAN_POINT('Ctrl Pts',(-40.3944261480598,26.5362851961644,5.47020507805839));
#2661=CARTESIAN_POINT('Ctrl Pts',(-40.2532162980051,25.6,5.3345893528838));
#2662=CARTESIAN_POINT('Ctrl Pts',(-32.6511254103235,31.5911397343061,0.));
#2663=CARTESIAN_POINT('Ctrl Pts',(-32.4649933260697,31.5224576559062,0.308103303313335));
#2664=CARTESIAN_POINT('Ctrl Pts',(-32.0657974835289,31.3239759796317,0.847969187916178));
#2665=CARTESIAN_POINT('Ctrl Pts',(-31.1851689567143,30.68514217408,1.63772275954441));
#2666=CARTESIAN_POINT('Ctrl Pts',(-29.9958634873056,29.4095235724404,2.08936102261529));
#2667=CARTESIAN_POINT('Ctrl Pts',(-28.8453813348213,27.4945329358785,1.90318578552967));
#2668=CARTESIAN_POINT('Ctrl Pts',(-28.2464794572042,26.0942085926209,1.58212694834287));
#2669=CARTESIAN_POINT('Ctrl Pts',(-28.0603473348631,25.6,1.45404534941378));
#2670=CARTESIAN_POINT('Ctrl Pts',(-24.9076368963842,27.7790502171486,0.));
#2671=CARTESIAN_POINT('Ctrl Pts',(-24.8135684058601,27.7458497174698,0.0908794042326978));
#2672=CARTESIAN_POINT('Ctrl Pts',(-24.624210346407,27.6589954513867,0.249514807770231));
#2673=CARTESIAN_POINT('Ctrl Pts',(-24.249140109839,27.4039819622737,0.479291857215846));
#2674=CARTESIAN_POINT('Ctrl Pts',(-23.7790127473925,26.9335875562561,0.596185662019143));
#2675=CARTESIAN_POINT('Ctrl Pts',(-23.3101581634927,26.2635801861372,0.488350095853369));
#2676=CARTESIAN_POINT('Ctrl Pts',(-23.0262666587508,25.7732096958655,0.325070643080054));
#2677=CARTESIAN_POINT('Ctrl Pts',(-22.9321981236569,25.6,0.260217886675077));
#2678=CARTESIAN_POINT('Ctrl Pts',(-21.0880535366087,25.7440949319935,0.));
#2679=CARTESIAN_POINT('Ctrl Pts',(-21.0880536261462,25.7378874092508,0.00861962507156021));
#2680=CARTESIAN_POINT('Ctrl Pts',(-21.0880537990882,25.7253056697682,0.023662345035296));
#2681=CARTESIAN_POINT('Ctrl Pts',(-21.088054120245,25.6994701172035,0.0448918575188373));
#2682=CARTESIAN_POINT('Ctrl Pts',(-21.0880544670036,25.6656893000483,0.0518427355268585));
#2683=CARTESIAN_POINT('Ctrl Pts',(-21.0880547354679,25.6297804810502,0.0307528901224072));
#2684=CARTESIAN_POINT('Ctrl Pts',(-21.088054869697,25.6075054363512,0.00848300885237402));
#2685=CARTESIAN_POINT('Ctrl Pts',(-21.0880549114812,25.6,-1.01384962990536E-15));
#2686=CARTESIAN_POINT('',(-88.0757314457269,25.6,15.));
#2687=CARTESIAN_POINT('Ctrl Pts',(-88.0757314457269,45.0380231464315,0.));
#2688=CARTESIAN_POINT('Ctrl Pts',(-88.0757314457269,45.0979309113264,1.80895545170442));
#2689=CARTESIAN_POINT('Ctrl Pts',(-88.0757314457269,44.9666053776317,5.14791279335804));
#2690=CARTESIAN_POINT('Ctrl Pts',(-88.0757314457269,43.6914086792788,10.7011479587999));
#2691=CARTESIAN_POINT('Ctrl Pts',(-88.0757314457269,39.858039052642,15.1553197749393));
#2692=CARTESIAN_POINT('Ctrl Pts',(-88.0757314457269,32.8186232879522,16.0483933901618));
#2693=CARTESIAN_POINT('Ctrl Pts',(-88.0757314457269,27.495528000284,15.3630341222334));
#2694=CARTESIAN_POINT('Ctrl Pts',(-88.0757314457269,25.6,15.));
#2695=CARTESIAN_POINT('Ctrl Pts',(-88.0757314457269,25.6,15.));
#2696=CARTESIAN_POINT('Ctrl Pts',(-87.4486096106584,25.6,15.3009183529674));
#2697=CARTESIAN_POINT('Ctrl Pts',(-85.387743971372,25.6,16.0104310142164));
#2698=CARTESIAN_POINT('Ctrl Pts',(-82.7064000124825,25.6,16.1209931118682));
#2699=CARTESIAN_POINT('Ctrl Pts',(-80.2058895344887,25.6,16.0946230805176));
#2700=CARTESIAN_POINT('Ctrl Pts',(-76.7284979808194,25.6,15.8126018508464));
#2701=CARTESIAN_POINT('Ctrl Pts',(-68.3457340263621,25.6,14.2021885418955));
#2702=CARTESIAN_POINT('Ctrl Pts',(-55.6952870612798,25.6,10.5227105383929));
#2703=CARTESIAN_POINT('Ctrl Pts',(-40.2532162980051,25.6,5.3345893528838));
#2704=CARTESIAN_POINT('Ctrl Pts',(-28.0603473348631,25.6,1.45404534941378));
#2705=CARTESIAN_POINT('Ctrl Pts',(-22.9321981236569,25.6,0.260217886675077));
#2706=CARTESIAN_POINT('Ctrl Pts',(-21.0880549114812,25.6,-1.01384962990536E-15));
#2707=CARTESIAN_POINT('Origin',(-220.613336249648,6.07747974320271,-6.));
#2708=CARTESIAN_POINT('',(-237.054905506649,4.53063997381972,-6.));
#2709=CARTESIAN_POINT('',(-220.613336249648,6.07747974320271,-7.3384247468881));
#2710=CARTESIAN_POINT('Ctrl Pts',(-237.054905506649,4.53063997381972,-6.));
#2711=CARTESIAN_POINT('Ctrl Pts',(-231.81038251093,5.02405009875458,-6.49620698039002));
#2712=CARTESIAN_POINT('Ctrl Pts',(-226.049878837117,5.56600421730905,-6.96572587133589));
#2713=CARTESIAN_POINT('Ctrl Pts',(-220.613336249648,6.07747974320271,-7.33842474688809));
#2714=CARTESIAN_POINT('',(-220.613336249648,6.07747974320271,-6.));
#2715=CARTESIAN_POINT('',(-247.57262901155,3.54112171394753,-6.));
#2716=CARTESIAN_POINT('',(-220.613336249648,6.07747974320271,-6.));
#2717=CARTESIAN_POINT('Origin',(-233.999315223773,3.8136971845384,-6.));
#2718=CARTESIAN_POINT('',(-237.054905506649,2.52180823353594,-6.));
#2719=CARTESIAN_POINT('Ctrl Pts',(-237.054905506649,2.52180823353594,-6.));
#2720=CARTESIAN_POINT('Ctrl Pts',(-237.054905506649,3.19141881363053,-6.));
#2721=CARTESIAN_POINT('Ctrl Pts',(-237.054905506649,3.86102939372513,-6.));
#2722=CARTESIAN_POINT('Ctrl Pts',(-237.054905506649,4.53063997381972,-6.));
#2723=CARTESIAN_POINT('',(-220.426001435996,4.08627265512929,-6.));
#2724=CARTESIAN_POINT('',(-247.385294197898,1.54991462587409,-6.));
#2725=CARTESIAN_POINT('',(-220.613336249648,6.07747974320271,-6.));
#2726=CARTESIAN_POINT('Origin',(-220.426001435996,4.08627265512929,-6.));
#2727=CARTESIAN_POINT('',(-220.426001435996,4.08627265512929,-7.35123919550023));
#2728=CARTESIAN_POINT('Ctrl Pts',(-220.613336249648,6.07747974320271,-7.3384247468881));
#2729=CARTESIAN_POINT('Ctrl Pts',(-220.550890658548,5.41373710406046,-7.34270566646659));
#2730=CARTESIAN_POINT('Ctrl Pts',(-220.488447086272,4.75001592326419,-7.34697704642706));
#2731=CARTESIAN_POINT('Ctrl Pts',(-220.426001435996,4.08627265512929,-7.35123919550023));
#2732=CARTESIAN_POINT('',(-220.426001435996,4.08627265512929,-6.));
#2733=CARTESIAN_POINT('Origin',(-220.426001435996,4.08627265512929,-6.));
#2734=CARTESIAN_POINT('',(-220.426001435996,4.08627265512929,-9.35587755406834));
#2735=CARTESIAN_POINT('',(-220.613336249648,6.07747974320271,-9.34310396428436));
#2736=CARTESIAN_POINT('Ctrl Pts',(-220.426001435996,4.08627265512929,-9.35587755406834));
#2737=CARTESIAN_POINT('Ctrl Pts',(-220.488447103555,4.75001610696208,-9.35162897133417));
#2738=CARTESIAN_POINT('Ctrl Pts',(-220.550890641549,5.41373692337118,-9.34737121412395));
#2739=CARTESIAN_POINT('Ctrl Pts',(-220.613336249648,6.07747974320271,-9.34310396428436));
#2740=CARTESIAN_POINT('',(-220.426001435996,4.08627265512929,-54.));
#2741=CARTESIAN_POINT('',(-220.426001435996,4.08627265512929,-6.));
#2742=CARTESIAN_POINT('',(-220.426001435996,4.08627265512929,-56.));
#2743=CARTESIAN_POINT('',(-220.426001435996,4.08627265512929,-6.));
#2744=CARTESIAN_POINT('',(-220.613336249648,6.07747974320271,-56.));
#2745=CARTESIAN_POINT('',(-220.613336249648,6.07747974320271,-56.));
#2746=CARTESIAN_POINT('',(-220.613336249648,6.07747974320271,-54.));
#2747=CARTESIAN_POINT('',(-220.613336249648,6.07747974320271,-6.));
#2748=CARTESIAN_POINT('',(-220.613336249648,6.07747974320271,-6.));
#2749=CARTESIAN_POINT('Origin',(-247.385294197898,1.54991462587409,-6.));
#2750=CARTESIAN_POINT('Ctrl Pts',(-220.426001435996,4.08627265512929,-7.35123919550023));
#2751=CARTESIAN_POINT('Ctrl Pts',(-225.943121116856,3.56721635330055,-6.97467515246006));
#2752=CARTESIAN_POINT('Ctrl Pts',(-231.761681533434,3.01980019659224,-6.50081479029091));
#2753=CARTESIAN_POINT('Ctrl Pts',(-237.054905506649,2.52180823353594,-6.00000000000001));
#2754=CARTESIAN_POINT('Origin',(-247.385294197898,1.54991462587409,-6.));
#2755=CARTESIAN_POINT('',(-247.385294197898,1.54991462587409,-6.88270704810259));
#2756=CARTESIAN_POINT('Ctrl Pts',(-247.385294197898,1.54991462587409,-6.88270704810259));
#2757=CARTESIAN_POINT('Ctrl Pts',(-239.951324167823,2.24931018278083,-7.86748510403596));
#2758=CARTESIAN_POINT('Ctrl Pts',(-227.824300405347,3.39023306835412,-8.85252341437512));
#2759=CARTESIAN_POINT('Ctrl Pts',(-220.426001435996,4.08627265512929,-9.35587755406834));
#2760=CARTESIAN_POINT('',(-247.385294197898,1.54991462587409,-54.));
#2761=CARTESIAN_POINT('',(-247.385294197898,1.54991462587409,-6.));
#2762=CARTESIAN_POINT('',(-240.681408439721,2.1806231025442,-54.));
#2763=CARTESIAN_POINT('Ctrl Pts',(-220.426001435996,4.08627265512929,-56.));
#2764=CARTESIAN_POINT('Ctrl Pts',(-220.426001435996,4.08627265512929,-54.));
#2765=CARTESIAN_POINT('Ctrl Pts',(-220.391250857876,3.94675958822326,-56.));
#2766=CARTESIAN_POINT('Ctrl Pts',(-220.391250857876,3.94675958822326,-54.));
#2767=CARTESIAN_POINT('Ctrl Pts',(-220.344920009348,3.67755589347283,-56.));
#2768=CARTESIAN_POINT('Ctrl Pts',(-220.344920009348,3.67755589347283,-54.));
#2769=CARTESIAN_POINT('Ctrl Pts',(-220.344935323412,3.30321961774306,-56.));
#2770=CARTESIAN_POINT('Ctrl Pts',(-220.344935323412,3.30321961774306,-54.));
#2771=CARTESIAN_POINT('Ctrl Pts',(-220.484540435575,2.86326675160204,-56.));
#2772=CARTESIAN_POINT('Ctrl Pts',(-220.484540435575,2.86326675160204,-54.));
#2773=CARTESIAN_POINT('Ctrl Pts',(-220.893692471625,2.41097929413948,-56.));
#2774=CARTESIAN_POINT('Ctrl Pts',(-220.893692471625,2.41097929413948,-54.));
#2775=CARTESIAN_POINT('Ctrl Pts',(-221.537514953074,2.05065581307565,-56.));
#2776=CARTESIAN_POINT('Ctrl Pts',(-221.537514953074,2.05065581307565,-54.));
#2777=CARTESIAN_POINT('Ctrl Pts',(-222.411731534428,1.76969262665996,-56.));
#2778=CARTESIAN_POINT('Ctrl Pts',(-222.411731534428,1.76969262665996,-54.));
#2779=CARTESIAN_POINT('Ctrl Pts',(-223.507246065748,1.55178379134176,-56.));
#2780=CARTESIAN_POINT('Ctrl Pts',(-223.507246065748,1.55178379134176,-54.));
#2781=CARTESIAN_POINT('Ctrl Pts',(-224.80919621267,1.3792441173298,-56.));
#2782=CARTESIAN_POINT('Ctrl Pts',(-224.80919621267,1.3792441173298,-54.));
#2783=CARTESIAN_POINT('Ctrl Pts',(-226.295671228099,1.23567939020334,-56.));
#2784=CARTESIAN_POINT('Ctrl Pts',(-226.295671228099,1.23567939020334,-54.));
#2785=CARTESIAN_POINT('Ctrl Pts',(-227.936698559691,1.10814649875923,-56.));
#2786=CARTESIAN_POINT('Ctrl Pts',(-227.936698559691,1.10814649875923,-54.));
#2787=CARTESIAN_POINT('Ctrl Pts',(-229.697304373759,0.986521156723489,-56.));
#2788=CARTESIAN_POINT('Ctrl Pts',(-229.697304373759,0.986521156723489,-54.));
#2789=CARTESIAN_POINT('Ctrl Pts',(-231.539993598002,0.863139338647866,-56.));
#2790=CARTESIAN_POINT('Ctrl Pts',(-231.539993598002,0.863139338647866,-54.));
#2791=CARTESIAN_POINT('Ctrl Pts',(-233.427215736697,0.732368998157081,-56.));
#2792=CARTESIAN_POINT('Ctrl Pts',(-233.427215736697,0.732368998157081,-54.));
#2793=CARTESIAN_POINT('Ctrl Pts',(-235.323818448456,0.590246151502133,-56.));
#2794=CARTESIAN_POINT('Ctrl Pts',(-235.323818448456,0.590246151502133,-54.));
#2795=CARTESIAN_POINT('Ctrl Pts',(-237.199241258118,0.434124728308633,-56.));
#2796=CARTESIAN_POINT('Ctrl Pts',(-237.199241258118,0.434124728308633,-54.));
#2797=CARTESIAN_POINT('Ctrl Pts',(-239.030434818728,0.262345795251458,-56.));
#2798=CARTESIAN_POINT('Ctrl Pts',(-239.030434818728,0.262345795251458,-54.));
#2799=CARTESIAN_POINT('Ctrl Pts',(-240.80248137751,0.073971768660379,-56.));
#2800=CARTESIAN_POINT('Ctrl Pts',(-240.80248137751,0.073971768660379,-54.));
#2801=CARTESIAN_POINT('Ctrl Pts',(-242.506356652573,-0.131400785134878,
-56.));
#2802=CARTESIAN_POINT('Ctrl Pts',(-242.506356652573,-0.131400785134878,
-54.));
#2803=CARTESIAN_POINT('Ctrl Pts',(-244.137571226036,-0.353823840131979,
-56.));
#2804=CARTESIAN_POINT('Ctrl Pts',(-244.137571226036,-0.353823840131979,
-54.));
#2805=CARTESIAN_POINT('Ctrl Pts',(-245.383202275078,-0.545290328394044,
-56.));
#2806=CARTESIAN_POINT('Ctrl Pts',(-245.383202275078,-0.545290328394044,
-54.));
#2807=CARTESIAN_POINT('Ctrl Pts',(-246.284102851104,-0.696415658049793,
-56.));
#2808=CARTESIAN_POINT('Ctrl Pts',(-246.284102851104,-0.696415658049793,
-54.));
#2809=CARTESIAN_POINT('Ctrl Pts',(-246.869953084851,-0.80049690118299,-56.));
#2810=CARTESIAN_POINT('Ctrl Pts',(-246.869953084851,-0.80049690118299,-54.));
#2811=CARTESIAN_POINT('Ctrl Pts',(-247.159190678677,-0.853370280624929,
-56.));
#2812=CARTESIAN_POINT('Ctrl Pts',(-247.159190678677,-0.853370280624929,
-54.));
#2813=CARTESIAN_POINT('',(-247.159190678677,-0.853370280624929,-56.));
#2814=CARTESIAN_POINT('Ctrl Pts',(-247.159190678677,-0.853370280624929,
-56.));
#2815=CARTESIAN_POINT('Ctrl Pts',(-246.869953084851,-0.80049690118299,-56.));
#2816=CARTESIAN_POINT('Ctrl Pts',(-246.284102851104,-0.696415658049793,
-56.));
#2817=CARTESIAN_POINT('Ctrl Pts',(-245.383202275078,-0.545290328394044,
-56.));
#2818=CARTESIAN_POINT('Ctrl Pts',(-244.137571226036,-0.353823840131979,
-56.));
#2819=CARTESIAN_POINT('Ctrl Pts',(-242.506356652573,-0.131400785134878,
-56.));
#2820=CARTESIAN_POINT('Ctrl Pts',(-240.80248137751,0.073971768660379,-56.));
#2821=CARTESIAN_POINT('Ctrl Pts',(-239.030434818728,0.262345795251458,-56.));
#2822=CARTESIAN_POINT('Ctrl Pts',(-237.199241258118,0.434124728308633,-56.));
#2823=CARTESIAN_POINT('Ctrl Pts',(-235.323818448456,0.590246151502133,-56.));
#2824=CARTESIAN_POINT('Ctrl Pts',(-233.427215736697,0.732368998157081,-56.));
#2825=CARTESIAN_POINT('Ctrl Pts',(-231.539993598002,0.863139338647866,-56.));
#2826=CARTESIAN_POINT('Ctrl Pts',(-229.697304373759,0.986521156723489,-56.));
#2827=CARTESIAN_POINT('Ctrl Pts',(-227.936698559691,1.10814649875923,-56.));
#2828=CARTESIAN_POINT('Ctrl Pts',(-226.295671228099,1.23567939020334,-56.));
#2829=CARTESIAN_POINT('Ctrl Pts',(-224.80919621267,1.3792441173298,-56.));
#2830=CARTESIAN_POINT('Ctrl Pts',(-223.507246065748,1.55178379134176,-56.));
#2831=CARTESIAN_POINT('Ctrl Pts',(-222.411731534428,1.76969262665996,-56.));
#2832=CARTESIAN_POINT('Ctrl Pts',(-221.537514953074,2.05065581307565,-56.));
#2833=CARTESIAN_POINT('Ctrl Pts',(-220.893692471625,2.41097929413948,-56.));
#2834=CARTESIAN_POINT('Ctrl Pts',(-220.484540435575,2.86326675160204,-56.));
#2835=CARTESIAN_POINT('Ctrl Pts',(-220.344935323412,3.30321961774306,-56.));
#2836=CARTESIAN_POINT('Ctrl Pts',(-220.344920009348,3.67755589347283,-56.));
#2837=CARTESIAN_POINT('Ctrl Pts',(-220.391250857876,3.94675958822326,-56.));
#2838=CARTESIAN_POINT('Ctrl Pts',(-220.426001435996,4.08627265512929,-56.));
#2839=CARTESIAN_POINT('',(-247.159190678677,-0.853370280624929,-54.));
#2840=CARTESIAN_POINT('Ctrl Pts',(-220.426001435996,4.08627265512929,-54.));
#2841=CARTESIAN_POINT('Ctrl Pts',(-220.391250857876,3.94675958822326,-54.));
#2842=CARTESIAN_POINT('Ctrl Pts',(-220.344920009348,3.67755589347283,-54.));
#2843=CARTESIAN_POINT('Ctrl Pts',(-220.344935323412,3.30321961774306,-54.));
#2844=CARTESIAN_POINT('Ctrl Pts',(-220.484540435575,2.86326675160204,-54.));
#2845=CARTESIAN_POINT('Ctrl Pts',(-220.893692471625,2.41097929413948,-54.));
#2846=CARTESIAN_POINT('Ctrl Pts',(-221.537514953074,2.05065581307565,-54.));
#2847=CARTESIAN_POINT('Ctrl Pts',(-222.411731534428,1.76969262665996,-54.));
#2848=CARTESIAN_POINT('Ctrl Pts',(-223.507246065748,1.55178379134176,-54.));
#2849=CARTESIAN_POINT('Ctrl Pts',(-224.80919621267,1.3792441173298,-54.));
#2850=CARTESIAN_POINT('Ctrl Pts',(-226.295671228099,1.23567939020334,-54.));
#2851=CARTESIAN_POINT('Ctrl Pts',(-227.936698559691,1.10814649875923,-54.));
#2852=CARTESIAN_POINT('Ctrl Pts',(-229.697304373759,0.986521156723489,-54.));
#2853=CARTESIAN_POINT('Ctrl Pts',(-231.539993598002,0.863139338647866,-54.));
#2854=CARTESIAN_POINT('Ctrl Pts',(-233.427215736697,0.732368998157081,-54.));
#2855=CARTESIAN_POINT('Ctrl Pts',(-235.323818448456,0.590246151502133,-54.));
#2856=CARTESIAN_POINT('Ctrl Pts',(-237.199241258118,0.434124728308633,-54.));
#2857=CARTESIAN_POINT('Ctrl Pts',(-239.030434818728,0.262345795251458,-54.));
#2858=CARTESIAN_POINT('Ctrl Pts',(-240.80248137751,0.073971768660379,-54.));
#2859=CARTESIAN_POINT('Ctrl Pts',(-242.506356652573,-0.131400785134878,
-54.));
#2860=CARTESIAN_POINT('Ctrl Pts',(-244.137571226036,-0.353823840131979,
-54.));
#2861=CARTESIAN_POINT('Ctrl Pts',(-245.383202275078,-0.545290328394044,
-54.));
#2862=CARTESIAN_POINT('Ctrl Pts',(-246.284102851104,-0.696415658049793,
-54.));
#2863=CARTESIAN_POINT('Ctrl Pts',(-246.869953084851,-0.80049690118299,-54.));
#2864=CARTESIAN_POINT('Ctrl Pts',(-247.159190678677,-0.853370280624929,
-54.));
#2865=CARTESIAN_POINT('',(-247.159190678677,-0.853370280624929,-56.));
#2866=CARTESIAN_POINT('Origin',(-233.865107103623,1.61645118725218,-54.));
#2867=CARTESIAN_POINT('',(-247.385294197898,1.54991462587409,-54.));
#2868=CARTESIAN_POINT('Ctrl Pts',(-218.485085850439,11.5372126850595,-56.));
#2869=CARTESIAN_POINT('Ctrl Pts',(-218.485085850439,11.5372126850595,-54.));
#2870=CARTESIAN_POINT('Ctrl Pts',(-218.67214811513,11.4484217029272,-56.));
#2871=CARTESIAN_POINT('Ctrl Pts',(-218.67214811513,11.4484217029272,-54.));
#2872=CARTESIAN_POINT('Ctrl Pts',(-219.033973928381,11.269103103424,-56.));
#2873=CARTESIAN_POINT('Ctrl Pts',(-219.033973928381,11.269103103424,-54.));
#2874=CARTESIAN_POINT('Ctrl Pts',(-219.539818776971,10.9949156199906,-56.));
#2875=CARTESIAN_POINT('Ctrl Pts',(-219.539818776971,10.9949156199906,-54.));
#2876=CARTESIAN_POINT('Ctrl Pts',(-220.139257196235,10.6187389452777,-56.));
#2877=CARTESIAN_POINT('Ctrl Pts',(-220.139257196235,10.6187389452777,-54.));
#2878=CARTESIAN_POINT('Ctrl Pts',(-220.754753151257,10.1296246348259,-56.));
#2879=CARTESIAN_POINT('Ctrl Pts',(-220.754753151257,10.1296246348259,-54.));
#2880=CARTESIAN_POINT('Ctrl Pts',(-221.223471873568,9.61978470457845,-56.));
#2881=CARTESIAN_POINT('Ctrl Pts',(-221.223471873568,9.61978470457845,-54.));
#2882=CARTESIAN_POINT('Ctrl Pts',(-221.531738998467,9.0872882713997,-56.));
#2883=CARTESIAN_POINT('Ctrl Pts',(-221.531738998467,9.0872882713997,-54.));
#2884=CARTESIAN_POINT('Ctrl Pts',(-221.669290412084,8.53068599524303,-56.));
#2885=CARTESIAN_POINT('Ctrl Pts',(-221.669290412084,8.53068599524303,-54.));
#2886=CARTESIAN_POINT('Ctrl Pts',(-221.638567665527,7.95032263434714,-56.));
#2887=CARTESIAN_POINT('Ctrl Pts',(-221.638567665527,7.95032263434714,-54.));
#2888=CARTESIAN_POINT('Ctrl Pts',(-221.450510992508,7.34774299999138,-56.));
#2889=CARTESIAN_POINT('Ctrl Pts',(-221.450510992508,7.34774299999138,-54.));
#2890=CARTESIAN_POINT('Ctrl Pts',(-221.183627253023,6.84923765517287,-56.));
#2891=CARTESIAN_POINT('Ctrl Pts',(-221.183627253023,6.84923765517287,-54.));
#2892=CARTESIAN_POINT('Ctrl Pts',(-220.9219994047,6.46667949991995,-56.));
#2893=CARTESIAN_POINT('Ctrl Pts',(-220.9219994047,6.46667949991995,-54.));
#2894=CARTESIAN_POINT('Ctrl Pts',(-220.720703463083,6.20784552073346,-56.));
#2895=CARTESIAN_POINT('Ctrl Pts',(-220.720703463083,6.20784552073346,-54.));
#2896=CARTESIAN_POINT('Ctrl Pts',(-220.613336249648,6.07747974320271,-56.));
#2897=CARTESIAN_POINT('Ctrl Pts',(-220.613336249648,6.07747974320271,-54.));
#2898=CARTESIAN_POINT('',(-218.485085850439,11.5372126850595,-56.));
#2899=CARTESIAN_POINT('Ctrl Pts',(-218.485085850439,11.5372126850595,-56.));
#2900=CARTESIAN_POINT('Ctrl Pts',(-218.67214811513,11.4484217029272,-56.));
#2901=CARTESIAN_POINT('Ctrl Pts',(-219.033973928381,11.269103103424,-56.));
#2902=CARTESIAN_POINT('Ctrl Pts',(-219.539818776971,10.9949156199906,-56.));
#2903=CARTESIAN_POINT('Ctrl Pts',(-220.139257196235,10.6187389452777,-56.));
#2904=CARTESIAN_POINT('Ctrl Pts',(-220.754753151257,10.1296246348259,-56.));
#2905=CARTESIAN_POINT('Ctrl Pts',(-221.223471873568,9.61978470457845,-56.));
#2906=CARTESIAN_POINT('Ctrl Pts',(-221.531738998467,9.0872882713997,-56.));
#2907=CARTESIAN_POINT('Ctrl Pts',(-221.669290412084,8.53068599524303,-56.));
#2908=CARTESIAN_POINT('Ctrl Pts',(-221.638567665527,7.95032263434714,-56.));
#2909=CARTESIAN_POINT('Ctrl Pts',(-221.450510992508,7.34774299999138,-56.));
#2910=CARTESIAN_POINT('Ctrl Pts',(-221.183627253023,6.84923765517287,-56.));
#2911=CARTESIAN_POINT('Ctrl Pts',(-220.9219994047,6.46667949991995,-56.));
#2912=CARTESIAN_POINT('Ctrl Pts',(-220.720703463083,6.20784552073346,-56.));
#2913=CARTESIAN_POINT('Ctrl Pts',(-220.613336249648,6.07747974320271,-56.));
#2914=CARTESIAN_POINT('',(-218.485085850439,11.5372126850595,-54.));
#2915=CARTESIAN_POINT('',(-218.485085850439,11.5372126850595,-56.));
#2916=CARTESIAN_POINT('Ctrl Pts',(-218.485085850439,11.5372126850595,-54.));
#2917=CARTESIAN_POINT('Ctrl Pts',(-218.67214811513,11.4484217029272,-54.));
#2918=CARTESIAN_POINT('Ctrl Pts',(-219.033973928381,11.269103103424,-54.));
#2919=CARTESIAN_POINT('Ctrl Pts',(-219.539818776971,10.9949156199906,-54.));
#2920=CARTESIAN_POINT('Ctrl Pts',(-220.139257196235,10.6187389452777,-54.));
#2921=CARTESIAN_POINT('Ctrl Pts',(-220.754753151257,10.1296246348259,-54.));
#2922=CARTESIAN_POINT('Ctrl Pts',(-221.223471873568,9.61978470457845,-54.));
#2923=CARTESIAN_POINT('Ctrl Pts',(-221.531738998467,9.0872882713997,-54.));
#2924=CARTESIAN_POINT('Ctrl Pts',(-221.669290412084,8.53068599524303,-54.));
#2925=CARTESIAN_POINT('Ctrl Pts',(-221.638567665527,7.95032263434714,-54.));
#2926=CARTESIAN_POINT('Ctrl Pts',(-221.450510992508,7.34774299999138,-54.));
#2927=CARTESIAN_POINT('Ctrl Pts',(-221.183627253023,6.84923765517287,-54.));
#2928=CARTESIAN_POINT('Ctrl Pts',(-220.9219994047,6.46667949991995,-54.));
#2929=CARTESIAN_POINT('Ctrl Pts',(-220.720703463083,6.20784552073346,-54.));
#2930=CARTESIAN_POINT('Ctrl Pts',(-220.613336249648,6.07747974320271,-54.));
#2931=CARTESIAN_POINT('Ctrl Pts',(-247.57262901155,3.54112171394753,-56.));
#2932=CARTESIAN_POINT('Ctrl Pts',(-247.57262901155,3.54112171394753,-54.));
#2933=CARTESIAN_POINT('Ctrl Pts',(-247.593914538423,3.76736845984308,-56.));
#2934=CARTESIAN_POINT('Ctrl Pts',(-247.593914538423,3.76736845984308,-54.));
#2935=CARTESIAN_POINT('Ctrl Pts',(-247.620634232621,4.1980071400022,-56.));
#2936=CARTESIAN_POINT('Ctrl Pts',(-247.620634232621,4.1980071400022,-54.));
#2937=CARTESIAN_POINT('Ctrl Pts',(-247.613155893447,4.77840918753366,-56.));
#2938=CARTESIAN_POINT('Ctrl Pts',(-247.613155893447,4.77840918753366,-54.));
#2939=CARTESIAN_POINT('Ctrl Pts',(-247.50771405168,5.42055790094888,-56.));
#2940=CARTESIAN_POINT('Ctrl Pts',(-247.50771405168,5.42055790094888,-54.));
#2941=CARTESIAN_POINT('Ctrl Pts',(-247.211384507273,6.00885783182517,-56.));
#2942=CARTESIAN_POINT('Ctrl Pts',(-247.211384507273,6.00885783182517,-54.));
#2943=CARTESIAN_POINT('Ctrl Pts',(-246.738893718296,6.40246060758577,-56.));
#2944=CARTESIAN_POINT('Ctrl Pts',(-246.738893718296,6.40246060758577,-54.));
#2945=CARTESIAN_POINT('Ctrl Pts',(-246.06874992361,6.64807874733986,-56.));
#2946=CARTESIAN_POINT('Ctrl Pts',(-246.06874992361,6.64807874733986,-54.));
#2947=CARTESIAN_POINT('Ctrl Pts',(-245.176830753504,6.80842193059759,-56.));
#2948=CARTESIAN_POINT('Ctrl Pts',(-245.176830753504,6.80842193059759,-54.));
#2949=CARTESIAN_POINT('Ctrl Pts',(-244.045585913853,6.94623843227199,-56.));
#2950=CARTESIAN_POINT('Ctrl Pts',(-244.045585913853,6.94623843227199,-54.));
#2951=CARTESIAN_POINT('Ctrl Pts',(-242.675210975375,7.10715740032134,-56.));
#2952=CARTESIAN_POINT('Ctrl Pts',(-242.675210975375,7.10715740032134,-54.));
#2953=CARTESIAN_POINT('Ctrl Pts',(-241.085271672477,7.31480050153035,-56.));
#2954=CARTESIAN_POINT('Ctrl Pts',(-241.085271672477,7.31480050153035,-54.));
#2955=CARTESIAN_POINT('Ctrl Pts',(-239.307380663535,7.57786231452,-56.));
#2956=CARTESIAN_POINT('Ctrl Pts',(-239.307380663535,7.57786231452,-54.));
#2957=CARTESIAN_POINT('Ctrl Pts',(-237.380906387147,7.8934354997711,-56.));
#2958=CARTESIAN_POINT('Ctrl Pts',(-237.380906387147,7.8934354997711,-54.));
#2959=CARTESIAN_POINT('Ctrl Pts',(-235.347668853096,8.25170668637894,-56.));
#2960=CARTESIAN_POINT('Ctrl Pts',(-235.347668853096,8.25170668637894,-54.));
#2961=CARTESIAN_POINT('Ctrl Pts',(-233.247639520123,8.63963137746371,-56.));
#2962=CARTESIAN_POINT('Ctrl Pts',(-233.247639520123,8.63963137746371,-54.));
#2963=CARTESIAN_POINT('Ctrl Pts',(-231.113548265013,9.04548512247314,-56.));
#2964=CARTESIAN_POINT('Ctrl Pts',(-231.113548265013,9.04548512247314,-54.));
#2965=CARTESIAN_POINT('Ctrl Pts',(-228.9687967601,9.46095826983055,-56.));
#2966=CARTESIAN_POINT('Ctrl Pts',(-228.9687967601,9.46095826983055,-54.));
#2967=CARTESIAN_POINT('Ctrl Pts',(-226.829732904163,9.88011029438825,-56.));
#2968=CARTESIAN_POINT('Ctrl Pts',(-226.829732904163,9.88011029438825,-54.));
#2969=CARTESIAN_POINT('Ctrl Pts',(-224.706761811889,10.2991149638292,-56.));
#2970=CARTESIAN_POINT('Ctrl Pts',(-224.706761811889,10.2991149638292,-54.));
#2971=CARTESIAN_POINT('Ctrl Pts',(-222.605820250073,10.7157169226813,-56.));
#2972=CARTESIAN_POINT('Ctrl Pts',(-222.605820250073,10.7157169226813,-54.));
#2973=CARTESIAN_POINT('Ctrl Pts',(-220.944840793084,11.0462160297663,-56.));
#2974=CARTESIAN_POINT('Ctrl Pts',(-220.944840793084,11.0462160297663,-54.));
#2975=CARTESIAN_POINT('Ctrl Pts',(-219.710536506167,11.2923775840936,-56.));
#2976=CARTESIAN_POINT('Ctrl Pts',(-219.710536506167,11.2923775840936,-54.));
#2977=CARTESIAN_POINT('Ctrl Pts',(-218.892726190463,11.4557273191694,-56.));
#2978=CARTESIAN_POINT('Ctrl Pts',(-218.892726190463,11.4557273191694,-54.));
#2979=CARTESIAN_POINT('Ctrl Pts',(-218.485085850439,11.5372126850595,-56.));
#2980=CARTESIAN_POINT('Ctrl Pts',(-218.485085850439,11.5372126850595,-54.));
#2981=CARTESIAN_POINT('',(-247.57262901155,3.54112171394753,-56.));
#2982=CARTESIAN_POINT('Ctrl Pts',(-247.57262901155,3.54112171394753,-56.));
#2983=CARTESIAN_POINT('Ctrl Pts',(-247.593914538423,3.76736845984308,-56.));
#2984=CARTESIAN_POINT('Ctrl Pts',(-247.620634232621,4.1980071400022,-56.));
#2985=CARTESIAN_POINT('Ctrl Pts',(-247.613155893447,4.77840918753366,-56.));
#2986=CARTESIAN_POINT('Ctrl Pts',(-247.50771405168,5.42055790094888,-56.));
#2987=CARTESIAN_POINT('Ctrl Pts',(-247.211384507273,6.00885783182517,-56.));
#2988=CARTESIAN_POINT('Ctrl Pts',(-246.738893718296,6.40246060758577,-56.));
#2989=CARTESIAN_POINT('Ctrl Pts',(-246.06874992361,6.64807874733986,-56.));
#2990=CARTESIAN_POINT('Ctrl Pts',(-245.176830753504,6.80842193059759,-56.));
#2991=CARTESIAN_POINT('Ctrl Pts',(-244.045585913853,6.94623843227199,-56.));
#2992=CARTESIAN_POINT('Ctrl Pts',(-242.675210975375,7.10715740032134,-56.));
#2993=CARTESIAN_POINT('Ctrl Pts',(-241.085271672477,7.31480050153035,-56.));
#2994=CARTESIAN_POINT('Ctrl Pts',(-239.307380663535,7.57786231452,-56.));
#2995=CARTESIAN_POINT('Ctrl Pts',(-237.380906387147,7.8934354997711,-56.));
#2996=CARTESIAN_POINT('Ctrl Pts',(-235.347668853096,8.25170668637894,-56.));
#2997=CARTESIAN_POINT('Ctrl Pts',(-233.247639520123,8.63963137746371,-56.));
#2998=CARTESIAN_POINT('Ctrl Pts',(-231.113548265013,9.04548512247314,-56.));
#2999=CARTESIAN_POINT('Ctrl Pts',(-228.9687967601,9.46095826983055,-56.));
#3000=CARTESIAN_POINT('Ctrl Pts',(-226.829732904163,9.88011029438825,-56.));
#3001=CARTESIAN_POINT('Ctrl Pts',(-224.706761811889,10.2991149638292,-56.));
#3002=CARTESIAN_POINT('Ctrl Pts',(-222.605820250073,10.7157169226813,-56.));
#3003=CARTESIAN_POINT('Ctrl Pts',(-220.944840793084,11.0462160297663,-56.));
#3004=CARTESIAN_POINT('Ctrl Pts',(-219.710536506167,11.2923775840936,-56.));
#3005=CARTESIAN_POINT('Ctrl Pts',(-218.892726190463,11.4557273191694,-56.));
#3006=CARTESIAN_POINT('Ctrl Pts',(-218.485085850439,11.5372126850595,-56.));
#3007=CARTESIAN_POINT('',(-247.57262901155,3.54112171394753,-54.));
#3008=CARTESIAN_POINT('',(-247.57262901155,3.54112171394753,-6.));
#3009=CARTESIAN_POINT('Ctrl Pts',(-247.57262901155,3.54112171394753,-54.));
#3010=CARTESIAN_POINT('Ctrl Pts',(-247.593914538423,3.76736845984308,-54.));
#3011=CARTESIAN_POINT('Ctrl Pts',(-247.620634232621,4.1980071400022,-54.));
#3012=CARTESIAN_POINT('Ctrl Pts',(-247.613155893447,4.77840918753366,-54.));
#3013=CARTESIAN_POINT('Ctrl Pts',(-247.50771405168,5.42055790094888,-54.));
#3014=CARTESIAN_POINT('Ctrl Pts',(-247.211384507273,6.00885783182517,-54.));
#3015=CARTESIAN_POINT('Ctrl Pts',(-246.738893718296,6.40246060758577,-54.));
#3016=CARTESIAN_POINT('Ctrl Pts',(-246.06874992361,6.64807874733986,-54.));
#3017=CARTESIAN_POINT('Ctrl Pts',(-245.176830753504,6.80842193059759,-54.));
#3018=CARTESIAN_POINT('Ctrl Pts',(-244.045585913853,6.94623843227199,-54.));
#3019=CARTESIAN_POINT('Ctrl Pts',(-242.675210975375,7.10715740032134,-54.));
#3020=CARTESIAN_POINT('Ctrl Pts',(-241.085271672477,7.31480050153035,-54.));
#3021=CARTESIAN_POINT('Ctrl Pts',(-239.307380663535,7.57786231452,-54.));
#3022=CARTESIAN_POINT('Ctrl Pts',(-237.380906387147,7.8934354997711,-54.));
#3023=CARTESIAN_POINT('Ctrl Pts',(-235.347668853096,8.25170668637894,-54.));
#3024=CARTESIAN_POINT('Ctrl Pts',(-233.247639520123,8.63963137746371,-54.));
#3025=CARTESIAN_POINT('Ctrl Pts',(-231.113548265013,9.04548512247314,-54.));
#3026=CARTESIAN_POINT('Ctrl Pts',(-228.9687967601,9.46095826983055,-54.));
#3027=CARTESIAN_POINT('Ctrl Pts',(-226.829732904163,9.88011029438825,-54.));
#3028=CARTESIAN_POINT('Ctrl Pts',(-224.706761811889,10.2991149638292,-54.));
#3029=CARTESIAN_POINT('Ctrl Pts',(-222.605820250073,10.7157169226813,-54.));
#3030=CARTESIAN_POINT('Ctrl Pts',(-220.944840793084,11.0462160297663,-54.));
#3031=CARTESIAN_POINT('Ctrl Pts',(-219.710536506167,11.2923775840936,-54.));
#3032=CARTESIAN_POINT('Ctrl Pts',(-218.892726190463,11.4557273191694,-54.));
#3033=CARTESIAN_POINT('Ctrl Pts',(-218.485085850439,11.5372126850595,-54.));
#3034=CARTESIAN_POINT('Origin',(-233.05286004153,7.53916719950353,-54.));
#3035=CARTESIAN_POINT('',(-226.710373275743,5.50386422025936,-54.));
#3036=CARTESIAN_POINT('Origin',(-247.57262901155,3.54112171394753,-6.));
#3037=CARTESIAN_POINT('',(-247.57262901155,3.54112171394753,-6.85776778047825));
#3038=CARTESIAN_POINT('Ctrl Pts',(-247.57262901155,3.54112171394753,-6.85776778047825));
#3039=CARTESIAN_POINT('Ctrl Pts',(-247.510173377332,2.87727232514442,-6.86612348886294));
#3040=CARTESIAN_POINT('Ctrl Pts',(-247.447736258298,2.2136197367317,-6.8744353479746));
#3041=CARTESIAN_POINT('Ctrl Pts',(-247.385294197898,1.54991462587409,-6.88270704810259));
#3042=CARTESIAN_POINT('',(-247.57262901155,3.54112171394753,-6.));
#3043=CARTESIAN_POINT('',(-247.57262901155,3.54112171394753,-56.));
#3044=CARTESIAN_POINT('Origin',(-220.613336249648,6.07747974320271,-6.));
#3045=CARTESIAN_POINT('Ctrl Pts',(-220.613336249648,6.07747974320271,-9.34310396428436));
#3046=CARTESIAN_POINT('Ctrl Pts',(-226.624616049857,5.51193234839476,-8.9323203475211));
#3047=CARTESIAN_POINT('Ctrl Pts',(-239.543339675529,4.29652552429564,-7.93197671404287));
#3048=CARTESIAN_POINT('Ctrl Pts',(-247.57262901155,3.54112171394753,-6.85776778047824));
#3049=CARTESIAN_POINT('Origin',(-233.999315223773,3.8136971845384,-56.));
#3050=CARTESIAN_POINT('Origin',(-220.613336249648,6.07747974320271,6.));
#3051=CARTESIAN_POINT('',(-247.57262901155,3.54112171394753,6.85776778047824));
#3052=CARTESIAN_POINT('',(-220.613336249648,6.07747974320271,9.34310396428436));
#3053=CARTESIAN_POINT('Ctrl Pts',(-247.57262901155,3.54112171394753,6.85776778047824));
#3054=CARTESIAN_POINT('Ctrl Pts',(-239.543344849463,4.29652503752656,7.93197602184131));
#3055=CARTESIAN_POINT('Ctrl Pts',(-226.6246263368,5.51193138058856,8.93231964455803));
#3056=CARTESIAN_POINT('Ctrl Pts',(-220.613336249648,6.07747974320271,9.34310396428436));
#3057=CARTESIAN_POINT('',(-247.57262901155,3.54112171394753,54.));
#3058=CARTESIAN_POINT('',(-247.57262901155,3.54112171394753,6.));
#3059=CARTESIAN_POINT('',(-220.613336249648,6.07747974320271,54.));
#3060=CARTESIAN_POINT('',(-226.710373275743,5.50386422025936,54.));
#3061=CARTESIAN_POINT('',(-220.613336249648,6.07747974320271,6.));
#3062=CARTESIAN_POINT('Origin',(-247.57262901155,3.54112171394753,6.));
#3063=CARTESIAN_POINT('',(-247.385294197898,1.54991462587409,6.88270704810259));
#3064=CARTESIAN_POINT('Ctrl Pts',(-247.385294197898,1.54991462587409,6.88270704810259));
#3065=CARTESIAN_POINT('Ctrl Pts',(-247.447736258298,2.21361973673167,6.8744353479746));
#3066=CARTESIAN_POINT('Ctrl Pts',(-247.510173377332,2.87727232514439,6.86612348886294));
#3067=CARTESIAN_POINT('Ctrl Pts',(-247.57262901155,3.54112171394753,6.85776778047824));
#3068=CARTESIAN_POINT('',(-247.385294197898,1.54991462587409,54.));
#3069=CARTESIAN_POINT('',(-247.385294197898,1.54991462587409,6.));
#3070=CARTESIAN_POINT('',(-247.159190678677,-0.853370280624929,54.));
#3071=CARTESIAN_POINT('',(-247.385294197898,1.54991462587409,54.));
#3072=CARTESIAN_POINT('',(-247.159190678677,-0.853370280624929,56.));
#3073=CARTESIAN_POINT('',(-247.159190678677,-0.853370280624929,56.));
#3074=CARTESIAN_POINT('',(-247.57262901155,3.54112171394753,56.));
#3075=CARTESIAN_POINT('',(-247.57262901155,3.54112171394753,56.));
#3076=CARTESIAN_POINT('',(-247.57262901155,3.54112171394753,6.));
#3077=CARTESIAN_POINT('Origin',(-220.426001435996,4.08627265512929,6.));
#3078=CARTESIAN_POINT('',(-220.426001435996,4.08627265512929,9.35587755406834));
#3079=CARTESIAN_POINT('Ctrl Pts',(-220.613336249648,6.07747974320271,9.34310396428436));
#3080=CARTESIAN_POINT('Ctrl Pts',(-220.550890641549,5.41373692337121,9.34737121412402));
#3081=CARTESIAN_POINT('Ctrl Pts',(-220.488447103555,4.75001610696211,9.35162897133377));
#3082=CARTESIAN_POINT('Ctrl Pts',(-220.426001435996,4.08627265512929,9.35587755406834));
#3083=CARTESIAN_POINT('',(-220.613336249648,6.07747974320271,56.));
#3084=CARTESIAN_POINT('',(-220.613336249648,6.07747974320271,6.));
#3085=CARTESIAN_POINT('',(-220.426001435996,4.08627265512929,56.));
#3086=CARTESIAN_POINT('',(-220.613336249648,6.07747974320271,56.));
#3087=CARTESIAN_POINT('',(-220.426001435996,4.08627265512929,54.));
#3088=CARTESIAN_POINT('',(-220.426001435996,4.08627265512929,6.));
#3089=CARTESIAN_POINT('',(-220.426001435996,4.08627265512929,6.));
#3090=CARTESIAN_POINT('Origin',(-220.426001435996,4.08627265512929,6.));
#3091=CARTESIAN_POINT('',(-220.426001435996,4.08627265512929,7.35123919550023));
#3092=CARTESIAN_POINT('',(-220.613336249648,6.07747974320271,7.3384247468881));
#3093=CARTESIAN_POINT('Ctrl Pts',(-220.426001435996,4.08627265512929,7.35123919550023));
#3094=CARTESIAN_POINT('Ctrl Pts',(-220.488447086267,4.75001592321067,7.3469770464278));
#3095=CARTESIAN_POINT('Ctrl Pts',(-220.550890658545,5.4137371040277,7.34270566646672));
#3096=CARTESIAN_POINT('Ctrl Pts',(-220.613336249648,6.07747974320271,7.3384247468881));
#3097=CARTESIAN_POINT('',(-220.426001435996,4.08627265512929,6.));
#3098=CARTESIAN_POINT('',(-220.426001435996,4.08627265512929,6.));
#3099=CARTESIAN_POINT('',(-220.613336249648,6.07747974320271,6.));
#3100=CARTESIAN_POINT('',(-220.613336249648,6.07747974320271,6.));
#3101=CARTESIAN_POINT('',(-220.613336249648,6.07747974320271,6.));
#3102=CARTESIAN_POINT('Origin',(-247.385294197898,1.54991462587409,6.));
#3103=CARTESIAN_POINT('Ctrl Pts',(-220.426001435996,4.08627265512929,9.35587755406833));
#3104=CARTESIAN_POINT('Ctrl Pts',(-227.824292411927,3.39023382038336,8.85252395821924));
#3105=CARTESIAN_POINT('Ctrl Pts',(-239.951319949709,2.24931057962538,7.86748566280956));
#3106=CARTESIAN_POINT('Ctrl Pts',(-247.385294197898,1.54991462587409,6.88270704810259));
#3107=CARTESIAN_POINT('',(-240.681408439721,2.1806231025442,54.));
#3108=CARTESIAN_POINT('Origin',(-247.385294197898,1.54991462587409,6.));
#3109=CARTESIAN_POINT('',(-237.054905506649,2.52180823353594,6.));
#3110=CARTESIAN_POINT('Ctrl Pts',(-237.054905506649,2.52180823353594,6.));
#3111=CARTESIAN_POINT('Ctrl Pts',(-231.761681123082,3.01980023519859,6.50081482911606));
#3112=CARTESIAN_POINT('Ctrl Pts',(-225.943113510834,3.56721706888297,6.97467567159952));
#3113=CARTESIAN_POINT('Ctrl Pts',(-220.426001435996,4.08627265512929,7.35123919550023));
#3114=CARTESIAN_POINT('',(-247.385294197898,1.54991462587409,6.));
#3115=CARTESIAN_POINT('Ctrl Pts',(-220.426001435996,4.08627265512929,56.));
#3116=CARTESIAN_POINT('Ctrl Pts',(-220.426001435996,4.08627265512929,54.));
#3117=CARTESIAN_POINT('Ctrl Pts',(-220.391250857876,3.94675958822326,56.));
#3118=CARTESIAN_POINT('Ctrl Pts',(-220.391250857876,3.94675958822326,54.));
#3119=CARTESIAN_POINT('Ctrl Pts',(-220.344920009348,3.67755589347283,56.));
#3120=CARTESIAN_POINT('Ctrl Pts',(-220.344920009348,3.67755589347283,54.));
#3121=CARTESIAN_POINT('Ctrl Pts',(-220.344935323412,3.30321961774306,56.));
#3122=CARTESIAN_POINT('Ctrl Pts',(-220.344935323412,3.30321961774306,54.));
#3123=CARTESIAN_POINT('Ctrl Pts',(-220.484540435575,2.86326675160204,56.));
#3124=CARTESIAN_POINT('Ctrl Pts',(-220.484540435575,2.86326675160204,54.));
#3125=CARTESIAN_POINT('Ctrl Pts',(-220.893692471625,2.41097929413948,56.));
#3126=CARTESIAN_POINT('Ctrl Pts',(-220.893692471625,2.41097929413948,54.));
#3127=CARTESIAN_POINT('Ctrl Pts',(-221.537514953074,2.05065581307565,56.));
#3128=CARTESIAN_POINT('Ctrl Pts',(-221.537514953074,2.05065581307565,54.));
#3129=CARTESIAN_POINT('Ctrl Pts',(-222.411731534428,1.76969262665996,56.));
#3130=CARTESIAN_POINT('Ctrl Pts',(-222.411731534428,1.76969262665996,54.));
#3131=CARTESIAN_POINT('Ctrl Pts',(-223.507246065748,1.55178379134176,56.));
#3132=CARTESIAN_POINT('Ctrl Pts',(-223.507246065748,1.55178379134176,54.));
#3133=CARTESIAN_POINT('Ctrl Pts',(-224.80919621267,1.3792441173298,56.));
#3134=CARTESIAN_POINT('Ctrl Pts',(-224.80919621267,1.3792441173298,54.));
#3135=CARTESIAN_POINT('Ctrl Pts',(-226.295671228099,1.23567939020334,56.));
#3136=CARTESIAN_POINT('Ctrl Pts',(-226.295671228099,1.23567939020334,54.));
#3137=CARTESIAN_POINT('Ctrl Pts',(-227.936698559691,1.10814649875923,56.));
#3138=CARTESIAN_POINT('Ctrl Pts',(-227.936698559691,1.10814649875923,54.));
#3139=CARTESIAN_POINT('Ctrl Pts',(-229.697304373759,0.986521156723489,56.));
#3140=CARTESIAN_POINT('Ctrl Pts',(-229.697304373759,0.986521156723489,54.));
#3141=CARTESIAN_POINT('Ctrl Pts',(-231.539993598002,0.863139338647866,56.));
#3142=CARTESIAN_POINT('Ctrl Pts',(-231.539993598002,0.863139338647866,54.));
#3143=CARTESIAN_POINT('Ctrl Pts',(-233.427215736697,0.732368998157081,56.));
#3144=CARTESIAN_POINT('Ctrl Pts',(-233.427215736697,0.732368998157081,54.));
#3145=CARTESIAN_POINT('Ctrl Pts',(-235.323818448456,0.590246151502133,56.));
#3146=CARTESIAN_POINT('Ctrl Pts',(-235.323818448456,0.590246151502133,54.));
#3147=CARTESIAN_POINT('Ctrl Pts',(-237.199241258118,0.434124728308633,56.));
#3148=CARTESIAN_POINT('Ctrl Pts',(-237.199241258118,0.434124728308633,54.));
#3149=CARTESIAN_POINT('Ctrl Pts',(-239.030434818728,0.262345795251458,56.));
#3150=CARTESIAN_POINT('Ctrl Pts',(-239.030434818728,0.262345795251458,54.));
#3151=CARTESIAN_POINT('Ctrl Pts',(-240.80248137751,0.073971768660379,56.));
#3152=CARTESIAN_POINT('Ctrl Pts',(-240.80248137751,0.073971768660379,54.));
#3153=CARTESIAN_POINT('Ctrl Pts',(-242.506356652573,-0.131400785134878,
56.));
#3154=CARTESIAN_POINT('Ctrl Pts',(-242.506356652573,-0.131400785134878,
54.));
#3155=CARTESIAN_POINT('Ctrl Pts',(-244.137571226036,-0.353823840131979,
56.));
#3156=CARTESIAN_POINT('Ctrl Pts',(-244.137571226036,-0.353823840131979,
54.));
#3157=CARTESIAN_POINT('Ctrl Pts',(-245.383202275078,-0.545290328394044,
56.));
#3158=CARTESIAN_POINT('Ctrl Pts',(-245.383202275078,-0.545290328394044,
54.));
#3159=CARTESIAN_POINT('Ctrl Pts',(-246.284102851104,-0.696415658049793,
56.));
#3160=CARTESIAN_POINT('Ctrl Pts',(-246.284102851104,-0.696415658049793,
54.));
#3161=CARTESIAN_POINT('Ctrl Pts',(-246.869953084851,-0.80049690118299,56.));
#3162=CARTESIAN_POINT('Ctrl Pts',(-246.869953084851,-0.80049690118299,54.));
#3163=CARTESIAN_POINT('Ctrl Pts',(-247.159190678677,-0.853370280624929,
56.));
#3164=CARTESIAN_POINT('Ctrl Pts',(-247.159190678677,-0.853370280624929,
54.));
#3165=CARTESIAN_POINT('Ctrl Pts',(-247.159190678677,-0.853370280624929,
56.));
#3166=CARTESIAN_POINT('Ctrl Pts',(-246.869953084851,-0.80049690118299,56.));
#3167=CARTESIAN_POINT('Ctrl Pts',(-246.284102851104,-0.696415658049793,
56.));
#3168=CARTESIAN_POINT('Ctrl Pts',(-245.383202275078,-0.545290328394044,
56.));
#3169=CARTESIAN_POINT('Ctrl Pts',(-244.137571226036,-0.353823840131979,
56.));
#3170=CARTESIAN_POINT('Ctrl Pts',(-242.506356652573,-0.131400785134878,
56.));
#3171=CARTESIAN_POINT('Ctrl Pts',(-240.80248137751,0.073971768660379,56.));
#3172=CARTESIAN_POINT('Ctrl Pts',(-239.030434818728,0.262345795251458,56.));
#3173=CARTESIAN_POINT('Ctrl Pts',(-237.199241258118,0.434124728308633,56.));
#3174=CARTESIAN_POINT('Ctrl Pts',(-235.323818448456,0.590246151502133,56.));
#3175=CARTESIAN_POINT('Ctrl Pts',(-233.427215736697,0.732368998157081,56.));
#3176=CARTESIAN_POINT('Ctrl Pts',(-231.539993598002,0.863139338647866,56.));
#3177=CARTESIAN_POINT('Ctrl Pts',(-229.697304373759,0.986521156723489,56.));
#3178=CARTESIAN_POINT('Ctrl Pts',(-227.936698559691,1.10814649875923,56.));
#3179=CARTESIAN_POINT('Ctrl Pts',(-226.295671228099,1.23567939020334,56.));
#3180=CARTESIAN_POINT('Ctrl Pts',(-224.80919621267,1.3792441173298,56.));
#3181=CARTESIAN_POINT('Ctrl Pts',(-223.507246065748,1.55178379134176,56.));
#3182=CARTESIAN_POINT('Ctrl Pts',(-222.411731534428,1.76969262665996,56.));
#3183=CARTESIAN_POINT('Ctrl Pts',(-221.537514953074,2.05065581307565,56.));
#3184=CARTESIAN_POINT('Ctrl Pts',(-220.893692471625,2.41097929413948,56.));
#3185=CARTESIAN_POINT('Ctrl Pts',(-220.484540435575,2.86326675160204,56.));
#3186=CARTESIAN_POINT('Ctrl Pts',(-220.344935323412,3.30321961774306,56.));
#3187=CARTESIAN_POINT('Ctrl Pts',(-220.344920009348,3.67755589347283,56.));
#3188=CARTESIAN_POINT('Ctrl Pts',(-220.391250857876,3.94675958822326,56.));
#3189=CARTESIAN_POINT('Ctrl Pts',(-220.426001435996,4.08627265512929,56.));
#3190=CARTESIAN_POINT('Ctrl Pts',(-220.426001435996,4.08627265512929,54.));
#3191=CARTESIAN_POINT('Ctrl Pts',(-220.391250857876,3.94675958822326,54.));
#3192=CARTESIAN_POINT('Ctrl Pts',(-220.344920009348,3.67755589347283,54.));
#3193=CARTESIAN_POINT('Ctrl Pts',(-220.344935323412,3.30321961774306,54.));
#3194=CARTESIAN_POINT('Ctrl Pts',(-220.484540435575,2.86326675160204,54.));
#3195=CARTESIAN_POINT('Ctrl Pts',(-220.893692471625,2.41097929413948,54.));
#3196=CARTESIAN_POINT('Ctrl Pts',(-221.537514953074,2.05065581307565,54.));
#3197=CARTESIAN_POINT('Ctrl Pts',(-222.411731534428,1.76969262665996,54.));
#3198=CARTESIAN_POINT('Ctrl Pts',(-223.507246065748,1.55178379134176,54.));
#3199=CARTESIAN_POINT('Ctrl Pts',(-224.80919621267,1.3792441173298,54.));
#3200=CARTESIAN_POINT('Ctrl Pts',(-226.295671228099,1.23567939020334,54.));
#3201=CARTESIAN_POINT('Ctrl Pts',(-227.936698559691,1.10814649875923,54.));
#3202=CARTESIAN_POINT('Ctrl Pts',(-229.697304373759,0.986521156723489,54.));
#3203=CARTESIAN_POINT('Ctrl Pts',(-231.539993598002,0.863139338647866,54.));
#3204=CARTESIAN_POINT('Ctrl Pts',(-233.427215736697,0.732368998157081,54.));
#3205=CARTESIAN_POINT('Ctrl Pts',(-235.323818448456,0.590246151502133,54.));
#3206=CARTESIAN_POINT('Ctrl Pts',(-237.199241258118,0.434124728308633,54.));
#3207=CARTESIAN_POINT('Ctrl Pts',(-239.030434818728,0.262345795251458,54.));
#3208=CARTESIAN_POINT('Ctrl Pts',(-240.80248137751,0.073971768660379,54.));
#3209=CARTESIAN_POINT('Ctrl Pts',(-242.506356652573,-0.131400785134878,
54.));
#3210=CARTESIAN_POINT('Ctrl Pts',(-244.137571226036,-0.353823840131979,
54.));
#3211=CARTESIAN_POINT('Ctrl Pts',(-245.383202275078,-0.545290328394044,
54.));
#3212=CARTESIAN_POINT('Ctrl Pts',(-246.284102851104,-0.696415658049793,
54.));
#3213=CARTESIAN_POINT('Ctrl Pts',(-246.869953084851,-0.80049690118299,54.));
#3214=CARTESIAN_POINT('Ctrl Pts',(-247.159190678677,-0.853370280624929,
54.));
#3215=CARTESIAN_POINT('Origin',(-233.865107103623,1.61645118725218,54.));
#3216=CARTESIAN_POINT('Ctrl Pts',(-218.485085850439,11.5372126850595,56.));
#3217=CARTESIAN_POINT('Ctrl Pts',(-218.485085850439,11.5372126850595,54.));
#3218=CARTESIAN_POINT('Ctrl Pts',(-218.67214811513,11.4484217029272,56.));
#3219=CARTESIAN_POINT('Ctrl Pts',(-218.67214811513,11.4484217029272,54.));
#3220=CARTESIAN_POINT('Ctrl Pts',(-219.033973928381,11.269103103424,56.));
#3221=CARTESIAN_POINT('Ctrl Pts',(-219.033973928381,11.269103103424,54.));
#3222=CARTESIAN_POINT('Ctrl Pts',(-219.539818776971,10.9949156199906,56.));
#3223=CARTESIAN_POINT('Ctrl Pts',(-219.539818776971,10.9949156199906,54.));
#3224=CARTESIAN_POINT('Ctrl Pts',(-220.139257196235,10.6187389452777,56.));
#3225=CARTESIAN_POINT('Ctrl Pts',(-220.139257196235,10.6187389452777,54.));
#3226=CARTESIAN_POINT('Ctrl Pts',(-220.754753151257,10.1296246348259,56.));
#3227=CARTESIAN_POINT('Ctrl Pts',(-220.754753151257,10.1296246348259,54.));
#3228=CARTESIAN_POINT('Ctrl Pts',(-221.223471873568,9.61978470457845,56.));
#3229=CARTESIAN_POINT('Ctrl Pts',(-221.223471873568,9.61978470457845,54.));
#3230=CARTESIAN_POINT('Ctrl Pts',(-221.531738998467,9.0872882713997,56.));
#3231=CARTESIAN_POINT('Ctrl Pts',(-221.531738998467,9.0872882713997,54.));
#3232=CARTESIAN_POINT('Ctrl Pts',(-221.669290412084,8.53068599524303,56.));
#3233=CARTESIAN_POINT('Ctrl Pts',(-221.669290412084,8.53068599524303,54.));
#3234=CARTESIAN_POINT('Ctrl Pts',(-221.638567665527,7.95032263434714,56.));
#3235=CARTESIAN_POINT('Ctrl Pts',(-221.638567665527,7.95032263434714,54.));
#3236=CARTESIAN_POINT('Ctrl Pts',(-221.450510992508,7.34774299999138,56.));
#3237=CARTESIAN_POINT('Ctrl Pts',(-221.450510992508,7.34774299999138,54.));
#3238=CARTESIAN_POINT('Ctrl Pts',(-221.183627253023,6.84923765517287,56.));
#3239=CARTESIAN_POINT('Ctrl Pts',(-221.183627253023,6.84923765517287,54.));
#3240=CARTESIAN_POINT('Ctrl Pts',(-220.9219994047,6.46667949991995,56.));
#3241=CARTESIAN_POINT('Ctrl Pts',(-220.9219994047,6.46667949991995,54.));
#3242=CARTESIAN_POINT('Ctrl Pts',(-220.720703463083,6.20784552073346,56.));
#3243=CARTESIAN_POINT('Ctrl Pts',(-220.720703463083,6.20784552073346,54.));
#3244=CARTESIAN_POINT('Ctrl Pts',(-220.613336249648,6.07747974320271,56.));
#3245=CARTESIAN_POINT('Ctrl Pts',(-220.613336249648,6.07747974320271,54.));
#3246=CARTESIAN_POINT('',(-218.485085850439,11.5372126850595,56.));
#3247=CARTESIAN_POINT('Ctrl Pts',(-218.485085850439,11.5372126850595,56.));
#3248=CARTESIAN_POINT('Ctrl Pts',(-218.67214811513,11.4484217029272,56.));
#3249=CARTESIAN_POINT('Ctrl Pts',(-219.033973928381,11.269103103424,56.));
#3250=CARTESIAN_POINT('Ctrl Pts',(-219.539818776971,10.9949156199906,56.));
#3251=CARTESIAN_POINT('Ctrl Pts',(-220.139257196235,10.6187389452777,56.));
#3252=CARTESIAN_POINT('Ctrl Pts',(-220.754753151257,10.1296246348259,56.));
#3253=CARTESIAN_POINT('Ctrl Pts',(-221.223471873568,9.61978470457845,56.));
#3254=CARTESIAN_POINT('Ctrl Pts',(-221.531738998467,9.0872882713997,56.));
#3255=CARTESIAN_POINT('Ctrl Pts',(-221.669290412084,8.53068599524303,56.));
#3256=CARTESIAN_POINT('Ctrl Pts',(-221.638567665527,7.95032263434714,56.));
#3257=CARTESIAN_POINT('Ctrl Pts',(-221.450510992508,7.34774299999138,56.));
#3258=CARTESIAN_POINT('Ctrl Pts',(-221.183627253023,6.84923765517287,56.));
#3259=CARTESIAN_POINT('Ctrl Pts',(-220.9219994047,6.46667949991995,56.));
#3260=CARTESIAN_POINT('Ctrl Pts',(-220.720703463083,6.20784552073346,56.));
#3261=CARTESIAN_POINT('Ctrl Pts',(-220.613336249648,6.07747974320271,56.));
#3262=CARTESIAN_POINT('',(-218.485085850439,11.5372126850595,54.));
#3263=CARTESIAN_POINT('Ctrl Pts',(-218.485085850439,11.5372126850595,54.));
#3264=CARTESIAN_POINT('Ctrl Pts',(-218.67214811513,11.4484217029272,54.));
#3265=CARTESIAN_POINT('Ctrl Pts',(-219.033973928381,11.269103103424,54.));
#3266=CARTESIAN_POINT('Ctrl Pts',(-219.539818776971,10.9949156199906,54.));
#3267=CARTESIAN_POINT('Ctrl Pts',(-220.139257196235,10.6187389452777,54.));
#3268=CARTESIAN_POINT('Ctrl Pts',(-220.754753151257,10.1296246348259,54.));
#3269=CARTESIAN_POINT('Ctrl Pts',(-221.223471873568,9.61978470457845,54.));
#3270=CARTESIAN_POINT('Ctrl Pts',(-221.531738998467,9.0872882713997,54.));
#3271=CARTESIAN_POINT('Ctrl Pts',(-221.669290412084,8.53068599524303,54.));
#3272=CARTESIAN_POINT('Ctrl Pts',(-221.638567665527,7.95032263434714,54.));
#3273=CARTESIAN_POINT('Ctrl Pts',(-221.450510992508,7.34774299999138,54.));
#3274=CARTESIAN_POINT('Ctrl Pts',(-221.183627253023,6.84923765517287,54.));
#3275=CARTESIAN_POINT('Ctrl Pts',(-220.9219994047,6.46667949991995,54.));
#3276=CARTESIAN_POINT('Ctrl Pts',(-220.720703463083,6.20784552073346,54.));
#3277=CARTESIAN_POINT('Ctrl Pts',(-220.613336249648,6.07747974320271,54.));
#3278=CARTESIAN_POINT('',(-218.485085850439,11.5372126850595,56.));
#3279=CARTESIAN_POINT('Ctrl Pts',(-247.57262901155,3.54112171394753,56.));
#3280=CARTESIAN_POINT('Ctrl Pts',(-247.57262901155,3.54112171394753,54.));
#3281=CARTESIAN_POINT('Ctrl Pts',(-247.593914538423,3.76736845984308,56.));
#3282=CARTESIAN_POINT('Ctrl Pts',(-247.593914538423,3.76736845984308,54.));
#3283=CARTESIAN_POINT('Ctrl Pts',(-247.620634232621,4.1980071400022,56.));
#3284=CARTESIAN_POINT('Ctrl Pts',(-247.620634232621,4.1980071400022,54.));
#3285=CARTESIAN_POINT('Ctrl Pts',(-247.613155893447,4.77840918753366,56.));
#3286=CARTESIAN_POINT('Ctrl Pts',(-247.613155893447,4.77840918753366,54.));
#3287=CARTESIAN_POINT('Ctrl Pts',(-247.50771405168,5.42055790094888,56.));
#3288=CARTESIAN_POINT('Ctrl Pts',(-247.50771405168,5.42055790094888,54.));
#3289=CARTESIAN_POINT('Ctrl Pts',(-247.211384507273,6.00885783182517,56.));
#3290=CARTESIAN_POINT('Ctrl Pts',(-247.211384507273,6.00885783182517,54.));
#3291=CARTESIAN_POINT('Ctrl Pts',(-246.738893718296,6.40246060758577,56.));
#3292=CARTESIAN_POINT('Ctrl Pts',(-246.738893718296,6.40246060758577,54.));
#3293=CARTESIAN_POINT('Ctrl Pts',(-246.06874992361,6.64807874733986,56.));
#3294=CARTESIAN_POINT('Ctrl Pts',(-246.06874992361,6.64807874733986,54.));
#3295=CARTESIAN_POINT('Ctrl Pts',(-245.176830753504,6.80842193059759,56.));
#3296=CARTESIAN_POINT('Ctrl Pts',(-245.176830753504,6.80842193059759,54.));
#3297=CARTESIAN_POINT('Ctrl Pts',(-244.045585913853,6.94623843227199,56.));
#3298=CARTESIAN_POINT('Ctrl Pts',(-244.045585913853,6.94623843227199,54.));
#3299=CARTESIAN_POINT('Ctrl Pts',(-242.675210975375,7.10715740032134,56.));
#3300=CARTESIAN_POINT('Ctrl Pts',(-242.675210975375,7.10715740032134,54.));
#3301=CARTESIAN_POINT('Ctrl Pts',(-241.085271672477,7.31480050153035,56.));
#3302=CARTESIAN_POINT('Ctrl Pts',(-241.085271672477,7.31480050153035,54.));
#3303=CARTESIAN_POINT('Ctrl Pts',(-239.307380663535,7.57786231452,56.));
#3304=CARTESIAN_POINT('Ctrl Pts',(-239.307380663535,7.57786231452,54.));
#3305=CARTESIAN_POINT('Ctrl Pts',(-237.380906387147,7.8934354997711,56.));
#3306=CARTESIAN_POINT('Ctrl Pts',(-237.380906387147,7.8934354997711,54.));
#3307=CARTESIAN_POINT('Ctrl Pts',(-235.347668853096,8.25170668637894,56.));
#3308=CARTESIAN_POINT('Ctrl Pts',(-235.347668853096,8.25170668637894,54.));
#3309=CARTESIAN_POINT('Ctrl Pts',(-233.247639520123,8.63963137746371,56.));
#3310=CARTESIAN_POINT('Ctrl Pts',(-233.247639520123,8.63963137746371,54.));
#3311=CARTESIAN_POINT('Ctrl Pts',(-231.113548265013,9.04548512247314,56.));
#3312=CARTESIAN_POINT('Ctrl Pts',(-231.113548265013,9.04548512247314,54.));
#3313=CARTESIAN_POINT('Ctrl Pts',(-228.9687967601,9.46095826983055,56.));
#3314=CARTESIAN_POINT('Ctrl Pts',(-228.9687967601,9.46095826983055,54.));
#3315=CARTESIAN_POINT('Ctrl Pts',(-226.829732904163,9.88011029438825,56.));
#3316=CARTESIAN_POINT('Ctrl Pts',(-226.829732904163,9.88011029438825,54.));
#3317=CARTESIAN_POINT('Ctrl Pts',(-224.706761811889,10.2991149638292,56.));
#3318=CARTESIAN_POINT('Ctrl Pts',(-224.706761811889,10.2991149638292,54.));
#3319=CARTESIAN_POINT('Ctrl Pts',(-222.605820250073,10.7157169226813,56.));
#3320=CARTESIAN_POINT('Ctrl Pts',(-222.605820250073,10.7157169226813,54.));
#3321=CARTESIAN_POINT('Ctrl Pts',(-220.944840793084,11.0462160297663,56.));
#3322=CARTESIAN_POINT('Ctrl Pts',(-220.944840793084,11.0462160297663,54.));
#3323=CARTESIAN_POINT('Ctrl Pts',(-219.710536506167,11.2923775840936,56.));
#3324=CARTESIAN_POINT('Ctrl Pts',(-219.710536506167,11.2923775840936,54.));
#3325=CARTESIAN_POINT('Ctrl Pts',(-218.892726190463,11.4557273191694,56.));
#3326=CARTESIAN_POINT('Ctrl Pts',(-218.892726190463,11.4557273191694,54.));
#3327=CARTESIAN_POINT('Ctrl Pts',(-218.485085850439,11.5372126850595,56.));
#3328=CARTESIAN_POINT('Ctrl Pts',(-218.485085850439,11.5372126850595,54.));
#3329=CARTESIAN_POINT('Ctrl Pts',(-247.57262901155,3.54112171394753,56.));
#3330=CARTESIAN_POINT('Ctrl Pts',(-247.593914538423,3.76736845984308,56.));
#3331=CARTESIAN_POINT('Ctrl Pts',(-247.620634232621,4.1980071400022,56.));
#3332=CARTESIAN_POINT('Ctrl Pts',(-247.613155893447,4.77840918753366,56.));
#3333=CARTESIAN_POINT('Ctrl Pts',(-247.50771405168,5.42055790094888,56.));
#3334=CARTESIAN_POINT('Ctrl Pts',(-247.211384507273,6.00885783182517,56.));
#3335=CARTESIAN_POINT('Ctrl Pts',(-246.738893718296,6.40246060758577,56.));
#3336=CARTESIAN_POINT('Ctrl Pts',(-246.06874992361,6.64807874733986,56.));
#3337=CARTESIAN_POINT('Ctrl Pts',(-245.176830753504,6.80842193059759,56.));
#3338=CARTESIAN_POINT('Ctrl Pts',(-244.045585913853,6.94623843227199,56.));
#3339=CARTESIAN_POINT('Ctrl Pts',(-242.675210975375,7.10715740032134,56.));
#3340=CARTESIAN_POINT('Ctrl Pts',(-241.085271672477,7.31480050153035,56.));
#3341=CARTESIAN_POINT('Ctrl Pts',(-239.307380663535,7.57786231452,56.));
#3342=CARTESIAN_POINT('Ctrl Pts',(-237.380906387147,7.8934354997711,56.));
#3343=CARTESIAN_POINT('Ctrl Pts',(-235.347668853096,8.25170668637894,56.));
#3344=CARTESIAN_POINT('Ctrl Pts',(-233.247639520123,8.63963137746371,56.));
#3345=CARTESIAN_POINT('Ctrl Pts',(-231.113548265013,9.04548512247314,56.));
#3346=CARTESIAN_POINT('Ctrl Pts',(-228.9687967601,9.46095826983055,56.));
#3347=CARTESIAN_POINT('Ctrl Pts',(-226.829732904163,9.88011029438825,56.));
#3348=CARTESIAN_POINT('Ctrl Pts',(-224.706761811889,10.2991149638292,56.));
#3349=CARTESIAN_POINT('Ctrl Pts',(-222.605820250073,10.7157169226813,56.));
#3350=CARTESIAN_POINT('Ctrl Pts',(-220.944840793084,11.0462160297663,56.));
#3351=CARTESIAN_POINT('Ctrl Pts',(-219.710536506167,11.2923775840936,56.));
#3352=CARTESIAN_POINT('Ctrl Pts',(-218.892726190463,11.4557273191694,56.));
#3353=CARTESIAN_POINT('Ctrl Pts',(-218.485085850439,11.5372126850595,56.));
#3354=CARTESIAN_POINT('Ctrl Pts',(-247.57262901155,3.54112171394753,54.));
#3355=CARTESIAN_POINT('Ctrl Pts',(-247.593914538423,3.76736845984308,54.));
#3356=CARTESIAN_POINT('Ctrl Pts',(-247.620634232621,4.1980071400022,54.));
#3357=CARTESIAN_POINT('Ctrl Pts',(-247.613155893447,4.77840918753366,54.));
#3358=CARTESIAN_POINT('Ctrl Pts',(-247.50771405168,5.42055790094888,54.));
#3359=CARTESIAN_POINT('Ctrl Pts',(-247.211384507273,6.00885783182517,54.));
#3360=CARTESIAN_POINT('Ctrl Pts',(-246.738893718296,6.40246060758577,54.));
#3361=CARTESIAN_POINT('Ctrl Pts',(-246.06874992361,6.64807874733986,54.));
#3362=CARTESIAN_POINT('Ctrl Pts',(-245.176830753504,6.80842193059759,54.));
#3363=CARTESIAN_POINT('Ctrl Pts',(-244.045585913853,6.94623843227199,54.));
#3364=CARTESIAN_POINT('Ctrl Pts',(-242.675210975375,7.10715740032134,54.));
#3365=CARTESIAN_POINT('Ctrl Pts',(-241.085271672477,7.31480050153035,54.));
#3366=CARTESIAN_POINT('Ctrl Pts',(-239.307380663535,7.57786231452,54.));
#3367=CARTESIAN_POINT('Ctrl Pts',(-237.380906387147,7.8934354997711,54.));
#3368=CARTESIAN_POINT('Ctrl Pts',(-235.347668853096,8.25170668637894,54.));
#3369=CARTESIAN_POINT('Ctrl Pts',(-233.247639520123,8.63963137746371,54.));
#3370=CARTESIAN_POINT('Ctrl Pts',(-231.113548265013,9.04548512247314,54.));
#3371=CARTESIAN_POINT('Ctrl Pts',(-228.9687967601,9.46095826983055,54.));
#3372=CARTESIAN_POINT('Ctrl Pts',(-226.829732904163,9.88011029438825,54.));
#3373=CARTESIAN_POINT('Ctrl Pts',(-224.706761811889,10.2991149638292,54.));
#3374=CARTESIAN_POINT('Ctrl Pts',(-222.605820250073,10.7157169226813,54.));
#3375=CARTESIAN_POINT('Ctrl Pts',(-220.944840793084,11.0462160297663,54.));
#3376=CARTESIAN_POINT('Ctrl Pts',(-219.710536506167,11.2923775840936,54.));
#3377=CARTESIAN_POINT('Ctrl Pts',(-218.892726190463,11.4557273191694,54.));
#3378=CARTESIAN_POINT('Ctrl Pts',(-218.485085850439,11.5372126850595,54.));
#3379=CARTESIAN_POINT('Origin',(-233.05286004153,7.53916719950353,54.));
#3380=CARTESIAN_POINT('Origin',(-220.613336249648,6.07747974320271,6.));
#3381=CARTESIAN_POINT('',(-237.054905506649,4.53063997381973,6.));
#3382=CARTESIAN_POINT('Ctrl Pts',(-220.613336249648,6.07747974320271,7.3384247468881));
#3383=CARTESIAN_POINT('Ctrl Pts',(-226.049886022159,5.5660035413329,6.96572537876971));
#3384=CARTESIAN_POINT('Ctrl Pts',(-231.810382900926,5.02405006206339,6.49620694349084));
#3385=CARTESIAN_POINT('Ctrl Pts',(-237.054905506649,4.53063997381973,6.00000000000001));
#3386=CARTESIAN_POINT('',(-247.57262901155,3.54112171394753,6.));
#3387=CARTESIAN_POINT('Origin',(-233.999315223773,3.8136971845384,56.));
#3388=CARTESIAN_POINT('Origin',(-233.999315223773,3.8136971845384,6.));
#3389=CARTESIAN_POINT('Ctrl Pts',(-237.054905506649,4.53063997381973,6.));
#3390=CARTESIAN_POINT('Ctrl Pts',(-237.054905506649,3.86102939372513,6.));
#3391=CARTESIAN_POINT('Ctrl Pts',(-237.054905506649,3.19141881363054,6.));
#3392=CARTESIAN_POINT('Ctrl Pts',(-237.054905506649,2.52180823353594,6.));
#3393=CARTESIAN_POINT('Origin',(18.2334461252871,20.598418507126,0.));
#3394=CARTESIAN_POINT('',(18.4675504889762,22.5846700387558,9.));
#3395=CARTESIAN_POINT('',(18.2334461252871,20.598418507126,9.));
#3396=CARTESIAN_POINT('',(18.2334461252871,20.598418507126,9.));
#3397=CARTESIAN_POINT('',(18.4675504889762,22.5846700387558,28.8089676595188));
#3398=CARTESIAN_POINT('Ctrl Pts',(18.4675504889762,22.5846700387558,8.99999999999999));
#3399=CARTESIAN_POINT('Ctrl Pts',(18.4675504889762,22.5846700387558,28.8089676595188));
#3400=CARTESIAN_POINT('',(18.2334461252871,20.598418507126,28.8089676595188));
#3401=CARTESIAN_POINT('',(18.2334461252871,20.598418507126,28.8089676595188));
#3402=CARTESIAN_POINT('',(18.2334461252871,20.598418507126,26.8089676595188));
#3403=CARTESIAN_POINT('',(18.2334461252871,20.598418507126,0.));
#3404=CARTESIAN_POINT('',(18.2334461252871,20.598418507126,0.));
#3405=CARTESIAN_POINT('Origin',(18.2334461252871,20.598418507126,0.));
#3406=CARTESIAN_POINT('',(18.2334461252871,20.598418507126,-7.));
#3407=CARTESIAN_POINT('',(18.4675504889762,22.5846700387558,-7.));
#3408=CARTESIAN_POINT('',(18.2334461252871,20.598418507126,-7.));
#3409=CARTESIAN_POINT('',(18.4675504889762,22.5846700387558,7.));
#3410=CARTESIAN_POINT('Ctrl Pts',(18.4675504889762,22.5846700387558,-7.00000000000001));
#3411=CARTESIAN_POINT('Ctrl Pts',(18.4675504889762,22.5846700387558,6.99999999999999));
#3412=CARTESIAN_POINT('',(18.2334461252871,20.598418507126,7.));
#3413=CARTESIAN_POINT('',(18.2334461252871,20.598418507126,7.));
#3414=CARTESIAN_POINT('',(18.2334461252871,20.598418507126,0.));
#3415=CARTESIAN_POINT('Origin',(18.2334461252871,20.598418507126,0.));
#3416=CARTESIAN_POINT('',(18.2334461252871,20.598418507126,-9.));
#3417=CARTESIAN_POINT('',(18.4675504889762,22.5846700387558,-9.));
#3418=CARTESIAN_POINT('',(18.2334461252871,20.598418507126,-9.));
#3419=CARTESIAN_POINT('',(18.2334461252871,20.598418507126,-26.8089676595188));
#3420=CARTESIAN_POINT('',(18.2334461252871,20.598418507126,0.));
#3421=CARTESIAN_POINT('',(18.2334461252871,20.598418507126,-28.8089676595188));
#3422=CARTESIAN_POINT('Ctrl Pts',(18.2334461252871,20.598418507126,-26.8089676595188));
#3423=CARTESIAN_POINT('Ctrl Pts',(18.2334461252871,20.598418507126,-27.1423009928521));
#3424=CARTESIAN_POINT('Ctrl Pts',(18.2334461252871,20.598418507126,-27.4756343261854));
#3425=CARTESIAN_POINT('Ctrl Pts',(18.2334461252871,20.598418507126,-28.1423009928521));
#3426=CARTESIAN_POINT('Ctrl Pts',(18.233446125287,20.598418507126,-28.4756343261854));
#3427=CARTESIAN_POINT('Ctrl Pts',(18.233446125287,20.598418507126,-28.8089676595188));
#3428=CARTESIAN_POINT('',(18.4675504889762,22.5846700387558,-28.8089676595188));
#3429=CARTESIAN_POINT('',(18.2334461252871,20.598418507126,-28.8089676595188));
#3430=CARTESIAN_POINT('Ctrl Pts',(18.4675504889762,22.5846700387558,-28.8089676595188));
#3431=CARTESIAN_POINT('Ctrl Pts',(18.4675504889762,22.5846700387558,-9.));
#3432=CARTESIAN_POINT('Origin',(18.2334461252871,0.,28.8089676595188));
#3433=CARTESIAN_POINT('',(18.2334461252871,6.38633632986178,-9.));
#3434=CARTESIAN_POINT('',(18.2334461252871,0.,-9.));
#3435=CARTESIAN_POINT('',(18.2334461252871,6.38633632986178,-7.));
#3436=CARTESIAN_POINT('',(18.2334461252871,6.38633632986178,-7.));
#3437=CARTESIAN_POINT('',(18.2334461252871,0.,-7.));
#3438=CARTESIAN_POINT('',(18.2334461252871,20.598418507126,0.));
#3439=CARTESIAN_POINT('',(18.2334461252871,6.38633632986178,7.));
#3440=CARTESIAN_POINT('',(18.2334461252871,0.,7.));
#3441=CARTESIAN_POINT('',(18.2334461252871,6.38633632986178,9.));
#3442=CARTESIAN_POINT('',(18.2334461252871,6.38633632986178,7.));
#3443=CARTESIAN_POINT('',(18.2334461252871,0.,9.));
#3444=CARTESIAN_POINT('',(18.2334461252871,20.598418507126,0.));
#3445=CARTESIAN_POINT('',(18.2334461252871,0.,28.8089676595188));
#3446=CARTESIAN_POINT('',(18.2334461252871,0.,28.8089676595188));
#3447=CARTESIAN_POINT('',(18.2334461252871,0.,-28.8089676595188));
#3448=CARTESIAN_POINT('',(18.2334461252871,0.,-28.8089676595188));
#3449=CARTESIAN_POINT('',(18.2334461252871,0.,-28.8089676595188));
#3450=CARTESIAN_POINT('',(18.2334461252871,20.598418507126,0.));
#3451=CARTESIAN_POINT('Origin',(-48.4641504514532,0.,-16.4416567250933));
#3452=CARTESIAN_POINT('',(-46.5913809952245,24.9390889994076,-15.7397061828064));
#3453=CARTESIAN_POINT('',(-46.4641504514532,24.9346051847785,-16.4416567250933));
#3454=CARTESIAN_POINT('Ctrl Pts',(-46.5913809952244,24.9390889994076,-15.7397061828064));
#3455=CARTESIAN_POINT('Ctrl Pts',(-46.6363410570288,24.9406705818951,-15.6197549535963));
#3456=CARTESIAN_POINT('Ctrl Pts',(-46.6927195857396,24.9426509242514,-15.5044057043608));
#3457=CARTESIAN_POINT('Ctrl Pts',(-46.7597363415053,24.944997010399,-15.395247368383));
#3458=CARTESIAN_POINT('Ctrl Pts',(-46.8351247013305,24.9476361651098,-15.2724531833082));
#3459=CARTESIAN_POINT('Ctrl Pts',(-46.9235581120716,24.950723480487,-15.1581723839287));
#3460=CARTESIAN_POINT('Ctrl Pts',(-47.0234912162954,24.9541951927994,-15.0543928827927));
#3461=CARTESIAN_POINT('Ctrl Pts',(-47.1712249537077,24.9593275164585,-14.9009729156187));
#3462=CARTESIAN_POINT('Ctrl Pts',(-47.3425091363274,24.9652443991103,-14.772145130459));
#3463=CARTESIAN_POINT('Ctrl Pts',(-47.5308522168882,24.9716902846718,-14.6727716509978));
#3464=CARTESIAN_POINT('Ctrl Pts',(-47.6889844123101,24.9771022277719,-14.5893380232418));
#3465=CARTESIAN_POINT('Ctrl Pts',(-47.8575862625156,24.9828335717998,-14.5274880670698));
#3466=CARTESIAN_POINT('Ctrl Pts',(-48.0321443220167,24.9887180988059,-14.4888713543592));
#3467=CARTESIAN_POINT('Ctrl Pts',(-48.1181999743822,24.9916191210322,-14.4698336404088));
#3468=CARTESIAN_POINT('Ctrl Pts',(-48.2054194709223,24.9945479219211,-14.4565053230161));
#3469=CARTESIAN_POINT('Ctrl Pts',(-48.2932322212535,24.9974845976165,-14.4489733687656));
#3470=CARTESIAN_POINT('Ctrl Pts',(-48.3595968611197,24.9997039954169,-14.4432810811486));
#3471=CARTESIAN_POINT('Ctrl Pts',(-48.4262045641935,25.001924699297,-14.4409076637489));
#3472=CARTESIAN_POINT('Ctrl Pts',(-48.4928062610642,25.0041383153317,-14.4418620244864));
#3473=CARTESIAN_POINT('Ctrl Pts',(-48.5543579971466,25.0061840876821,-14.4427440224384));
#3474=CARTESIAN_POINT('Ctrl Pts',(-48.6158366006496,25.0082215482076,-14.4464673097828));
#3475=CARTESIAN_POINT('Ctrl Pts',(-48.6770456828589,25.0102442728824,-14.4530201015633));
#3476=CARTESIAN_POINT('Ctrl Pts',(-48.7734236342638,25.0134291933774,-14.4633379273662));
#3477=CARTESIAN_POINT('Ctrl Pts',(-48.8689259236499,25.0165706820867,-14.4806486473686));
#3478=CARTESIAN_POINT('Ctrl Pts',(-48.9627970959553,25.0196449501167,-14.5048161214486));
#3479=CARTESIAN_POINT('Ctrl Pts',(-49.1614122601176,25.0261495695272,-14.5559503164724));
#3480=CARTESIAN_POINT('Ctrl Pts',(-49.350998176975,25.0322958922906,-14.6373356368061));
#3481=CARTESIAN_POINT('Ctrl Pts',(-49.5248904726844,25.037888956704,-14.7461241812127));
#3482=CARTESIAN_POINT('Ctrl Pts',(-49.7380372299218,25.0447445999507,-14.8794706608266));
#3483=CARTESIAN_POINT('Ctrl Pts',(-49.9241605454553,25.0506592789385,-15.0518340099163));
#3484=CARTESIAN_POINT('Ctrl Pts',(-50.073467251947,25.055375602642,-15.2541806471666));
#3485=CARTESIAN_POINT('Ctrl Pts',(-50.2295815250935,25.0603069648307,-15.465753180914));
#3486=CARTESIAN_POINT('Ctrl Pts',(-50.342463228687,25.0638366497387,-15.706064933139));
#3487=CARTESIAN_POINT('Ctrl Pts',(-50.405618035172,25.0658094536275,-15.9613405573826));
#3488=CARTESIAN_POINT('Ctrl Pts',(-50.4679693913194,25.0677571596648,-16.2133685857919));
#3489=CARTESIAN_POINT('Ctrl Pts',(-50.4806540262294,25.0681511704838,-16.4751456920045));
#3490=CARTESIAN_POINT('Ctrl Pts',(-50.4429596609162,25.0669751784711,-16.732025649988));
#3491=CARTESIAN_POINT('Ctrl Pts',(-50.4077080598803,25.065875396026,-16.9722586322306));
#3492=CARTESIAN_POINT('Ctrl Pts',(-50.3290039486463,25.0634204958195,-17.2040633776859));
#3493=CARTESIAN_POINT('Ctrl Pts',(-50.2107183800802,25.0597011866956,-17.4160798727512));
#3494=CARTESIAN_POINT('Ctrl Pts',(-50.1004083047303,25.0562326547801,-17.6138009965501));
#3495=CARTESIAN_POINT('Ctrl Pts',(-49.957329947153,25.0517150657875,-17.7913456866878));
#3496=CARTESIAN_POINT('Ctrl Pts',(-49.7876073007519,25.0463028316855,-17.9411439601321));
#3497=CARTESIAN_POINT('Ctrl Pts',(-49.5884518840142,25.0399520248784,-18.1169197814912));
#3498=CARTESIAN_POINT('Ctrl Pts',(-49.3562791362162,25.0324838578623,-18.2512535524272));
#3499=CARTESIAN_POINT('Ctrl Pts',(-49.1046852517296,25.0242813057479,-18.336311091879));
#3500=CARTESIAN_POINT('Ctrl Pts',(-48.9921416311683,25.0206121191352,-18.3743592481983));
#3501=CARTESIAN_POINT('Ctrl Pts',(-48.8764344498213,25.01681986847,-18.402303077892));
#3502=CARTESIAN_POINT('Ctrl Pts',(-48.75893708338,25.012946996827,-18.4198126445409));
#3503=CARTESIAN_POINT('Ctrl Pts',(-48.6858410676337,25.0105376535781,-18.4307054806805));
#3504=CARTESIAN_POINT('Ctrl Pts',(-48.6121981108119,25.0081019529767,-18.4375383282987));
#3505=CARTESIAN_POINT('Ctrl Pts',(-48.5383471332483,25.0056508694219,-18.4402799643284));
#3506=CARTESIAN_POINT('Ctrl Pts',(-48.4729230699673,25.0034794716844,-18.4427087604665));
#3507=CARTESIAN_POINT('Ctrl Pts',(-48.4074193533662,25.0012987802552,-18.4419236439469));
#3508=CARTESIAN_POINT('Ctrl Pts',(-48.3420726244619,24.9991167126793,-18.4379274993514));
#3509=CARTESIAN_POINT('Ctrl Pts',(-48.2622590970193,24.9964515676403,-18.4330466674922));
#3510=CARTESIAN_POINT('Ctrl Pts',(-48.1828097299798,24.9937886990779,-18.4233836303602));
#3511=CARTESIAN_POINT('Ctrl Pts',(-48.1041524903257,24.9911429033159,-18.4089903185203));
#3512=CARTESIAN_POINT('Ctrl Pts',(-47.9659391174637,24.9864938162417,-18.3836989634613));
#3513=CARTESIAN_POINT('Ctrl Pts',(-47.8307713798988,24.9819174430156,-18.3439121188676));
#3514=CARTESIAN_POINT('Ctrl Pts',(-47.7008906797916,24.9774949459788,-18.2902871697639));
#3515=CARTESIAN_POINT('Ctrl Pts',(-47.4660865324941,24.9694997577423,-18.1933415847942));
#3516=CARTESIAN_POINT('Ctrl Pts',(-47.2518672351321,24.9621194298915,-18.0525334755976));
#3517=CARTESIAN_POINT('Ctrl Pts',(-47.0697288990313,24.9558004222562,-17.8753891039358));
#3518=CARTESIAN_POINT('Ctrl Pts',(-46.8832905243963,24.9493322314401,-17.6940625944518));
#3519=CARTESIAN_POINT('Ctrl Pts',(-46.7339795357319,24.944100432868,-17.4780806822));
#3520=CARTESIAN_POINT('Ctrl Pts',(-46.630202633443,24.9404538870565,-17.2395510792152));
#3521=CARTESIAN_POINT('Ctrl Pts',(-46.5246665977581,24.9367455282561,-16.9969781353588));
#3522=CARTESIAN_POINT('Ctrl Pts',(-46.4682937701512,24.9347514669603,-16.7358485464253));
#3523=CARTESIAN_POINT('Ctrl Pts',(-46.4643703857993,24.9346129497065,-16.471316265253));
#3524=CARTESIAN_POINT('Ctrl Pts',(-46.4642237158662,24.9346077714435,-16.4614271163691));
#3525=CARTESIAN_POINT('Ctrl Pts',(-46.4641504467568,24.9346051846127,-16.4515403367361));
#3526=CARTESIAN_POINT('Ctrl Pts',(-46.4641504514532,24.9346051847785,-16.4416567250933));
#3527=CARTESIAN_POINT('Ctrl Pts',(-46.4641504514532,24.9346051847785,-16.4416567250933));
#3528=CARTESIAN_POINT('Ctrl Pts',(-46.4641506769567,24.9346051927401,-16.2020157302078));
#3529=CARTESIAN_POINT('Ctrl Pts',(-46.5072228370057,24.9361285259588,-15.9642360010532));
#3530=CARTESIAN_POINT('Ctrl Pts',(-46.5913809952244,24.9390889994076,-15.7397061828064));
#3531=CARTESIAN_POINT('',(-46.4641504514532,0.,-16.4416567250933));
#3532=CARTESIAN_POINT('',(-46.4641504514532,0.,-16.4416567250933));
#3533=CARTESIAN_POINT('Origin',(-48.4641504514532,0.,-16.4416567250933));
#3534=CARTESIAN_POINT('Origin',(-48.4641504514532,0.,-16.4416567250933));
#3535=CARTESIAN_POINT('',(-45.6563897518481,24.9057589571035,-15.3850206222871));
#3536=CARTESIAN_POINT('',(-45.4641504514532,24.8987976909818,-16.4416567250933));
#3537=CARTESIAN_POINT('Ctrl Pts',(-45.656389751846,24.9057589571034,-15.3850206222928));
#3538=CARTESIAN_POINT('Ctrl Pts',(-45.6563714650336,24.9057582966637,-15.3850692151747));
#3539=CARTESIAN_POINT('Ctrl Pts',(-45.656353179459,24.9057576362682,-15.3851178085939));
#3540=CARTESIAN_POINT('Ctrl Pts',(-45.6563348951224,24.9057569759168,-15.3851664025504));
#3541=CARTESIAN_POINT('Ctrl Pts',(-45.548490409224,24.9018620985378,-15.67178277632));
#3542=CARTESIAN_POINT('Ctrl Pts',(-45.4853363883794,24.8995668088368,-15.9727784092023));
#3543=CARTESIAN_POINT('Ctrl Pts',(-45.4686401182047,24.8989606882755,-16.277607723315));
#3544=CARTESIAN_POINT('Ctrl Pts',(-45.4656506190413,24.8988521612278,-16.3321879960331));
#3545=CARTESIAN_POINT('Ctrl Pts',(-45.4641506362826,24.8987976976924,-16.3868911749942));
#3546=CARTESIAN_POINT('Ctrl Pts',(-45.4641504514531,24.8987976909818,-16.4416567250933));
#3547=CARTESIAN_POINT('Ctrl Pts',(-45.4641504514531,24.8987976909818,-16.4416567250933));
#3548=CARTESIAN_POINT('Ctrl Pts',(-45.4641504051724,24.8987976893014,-16.4700411222982));
#3549=CARTESIAN_POINT('Ctrl Pts',(-45.4645532866142,24.8988123170508,-16.4984422738725));
#3550=CARTESIAN_POINT('Ctrl Pts',(-45.4653603942102,24.8988416199133,-16.5268517518297));
#3551=CARTESIAN_POINT('Ctrl Pts',(-45.4741472374981,24.8991606351988,-16.8361409121929));
#3552=CARTESIAN_POINT('Ctrl Pts',(-45.5307205932492,24.9012176488593,-17.1418290381179));
#3553=CARTESIAN_POINT('Ctrl Pts',(-45.6327255700838,24.90490403094,-17.4331354758478));
#3554=CARTESIAN_POINT('Ctrl Pts',(-45.6532599243817,24.9056461268462,-17.4917776106458));
#3555=CARTESIAN_POINT('Ctrl Pts',(-45.6756355048974,24.9064541370221,-17.5498369324207));
#3556=CARTESIAN_POINT('Ctrl Pts',(-45.6998332760864,24.9073270055912,-17.6072254935373));
#3557=CARTESIAN_POINT('Ctrl Pts',(-45.8348257035567,24.912196489069,-17.9273798215388));
#3558=CARTESIAN_POINT('Ctrl Pts',(-46.0244025368482,24.9190101873323,-18.2216306120251));
#3559=CARTESIAN_POINT('Ctrl Pts',(-46.260068649088,24.9273789560178,-18.4768528847994));
#3560=CARTESIAN_POINT('Ctrl Pts',(-46.4779906337559,24.9351176107775,-18.7128585781333));
#3561=CARTESIAN_POINT('Ctrl Pts',(-46.7323914629455,24.9440793893356,-18.9123175664718));
#3562=CARTESIAN_POINT('Ctrl Pts',(-47.0135237974036,24.9538488706675,-19.0676198456571));
#3563=CARTESIAN_POINT('Ctrl Pts',(-47.2587111077327,24.9623692454431,-19.2030654826551));
#3564=CARTESIAN_POINT('Ctrl Pts',(-47.5216538886628,24.9714135542413,-19.3035004650838));
#3565=CARTESIAN_POINT('Ctrl Pts',(-47.7946788929152,24.9806839778066,-19.3660041450063));
#3566=CARTESIAN_POINT('Ctrl Pts',(-47.9261915539853,24.9851494225583,-19.3961113701515));
#3567=CARTESIAN_POINT('Ctrl Pts',(-48.0595848518523,24.989652042552,-19.4173126757515));
#3568=CARTESIAN_POINT('Ctrl Pts',(-48.1939500582211,24.994159281399,-19.4294639055347));
#3569=CARTESIAN_POINT('Ctrl Pts',(-48.2939596706402,24.9975140725861,-19.4385082095914));
#3570=CARTESIAN_POINT('Ctrl Pts',(-48.3943606507013,25.0008665169134,-19.4425254705956));
#3571=CARTESIAN_POINT('Ctrl Pts',(-48.4947737638856,25.0042037064985,-19.4415004231442));
#3572=CARTESIAN_POINT('Ctrl Pts',(-48.5985628278834,25.0076530944561,-19.4404409129651));
#3573=CARTESIAN_POINT('Ctrl Pts',(-48.702227928414,25.0110816308933,-19.4339957415482));
#3574=CARTESIAN_POINT('Ctrl Pts',(-48.8053507377268,25.0144757372577,-19.422190631065));
#3575=CARTESIAN_POINT('Ctrl Pts',(-48.9550005377837,25.0194011979021,-19.4050592860674));
#3576=CARTESIAN_POINT('Ctrl Pts',(-49.1031511123158,25.024242299353,-19.3766812049167));
#3577=CARTESIAN_POINT('Ctrl Pts',(-49.2485448167192,25.0289606919084,-19.3372957702332));
#3578=CARTESIAN_POINT('Ctrl Pts',(-49.5658801327364,25.039259023592,-19.2513333868341));
#3579=CARTESIAN_POINT('Ctrl Pts',(-49.8669598692183,25.0488691419423,-19.1137810246335));
#3580=CARTESIAN_POINT('Ctrl Pts',(-50.1397128668252,25.0574658678211,-18.9301282624416));
#3581=CARTESIAN_POINT('Ctrl Pts',(-50.4549896287934,25.0674028728123,-18.717842976126));
#3582=CARTESIAN_POINT('Ctrl Pts',(-50.7270992700413,25.0758214762692,-18.4475431724641));
#3583=CARTESIAN_POINT('Ctrl Pts',(-50.9415016835498,25.082396958898,-18.1336173844555));
#3584=CARTESIAN_POINT('Ctrl Pts',(-51.1419389129572,25.0885441449233,-17.8401392740261));
#3585=CARTESIAN_POINT('Ctrl Pts',(-51.2884747479843,25.0929780068727,-17.5136083902049));
#3586=CARTESIAN_POINT('Ctrl Pts',(-51.3745448260942,25.0955778815933,-17.1693959672992));
#3587=CARTESIAN_POINT('Ctrl Pts',(-51.384139936279,25.0958677161672,-17.1310230948994));
#3588=CARTESIAN_POINT('Ctrl Pts',(-51.3929835980693,25.0961347050831,-17.092430479219));
#3589=CARTESIAN_POINT('Ctrl Pts',(-51.4010667222724,25.0963786382914,-17.0536394164549));
#3590=CARTESIAN_POINT('Ctrl Pts',(-51.467115318073,25.0983718584211,-16.7366709818741));
#3591=CARTESIAN_POINT('Ctrl Pts',(-51.4813319968868,25.098798203845,-16.4114965096675));
#3592=CARTESIAN_POINT('Ctrl Pts',(-51.4435576972193,25.0976599674521,-16.0907564033263));
#3593=CARTESIAN_POINT('Ctrl Pts',(-51.4361881650289,25.0974379045731,-16.0281819927017));
#3594=CARTESIAN_POINT('Ctrl Pts',(-51.4268397643024,25.0971561323125,-15.9657763611203));
#3595=CARTESIAN_POINT('Ctrl Pts',(-51.4155113020405,25.0968144362999,-15.9036333709343));
#3596=CARTESIAN_POINT('Ctrl Pts',(-51.3505939629446,25.094856359784,-15.5475252361277));
#3597=CARTESIAN_POINT('Ctrl Pts',(-51.2217616507715,25.0909689031774,-15.2061081677284));
#3598=CARTESIAN_POINT('Ctrl Pts',(-51.0352732374388,25.0852681442239,-14.8959117204482));
#3599=CARTESIAN_POINT('Ctrl Pts',(-50.8615187600714,25.0799566485934,-14.6068963300804));
#3600=CARTESIAN_POINT('Ctrl Pts',(-50.6402849518449,25.0731463371178,-14.3492602827719));
#3601=CARTESIAN_POINT('Ctrl Pts',(-50.3809081854781,25.0650372546409,-14.1338352872312));
#3602=CARTESIAN_POINT('Ctrl Pts',(-50.1015715123883,25.0563041512383,-13.9018326202322));
#3603=CARTESIAN_POINT('Ctrl Pts',(-49.7826729738285,25.046206939512,-13.7226710596046));
#3604=CARTESIAN_POINT('Ctrl Pts',(-49.4399085404708,25.0351518256305,-13.6047753446527));
#3605=CARTESIAN_POINT('Ctrl Pts',(-49.4062992002183,25.0340678301869,-13.5932152269377));
#3606=CARTESIAN_POINT('Ctrl Pts',(-49.3724604174547,25.0329746636394,-13.5822441520942));
#3607=CARTESIAN_POINT('Ctrl Pts',(-49.3384069990293,25.0318727360037,-13.571870062475));
#3608=CARTESIAN_POINT('Ctrl Pts',(-49.1817890515976,25.0268047677203,-13.5241577123573));
#3609=CARTESIAN_POINT('Ctrl Pts',(-49.0215318276294,25.0215803829464,-13.4893476408334));
#3610=CARTESIAN_POINT('Ctrl Pts',(-48.8592417970017,25.0162479611968,-13.4677867163874));
#3611=CARTESIAN_POINT('Ctrl Pts',(-48.7529230444533,25.0127546078079,-13.4536618155416));
#3612=CARTESIAN_POINT('Ctrl Pts',(-48.645924332886,25.0092212725131,-13.445248710071));
#3613=CARTESIAN_POINT('Ctrl Pts',(-48.5387066473991,25.0056628014818,-13.4425833059109));
#3614=CARTESIAN_POINT('Ctrl Pts',(-48.4398294277468,25.0023811439811,-13.4401252435921));
#3615=CARTESIAN_POINT('Ctrl Pts',(-48.3408914731489,24.9990822808527,-13.4425585557993));
#3616=CARTESIAN_POINT('Ctrl Pts',(-48.2422553445853,24.9957784664904,-13.44987421937));
#3617=CARTESIAN_POINT('Ctrl Pts',(-48.1165527684717,24.991568062226,-13.4591973524878));
#3618=CARTESIAN_POINT('Ctrl Pts',(-47.9915622015259,24.9873570129177,-13.4764335261199));
#3619=CARTESIAN_POINT('Ctrl Pts',(-47.8680270705214,24.9831717224772,-13.5014803843432));
#3620=CARTESIAN_POINT('Ctrl Pts',(-47.6310588405072,24.9751433919147,-13.549525904774));
#3621=CARTESIAN_POINT('Ctrl Pts',(-47.4007583978537,24.9672536055463,-13.6260454517298));
#3622=CARTESIAN_POINT('Ctrl Pts',(-47.1821444335279,24.9596940898785,-13.729377135891));
#3623=CARTESIAN_POINT('Ctrl Pts',(-46.8629329870883,24.9486559847046,-13.880257965786));
#3624=CARTESIAN_POINT('Ctrl Pts',(-46.5730112850807,24.938473432016,-14.0862367723063));
#3625=CARTESIAN_POINT('Ctrl Pts',(-46.3256406379226,24.9297053299633,-14.3376662312258));
#3626=CARTESIAN_POINT('Ctrl Pts',(-46.3068151452886,24.9290380566126,-14.3568006090562));
#3627=CARTESIAN_POINT('Ctrl Pts',(-46.2882360671708,24.9283789827942,-14.3761982175575));
#3628=CARTESIAN_POINT('Ctrl Pts',(-46.2699092381157,24.9277283577395,-14.3958548046496));
#3629=CARTESIAN_POINT('Ctrl Pts',(-46.0028179885568,24.9182462886752,-14.6823256607219));
#3630=CARTESIAN_POINT('Ctrl Pts',(-45.794367472808,24.9107421093273,-15.0183774416731));
#3631=CARTESIAN_POINT('Ctrl Pts',(-45.656389751846,24.9057589571034,-15.3850206222928));
#3632=CARTESIAN_POINT('',(-45.4641504514532,0.,-16.4416567250933));
#3633=CARTESIAN_POINT('',(-45.4641504514532,0.,-16.4416567250933));
#3634=CARTESIAN_POINT('Origin',(-48.4641504514532,0.,-16.4416567250933));
#3635=CARTESIAN_POINT('Origin',(-48.4641504514532,0.,-16.4416567250933));
#3636=CARTESIAN_POINT('Ctrl Pts',(-265.931527944759,0.,-50.));
#3637=CARTESIAN_POINT('Ctrl Pts',(-265.931527944759,0.,50.));
#3638=CARTESIAN_POINT('Ctrl Pts',(-265.055473946508,0.530378076570228,-50.));
#3639=CARTESIAN_POINT('Ctrl Pts',(-265.055473946508,0.530378076570228,50.));
#3640=CARTESIAN_POINT('Ctrl Pts',(-263.216832100636,1.58495198768179,-50.));
#3641=CARTESIAN_POINT('Ctrl Pts',(-263.216832100636,1.58495198768179,50.));
#3642=CARTESIAN_POINT('Ctrl Pts',(-260.199262738041,3.14826707240955,-50.));
#3643=CARTESIAN_POINT('Ctrl Pts',(-260.199262738041,3.14826707240955,50.));
#3644=CARTESIAN_POINT('Ctrl Pts',(-255.655976775612,5.19553815259549,-50.));
#3645=CARTESIAN_POINT('Ctrl Pts',(-255.655976775612,5.19553815259549,50.));
#3646=CARTESIAN_POINT('Ctrl Pts',(-249.124943291855,7.68898990568333,-50.));
#3647=CARTESIAN_POINT('Ctrl Pts',(-249.124943291855,7.68898990568333,50.));
#3648=CARTESIAN_POINT('Ctrl Pts',(-241.793376047647,10.1059706726356,-50.));
#3649=CARTESIAN_POINT('Ctrl Pts',(-241.793376047647,10.1059706726356,50.));
#3650=CARTESIAN_POINT('Ctrl Pts',(-233.768122373775,12.4254224825711,-50.));
#3651=CARTESIAN_POINT('Ctrl Pts',(-233.768122373775,12.4254224825711,50.));
#3652=CARTESIAN_POINT('Ctrl Pts',(-225.236284016971,14.6118204865199,-50.));
#3653=CARTESIAN_POINT('Ctrl Pts',(-225.236284016971,14.6118204865199,50.));
#3654=CARTESIAN_POINT('Ctrl Pts',(-216.434546836393,16.6212164984082,-50.));
#3655=CARTESIAN_POINT('Ctrl Pts',(-216.434546836393,16.6212164984082,50.));
#3656=CARTESIAN_POINT('Ctrl Pts',(-207.611727140771,18.4085856325435,-50.));
#3657=CARTESIAN_POINT('Ctrl Pts',(-207.611727140771,18.4085856325435,50.));
#3658=CARTESIAN_POINT('Ctrl Pts',(-198.992106193328,19.9349936584673,-50.));
#3659=CARTESIAN_POINT('Ctrl Pts',(-198.992106193328,19.9349936584673,50.));
#3660=CARTESIAN_POINT('Ctrl Pts',(-190.74233326351,21.1742607799965,-50.));
#3661=CARTESIAN_POINT('Ctrl Pts',(-190.74233326351,21.1742607799965,50.));
#3662=CARTESIAN_POINT('Ctrl Pts',(-182.926807035475,22.1214651095693,-50.));
#3663=CARTESIAN_POINT('Ctrl Pts',(-182.926807035475,22.1214651095693,50.));
#3664=CARTESIAN_POINT('Ctrl Pts',(-175.503772723746,22.7950351179481,-50.));
#3665=CARTESIAN_POINT('Ctrl Pts',(-175.503772723746,22.7950351179481,50.));
#3666=CARTESIAN_POINT('Ctrl Pts',(-168.3700505572,23.2310016412185,-50.));
#3667=CARTESIAN_POINT('Ctrl Pts',(-168.3700505572,23.2310016412185,50.));
#3668=CARTESIAN_POINT('Ctrl Pts',(-161.393861472368,23.4794647724806,-50.));
#3669=CARTESIAN_POINT('Ctrl Pts',(-161.393861472368,23.4794647724806,50.));
#3670=CARTESIAN_POINT('Ctrl Pts',(-154.450060060554,23.6001091307551,-50.));
#3671=CARTESIAN_POINT('Ctrl Pts',(-154.450060060554,23.6001091307551,50.));
#3672=CARTESIAN_POINT('Ctrl Pts',(-147.459982235913,23.658650099244,-50.));
#3673=CARTESIAN_POINT('Ctrl Pts',(-147.459982235913,23.658650099244,50.));
#3674=CARTESIAN_POINT('Ctrl Pts',(-140.379418905946,23.7186679573191,-50.));
#3675=CARTESIAN_POINT('Ctrl Pts',(-140.379418905946,23.7186679573191,50.));
#3676=CARTESIAN_POINT('Ctrl Pts',(-133.174158562641,23.8320028316911,-50.));
#3677=CARTESIAN_POINT('Ctrl Pts',(-133.174158562641,23.8320028316911,50.));
#3678=CARTESIAN_POINT('Ctrl Pts',(-125.802389254776,24.0306590925319,-50.));
#3679=CARTESIAN_POINT('Ctrl Pts',(-125.802389254776,24.0306590925319,50.));
#3680=CARTESIAN_POINT('Ctrl Pts',(-118.188507828465,24.3154725051644,-50.));
#3681=CARTESIAN_POINT('Ctrl Pts',(-118.188507828465,24.3154725051644,50.));
#3682=CARTESIAN_POINT('Ctrl Pts',(-110.220397474325,24.6547248549387,-50.));
#3683=CARTESIAN_POINT('Ctrl Pts',(-110.220397474325,24.6547248549387,50.));
#3684=CARTESIAN_POINT('Ctrl Pts',(-101.782213719205,24.9983995317577,-50.));
#3685=CARTESIAN_POINT('Ctrl Pts',(-101.782213719205,24.9983995317577,50.));
#3686=CARTESIAN_POINT('Ctrl Pts',(-92.7794448161467,25.288843966786,-50.));
#3687=CARTESIAN_POINT('Ctrl Pts',(-92.7794448161467,25.288843966786,50.));
#3688=CARTESIAN_POINT('Ctrl Pts',(-83.1661012761864,25.472468631098,-50.));
#3689=CARTESIAN_POINT('Ctrl Pts',(-83.1661012761864,25.472468631098,50.));
#3690=CARTESIAN_POINT('Ctrl Pts',(-72.9739067761195,25.5118342549655,-50.));
#3691=CARTESIAN_POINT('Ctrl Pts',(-72.9739067761195,25.5118342549655,50.));
#3692=CARTESIAN_POINT('Ctrl Pts',(-62.3333296668961,25.3952104395109,-50.));
#3693=CARTESIAN_POINT('Ctrl Pts',(-62.3333296668961,25.3952104395109,50.));
#3694=CARTESIAN_POINT('Ctrl Pts',(-51.442325324111,25.1295639470399,-50.));
#3695=CARTESIAN_POINT('Ctrl Pts',(-51.442325324111,25.1295639470399,50.));
#3696=CARTESIAN_POINT('Ctrl Pts',(-40.5414613582355,24.735599875759,-50.));
#3697=CARTESIAN_POINT('Ctrl Pts',(-40.5414613582355,24.735599875759,50.));
#3698=CARTESIAN_POINT('Ctrl Pts',(-29.8873327145492,24.2421862478668,-50.));
#3699=CARTESIAN_POINT('Ctrl Pts',(-29.8873327145492,24.2421862478668,50.));
#3700=CARTESIAN_POINT('Ctrl Pts',(-19.7258181257673,23.68093463804,-50.));
#3701=CARTESIAN_POINT('Ctrl Pts',(-19.7258181257673,23.68093463804,50.));
#3702=CARTESIAN_POINT('Ctrl Pts',(-10.2677840152842,23.0811682138322,-50.));
#3703=CARTESIAN_POINT('Ctrl Pts',(-10.2677840152842,23.0811682138322,50.));
#3704=CARTESIAN_POINT('Ctrl Pts',(-1.6573902648979,22.4636684641676,-50.));
#3705=CARTESIAN_POINT('Ctrl Pts',(-1.6573902648979,22.4636684641676,50.));
#3706=CARTESIAN_POINT('Ctrl Pts',(6.02429201048177,21.8405303327534,-50.));
#3707=CARTESIAN_POINT('Ctrl Pts',(6.02429201048177,21.8405303327534,50.));
#3708=CARTESIAN_POINT('Ctrl Pts',(11.3961308247216,21.3424305518292,-50.));
#3709=CARTESIAN_POINT('Ctrl Pts',(11.3961308247216,21.3424305518292,50.));
#3710=CARTESIAN_POINT('Ctrl Pts',(14.9854957568469,20.9699841544305,-50.));
#3711=CARTESIAN_POINT('Ctrl Pts',(14.9854957568469,20.9699841544305,50.));
#3712=CARTESIAN_POINT('Ctrl Pts',(17.1833112013116,20.7221899249199,-50.));
#3713=CARTESIAN_POINT('Ctrl Pts',(17.1833112013116,20.7221899249199,50.));
#3714=CARTESIAN_POINT('Ctrl Pts',(18.2334461252871,20.598418507126,-50.));
#3715=CARTESIAN_POINT('Ctrl Pts',(18.2334461252871,20.598418507126,50.));
#3716=CARTESIAN_POINT('',(-20.0114367582141,23.6777434157827,-26.7298193849978));
#3717=CARTESIAN_POINT('',(-19.9796036815709,23.6758661135471,-28.7315924381446));
#3718=CARTESIAN_POINT('Ctrl Pts',(-20.011436758211,23.6777434157825,-26.7298193849978));
#3719=CARTESIAN_POINT('Ctrl Pts',(-20.0012744419814,23.6771442464685,-27.3685878518188));
#3720=CARTESIAN_POINT('Ctrl Pts',(-19.9911212570949,23.6765454852463,-28.0070433344003));
#3721=CARTESIAN_POINT('Ctrl Pts',(-19.9809581173247,23.6759460065045,-28.6463860523871));
#3722=CARTESIAN_POINT('Ctrl Pts',(-19.9805066305194,23.6759193752913,-28.6747881808421));
#3723=CARTESIAN_POINT('Ctrl Pts',(-19.9800551519724,23.6758927443077,-28.7031903094285));
#3724=CARTESIAN_POINT('Ctrl Pts',(-19.9796036815709,23.6758661135471,-28.7315924381446));
#3725=CARTESIAN_POINT('',(-18.1737956567371,23.5679710921463,-26.8089676595188));
#3726=CARTESIAN_POINT('Ctrl Pts',(-18.173795656737,23.5679710921464,-26.8089676595188));
#3727=CARTESIAN_POINT('Ctrl Pts',(-18.7647561150207,23.6037319125732,-26.7740238156953));
#3728=CARTESIAN_POINT('Ctrl Pts',(-19.3277740197223,23.6374347179658,-26.7492675738018));
#3729=CARTESIAN_POINT('Ctrl Pts',(-20.0114367582141,23.6777434157827,-26.7298193849978));
#3730=CARTESIAN_POINT('Ctrl Pts',(18.2334461252871,20.598418507126,-26.8089676595188));
#3731=CARTESIAN_POINT('Ctrl Pts',(17.178384101807,20.7227706446706,-26.8089676595188));
#3732=CARTESIAN_POINT('Ctrl Pts',(16.0642440518592,20.8472759757868,-26.8089676595188));
#3733=CARTESIAN_POINT('Ctrl Pts',(14.8910151018224,20.9719304715113,-26.8089676595188));
#3734=CARTESIAN_POINT('Ctrl Pts',(14.0680533987561,21.0593693947436,-26.8089676595188));
#3735=CARTESIAN_POINT('Ctrl Pts',(13.2160161527643,21.1468817228298,-26.8089676595188));
#3736=CARTESIAN_POINT('Ctrl Pts',(12.3349305079298,21.2344589103531,-26.8089676595188));
#3737=CARTESIAN_POINT('Ctrl Pts',(11.5587781266632,21.3116060560811,-26.8089676595188));
#3738=CARTESIAN_POINT('Ctrl Pts',(10.7600837611638,21.3888035767447,-26.8089676595188));
#3739=CARTESIAN_POINT('Ctrl Pts',(9.93890676049699,21.4660387234541,-26.8089676595188));
#3740=CARTESIAN_POINT('Ctrl Pts',(9.17876446094534,21.5375333001143,-26.8089676595188));
#3741=CARTESIAN_POINT('Ctrl Pts',(8.39935698545342,21.6090601573998,-26.8089676595188));
#3742=CARTESIAN_POINT('Ctrl Pts',(7.60077591843621,21.6806022508562,-26.8089676595188));
#3743=CARTESIAN_POINT('Ctrl Pts',(6.84474860976951,21.7483321014702,-26.8089676595188));
#3744=CARTESIAN_POINT('Ctrl Pts',(6.07153635199247,21.8160756397022,-26.8089676595188));
#3745=CARTESIAN_POINT('Ctrl Pts',(5.28126349325977,21.8838114266585,-26.8089676595188));
#3746=CARTESIAN_POINT('Ctrl Pts',(4.52121395295179,21.9489567156174,-26.8089676595188));
#3747=CARTESIAN_POINT('Ctrl Pts',(3.74538357232293,22.0140948560343,-26.8089676595188));
#3748=CARTESIAN_POINT('Ctrl Pts',(2.95393129384887,22.0791997315305,-26.8089676595188));
#3749=CARTESIAN_POINT('Ctrl Pts',(2.18527610578166,22.1424293180511,-26.8089676595188));
#3750=CARTESIAN_POINT('Ctrl Pts',(1.40188580885918,22.2056275480749,-26.8089676595188));
#3751=CARTESIAN_POINT('Ctrl Pts',(0.603955544850508,22.2687634268843,-26.8089676595188));
#3752=CARTESIAN_POINT('Ctrl Pts',(-0.161100329167484,22.3292981341428,-26.8089676595188));
#3753=CARTESIAN_POINT('Ctrl Pts',(-0.939522796005784,22.3897755192834,-26.8089676595188));
#3754=CARTESIAN_POINT('Ctrl Pts',(-1.73109221627278,22.4501615734697,-26.8089676595188));
#3755=CARTESIAN_POINT('Ctrl Pts',(-2.50199283829452,22.5089708775457,-26.8089676595188));
#3756=CARTESIAN_POINT('Ctrl Pts',(-3.28536296490311,22.5676935755288,-26.8089676595188));
#3757=CARTESIAN_POINT('Ctrl Pts',(-4.08095225320193,22.6262916661716,-26.8089676595188));
#3758=CARTESIAN_POINT('Ctrl Pts',(-4.85664370375581,22.6834242075456,-26.8089676595188));
#3759=CARTESIAN_POINT('Ctrl Pts',(-5.64395092968554,22.7404383201783,-26.8089676595188));
#3760=CARTESIAN_POINT('Ctrl Pts',(-6.44259358683631,22.7972921034946,-26.8089676595188));
#3761=CARTESIAN_POINT('Ctrl Pts',(-7.22350856214385,22.8528838883775,-26.8089676595188));
#3762=CARTESIAN_POINT('Ctrl Pts',(-8.0152614782892,22.908322403433,-26.8089676595188));
#3763=CARTESIAN_POINT('Ctrl Pts',(-8.81754101103767,22.9635616821305,-26.8089676595188));
#3764=CARTESIAN_POINT('Ctrl Pts',(-9.60036481353477,23.0174613772268,-26.8089676595188));
#3765=CARTESIAN_POINT('Ctrl Pts',(-10.393210967934,23.0711713947589,-26.8089676595188));
#3766=CARTESIAN_POINT('Ctrl Pts',(-11.1957410340902,23.124642249388,-26.8089676595188));
#3767=CARTESIAN_POINT('Ctrl Pts',(-11.9949791939989,23.1778937713741,-26.8089676595188));
#3768=CARTESIAN_POINT('Ctrl Pts',(-12.8038220416674,23.2309080888649,-26.8089676595188));
#3769=CARTESIAN_POINT('Ctrl Pts',(-13.6218842177139,23.2836293382974,-26.8089676595188));
#3770=CARTESIAN_POINT('Ctrl Pts',(-14.4363989491454,23.3361219673172,-26.8089676595188));
#3771=CARTESIAN_POINT('Ctrl Pts',(-15.2600532383729,23.3883240574842,-26.8089676595188));
#3772=CARTESIAN_POINT('Ctrl Pts',(-16.0924156147299,23.4401736075642,-26.8089676595188));
#3773=CARTESIAN_POINT('Ctrl Pts',(-16.7803516360821,23.4830265454241,-26.8089676595188));
#3774=CARTESIAN_POINT('Ctrl Pts',(-17.4742350660961,23.5256385463576,-26.8089676595188));
#3775=CARTESIAN_POINT('Ctrl Pts',(-18.1737956567965,23.5679710921499,-26.8089676595188));
#3776=CARTESIAN_POINT('',(18.2334461252871,20.598418507126,-7.));
#3777=CARTESIAN_POINT('',(18.2334461252871,20.598418507126,7.));
#3778=CARTESIAN_POINT('',(-18.1737956567368,23.5679710921463,26.8089676595188));
#3779=CARTESIAN_POINT('Ctrl Pts',(-18.1737956568002,23.5679710921502,26.8089676595188));
#3780=CARTESIAN_POINT('Ctrl Pts',(-17.3283883821463,23.5168129185149,26.8089676595188));
#3781=CARTESIAN_POINT('Ctrl Pts',(-16.4912735720727,23.4652467976943,26.8089676595188));
#3782=CARTESIAN_POINT('Ctrl Pts',(-15.6629237291866,23.4133401263738,26.8089676595188));
#3783=CARTESIAN_POINT('Ctrl Pts',(-14.831708402977,23.3612538960152,26.8089676595188));
#3784=CARTESIAN_POINT('Ctrl Pts',(-14.0093187689255,23.3088247609416,26.8089676595188));
#3785=CARTESIAN_POINT('Ctrl Pts',(-13.1961802585601,23.2561139485708,26.8089676595188));
#3786=CARTESIAN_POINT('Ctrl Pts',(-12.3664756498133,23.2023292570363,26.8089676595188));
#3787=CARTESIAN_POINT('Ctrl Pts',(-11.5464030802076,23.148251320922,26.8089676595188));
#3788=CARTESIAN_POINT('Ctrl Pts',(-10.7363594446641,23.0939377668905,26.8089676595188));
#3789=CARTESIAN_POINT('Ctrl Pts',(-9.92294703632789,23.03939833611,26.8089676595188));
#3790=CARTESIAN_POINT('Ctrl Pts',(-9.11964703527672,22.9846213141668,26.8089676595188));
#3791=CARTESIAN_POINT('Ctrl Pts',(-8.32680612311962,22.9296574820205,26.8089676595188));
#3792=CARTESIAN_POINT('Ctrl Pts',(-7.51569697313199,22.873427201155,26.8089676595188));
#3793=CARTESIAN_POINT('Ctrl Pts',(-6.71553431285191,22.8170013837863,26.8089676595188));
#3794=CARTESIAN_POINT('Ctrl Pts',(-5.92663379452062,22.7604267455669,26.8089676595188));
#3795=CARTESIAN_POINT('Ctrl Pts',(-5.11721048080159,22.7023803505198,26.8089676595188));
#3796=CARTESIAN_POINT('Ctrl Pts',(-4.31964272949129,22.6441772700305,26.8089676595188));
#3797=CARTESIAN_POINT('Ctrl Pts',(-3.53421589348562,22.5858602885061,26.8089676595188));
#3798=CARTESIAN_POINT('Ctrl Pts',(-2.72634421258272,22.5258768047117,26.8089676595188));
#3799=CARTESIAN_POINT('Ctrl Pts',(-1.93131706179206,22.4657727915773,26.8089676595188));
#3800=CARTESIAN_POINT('Ctrl Pts',(-1.14938958137689,22.4055871471067,26.8089676595188));
#3801=CARTESIAN_POINT('Ctrl Pts',(-0.347304748763596,22.3438499735453,26.8089676595188));
#3802=CARTESIAN_POINT('Ctrl Pts',(0.440996478068908,22.2820268881061,26.8089676595188));
#3803=CARTESIAN_POINT('Ctrl Pts',(1.21529319343596,22.2201522970426,26.8089676595188));
#3804=CARTESIAN_POINT('Ctrl Pts',(2.01121748830577,22.1565494310026,26.8089676595188));
#3805=CARTESIAN_POINT('Ctrl Pts',(2.79234417719282,22.092892124592,26.8089676595188));
#3806=CARTESIAN_POINT('Ctrl Pts',(3.55848764107697,22.0292100918635,26.8089676595188));
#3807=CARTESIAN_POINT('Ctrl Pts',(4.3642255801581,21.9622369566403,26.8089676595188));
#3808=CARTESIAN_POINT('Ctrl Pts',(5.15339165618831,21.8952364765899,26.8089676595188));
#3809=CARTESIAN_POINT('Ctrl Pts',(5.92582772276032,21.8282349284802,26.8089676595188));
#3810=CARTESIAN_POINT('Ctrl Pts',(6.73282804635681,21.7582352568622,26.8089676595188));
#3811=CARTESIAN_POINT('Ctrl Pts',(7.52156792321079,21.6882343893866,26.8089676595188));
#3812=CARTESIAN_POINT('Ctrl Pts',(8.29192586687206,21.6182536539424,26.8089676595188));
#3813=CARTESIAN_POINT('Ctrl Pts',(9.10796043429354,21.5441235698095,26.8089676595188));
#3814=CARTESIAN_POINT('Ctrl Pts',(9.90336905835273,21.4700160293909,26.8089676595188));
#3815=CARTESIAN_POINT('Ctrl Pts',(10.6780662049981,21.3959474920343,26.8089676595188));
#3816=CARTESIAN_POINT('Ctrl Pts',(11.5617043054643,21.3114631462,26.8089676595188));
#3817=CARTESIAN_POINT('Ctrl Pts',(12.4183965881284,21.2270295475211,26.8089676595188));
#3818=CARTESIAN_POINT('Ctrl Pts',(13.248085907697,21.1426600335108,26.8089676595188));
#3819=CARTESIAN_POINT('Ctrl Pts',(14.2344002631699,21.0423636202993,26.8089676595188));
#3820=CARTESIAN_POINT('Ctrl Pts',(15.1825558335006,20.9421576955974,26.8089676595188));
#3821=CARTESIAN_POINT('Ctrl Pts',(16.0925366495215,20.8420502636223,26.8089676595188));
#3822=CARTESIAN_POINT('Ctrl Pts',(16.8313319495019,20.7607750334919,26.8089676595188));
#3823=CARTESIAN_POINT('Ctrl Pts',(17.5449670892627,20.6795642956,26.8089676595188));
#3824=CARTESIAN_POINT('Ctrl Pts',(18.2334461252871,20.598418507126,26.8089676595188));
#3825=CARTESIAN_POINT('',(-19.9240656822508,23.6725888098503,26.732359870662));
#3826=CARTESIAN_POINT('Ctrl Pts',(-19.9240656822508,23.6725888098504,26.732359870662));
#3827=CARTESIAN_POINT('Ctrl Pts',(-19.2828887185447,23.634737886449,26.7514093152268));
#3828=CARTESIAN_POINT('Ctrl Pts',(-18.7133877698086,23.600623457273,26.7770612565383));
#3829=CARTESIAN_POINT('Ctrl Pts',(-18.1737956567368,23.5679710921463,26.8089676595188));
#3830=CARTESIAN_POINT('',(-19.9032490718964,23.6713597498651,28.7339093383184));
#3831=CARTESIAN_POINT('Ctrl Pts',(-19.9032490718964,23.6713597498651,28.7339093383184));
#3832=CARTESIAN_POINT('Ctrl Pts',(-19.9035346263749,23.6713766121542,28.7064463234444));
#3833=CARTESIAN_POINT('Ctrl Pts',(-19.9038201836395,23.6713934745049,28.6789833085993));
#3834=CARTESIAN_POINT('Ctrl Pts',(-19.9107577975741,23.6718031428212,28.0117758475373));
#3835=CARTESIAN_POINT('Ctrl Pts',(-19.9174109138048,23.672195955545,27.3720745546185));
#3836=CARTESIAN_POINT('Ctrl Pts',(-19.9240656822445,23.67258880985,26.732359870662));
#3837=CARTESIAN_POINT('',(-22.5252426281943,23.8233015041228,28.6971481618126));
#3838=CARTESIAN_POINT('Ctrl Pts',(-19.9033263301633,23.6713616782714,28.7338268307854));
#3839=CARTESIAN_POINT('Ctrl Pts',(-20.1154721547493,23.6838866169113,28.727286574461));
#3840=CARTESIAN_POINT('Ctrl Pts',(-20.3333649275676,23.6966942173741,28.7216068937732));
#3841=CARTESIAN_POINT('Ctrl Pts',(-20.5580573848177,23.709840346803,28.7167892860124));
#3842=CARTESIAN_POINT('Ctrl Pts',(-21.158234049896,23.7449550107124,28.7039209601462));
#3843=CARTESIAN_POINT('Ctrl Pts',(-21.8069250387678,23.7824850078686,28.6972033439972));
#3844=CARTESIAN_POINT('Ctrl Pts',(-22.5246743905791,23.8232794565542,28.6971514496337));
#3845=CARTESIAN_POINT('',(-75.6324396911702,25.4779205711219,37.1216344964534));
#3846=CARTESIAN_POINT('Ctrl Pts',(-22.5246743905791,23.8232794565542,28.6971514496337));
#3847=CARTESIAN_POINT('Ctrl Pts',(-22.8279781967673,23.840518220374,28.6971295203098));
#3848=CARTESIAN_POINT('Ctrl Pts',(-23.1436138003751,23.8583399194566,28.6982978933218));
#3849=CARTESIAN_POINT('Ctrl Pts',(-23.4731314487185,23.8768086280247,28.7006954313329));
#3850=CARTESIAN_POINT('Ctrl Pts',(-24.0277816519025,23.9078955000369,28.7047310116779));
#3851=CARTESIAN_POINT('Ctrl Pts',(-24.6217628048023,23.9408154951965,28.7122490924539));
#3852=CARTESIAN_POINT('Ctrl Pts',(-25.2615028374884,23.9757152733345,28.7229578540749));
#3853=CARTESIAN_POINT('Ctrl Pts',(-25.5813728538314,23.9931651624035,28.7283122348854));
#3854=CARTESIAN_POINT('Ctrl Pts',(-25.912682590121,24.011109997217,28.7344642859071));
#3855=CARTESIAN_POINT('Ctrl Pts',(-26.2573764723998,24.0296222150431,28.7413987928821));
#3856=CARTESIAN_POINT('Ctrl Pts',(-26.4297234135392,24.0388783239562,28.7448660463697));
#3857=CARTESIAN_POINT('Ctrl Pts',(-26.605416391176,24.0482762786224,28.7485289138455));
#3858=CARTESIAN_POINT('Ctrl Pts',(-26.7834762395445,24.0577616781913,28.7523533318893));
#3859=CARTESIAN_POINT('Ctrl Pts',(-26.9615360879131,24.0672470777603,28.7561777499331));
#3860=CARTESIAN_POINT('Ctrl Pts',(-27.1419628070134,24.0768199222319,28.760163718545));
#3861=CARTESIAN_POINT('Ctrl Pts',(-27.327165731355,24.0865991780017,28.7643600304213));
#3862=CARTESIAN_POINT('Ctrl Pts',(-28.0679774287213,24.1257162010809,28.7811452779266));
#3863=CARTESIAN_POINT('Ctrl Pts',(-28.8852084099473,24.1681358049305,28.8012960176641));
#3864=CARTESIAN_POINT('Ctrl Pts',(-29.7201871366185,24.2105210632414,28.8230519727115));
#3865=CARTESIAN_POINT('Ctrl Pts',(-30.5551658632897,24.2529063215524,28.844807927759));
#3866=CARTESIAN_POINT('Ctrl Pts',(-31.4078923354061,24.2952572343248,28.8681690981164));
#3867=CARTESIAN_POINT('Ctrl Pts',(-32.2171423649198,24.3345939623642,28.8917591338463));
#3868=CARTESIAN_POINT('Ctrl Pts',(-32.4194548722982,24.344428144374,28.8976566427788));
#3869=CARTESIAN_POINT('Ctrl Pts',(-32.619050102014,24.354073939838,28.9035684557971));
#3870=CARTESIAN_POINT('Ctrl Pts',(-32.8182073816191,24.3636471744163,28.9095750234721));
#3871=CARTESIAN_POINT('Ctrl Pts',(-33.0173646612242,24.3732204089946,28.9155815911471));
#3872=CARTESIAN_POINT('Ctrl Pts',(-33.2160839907187,24.3827210826872,28.9216829134788));
#3873=CARTESIAN_POINT('Ctrl Pts',(-33.4132917175641,24.3921010573949,28.9278373734758));
#3874=CARTESIAN_POINT('Ctrl Pts',(-33.807707171255,24.4108610068105,28.9401462934697));
#3875=CARTESIAN_POINT('Ctrl Pts',(-34.19607621435,24.4291381602868,28.9526677641246));
#3876=CARTESIAN_POINT('Ctrl Pts',(-34.5799834112721,24.4469900343975,28.9656892581877));
#3877=CARTESIAN_POINT('Ctrl Pts',(-35.3477978051165,24.4826937826188,28.9917322463137));
#3878=CARTESIAN_POINT('Ctrl Pts',(-36.0977648142698,24.5166964133774,29.0197753280723));
#3879=CARTESIAN_POINT('Ctrl Pts',(-36.8294452148526,24.5492584324118,29.0494931805323));
#3880=CARTESIAN_POINT('Ctrl Pts',(-38.2928060160184,24.6143824704806,29.1089288854522));
#3881=CARTESIAN_POINT('Ctrl Pts',(-39.6830203829024,24.6737440616524,29.1750636731775));
#3882=CARTESIAN_POINT('Ctrl Pts',(-41.0275549605714,24.7284432241256,29.2550771965335));
#3883=CARTESIAN_POINT('Ctrl Pts',(-43.7166241159092,24.8378415490719,29.4151042432454));
#3884=CARTESIAN_POINT('Ctrl Pts',(-46.2229741143866,24.9285901592236,29.6306462324799));
#3885=CARTESIAN_POINT('Ctrl Pts',(-48.5715474329165,25.0062168722474,29.8933559549075));
#3886=CARTESIAN_POINT('Ctrl Pts',(-57.965840707036,25.3167237243424,30.944194844618));
#3887=CARTESIAN_POINT('Ctrl Pts',(-64.8357071019947,25.4172802223897,32.7497174654191));
#3888=CARTESIAN_POINT('Ctrl Pts',(-70.0951770632116,25.4566831120123,34.7381183896158));
#3889=CARTESIAN_POINT('Ctrl Pts',(-72.1509528323043,25.4720845700139,35.5153272090117));
#3890=CARTESIAN_POINT('Ctrl Pts',(-73.96069165532,25.478142957736,36.3204762413442));
#3891=CARTESIAN_POINT('Ctrl Pts',(-75.633814477258,25.4779908859947,37.1220638245906));
#3892=CARTESIAN_POINT('',(-76.2308588312567,25.4775484669174,35.190816660718));
#3893=CARTESIAN_POINT('Ctrl Pts',(-76.2308588312626,25.4775484669174,35.1908166607207));
#3894=CARTESIAN_POINT('Ctrl Pts',(-76.0459766112577,25.4777430754854,35.7889274810703));
#3895=CARTESIAN_POINT('Ctrl Pts',(-75.8628834092029,25.4778632576932,36.3793625868662));
#3896=CARTESIAN_POINT('Ctrl Pts',(-75.6763067560927,25.4779107790455,36.980345734721));
#3897=CARTESIAN_POINT('Ctrl Pts',(-75.6616850959814,25.4779145032042,37.0274436495676));
#3898=CARTESIAN_POINT('Ctrl Pts',(-75.6470634970927,25.4779177670699,37.0745372477688));
#3899=CARTESIAN_POINT('Ctrl Pts',(-75.6324396911702,25.4779205711219,37.1216344964534));
#3900=CARTESIAN_POINT('',(-107.580024963056,24.758282267412,43.9730462608814));
#3901=CARTESIAN_POINT('Ctrl Pts',(-107.580024963056,24.758282267412,43.9730462608814));
#3902=CARTESIAN_POINT('Ctrl Pts',(-105.703562044139,24.8335782927538,43.9326003777949));
#3903=CARTESIAN_POINT('Ctrl Pts',(-103.969235729427,24.9004262623445,43.8217826160762));
#3904=CARTESIAN_POINT('Ctrl Pts',(-102.391924029858,24.9579945021631,43.6745572255211));
#3905=CARTESIAN_POINT('Ctrl Pts',(-94.2023026260656,25.2568967984728,42.9101425508559));
#3906=CARTESIAN_POINT('Ctrl Pts',(-88.7362854881039,25.3591638283296,41.0643112768219));
#3907=CARTESIAN_POINT('Ctrl Pts',(-85.056088109655,25.4110364498952,39.4775647556247));
#3908=CARTESIAN_POINT('Ctrl Pts',(-84.1288949524107,25.4241052977906,39.0777980133975));
#3909=CARTESIAN_POINT('Ctrl Pts',(-83.3140915513006,25.433708698993,38.696626664526));
#3910=CARTESIAN_POINT('Ctrl Pts',(-82.5983722135977,25.4411715581906,38.351925020265));
#3911=CARTESIAN_POINT('Ctrl Pts',(-81.8452571485273,25.4490243454413,37.989213007927));
#3912=CARTESIAN_POINT('Ctrl Pts',(-81.1228643377849,25.4553352341189,37.6280080561358));
#3913=CARTESIAN_POINT('Ctrl Pts',(-80.3875989892434,25.4605834088144,37.2572274947812));
#3914=CARTESIAN_POINT('Ctrl Pts',(-79.048131528754,25.470144255447,36.58175911061));
#3915=CARTESIAN_POINT('Ctrl Pts',(-77.6954112177466,25.4760068668507,35.8886546360995));
#3916=CARTESIAN_POINT('Ctrl Pts',(-76.2308588312567,25.4775484669174,35.190816660718));
#3917=CARTESIAN_POINT('',(-107.401385239803,24.7654427287129,45.9695342801178));
#3918=CARTESIAN_POINT('Ctrl Pts',(-107.401385239803,24.7654427287129,45.9695342801178));
#3919=CARTESIAN_POINT('Ctrl Pts',(-107.404696947242,24.7653101297734,45.9325807198428));
#3920=CARTESIAN_POINT('Ctrl Pts',(-107.408009221034,24.7651774999972,45.8956175760655));
#3921=CARTESIAN_POINT('Ctrl Pts',(-107.46763698222,24.7627897438411,45.2301460934183));
#3922=CARTESIAN_POINT('Ctrl Pts',(-107.523871634381,24.7605355080256,44.6016008571976));
#3923=CARTESIAN_POINT('Ctrl Pts',(-107.580024963049,24.7582822674123,43.9730462608811));
#3924=CARTESIAN_POINT('',(-109.082317128038,24.6975118820011,45.9893283497985));
#3925=CARTESIAN_POINT('Ctrl Pts',(-107.40325570578,24.7653624118348,45.9692514569672));
#3926=CARTESIAN_POINT('Ctrl Pts',(-107.814909409308,24.7488813879675,45.9789645913903));
#3927=CARTESIAN_POINT('Ctrl Pts',(-108.229273826135,24.7321680607533,45.9853261036751));
#3928=CARTESIAN_POINT('Ctrl Pts',(-108.644553525665,24.7153149436411,45.9880360587771));
#3929=CARTESIAN_POINT('Ctrl Pts',(-108.7896823516,24.7094252430306,45.9889831135037));
#3930=CARTESIAN_POINT('Ctrl Pts',(-108.934922961939,24.7035184697382,45.9894841998512));
#3931=CARTESIAN_POINT('Ctrl Pts',(-109.080252674038,24.6975970546258,45.9895312258526));
#3932=CARTESIAN_POINT('',(-265.931527944759,0.,0.));
#3933=CARTESIAN_POINT('Ctrl Pts',(-109.080252674038,24.6975970546258,45.9895312258526));
#3934=CARTESIAN_POINT('Ctrl Pts',(-110.026599304931,24.6590384477116,45.9898374460832));
#3935=CARTESIAN_POINT('Ctrl Pts',(-110.976724074852,24.6198589907494,45.9708903639987));
#3936=CARTESIAN_POINT('Ctrl Pts',(-111.924364001811,24.5807298772689,45.9304556790455));
#3937=CARTESIAN_POINT('Ctrl Pts',(-113.017532251335,24.5355917364287,45.8838114711426));
#3938=CARTESIAN_POINT('Ctrl Pts',(-114.107393865812,24.4905205887641,45.8085732386471));
#3939=CARTESIAN_POINT('Ctrl Pts',(-115.123973476741,24.4489130405819,45.7115455715317));
#3940=CARTESIAN_POINT('Ctrl Pts',(-116.140553087669,24.4073054923998,45.6145179044163));
#3941=CARTESIAN_POINT('Ctrl Pts',(-117.08385069505,24.3691615436999,45.4957008026811));
#3942=CARTESIAN_POINT('Ctrl Pts',(-117.968627905917,24.334100988691,45.3596935722177));
#3943=CARTESIAN_POINT('Ctrl Pts',(-119.738182327649,24.2639798786732,45.0876791112908));
#3944=CARTESIAN_POINT('Ctrl Pts',(-121.273655163323,24.2061923434188,44.746904135451));
#3945=CARTESIAN_POINT('Ctrl Pts',(-122.585326903481,24.1592003946864,44.3852018929564));
#3946=CARTESIAN_POINT('Ctrl Pts',(-123.896998643639,24.1122084459539,44.0234996504618));
#3947=CARTESIAN_POINT('Ctrl Pts',(-124.984869288282,24.0760120837432,43.6408701413122));
#3948=CARTESIAN_POINT('Ctrl Pts',(-125.915571071315,24.0463805043191,43.2699883036202));
#3949=CARTESIAN_POINT('Ctrl Pts',(-126.380921962832,24.031564714607,43.0845473847742));
#3950=CARTESIAN_POINT('Ctrl Pts',(-126.806980638946,24.0183901205916,42.9020433837926));
#3951=CARTESIAN_POINT('Ctrl Pts',(-127.235899360693,24.0055061364041,42.7059306129011));
#3952=CARTESIAN_POINT('Ctrl Pts',(-127.66481808244,23.9926221522166,42.5098178420097));
#3953=CARTESIAN_POINT('Ctrl Pts',(-128.096596849821,23.9800287778571,42.3000963012083));
#3954=CARTESIAN_POINT('Ctrl Pts',(-128.521905606806,23.9679946070636,42.0807527288856));
#3955=CARTESIAN_POINT('Ctrl Pts',(-129.372523120778,23.9439262654766,41.64206558424));
#3956=CARTESIAN_POINT('Ctrl Pts',(-130.197260593172,23.9220947381538,41.1648903135088));
#3957=CARTESIAN_POINT('Ctrl Pts',(-131.03603073035,23.9014700607301,40.6267406176677));
#3958=CARTESIAN_POINT('Ctrl Pts',(-131.874800867529,23.8808453833065,40.0885909218267));
#3959=CARTESIAN_POINT('Ctrl Pts',(-132.727603669493,23.861427555782,39.4894668008757));
#3960=CARTESIAN_POINT('Ctrl Pts',(-133.605371501723,23.8430596620552,38.8274512950072));
#3961=CARTESIAN_POINT('Ctrl Pts',(-135.360907166183,23.8063238746015,37.5034202832701));
#3962=CARTESIAN_POINT('Ctrl Pts',(-137.21630295171,23.7737878223383,35.9278237318626));
#3963=CARTESIAN_POINT('Ctrl Pts',(-139.418122876189,23.7440044151286,33.9741274610355));
#3964=CARTESIAN_POINT('Ctrl Pts',(-139.968577857309,23.7365585633261,33.4857033933287));
#3965=CARTESIAN_POINT('Ctrl Pts',(-140.540684347113,23.7292847518395,32.9736480931582));
#3966=CARTESIAN_POINT('Ctrl Pts',(-141.109843639438,23.7224882789113,32.4607446448137));
#3967=CARTESIAN_POINT('Ctrl Pts',(-141.679002931763,23.7156918059831,31.9478411964692));
#3968=CARTESIAN_POINT('Ctrl Pts',(-142.245215026609,23.7093726716133,31.4340895999508));
#3969=CARTESIAN_POINT('Ctrl Pts',(-142.798477311666,23.7034873497277,30.9301611205573));
#3970=CARTESIAN_POINT('Ctrl Pts',(-143.90500188178,23.6917167059566,29.9223041617702));
#3971=CARTESIAN_POINT('Ctrl Pts',(-144.95972721274,23.6816813121225,28.9537396714828));
#3972=CARTESIAN_POINT('Ctrl Pts',(-145.96653589314,23.6723649076554,28.0323102534192));
#3973=CARTESIAN_POINT('Ctrl Pts',(-147.980153253939,23.6537320987213,26.189451417292));
#3974=CARTESIAN_POINT('Ctrl Pts',(-149.802104012495,23.6379752472552,24.5351328700602));
#3975=CARTESIAN_POINT('Ctrl Pts',(-151.489869844549,23.6199792345765,23.1211394395351));
#3976=CARTESIAN_POINT('Ctrl Pts',(-152.615047065918,23.6079818927906,22.1784771525183));
#3977=CARTESIAN_POINT('Ctrl Pts',(-153.680586542175,23.5949893682436,21.3426260284823));
#3978=CARTESIAN_POINT('Ctrl Pts',(-154.740726802395,23.5802249539403,20.5872193502481));
#3979=CARTESIAN_POINT('Ctrl Pts',(-156.861007322836,23.5506961253338,19.0764059937795));
#3980=CARTESIAN_POINT('Ctrl Pts',(-158.959690979127,23.5140797377025,17.887370420518));
#3981=CARTESIAN_POINT('Ctrl Pts',(-161.427289826721,23.4466591074624,16.8955563405367));
#3982=CARTESIAN_POINT('Ctrl Pts',(-162.352639394569,23.4213763711224,16.5236260605437));
#3983=CARTESIAN_POINT('Ctrl Pts',(-163.329867661194,23.3917617881655,16.1794300530433));
#3984=CARTESIAN_POINT('Ctrl Pts',(-164.434349366118,23.352276558255,15.8407809760658));
#3985=CARTESIAN_POINT('Ctrl Pts',(-165.538831071042,23.3127913283445,15.5021318990884));
#3986=CARTESIAN_POINT('Ctrl Pts',(-166.770566214265,23.2634354514804,15.1690297526339));
#3987=CARTESIAN_POINT('Ctrl Pts',(-168.174827115772,23.1956075496218,14.8399877965557));
#3988=CARTESIAN_POINT('Ctrl Pts',(-169.579088017278,23.1277796477631,14.5109458404774));
#3989=CARTESIAN_POINT('Ctrl Pts',(-171.155874677068,23.0414797209099,14.1859640747753));
#3990=CARTESIAN_POINT('Ctrl Pts',(-172.899972560059,22.9264381647862,13.8665780440379));
#3991=CARTESIAN_POINT('Ctrl Pts',(-173.772021501555,22.8689173867243,13.7068850286692));
#3992=CARTESIAN_POINT('Ctrl Pts',(-174.685898248851,22.8042112013448,13.5485909470416));
#3993=CARTESIAN_POINT('Ctrl Pts',(-175.638934721308,22.7309365398975,13.392440593308));
#3994=CARTESIAN_POINT('Ctrl Pts',(-176.591971193764,22.6576618784502,13.2362902395744));
#3995=CARTESIAN_POINT('Ctrl Pts',(-177.584167391382,22.575818740935,13.0822836137348));
#3996=CARTESIAN_POINT('Ctrl Pts',(-178.612718696022,22.4844331661236,12.9305984991781));
#3997=CARTESIAN_POINT('Ctrl Pts',(-179.641270000663,22.3930475913122,12.7789133846214));
#3998=CARTESIAN_POINT('Ctrl Pts',(-180.706176412326,22.2921195792044,12.6295497813477));
#3999=CARTESIAN_POINT('Ctrl Pts',(-181.817740147351,22.1789521734285,12.4818441575706));
#4000=CARTESIAN_POINT('Ctrl Pts',(-182.929303882375,22.0657847676526,12.3341385337935));
#4001=CARTESIAN_POINT('Ctrl Pts',(-184.087524940761,21.9403779682086,12.188090889513));
#4002=CARTESIAN_POINT('Ctrl Pts',(-185.265436399979,21.8045128006664,12.0475595886739));
#4003=CARTESIAN_POINT('Ctrl Pts',(-186.443347859198,21.6686476331243,11.9070282878347));
#4004=CARTESIAN_POINT('Ctrl Pts',(-187.640949719249,21.5223240974841,11.7720133304369));
#4005=CARTESIAN_POINT('Ctrl Pts',(-188.830013377211,21.3691743389487,11.6452251246506));
#4006=CARTESIAN_POINT('Ctrl Pts',(-190.019077035172,21.2160245804134,11.5184369188643));
#4007=CARTESIAN_POINT('Ctrl Pts',(-191.199602491044,21.0560485989829,11.3998754646896));
#4008=CARTESIAN_POINT('Ctrl Pts',(-192.386273022357,20.8879603605273,11.2871963762416));
#4009=CARTESIAN_POINT('Ctrl Pts',(-192.831274471599,20.8249272711065,11.2449417180736));
#4010=CARTESIAN_POINT('Ctrl Pts',(-193.277140072075,20.7607533955414,11.2035142675859));
#4011=CARTESIAN_POINT('Ctrl Pts',(-193.7224765349,20.6956221293815,11.163027727324));
#4012=CARTESIAN_POINT('Ctrl Pts',(-194.167812997724,20.6304908632215,11.122541187062));
#4013=CARTESIAN_POINT('Ctrl Pts',(-194.612620322896,20.5644022064666,11.0829955570258));
#4014=CARTESIAN_POINT('Ctrl Pts',(-195.057730279058,20.4972684604311,11.0443105062818));
#4015=CARTESIAN_POINT('Ctrl Pts',(-195.947950191381,20.36300096836,10.9669404047938));
#4016=CARTESIAN_POINT('Ctrl Pts',(-196.839380627662,20.2245531191666,10.8930126204749));
#4017=CARTESIAN_POINT('Ctrl Pts',(-197.730279626828,20.0823436804274,10.8220831385808));
#4018=CARTESIAN_POINT('Ctrl Pts',(-199.512077625162,19.7979248029489,10.6802241747925));
#4019=CARTESIAN_POINT('Ctrl Pts',(-201.291749875039,19.4984595672872,10.5503584207032));
#4020=CARTESIAN_POINT('Ctrl Pts',(-203.064354554958,19.1859089999037,10.4311335717806));
#4021=CARTESIAN_POINT('Ctrl Pts',(-206.609563914796,18.5608078651365,10.1926838739354));
#4022=CARTESIAN_POINT('Ctrl Pts',(-210.126502994803,17.883365403482,9.99679779675681));
#4023=CARTESIAN_POINT('Ctrl Pts',(-213.611101930105,17.1612064165934,9.78781728336538));
#4024=CARTESIAN_POINT('Ctrl Pts',(-217.095700865408,16.4390474297048,9.57883676997396));
#4025=CARTESIAN_POINT('Ctrl Pts',(-220.547959656006,15.6721719175822,9.35676182036974));
#4026=CARTESIAN_POINT('Ctrl Pts',(-224.02002454414,14.8436081325812,9.1015215363773));
#4027=CARTESIAN_POINT('Ctrl Pts',(-227.492089432274,14.0150443475803,8.84628125238486));
#4028=CARTESIAN_POINT('Ctrl Pts',(-230.983960417944,13.124792289701,8.5578756340042));
#4029=CARTESIAN_POINT('Ctrl Pts',(-234.378214643878,12.1907155604841,8.25422522874161));
#4030=CARTESIAN_POINT('Ctrl Pts',(-236.075341756845,11.7236771958756,8.10240002611032));
#4031=CARTESIAN_POINT('Ctrl Pts',(-237.748064679878,11.2456826634327,7.94676362675854));
#4032=CARTESIAN_POINT('Ctrl Pts',(-239.402363462124,10.7534640576456,7.7823494732363));
#4033=CARTESIAN_POINT('Ctrl Pts',(-240.229512853247,10.507354754752,7.70014239647518));
#4034=CARTESIAN_POINT('Ctrl Pts',(-241.052056209174,10.2576894335224,7.61574088117145));
#4035=CARTESIAN_POINT('Ctrl Pts',(-241.846968353969,10.011500047095,7.5321023070858));
#4036=CARTESIAN_POINT('Ctrl Pts',(-242.641880498764,9.76531066066753,7.44846373300015));
#4037=CARTESIAN_POINT('Ctrl Pts',(-243.409161432428,9.52259720904229,7.36558810013257));
#4038=CARTESIAN_POINT('Ctrl Pts',(-244.143919857782,9.285499709395,7.28163742862215));
#4039=CARTESIAN_POINT('Ctrl Pts',(-247.082953559197,8.33710971080583,6.94583474258049));
#4040=CARTESIAN_POINT('Ctrl Pts',(-249.501627127651,7.47857494386373,6.59283143825331));
#4041=CARTESIAN_POINT('Ctrl Pts',(-251.364373428598,6.78228552828804,6.30631530062799));
#4042=CARTESIAN_POINT('Ctrl Pts',(-252.295746579072,6.4341408205002,6.16305723181532));
#4043=CARTESIAN_POINT('Ctrl Pts',(-253.088137912668,6.12655745055397,6.03642095467812));
#4044=CARTESIAN_POINT('Ctrl Pts',(-253.739812974405,5.86847043707898,5.92983186710986));
#4045=CARTESIAN_POINT('Ctrl Pts',(-254.065650505273,5.73942693034149,5.87653732332572));
#4046=CARTESIAN_POINT('Ctrl Pts',(-254.356308968176,5.62275751272181,5.82825457693382));
#4047=CARTESIAN_POINT('Ctrl Pts',(-254.60464687875,5.52228968729312,5.78594381667005));
#4048=CARTESIAN_POINT('Ctrl Pts',(-254.852984789324,5.42182186186444,5.74363305640628));
#4049=CARTESIAN_POINT('Ctrl Pts',(-255.059002147569,5.33755562862674,5.70729428227063));
#4050=CARTESIAN_POINT('Ctrl Pts',(-255.265538673946,5.25244571623873,5.67009474956117));
#4051=CARTESIAN_POINT('Ctrl Pts',(-255.472075200323,5.16733580385071,5.63289521685172));
#4052=CARTESIAN_POINT('Ctrl Pts',(-255.679130894832,5.08138221231239,5.59483492556845));
#4053=CARTESIAN_POINT('Ctrl Pts',(-255.886356893632,4.99459552973565,5.55556118154296));
#4054=CARTESIAN_POINT('Ctrl Pts',(-256.093582892431,4.90780884715891,5.51628743751746));
#4055=CARTESIAN_POINT('Ctrl Pts',(-256.30097919552,4.82018907354376,5.47580024074972));
#4056=CARTESIAN_POINT('Ctrl Pts',(-256.508530219611,4.73169807206556,5.43375397999712));
#4057=CARTESIAN_POINT('Ctrl Pts',(-256.923632267791,4.55471606910916,5.34966145849191));
#4058=CARTESIAN_POINT('Ctrl Pts',(-257.339353199974,4.37424915470057,5.25933268104721));
#4059=CARTESIAN_POINT('Ctrl Pts',(-257.749208621703,4.19310816903517,5.16320697439941));
#4060=CARTESIAN_POINT('Ctrl Pts',(-258.568919465162,3.83082619770439,4.97095556110379));
#4061=CARTESIAN_POINT('Ctrl Pts',(-259.365168266804,3.4658479413464,4.75551643099572));
#4062=CARTESIAN_POINT('Ctrl Pts',(-260.15445834706,3.08893646570391,4.48941313215552));
#4063=CARTESIAN_POINT('Ctrl Pts',(-260.943748427316,2.71202499006143,4.22330983331533));
#4064=CARTESIAN_POINT('Ctrl Pts',(-261.726079786185,2.32318029513443,3.906542365743));
#4065=CARTESIAN_POINT('Ctrl Pts',(-262.463282643442,1.94035106546851,3.51699967307636));
#4066=CARTESIAN_POINT('Ctrl Pts',(-263.2004855007,1.55752183580258,3.12745698040971));
#4067=CARTESIAN_POINT('Ctrl Pts',(-263.892559856345,1.18070807139771,2.66513906264874));
#4068=CARTESIAN_POINT('Ctrl Pts',(-264.490597373962,0.842620422487304,2.0863257771295));
#4069=CARTESIAN_POINT('Ctrl Pts',(-265.088634891579,0.504532773576894,1.50751249161025));
#4070=CARTESIAN_POINT('Ctrl Pts',(-265.592635571168,0.205171240160941,0.812203838332732));
#4071=CARTESIAN_POINT('Ctrl Pts',(-265.931527944759,2.4980018054066E-15,
-1.346145417358E-14));
#4072=CARTESIAN_POINT('',(-109.082317128039,24.697511882001,-45.9893283497985));
#4073=CARTESIAN_POINT('Ctrl Pts',(-265.931527944759,2.77555756156289E-16,
0.));
#4074=CARTESIAN_POINT('Ctrl Pts',(-265.643272309494,0.174514892571988,-0.690845683254697));
#4075=CARTESIAN_POINT('Ctrl Pts',(-265.240585547412,0.414348626506685,-1.2928807922118));
#4076=CARTESIAN_POINT('Ctrl Pts',(-264.759855588724,0.689437082684944,-1.81213614040559));
#4077=CARTESIAN_POINT('Ctrl Pts',(-264.279125630036,0.964525538863202,-2.33139148859939));
#4078=CARTESIAN_POINT('Ctrl Pts',(-263.720352474741,1.27486871728502,-2.76786707602988));
#4079=CARTESIAN_POINT('Ctrl Pts',(-263.121209605894,1.59433296485687,-3.141113362095));
#4080=CARTESIAN_POINT('Ctrl Pts',(-262.522066737048,1.91379721242871,-3.51435964816012));
#4081=CARTESIAN_POINT('Ctrl Pts',(-261.882554154649,2.24238252915058,-3.82437663285987));
#4082=CARTESIAN_POINT('Ctrl Pts',(-261.230310496683,2.5658265035744,-4.09102867561617));
#4083=CARTESIAN_POINT('Ctrl Pts',(-260.578066838717,2.88927047799822,-4.35768071837248));
#4084=CARTESIAN_POINT('Ctrl Pts',(-259.913092105185,3.20757311012399,-4.58096781918533));
#4085=CARTESIAN_POINT('Ctrl Pts',(-259.233413802677,3.52214625881307,-4.77772761126876));
#4086=CARTESIAN_POINT('Ctrl Pts',(-258.553735500169,3.83671940750216,-4.97448740335219));
#4087=CARTESIAN_POINT('Ctrl Pts',(-257.859353628684,4.14756307275456,-5.1447198867062));
#4088=CARTESIAN_POINT('Ctrl Pts',(-257.178707190653,4.44343363691488,-5.29349768040551));
#4089=CARTESIAN_POINT('Ctrl Pts',(-256.838383971638,4.59136891899502,-5.36788657725516));
#4090=CARTESIAN_POINT('Ctrl Pts',(-256.501494610986,4.73556092580219,-5.43691180169115));
#4091=CARTESIAN_POINT('Ctrl Pts',(-256.168220161181,4.8762268370573,-5.50190393702948));
#4092=CARTESIAN_POINT('Ctrl Pts',(-255.834945711376,5.01689274831244,-5.56689607236782));
#4093=CARTESIAN_POINT('Ctrl Pts',(-255.505286172419,5.15403256401552,-5.6278551186085));
#4094=CARTESIAN_POINT('Ctrl Pts',(-255.188615337168,5.28423794206816,-5.68446713393387));
#4095=CARTESIAN_POINT('Ctrl Pts',(-254.555273666667,5.5446486981734,-5.79769116458459));
#4096=CARTESIAN_POINT('Ctrl Pts',(-253.973886810992,5.77732170367669,-5.89352707157399));
#4097=CARTESIAN_POINT('Ctrl Pts',(-253.403393459735,6.00125632624866,-5.98525507428509));
#4098=CARTESIAN_POINT('Ctrl Pts',(-253.26077012192,6.05723998189165,-6.00818707496287));
#4099=CARTESIAN_POINT('Ctrl Pts',(-253.118827628132,6.11267748860143,-6.03086233162325));
#4100=CARTESIAN_POINT('Ctrl Pts',(-252.974733704602,6.16865161611325,-6.05373587419082));
#4101=CARTESIAN_POINT('Ctrl Pts',(-252.542451934011,6.33657399864872,-6.12235650189353));
#4102=CARTESIAN_POINT('Ctrl Pts',(-252.090807295741,6.50932596840249,-6.19276170276092));
#4103=CARTESIAN_POINT('Ctrl Pts',(-251.63367874171,6.68132022465399,-6.26354466305249));
#4104=CARTESIAN_POINT('Ctrl Pts',(-251.024174003001,6.91064589965598,-6.35792194344125));
#4105=CARTESIAN_POINT('Ctrl Pts',(-250.404920080716,7.13862452843169,-6.45297079613966));
#4106=CARTESIAN_POINT('Ctrl Pts',(-249.796590067403,7.35826817688259,-6.54337296548175));
#4107=CARTESIAN_POINT('Ctrl Pts',(-249.18826005409,7.57791182533347,-6.63377513482384));
#4108=CARTESIAN_POINT('Ctrl Pts',(-248.590853949749,7.78922049345953,-6.7195306208096));
#4109=CARTESIAN_POINT('Ctrl Pts',(-247.998015652527,7.99533759516747,-6.80070567863402));
#4110=CARTESIAN_POINT('Ctrl Pts',(-246.812339058082,8.40757179858335,-6.96305579428284));
#4111=CARTESIAN_POINT('Ctrl Pts',(-245.64493369211,8.79903973632675,-7.10708419728623));
#4112=CARTESIAN_POINT('Ctrl Pts',(-244.452732786233,9.18568795159822,-7.24475837897523));
#4113=CARTESIAN_POINT('Ctrl Pts',(-242.068330974481,9.95898438214114,-7.52010674235322));
#4114=CARTESIAN_POINT('Ctrl Pts',(-239.584747003112,10.7130019227963,-7.77003822047364));
#4115=CARTESIAN_POINT('Ctrl Pts',(-237.121481270269,11.4199069101539,-8.00255581967892));
#4116=CARTESIAN_POINT('Ctrl Pts',(-235.889848403847,11.7733594038327,-8.11881461928156));
#4117=CARTESIAN_POINT('Ctrl Pts',(-234.663295097057,12.1150337591871,-8.23071994915542));
#4118=CARTESIAN_POINT('Ctrl Pts',(-233.42483181086,12.4511629110027,-8.3394374766511));
#4119=CARTESIAN_POINT('Ctrl Pts',(-232.186368524664,12.7872920628183,-8.44815500414677));
#4120=CARTESIAN_POINT('Ctrl Pts',(-230.935995259062,13.117876011095,-8.55368472926427));
#4121=CARTESIAN_POINT('Ctrl Pts',(-229.681795100165,13.4408545096587,-8.6572128106008));
#4122=CARTESIAN_POINT('Ctrl Pts',(-227.17339478237,14.086811506786,-8.86426897327387));
#4123=CARTESIAN_POINT('Ctrl Pts',(-224.649686891397,14.7023467050611,-9.0633185608231));
#4124=CARTESIAN_POINT('Ctrl Pts',(-222.12193613005,15.2903476010972,-9.24122286411052));
#4125=CARTESIAN_POINT('Ctrl Pts',(-217.066434607358,16.4663493931695,-9.59703147068538));
#4126=CARTESIAN_POINT('Ctrl Pts',(-211.994761603175,17.5322139762864,-9.86825894021306));
#4127=CARTESIAN_POINT('Ctrl Pts',(-206.835575953434,18.4993151323653,-10.19033706919));
#4128=CARTESIAN_POINT('Ctrl Pts',(-201.676390303693,19.4664162884443,-10.512415198167));
#4129=CARTESIAN_POINT('Ctrl Pts',(-196.429692008394,20.3347540174854,-10.8853439865933));
#4130=CARTESIAN_POINT('Ctrl Pts',(-191.201592900305,21.0534645918399,-11.4001666748588));
#4131=CARTESIAN_POINT('Ctrl Pts',(-188.58754334626,21.4128198790171,-11.6575780189915));
#4132=CARTESIAN_POINT('Ctrl Pts',(-185.978143589019,21.7347683775227,-11.9504628380839));
#4133=CARTESIAN_POINT('Ctrl Pts',(-183.367974828903,22.016291469806,-12.2813032182698));
#4134=CARTESIAN_POINT('Ctrl Pts',(-182.062890448846,22.1570530159476,-12.4467234083627));
#4135=CARTESIAN_POINT('Ctrl Pts',(-180.75761381807,22.2877082105337,-12.621632488729));
#4136=CARTESIAN_POINT('Ctrl Pts',(-179.49441920874,22.4045541809894,-12.8023262195112));
#4137=CARTESIAN_POINT('Ctrl Pts',(-178.231224599411,22.5214001514452,-12.9830199502934));
#4138=CARTESIAN_POINT('Ctrl Pts',(-177.010112011528,22.6244368977707,-13.1694983314916));
#4139=CARTESIAN_POINT('Ctrl Pts',(-175.835482608207,22.7156394887613,-13.3606208568768));
#4140=CARTESIAN_POINT('Ctrl Pts',(-174.073538503226,22.8524433752471,-13.6473046449546));
#4141=CARTESIAN_POINT('Ctrl Pts',(-172.41618156351,22.9626204122295,-13.9444377574532));
#4142=CARTESIAN_POINT('Ctrl Pts',(-170.863676561415,23.0527596944499,-14.257254638125));
#4143=CARTESIAN_POINT('Ctrl Pts',(-170.346174894049,23.0828061218567,-14.3615269316823));
#4144=CARTESIAN_POINT('Ctrl Pts',(-169.840323441975,23.1106261320677,-14.4675418661477));
#4145=CARTESIAN_POINT('Ctrl Pts',(-169.350286553392,23.1363546738839,-14.574587763776));
#4146=CARTESIAN_POINT('Ctrl Pts',(-167.390138999062,23.2392688411483,-15.0027713542889));
#4147=CARTESIAN_POINT('Ctrl Pts',(-165.683024460597,23.3087195140938,-15.4474503554071));
#4148=CARTESIAN_POINT('Ctrl Pts',(-164.154483270949,23.3621590175705,-15.9274194622924));
#4149=CARTESIAN_POINT('Ctrl Pts',(-162.625942081301,23.4155985210471,-16.4073885691777));
#4150=CARTESIAN_POINT('Ctrl Pts',(-161.275974240471,23.4530268550549,-16.9226477818299));
#4151=CARTESIAN_POINT('Ctrl Pts',(-159.999753002309,23.4832551470375,-17.5104772433924));
#4152=CARTESIAN_POINT('Ctrl Pts',(-158.723531764148,23.51348343902,-18.0983067049548));
#4153=CARTESIAN_POINT('Ctrl Pts',(-157.521057128655,23.5365116889774,-18.7587064154273));
#4154=CARTESIAN_POINT('Ctrl Pts',(-156.352985027073,23.5558056215835,-19.4992274649188));
#4155=CARTESIAN_POINT('Ctrl Pts',(-154.276412402039,23.5901059462167,-20.8157093306814));
#4156=CARTESIAN_POINT('Ctrl Pts',(-152.30856877307,23.6126039839128,-22.3854141938371));
#4157=CARTESIAN_POINT('Ctrl Pts',(-150.127002076719,23.6337838277065,-24.2878870896325));
#4158=CARTESIAN_POINT('Ctrl Pts',(-148.490827054455,23.6496687105518,-25.7147417614791));
#4159=CARTESIAN_POINT('Ctrl Pts',(-146.734432806789,23.664812109327,-27.3287784516854));
#4160=CARTESIAN_POINT('Ctrl Pts',(-144.755624471067,23.6838031580509,-29.1415908898048));
#4161=CARTESIAN_POINT('Ctrl Pts',(-144.096021692493,23.6901335076256,-29.7458617025113));
#4162=CARTESIAN_POINT('Ctrl Pts',(-143.411706237468,23.6968913738612,-30.3722187094304));
#4163=CARTESIAN_POINT('Ctrl Pts',(-142.686326901598,23.7046724771358,-31.0323281992873));
#4164=CARTESIAN_POINT('Ctrl Pts',(-141.960947565729,23.7124535804103,-31.6924376891443));
#4165=CARTESIAN_POINT('Ctrl Pts',(-141.194504349015,23.7212579207239,-32.3862996619392));
#4166=CARTESIAN_POINT('Ctrl Pts',(-140.471824714354,23.7302734824559,-33.034588430901));
#4167=CARTESIAN_POINT('Ctrl Pts',(-139.749145079694,23.739289044188,-33.6828771998627));
#4168=CARTESIAN_POINT('Ctrl Pts',(-139.070229027087,23.7485158273386,-34.2855927649913));
#4169=CARTESIAN_POINT('Ctrl Pts',(-138.426227104058,23.7579409642625,-34.8491201281164));
#4170=CARTESIAN_POINT('Ctrl Pts',(-137.138223257999,23.7767912381102,-35.9761748543667));
#4171=CARTESIAN_POINT('Ctrl Pts',(-135.989875930253,23.7964349270513,-36.9464767726033));
#4172=CARTESIAN_POINT('Ctrl Pts',(-134.937798988727,23.8164216162121,-37.7903806710222));
#4173=CARTESIAN_POINT('Ctrl Pts',(-134.148741282583,23.8314116330827,-38.4233085948364));
#4174=CARTESIAN_POINT('Ctrl Pts',(-133.413835668687,23.8465945875768,-38.9851376325031));
#4175=CARTESIAN_POINT('Ctrl Pts',(-132.661288977888,23.8633899955575,-39.5227991822299));
#4176=CARTESIAN_POINT('Ctrl Pts',(-131.908742287088,23.8801854035382,-40.0604607319567));
#4177=CARTESIAN_POINT('Ctrl Pts',(-131.138554519384,23.8985932650055,-40.5739547937435));
#4178=CARTESIAN_POINT('Ctrl Pts',(-130.345092282515,23.9189036125375,-41.0558317000245));
#4179=CARTESIAN_POINT('Ctrl Pts',(-128.758167808779,23.9595243076015,-42.0195855125864));
#4180=CARTESIAN_POINT('Ctrl Pts',(-127.078145458385,24.0077549469248,-42.8568707031249));
#4181=CARTESIAN_POINT('Ctrl Pts',(-125.146307847719,24.0712380896679,-43.5650041097495));
#4182=CARTESIAN_POINT('Ctrl Pts',(-124.180389042386,24.1029796610395,-43.9190708130617));
#4183=CARTESIAN_POINT('Ctrl Pts',(-123.151516421984,24.138534358266,-44.2408495703955));
#4184=CARTESIAN_POINT('Ctrl Pts',(-122.103323312168,24.1765512322512,-44.5151126962603));
#4185=CARTESIAN_POINT('Ctrl Pts',(-121.055130202352,24.2145681062364,-44.7893758221251));
#4186=CARTESIAN_POINT('Ctrl Pts',(-119.98761660312,24.2550471569802,-45.0161233165209));
#4187=CARTESIAN_POINT('Ctrl Pts',(-118.922020113127,24.2966368701548,-45.2026581154094));
#4188=CARTESIAN_POINT('Ctrl Pts',(-116.79082713314,24.3798162965041,-45.5757277131864));
#4189=CARTESIAN_POINT('Ctrl Pts',(-114.667302590103,24.4674383725765,-45.7879465289342));
#4190=CARTESIAN_POINT('Ctrl Pts',(-112.634045992644,24.5514232990692,-45.8963726269123));
#4191=CARTESIAN_POINT('Ctrl Pts',(-111.617417693914,24.5934157623155,-45.9505856759014));
#4192=CARTESIAN_POINT('Ctrl Pts',(-110.623356381579,24.634498938167,-45.978850545448));
#4193=CARTESIAN_POINT('Ctrl Pts',(-109.6673024537,24.6736252002162,-45.9868833332188));
#4194=CARTESIAN_POINT('Ctrl Pts',(-109.470533012214,24.681677939195,-45.9885365947317));
#4195=CARTESIAN_POINT('Ctrl Pts',(-109.275373543419,24.6896477843408,-45.9893328359677));
#4196=CARTESIAN_POINT('Ctrl Pts',(-109.081892571346,24.6975301934141,-45.9893291097376));
#4197=CARTESIAN_POINT('',(-106.557026772423,24.7990645665886,-45.9449009735816));
#4198=CARTESIAN_POINT('Ctrl Pts',(-109.081892571346,24.6975301934141,-45.9893291097376));
#4199=CARTESIAN_POINT('Ctrl Pts',(-108.805335508237,24.7087971199765,-45.9893237835536));
#4200=CARTESIAN_POINT('Ctrl Pts',(-108.532207808343,24.7198854045155,-45.9876840311794));
#4201=CARTESIAN_POINT('Ctrl Pts',(-108.262709587924,24.7307817819627,-45.984576468547));
#4202=CARTESIAN_POINT('Ctrl Pts',(-108.033689195917,24.7400415560366,-45.9819356525478));
#4203=CARTESIAN_POINT('Ctrl Pts',(-107.807289887364,24.7491627415039,-45.9782348351886));
#4204=CARTESIAN_POINT('Ctrl Pts',(-107.58397944299,24.7581239718561,-45.9735713806677));
#4205=CARTESIAN_POINT('Ctrl Pts',(-107.472324220802,24.7626045870322,-45.9712396534072));
#4206=CARTESIAN_POINT('Ctrl Pts',(-107.36144121466,24.7670452134295,-45.9686672668564));
#4207=CARTESIAN_POINT('Ctrl Pts',(-107.251136054492,24.7714534092212,-45.9658551912223));
#4208=CARTESIAN_POINT('Ctrl Pts',(-107.140830894325,24.7758616050129,-45.9630431155882));
#4209=CARTESIAN_POINT('Ctrl Pts',(-107.031103580132,24.7802373701989,-45.959991350871));
#4210=CARTESIAN_POINT('Ctrl Pts',(-106.922329244088,24.7845655883674,-45.9567322327598));
#4211=CARTESIAN_POINT('Ctrl Pts',(-106.799238791697,24.7894634563,-45.9530441723469));
#4212=CARTESIAN_POINT('Ctrl Pts',(-106.677368673545,24.7943004379957,-45.9490905859653));
#4213=CARTESIAN_POINT('Ctrl Pts',(-106.556663617449,24.799078806064,-45.9448838065622));
#4214=CARTESIAN_POINT('',(-106.799500260561,24.789448768562,-43.9519399787977));
#4215=CARTESIAN_POINT('Ctrl Pts',(-106.799500260564,24.7894487685618,-43.9519399787977));
#4216=CARTESIAN_POINT('Ctrl Pts',(-106.722001121544,24.792527394867,-44.589849651712));
#4217=CARTESIAN_POINT('Ctrl Pts',(-106.644394279341,24.7956053451075,-45.2277701621674));
#4218=CARTESIAN_POINT('Ctrl Pts',(-106.563463269091,24.7988097451399,-45.8920731653472));
#4219=CARTESIAN_POINT('Ctrl Pts',(-106.560245197992,24.798937153286,-45.9184863900709));
#4220=CARTESIAN_POINT('Ctrl Pts',(-106.557026772423,24.7990645665886,-45.9449009735816));
#4221=CARTESIAN_POINT('',(-76.6916630559829,25.4769101089232,-35.4119402779564));
#4222=CARTESIAN_POINT('Ctrl Pts',(-76.691663055983,25.4769101089232,-35.4119402779564));
#4223=CARTESIAN_POINT('Ctrl Pts',(-77.108088915985,25.4761945089354,-35.6134086445548));
#4224=CARTESIAN_POINT('Ctrl Pts',(-77.5161458276519,25.4751182027001,-35.8143932644522));
#4225=CARTESIAN_POINT('Ctrl Pts',(-77.9182397230943,25.4737099130783,-36.0145605873349));
#4226=CARTESIAN_POINT('Ctrl Pts',(-78.3181358079572,25.4723093210463,-36.2136338128813));
#4227=CARTESIAN_POINT('Ctrl Pts',(-78.7121339494714,25.4705802682922,-36.4118986515453));
#4228=CARTESIAN_POINT('Ctrl Pts',(-79.102552143101,25.4685347031549,-36.6090269926435));
#4229=CARTESIAN_POINT('Ctrl Pts',(-79.4899056570666,25.4665051951634,-36.8046079283493));
#4230=CARTESIAN_POINT('Ctrl Pts',(-79.8737352811903,25.4641640475773,-36.9990701388715));
#4231=CARTESIAN_POINT('Ctrl Pts',(-80.256255792687,25.4615081294096,-37.1920931797792));
#4232=CARTESIAN_POINT('Ctrl Pts',(-80.6320286329071,25.458899061704,-37.3817112894748));
#4233=CARTESIAN_POINT('Ctrl Pts',(-81.0065381760989,25.4559861560849,-37.569940555704));
#4234=CARTESIAN_POINT('Ctrl Pts',(-81.3818358178335,25.4527532498875,-37.7564771945992));
#4235=CARTESIAN_POINT('Ctrl Pts',(-81.7523663581607,25.4495614086741,-37.9406444099358));
#4236=CARTESIAN_POINT('Ctrl Pts',(-82.1236652275597,25.4460575999595,-38.1231617249835));
#4237=CARTESIAN_POINT('Ctrl Pts',(-82.4976579476134,25.442214146462,-38.3037367856149));
#4238=CARTESIAN_POINT('Ctrl Pts',(-82.8629192569094,25.4384604240459,-38.4800960555572));
#4239=CARTESIAN_POINT('Ctrl Pts',(-83.2307501761256,25.4343826791057,-38.654602702021));
#4240=CARTESIAN_POINT('Ctrl Pts',(-83.6028964156759,25.4299442220473,-38.8269843728619));
#4241=CARTESIAN_POINT('Ctrl Pts',(-83.8373921013103,25.4271474746387,-38.9356050004504));
#4242=CARTESIAN_POINT('Ctrl Pts',(-84.0736002179862,25.4242072933333,-39.0433819118233));
#4243=CARTESIAN_POINT('Ctrl Pts',(-84.3119470488672,25.4211123141482,-39.1502469681831));
#4244=CARTESIAN_POINT('Ctrl Pts',(-84.4643333795948,25.4191335484984,-39.2185708211225));
#4245=CARTESIAN_POINT('Ctrl Pts',(-84.6347837463287,25.416869114233,-39.2955582838292));
#4246=CARTESIAN_POINT('Ctrl Pts',(-84.8238627847733,25.414269488587,-39.3799571564353));
#4247=CARTESIAN_POINT('Ctrl Pts',(-85.0080774583679,25.411736742526,-39.4621847311935));
#4248=CARTESIAN_POINT('Ctrl Pts',(-85.2099747909775,25.408885815809,-39.5514472800857));
#4249=CARTESIAN_POINT('Ctrl Pts',(-85.4300303263827,25.4056615500531,-39.6465867828426));
#4250=CARTESIAN_POINT('Ctrl Pts',(-85.6450084695488,25.4025116785263,-39.7395311098587));
#4251=CARTESIAN_POINT('Ctrl Pts',(-85.877316697199,25.3990054719699,-39.8380843188467));
#4252=CARTESIAN_POINT('Ctrl Pts',(-86.127350982721,25.3950827356606,-39.94116671207));
#4253=CARTESIAN_POINT('Ctrl Pts',(-86.372296260519,25.3912398397433,-40.0421510446445));
#4254=CARTESIAN_POINT('Ctrl Pts',(-86.6342535125704,25.3869971594484,-40.1474820705447));
#4255=CARTESIAN_POINT('Ctrl Pts',(-86.9135468365672,25.3822900441265,-40.2561446853694));
#4256=CARTESIAN_POINT('Ctrl Pts',(-87.187951393363,25.3776653224353,-40.3629052632255));
#4257=CARTESIAN_POINT('Ctrl Pts',(-87.4790905546564,25.3725922316193,-40.4728818181115));
#4258=CARTESIAN_POINT('Ctrl Pts',(-87.7872227346754,25.3670022411698,-40.5851116233562));
#4259=CARTESIAN_POINT('Ctrl Pts',(-88.0908998252439,25.3614930728775,-40.6957187684122));
#4260=CARTESIAN_POINT('Ctrl Pts',(-88.4110822116147,25.3554817779054,-40.8085144781961));
#4261=CARTESIAN_POINT('Ctrl Pts',(-88.7479675360662,25.3488965388386,-40.9225771835676));
#4262=CARTESIAN_POINT('Ctrl Pts',(-89.0811024620666,25.342384610387,-41.0353700782275));
#4263=CARTESIAN_POINT('Ctrl Pts',(-89.4305705908341,25.3353113613553,-41.1494019156721));
#4264=CARTESIAN_POINT('Ctrl Pts',(-89.7965125668214,25.3276023275359,-41.2637815636817));
#4265=CARTESIAN_POINT('Ctrl Pts',(-90.1597416040049,25.3199504452277,-41.3773132494301));
#4266=CARTESIAN_POINT('Ctrl Pts',(-90.5392011972387,25.3116720630323,-41.4911876078191));
#4267=CARTESIAN_POINT('Ctrl Pts',(-90.9349777016272,25.3026908016713,-41.6045331794895));
#4268=CARTESIAN_POINT('Ctrl Pts',(-91.3295110081616,25.2937377519011,-41.7175227144324));
#4269=CARTESIAN_POINT('Ctrl Pts',(-91.7402589117255,25.2840860951619,-41.8299867794481));
#4270=CARTESIAN_POINT('Ctrl Pts',(-92.1672551134342,25.273658429714,-41.941062101592));
#4271=CARTESIAN_POINT('Ctrl Pts',(-92.5950268925981,25.263211823905,-42.0523391761528));
#4272=CARTESIAN_POINT('Ctrl Pts',(-93.0391060407079,25.2519862113226,-42.162222458355));
#4273=CARTESIAN_POINT('Ctrl Pts',(-93.4994740612165,25.2399043601493,-42.2698439626696));
#4274=CARTESIAN_POINT('Ctrl Pts',(-93.9664364848386,25.2276494461362,-42.3790070588227));
#4275=CARTESIAN_POINT('Ctrl Pts',(-94.4501577701126,25.2145133479112,-42.4858431166978));
#4276=CARTESIAN_POINT('Ctrl Pts',(-94.9505646583391,25.2004192266969,-42.5894463143358));
#4277=CARTESIAN_POINT('Ctrl Pts',(-95.45930381525,25.1860904244508,-42.6947746074902));
#4278=CARTESIAN_POINT('Ctrl Pts',(-95.9852887322732,25.1707711031429,-42.7967614834509));
#4279=CARTESIAN_POINT('Ctrl Pts',(-96.5283880020641,25.1543886926955,-42.8944551141554));
#4280=CARTESIAN_POINT('Ctrl Pts',(-97.0845415467643,25.1376125043486,-42.9944969702821));
#4281=CARTESIAN_POINT('Ctrl Pts',(-97.6586417870234,25.1197210487408,-43.0900367104145));
#4282=CARTESIAN_POINT('Ctrl Pts',(-98.2504940467024,25.100650912157,-43.1800522072788));
#4283=CARTESIAN_POINT('Ctrl Pts',(-98.880559271383,25.080349511436,-43.2758795583264));
#4284=CARTESIAN_POINT('Ctrl Pts',(-99.530742483035,25.0587114457913,-43.3654462915213));
#4285=CARTESIAN_POINT('Ctrl Pts',(-100.200753131188,25.0356869695901,-43.4475192407641));
#4286=CARTESIAN_POINT('Ctrl Pts',(-100.871255562078,25.0126455935978,-43.5296524309294));
#4287=CARTESIAN_POINT('Ctrl Pts',(-101.561613213219,24.988215035857,-43.6042808323442));
#4288=CARTESIAN_POINT('Ctrl Pts',(-102.271494611529,24.9623833476185,-43.6701685615115));
#4289=CARTESIAN_POINT('Ctrl Pts',(-102.980595011737,24.9365800789152,-43.7359838022442));
#4290=CARTESIAN_POINT('Ctrl Pts',(-103.709174530757,24.9093779919391,-43.7930775927947));
#4291=CARTESIAN_POINT('Ctrl Pts',(-104.456885290157,24.8808142762592,-43.8402181242672));
#4292=CARTESIAN_POINT('Ctrl Pts',(-105.148073533762,24.8544098087249,-43.8837951100753));
#4293=CARTESIAN_POINT('Ctrl Pts',(-105.855608497111,24.82684182849,-43.9188667743989));
#4294=CARTESIAN_POINT('Ctrl Pts',(-106.579222695505,24.7981857181444,-43.9444600754901));
#4295=CARTESIAN_POINT('Ctrl Pts',(-106.638396871769,24.7958423399625,-43.946552989799));
#4296=CARTESIAN_POINT('Ctrl Pts',(-106.697678585668,24.7934917122828,-43.9485825195259));
#4297=CARTESIAN_POINT('Ctrl Pts',(-106.757067697692,24.7911338911176,-43.9505481325542));
#4298=CARTESIAN_POINT('Ctrl Pts',(-106.771210446668,24.7905724064997,-43.9510162178765));
#4299=CARTESIAN_POINT('Ctrl Pts',(-106.78535462139,24.7900106991512,-43.9514801692097));
#4300=CARTESIAN_POINT('Ctrl Pts',(-106.799500260561,24.789448768562,-43.9519399787977));
#4301=CARTESIAN_POINT('',(-76.1140478632454,25.4776615870706,-37.3546504007022));
#4302=CARTESIAN_POINT('Ctrl Pts',(-76.1140478632454,25.4776615870706,-37.3546504007022));
#4303=CARTESIAN_POINT('Ctrl Pts',(-76.1289419983777,25.4776484172885,-37.3049132139681));
#4304=CARTESIAN_POINT('Ctrl Pts',(-76.1438299006953,25.4776347735985,-37.2551755468662));
#4305=CARTESIAN_POINT('Ctrl Pts',(-76.1587119529144,25.4776206566373,-37.2054347436815));
#4306=CARTESIAN_POINT('Ctrl Pts',(-76.3375432302912,25.4774510191328,-36.6077207160526));
#4307=CARTESIAN_POINT('Ctrl Pts',(-76.5153541882613,25.4772130839199,-36.0101407117455));
#4308=CARTESIAN_POINT('Ctrl Pts',(-76.6916630559849,25.4769101089232,-35.4119402779571));
#4309=CARTESIAN_POINT('',(-22.5252426281938,23.8233015041228,-28.6971481618126));
#4310=CARTESIAN_POINT('Ctrl Pts',(-76.1175899781607,25.4775189896688,-37.3566927635185));
#4311=CARTESIAN_POINT('Ctrl Pts',(-74.1333672927997,25.4795639498529,-36.3890670004245));
#4312=CARTESIAN_POINT('Ctrl Pts',(-71.9738577580234,25.4739689811192,-35.4108511063642));
#4313=CARTESIAN_POINT('Ctrl Pts',(-69.2708479563082,25.4505025128163,-34.4320529186927));
#4314=CARTESIAN_POINT('Ctrl Pts',(-67.8007171585704,25.4377394152706,-33.8996977050517));
#4315=CARTESIAN_POINT('Ctrl Pts',(-66.1698121183365,25.419689702464,-33.3671702416071));
#4316=CARTESIAN_POINT('Ctrl Pts',(-64.3445015019273,25.3921358339342,-32.8548012600421));
#4317=CARTESIAN_POINT('Ctrl Pts',(-63.4318461937228,25.3783588996694,-32.5986167692597));
#4318=CARTESIAN_POINT('Ctrl Pts',(-62.4705894914744,25.3622059264737,-32.3474718989471));
#4319=CARTESIAN_POINT('Ctrl Pts',(-61.4665517259523,25.3434317309768,-32.1053044468513));
#4320=CARTESIAN_POINT('Ctrl Pts',(-60.4625139604302,25.3246575354798,-31.8631369947555));
#4321=CARTESIAN_POINT('Ctrl Pts',(-59.4156951316343,25.3032621176817,-31.6299469608765));
#4322=CARTESIAN_POINT('Ctrl Pts',(-58.4024021523505,25.2806422702844,-31.4222646582493));
#4323=CARTESIAN_POINT('Ctrl Pts',(-57.8957556627086,25.2693323465858,-31.3184235069357));
#4324=CARTESIAN_POINT('Ctrl Pts',(-57.3974906354447,25.2577163154874,-31.2209592884351));
#4325=CARTESIAN_POINT('Ctrl Pts',(-56.8989080898305,25.2456976088023,-31.1270859306789));
#4326=CARTESIAN_POINT('Ctrl Pts',(-56.4003255442164,25.2336789021172,-31.0332125729226));
#4327=CARTESIAN_POINT('Ctrl Pts',(-55.9014254802518,25.2212575198454,-30.9429300759106));
#4328=CARTESIAN_POINT('Ctrl Pts',(-55.407225265133,25.2085314411904,-30.8572333575045));
#4329=CARTESIAN_POINT('Ctrl Pts',(-54.4188248348952,25.1830792838806,-30.6858399206924));
#4330=CARTESIAN_POINT('Ctrl Pts',(-53.4492238000401,25.1564083410383,-30.5327895983039));
#4331=CARTESIAN_POINT('Ctrl Pts',(-52.501025063326,25.1289070497446,-30.3950161653874));
#4332=CARTESIAN_POINT('Ctrl Pts',(-50.6046275898976,25.0739044671572,-30.1194692995543));
#4333=CARTESIAN_POINT('Ctrl Pts',(-48.7938393090331,25.0155804907638,-29.9050299916087));
#4334=CARTESIAN_POINT('Ctrl Pts',(-47.1043263280534,24.957023215593,-29.7358622080372));
#4335=CARTESIAN_POINT('Ctrl Pts',(-45.4148133470736,24.8984659404221,-29.5666944244657));
#4336=CARTESIAN_POINT('Ctrl Pts',(-43.8465756659786,24.8396753664737,-29.4427981652682));
#4337=CARTESIAN_POINT('Ctrl Pts',(-42.4587939893157,24.7852417169089,-29.3481544868966));
#4338=CARTESIAN_POINT('Ctrl Pts',(-41.7649031509842,24.7580248921265,-29.3008326477108));
#4339=CARTESIAN_POINT('Ctrl Pts',(-41.1161263137608,24.7318972984399,-29.2608239537314));
#4340=CARTESIAN_POINT('Ctrl Pts',(-40.4488801818243,24.7044171322064,-29.2231322805348));
#4341=CARTESIAN_POINT('Ctrl Pts',(-39.7816340498877,24.6769369659728,-29.1854406073382));
#4342=CARTESIAN_POINT('Ctrl Pts',(-39.095918623238,24.6481042271922,-29.1500659549244));
#4343=CARTESIAN_POINT('Ctrl Pts',(-38.4085702089325,24.6185127828988,-29.1178279242402));
#4344=CARTESIAN_POINT('Ctrl Pts',(-37.721221794627,24.5889213386053,-29.0855898935561));
#4345=CARTESIAN_POINT('Ctrl Pts',(-37.0322403926655,24.558571188799,-29.0564884846016));
#4346=CARTESIAN_POINT('Ctrl Pts',(-36.3462639766158,24.5277482388899,-29.0297834357729));
#4347=CARTESIAN_POINT('Ctrl Pts',(-35.660287560566,24.4969252889808,-29.0030783869443));
#4348=CARTESIAN_POINT('Ctrl Pts',(-34.9773161304278,24.4656295389689,-28.9787696982415));
#4349=CARTESIAN_POINT('Ctrl Pts',(-34.3089498819912,24.4343776140724,-28.9565623513973));
#4350=CARTESIAN_POINT('Ctrl Pts',(-32.972217385118,24.3718737642794,-28.9121476577088));
#4351=CARTESIAN_POINT('Ctrl Pts',(-31.6939056150509,24.3095452149479,-28.8761383314545));
#4352=CARTESIAN_POINT('Ctrl Pts',(-30.5312426457695,24.2513645182532,-28.844787681092));
#4353=CARTESIAN_POINT('Ctrl Pts',(-28.2059167072067,24.1350031248638,-28.782086380367));
#4354=CARTESIAN_POINT('Ctrl Pts',(-26.3431859717866,24.0352331420212,-28.7380197832092));
#4355=CARTESIAN_POINT('Ctrl Pts',(-24.7900802398873,23.9498371834041,-28.7155936973388));
#4356=CARTESIAN_POINT('Ctrl Pts',(-23.9514009754102,23.9037232464767,-28.7034835796458));
#4357=CARTESIAN_POINT('Ctrl Pts',(-23.2030088290161,23.8618007966961,-28.697683867688));
#4358=CARTESIAN_POINT('Ctrl Pts',(-22.5264045677231,23.8233608281177,-28.6975748811815));
#4359=CARTESIAN_POINT('Ctrl Pts',(-22.5252426281938,23.8233015041228,-28.6971481618126));
#4360=CARTESIAN_POINT('Ctrl Pts',(-21.5451842762857,23.7675867659023,-28.6971481618126));
#4361=CARTESIAN_POINT('Ctrl Pts',(-20.7168734157967,23.7193552409342,-28.7096453941519));
#4362=CARTESIAN_POINT('Ctrl Pts',(-19.9796036816946,23.6758661135544,-28.7315924381409));
#4363=CARTESIAN_POINT('',(-121.057438691871,24.215050313141,-33.5278574174433));
#4364=CARTESIAN_POINT('',(-120.849040909736,24.2228424551235,-34.6264733909361));
#4365=CARTESIAN_POINT('Ctrl Pts',(-121.057438691905,24.2150503131397,-33.5278574174433));
#4366=CARTESIAN_POINT('Ctrl Pts',(-120.975752807032,24.2180968697523,-33.7354225899429));
#4367=CARTESIAN_POINT('Ctrl Pts',(-120.917498469449,24.2202779318363,-33.9513793214055));
#4368=CARTESIAN_POINT('Ctrl Pts',(-120.883709638977,24.2215434460171,-34.1717078708254));
#4369=CARTESIAN_POINT('Ctrl Pts',(-120.879423355793,24.2217039828595,-34.1996576560993));
#4370=CARTESIAN_POINT('Ctrl Pts',(-120.87553070883,24.2218498011656,-34.2276777935388));
#4371=CARTESIAN_POINT('Ctrl Pts',(-120.872033748321,24.2219808116916,-34.2557600773394));
#4372=CARTESIAN_POINT('Ctrl Pts',(-120.856705653245,24.2225550651878,-34.3788520924809));
#4373=CARTESIAN_POINT('Ctrl Pts',(-120.849040465482,24.2228424717762,-34.5026610819813));
#4374=CARTESIAN_POINT('Ctrl Pts',(-120.849040909736,24.2228424551235,-34.6264733909361));
#4375=CARTESIAN_POINT('Ctrl Pts',(-120.849040909736,24.2228424551235,-34.6264733909361));
#4376=CARTESIAN_POINT('Ctrl Pts',(-120.849040511708,24.2228424700434,-34.7468167535832));
#4377=CARTESIAN_POINT('Ctrl Pts',(-120.856282167597,24.2225709479111,-34.8671632524219));
#4378=CARTESIAN_POINT('Ctrl Pts',(-120.870765694788,24.2220283189151,-34.9868575526664));
#4379=CARTESIAN_POINT('Ctrl Pts',(-120.898131874809,24.2210030380843,-35.2130162586814));
#4380=CARTESIAN_POINT('Ctrl Pts',(-120.951106600293,24.2190185137295,-35.4348610194804));
#4381=CARTESIAN_POINT('Ctrl Pts',(-121.028382280929,24.2161343871494,-35.6481913284875));
#4382=CARTESIAN_POINT('Ctrl Pts',(-121.075813519035,24.2143641317027,-35.7791318857032));
#4383=CARTESIAN_POINT('Ctrl Pts',(-121.132398790843,24.2122551965305,-35.9068646971895));
#4384=CARTESIAN_POINT('Ctrl Pts',(-121.197826411182,24.2098234810286,-36.0304184335423));
#4385=CARTESIAN_POINT('Ctrl Pts',(-121.348507471104,24.2042231937593,-36.3149650493983));
#4386=CARTESIAN_POINT('Ctrl Pts',(-121.543930194689,24.1969899302037,-36.573239460079));
#4387=CARTESIAN_POINT('Ctrl Pts',(-121.776448576538,24.188476730131,-36.7954273276577));
#4388=CARTESIAN_POINT('Ctrl Pts',(-121.793771700831,24.1878424782417,-36.8119808062082));
#4389=CARTESIAN_POINT('Ctrl Pts',(-121.811300708401,24.1872011310703,-36.8283339837482));
#4390=CARTESIAN_POINT('Ctrl Pts',(-121.829032431162,24.1865528385439,-36.844482801757));
#4391=CARTESIAN_POINT('Ctrl Pts',(-122.018146369835,24.1796386117244,-37.0167146045945));
#4392=CARTESIAN_POINT('Ctrl Pts',(-122.228093463209,24.1720159975275,-37.1636672240533));
#4393=CARTESIAN_POINT('Ctrl Pts',(-122.45352235011,24.16391720569,-37.2821299703977));
#4394=CARTESIAN_POINT('Ctrl Pts',(-122.573457875044,24.1596083841201,-37.3451560176059));
#4395=CARTESIAN_POINT('Ctrl Pts',(-122.697776365517,24.1551646997299,-37.4001177576322));
#4396=CARTESIAN_POINT('Ctrl Pts',(-122.825678172503,24.1506201903387,-37.4465316719041));
#4397=CARTESIAN_POINT('Ctrl Pts',(-123.012605436037,24.1439784334735,-37.5143651622135));
#4398=CARTESIAN_POINT('Ctrl Pts',(-123.205811417193,24.1371705437878,-37.5634439545268));
#4399=CARTESIAN_POINT('Ctrl Pts',(-123.402443095331,24.1303089155726,-37.5930455529051));
#4400=CARTESIAN_POINT('Ctrl Pts',(-123.546917088603,24.1252673737519,-37.6147951568624));
#4401=CARTESIAN_POINT('Ctrl Pts',(-123.692787396055,24.1202125366925,-37.62596181238));
#4402=CARTESIAN_POINT('Ctrl Pts',(-123.838889095156,24.1151870915242,-37.6264562143304));
#4403=CARTESIAN_POINT('Ctrl Pts',(-123.982879191282,24.110234278947,-37.6269434707059));
#4404=CARTESIAN_POINT('Ctrl Pts',(-124.126719772505,24.1053228972114,-37.6170634698249));
#4405=CARTESIAN_POINT('Ctrl Pts',(-124.269294950777,24.1004909882029,-37.5968919710259));
#4406=CARTESIAN_POINT('Ctrl Pts',(-124.459891605952,24.0940316191439,-37.5699264062793));
#4407=CARTESIAN_POINT('Ctrl Pts',(-124.647457875381,24.0877406014134,-37.5246779661005));
#4408=CARTESIAN_POINT('Ctrl Pts',(-124.829397106954,24.0816983397549,-37.4617690945633));
#4409=CARTESIAN_POINT('Ctrl Pts',(-125.085175157743,24.0732038666498,-37.3733290786303));
#4410=CARTESIAN_POINT('Ctrl Pts',(-125.327478375661,24.0652797994164,-37.2507997837464));
#4411=CARTESIAN_POINT('Ctrl Pts',(-125.549836812796,24.0580967664484,-37.0977677017527));
#4412=CARTESIAN_POINT('Ctrl Pts',(-125.616976993329,24.0559278803182,-37.051560318103));
#4413=CARTESIAN_POINT('Ctrl Pts',(-125.682299137714,24.0538264008196,-37.0025719580286));
#4414=CARTESIAN_POINT('Ctrl Pts',(-125.74562590604,24.0517966694231,-36.9509013532085));
#4415=CARTESIAN_POINT('Ctrl Pts',(-125.994280499947,24.0438268637711,-36.7480150604425));
#4416=CARTESIAN_POINT('Ctrl Pts',(-126.208449702751,24.0370823397217,-36.5068020737792));
#4417=CARTESIAN_POINT('Ctrl Pts',(-126.380264168223,24.031718496074,-36.2367231508208));
#4418=CARTESIAN_POINT('Ctrl Pts',(-126.416977980885,24.0305723344264,-36.1790119042484));
#4419=CARTESIAN_POINT('Ctrl Pts',(-126.451757681501,24.0294892396383,-36.1199826280469));
#4420=CARTESIAN_POINT('Ctrl Pts',(-126.484526118973,24.0284708024811,-36.0597276293365));
#4421=CARTESIAN_POINT('Ctrl Pts',(-126.597532755068,24.024958576507,-35.8519296616108));
#4422=CARTESIAN_POINT('Ctrl Pts',(-126.685295423514,24.0222554085887,-35.6319806810843));
#4423=CARTESIAN_POINT('Ctrl Pts',(-126.746367316944,24.0203787767544,-35.4045860680525));
#4424=CARTESIAN_POINT('Ctrl Pts',(-126.787647201314,24.0191103185361,-35.2508848676286));
#4425=CARTESIAN_POINT('Ctrl Pts',(-126.816731935188,24.0182197566986,-35.0937819690722));
#4426=CARTESIAN_POINT('Ctrl Pts',(-126.833161817366,24.0177168227375,-34.9347304405601));
#4427=CARTESIAN_POINT('Ctrl Pts',(-126.856524353801,24.0170016737873,-34.708566485783));
#4428=CARTESIAN_POINT('Ctrl Pts',(-126.854041274291,24.0170774502473,-34.4809757809024));
#4429=CARTESIAN_POINT('Ctrl Pts',(-126.826111094546,24.0179326855615,-34.2563200168615));
#4430=CARTESIAN_POINT('Ctrl Pts',(-126.807230382851,24.0185108218838,-34.1044534427704));
#4431=CARTESIAN_POINT('Ctrl Pts',(-126.776720021983,24.0194455213931,-33.9539280534449));
#4432=CARTESIAN_POINT('Ctrl Pts',(-126.734690420935,24.0207376792081,-33.8060912247996));
#4433=CARTESIAN_POINT('Ctrl Pts',(-126.665699033195,24.0228587500396,-33.5634177824379));
#4434=CARTESIAN_POINT('Ctrl Pts',(-126.566485875986,24.0259172644053,-33.3308342634259));
#4435=CARTESIAN_POINT('Ctrl Pts',(-126.439703736051,24.0298652152373,-33.1137102975463));
#4436=CARTESIAN_POINT('Ctrl Pts',(-126.386254242294,24.0315296134991,-33.0221740128241));
#4437=CARTESIAN_POINT('Ctrl Pts',(-126.327904147402,24.033352301739,-32.933385419618));
#4438=CARTESIAN_POINT('Ctrl Pts',(-126.264849665848,24.0353304460049,-32.8477468650496));
#4439=CARTESIAN_POINT('Ctrl Pts',(-126.064757563766,24.0416077324821,-32.5759882528048));
#4440=CARTESIAN_POINT('Ctrl Pts',(-125.8202556431,24.0493583269223,-32.3399559942528));
#4441=CARTESIAN_POINT('Ctrl Pts',(-125.541675018946,24.0583604664741,-32.149582240252));
#4442=CARTESIAN_POINT('Ctrl Pts',(-125.330363203879,24.0651888611407,-32.0051779995717));
#4443=CARTESIAN_POINT('Ctrl Pts',(-125.101657715078,24.0726665482908,-31.8885555457902));
#4444=CARTESIAN_POINT('Ctrl Pts',(-124.86121261232,24.0806423612512,-31.8023789560571));
#4445=CARTESIAN_POINT('Ctrl Pts',(-124.804886245628,24.0825107651418,-31.7821913367713));
#4446=CARTESIAN_POINT('Ctrl Pts',(-124.747915846404,24.0844064202091,-31.763674499948));
#4447=CARTESIAN_POINT('Ctrl Pts',(-124.690374512617,24.0863272186911,-31.7468626935074));
#4448=CARTESIAN_POINT('Ctrl Pts',(-124.51935492591,24.0920360568587,-31.6968960347585));
#4449=CARTESIAN_POINT('Ctrl Pts',(-124.344228625544,24.097936145834,-31.6622652651149));
#4450=CARTESIAN_POINT('Ctrl Pts',(-124.167073394618,24.1039615247823,-31.643378464763));
#4451=CARTESIAN_POINT('Ctrl Pts',(-124.025860558726,24.1087644360153,-31.6283235401939));
#4452=CARTESIAN_POINT('Ctrl Pts',(-123.883758391342,24.1136332484943,-31.6233148031322));
#4453=CARTESIAN_POINT('Ctrl Pts',(-123.741839203785,24.1185307600946,-31.6283893703921));
#4454=CARTESIAN_POINT('Ctrl Pts',(-123.589422311205,24.1237905386512,-31.6338393013441));
#4455=CARTESIAN_POINT('Ctrl Pts',(-123.437642464247,24.1290687281428,-31.6509041911424));
#4456=CARTESIAN_POINT('Ctrl Pts',(-123.287820240484,24.1343161506036,-31.6794356646074));
#4457=CARTESIAN_POINT('Ctrl Pts',(-123.067305709232,24.1420395235129,-31.7214294645861));
#4458=CARTESIAN_POINT('Ctrl Pts',(-122.852193398407,24.1496558686619,-31.7880423510159));
#4459=CARTESIAN_POINT('Ctrl Pts',(-122.646527175037,24.1570028520005,-31.8780264262195));
#4460=CARTESIAN_POINT('Ctrl Pts',(-122.397513991754,24.1658983122209,-31.986975871802));
#4461=CARTESIAN_POINT('Ctrl Pts',(-122.164959143229,24.1743051335763,-32.1290460482408));
#4462=CARTESIAN_POINT('Ctrl Pts',(-121.954996953132,24.1819553009488,-32.2999773718901));
#4463=CARTESIAN_POINT('Ctrl Pts',(-121.861686743999,24.1853551450688,-32.3759417040861));
#4464=CARTESIAN_POINT('Ctrl Pts',(-121.772839506165,24.1886054376753,-32.4576062314701));
#4465=CARTESIAN_POINT('Ctrl Pts',(-121.68899669623,24.1916823584648,-32.5445970747974));
#4466=CARTESIAN_POINT('Ctrl Pts',(-121.497217578073,24.1987203997246,-32.7435768947002));
#4467=CARTESIAN_POINT('Ctrl Pts',(-121.334217446158,24.2047551016732,-32.9677190828933));
#4468=CARTESIAN_POINT('Ctrl Pts',(-121.20427130138,24.2095839663335,-33.2104218270944));
#4469=CARTESIAN_POINT('Ctrl Pts',(-121.149602813653,24.2116154750702,-33.3125271416855));
#4470=CARTESIAN_POINT('Ctrl Pts',(-121.100784067865,24.2134337313162,-33.4179174784382));
#4471=CARTESIAN_POINT('Ctrl Pts',(-121.05813045047,24.2150245135327,-33.5261012687294));
#4472=CARTESIAN_POINT('Ctrl Pts',(-121.057899677928,24.2150331202788,-33.5266865848144));
#4473=CARTESIAN_POINT('Ctrl Pts',(-121.057669091723,24.2150417201485,-33.5272719677492));
#4474=CARTESIAN_POINT('Ctrl Pts',(-121.057438691905,24.2150503131397,-33.5278574174433));
#4475=CARTESIAN_POINT('',(-45.6563897518481,24.9057589571035,17.4982928278995));
#4476=CARTESIAN_POINT('',(-45.4641504514532,24.8987976909818,16.4416567250933));
#4477=CARTESIAN_POINT('Ctrl Pts',(-45.656389751846,24.9057589571034,17.4982928278938));
#4478=CARTESIAN_POINT('Ctrl Pts',(-45.6563714650335,24.9057582966637,17.4982442350119));
#4479=CARTESIAN_POINT('Ctrl Pts',(-45.656353179459,24.9057576362682,17.4981956415927));
#4480=CARTESIAN_POINT('Ctrl Pts',(-45.6563348951224,24.9057569759168,17.4981470476362));
#4481=CARTESIAN_POINT('Ctrl Pts',(-45.548490409224,24.9018620985378,17.2115306738666));
#4482=CARTESIAN_POINT('Ctrl Pts',(-45.4853363883794,24.8995668088368,16.9105350409845));
#4483=CARTESIAN_POINT('Ctrl Pts',(-45.4686401182048,24.8989606882755,16.6057057268721));
#4484=CARTESIAN_POINT('Ctrl Pts',(-45.4656506190415,24.8988521612278,16.5511254541538));
#4485=CARTESIAN_POINT('Ctrl Pts',(-45.4641506362826,24.8987976976924,16.4964222751925));
#4486=CARTESIAN_POINT('Ctrl Pts',(-45.4641504514531,24.8987976909818,16.4416567250933));
#4487=CARTESIAN_POINT('Ctrl Pts',(-45.4641504514531,24.8987976909818,16.4416567250933));
#4488=CARTESIAN_POINT('Ctrl Pts',(-45.4641504051724,24.8987976893014,16.4132723278884));
#4489=CARTESIAN_POINT('Ctrl Pts',(-45.4645532866142,24.8988123170508,16.3848711763141));
#4490=CARTESIAN_POINT('Ctrl Pts',(-45.4653603942102,24.8988416199133,16.3564616983569));
#4491=CARTESIAN_POINT('Ctrl Pts',(-45.4741472374981,24.8991606351988,16.0471725379936));
#4492=CARTESIAN_POINT('Ctrl Pts',(-45.5307205932492,24.9012176488593,15.7414844120688));
#4493=CARTESIAN_POINT('Ctrl Pts',(-45.6327255700838,24.90490403094,15.4501779743388));
#4494=CARTESIAN_POINT('Ctrl Pts',(-45.6532599243817,24.9056461268462,15.3915358395407));
#4495=CARTESIAN_POINT('Ctrl Pts',(-45.6756355048974,24.9064541370221,15.3334765177658));
#4496=CARTESIAN_POINT('Ctrl Pts',(-45.6998332760864,24.9073270055912,15.2760879566493));
#4497=CARTESIAN_POINT('Ctrl Pts',(-45.8348257035567,24.912196489069,14.9559336286478));
#4498=CARTESIAN_POINT('Ctrl Pts',(-46.0244025368483,24.9190101873323,14.6616828381614));
#4499=CARTESIAN_POINT('Ctrl Pts',(-46.260068649088,24.9273789560178,14.4064605653872));
#4500=CARTESIAN_POINT('Ctrl Pts',(-46.477990633756,24.9351176107775,14.1704548720533));
#4501=CARTESIAN_POINT('Ctrl Pts',(-46.7323914629456,24.9440793893356,13.9709958837148));
#4502=CARTESIAN_POINT('Ctrl Pts',(-47.0135237974036,24.9538488706675,13.8156936045295));
#4503=CARTESIAN_POINT('Ctrl Pts',(-47.2587111077327,24.9623692454431,13.6802479675315));
#4504=CARTESIAN_POINT('Ctrl Pts',(-47.5216538886628,24.9714135542413,13.5798129851029));
#4505=CARTESIAN_POINT('Ctrl Pts',(-47.7946788929152,24.9806839778066,13.5173093051803));
#4506=CARTESIAN_POINT('Ctrl Pts',(-47.9261915539853,24.9851494225583,13.4872020800351));
#4507=CARTESIAN_POINT('Ctrl Pts',(-48.0595848518524,24.989652042552,13.4660007744351));
#4508=CARTESIAN_POINT('Ctrl Pts',(-48.1939500582211,24.994159281399,13.4538495446519));
#4509=CARTESIAN_POINT('Ctrl Pts',(-48.2939596706403,24.9975140725861,13.4448052405952));
#4510=CARTESIAN_POINT('Ctrl Pts',(-48.3943606507013,25.0008665169134,13.440787979591));
#4511=CARTESIAN_POINT('Ctrl Pts',(-48.4947737638856,25.0042037064985,13.4418130270424));
#4512=CARTESIAN_POINT('Ctrl Pts',(-48.598562827883,25.0076530944561,13.4428725372216));
#4513=CARTESIAN_POINT('Ctrl Pts',(-48.7022279284138,25.0110816308933,13.4493177086384));
#4514=CARTESIAN_POINT('Ctrl Pts',(-48.8053507377268,25.0144757372577,13.4611228191216));
#4515=CARTESIAN_POINT('Ctrl Pts',(-48.955000537784,25.0194011979021,13.4782541641192));
#4516=CARTESIAN_POINT('Ctrl Pts',(-49.103151112316,25.024242299353,13.50663224527));
#4517=CARTESIAN_POINT('Ctrl Pts',(-49.2485448167192,25.0289606919084,13.5460176799534));
#4518=CARTESIAN_POINT('Ctrl Pts',(-49.5658801327362,25.039259023592,13.6319800633525));
#4519=CARTESIAN_POINT('Ctrl Pts',(-49.8669598692183,25.0488691419423,13.769532425553));
#4520=CARTESIAN_POINT('Ctrl Pts',(-50.1397128668252,25.0574658678211,13.953185187745));
#4521=CARTESIAN_POINT('Ctrl Pts',(-50.4549896287935,25.0674028728123,14.1654704740606));
#4522=CARTESIAN_POINT('Ctrl Pts',(-50.7270992700413,25.0758214762692,14.4357702777226));
#4523=CARTESIAN_POINT('Ctrl Pts',(-50.9415016835498,25.082396958898,14.7496960657311));
#4524=CARTESIAN_POINT('Ctrl Pts',(-51.141938912957,25.0885441449233,15.0431741761602));
#4525=CARTESIAN_POINT('Ctrl Pts',(-51.2884747479841,25.0929780068727,15.3697050599811));
#4526=CARTESIAN_POINT('Ctrl Pts',(-51.3745448260941,25.0955778815933,15.7139174828864));
#4527=CARTESIAN_POINT('Ctrl Pts',(-51.384139936279,25.0958677161672,15.7522903552866));
#4528=CARTESIAN_POINT('Ctrl Pts',(-51.3929835980692,25.0961347050831,15.7908829709672));
#4529=CARTESIAN_POINT('Ctrl Pts',(-51.4010667222724,25.0963786382914,15.8296740337317));
#4530=CARTESIAN_POINT('Ctrl Pts',(-51.467115318073,25.0983718584211,16.1466424683125));
#4531=CARTESIAN_POINT('Ctrl Pts',(-51.4813319968869,25.098798203845,16.4718169405191));
#4532=CARTESIAN_POINT('Ctrl Pts',(-51.4435576972195,25.0976599674521,16.7925570468603));
#4533=CARTESIAN_POINT('Ctrl Pts',(-51.436188165029,25.0974379045731,16.8551314574849));
#4534=CARTESIAN_POINT('Ctrl Pts',(-51.4268397643024,25.0971561323125,16.9175370890663));
#4535=CARTESIAN_POINT('Ctrl Pts',(-51.4155113020405,25.0968144362999,16.9796800792524));
#4536=CARTESIAN_POINT('Ctrl Pts',(-51.3505939629446,25.094856359784,17.3357882140589));
#4537=CARTESIAN_POINT('Ctrl Pts',(-51.2217616507715,25.0909689031774,17.6772052824582));
#4538=CARTESIAN_POINT('Ctrl Pts',(-51.0352732374388,25.0852681442239,17.9874017297384));
#4539=CARTESIAN_POINT('Ctrl Pts',(-50.8615187600713,25.0799566485934,18.2764171201062));
#4540=CARTESIAN_POINT('Ctrl Pts',(-50.6402849518449,25.0731463371178,18.5340531674148));
#4541=CARTESIAN_POINT('Ctrl Pts',(-50.3809081854781,25.0650372546409,18.7494781629553));
#4542=CARTESIAN_POINT('Ctrl Pts',(-50.1015715123885,25.0563041512383,18.9814808299543));
#4543=CARTESIAN_POINT('Ctrl Pts',(-49.7826729738288,25.046206939512,19.1606423905818));
#4544=CARTESIAN_POINT('Ctrl Pts',(-49.4399085404712,25.0351518256305,19.2785381055338));
#4545=CARTESIAN_POINT('Ctrl Pts',(-49.4062992002185,25.0340678301869,19.2900982232488));
#4546=CARTESIAN_POINT('Ctrl Pts',(-49.3724604174549,25.0329746636394,19.3010692980924));
#4547=CARTESIAN_POINT('Ctrl Pts',(-49.3384069990293,25.0318727360037,19.3114433877116));
#4548=CARTESIAN_POINT('Ctrl Pts',(-49.1817890515976,25.0268047677203,19.3591557378293));
#4549=CARTESIAN_POINT('Ctrl Pts',(-49.0215318276295,25.0215803829464,19.3939658093532));
#4550=CARTESIAN_POINT('Ctrl Pts',(-48.8592417970017,25.0162479611968,19.4155267337992));
#4551=CARTESIAN_POINT('Ctrl Pts',(-48.7529230444533,25.0127546078079,19.429651634645));
#4552=CARTESIAN_POINT('Ctrl Pts',(-48.645924332886,25.0092212725131,19.4380647401156));
#4553=CARTESIAN_POINT('Ctrl Pts',(-48.5387066473991,25.0056628014818,19.4407301442757));
#4554=CARTESIAN_POINT('Ctrl Pts',(-48.4398294277467,25.0023811439811,19.4431882065945));
#4555=CARTESIAN_POINT('Ctrl Pts',(-48.3408914731487,24.9990822808527,19.4407548943873));
#4556=CARTESIAN_POINT('Ctrl Pts',(-48.2422553445853,24.9957784664904,19.4334392308166));
#4557=CARTESIAN_POINT('Ctrl Pts',(-48.1165527684718,24.991568062226,19.4241160976988));
#4558=CARTESIAN_POINT('Ctrl Pts',(-47.991562201526,24.9873570129177,19.4068799240667));
#4559=CARTESIAN_POINT('Ctrl Pts',(-47.8680270705214,24.9831717224772,19.3818330658434));
#4560=CARTESIAN_POINT('Ctrl Pts',(-47.6310588405073,24.9751433919147,19.3337875454127));
#4561=CARTESIAN_POINT('Ctrl Pts',(-47.4007583978537,24.9672536055463,19.2572679984568));
#4562=CARTESIAN_POINT('Ctrl Pts',(-47.1821444335279,24.9596940898785,19.1539363142956));
#4563=CARTESIAN_POINT('Ctrl Pts',(-46.8629329870883,24.9486559847046,19.0030554844006));
#4564=CARTESIAN_POINT('Ctrl Pts',(-46.5730112850808,24.938473432016,18.7970766778803));
#4565=CARTESIAN_POINT('Ctrl Pts',(-46.3256406379228,24.9297053299633,18.5456472189609));
#4566=CARTESIAN_POINT('Ctrl Pts',(-46.3068151452887,24.9290380566126,18.5265128411305));
#4567=CARTESIAN_POINT('Ctrl Pts',(-46.2882360671708,24.9283789827942,18.5071152326292));
#4568=CARTESIAN_POINT('Ctrl Pts',(-46.2699092381157,24.9277283577395,18.487458645537));
#4569=CARTESIAN_POINT('Ctrl Pts',(-46.002817988557,24.9182462886753,18.2009877894649));
#4570=CARTESIAN_POINT('Ctrl Pts',(-45.794367472808,24.9107421093273,17.8649360085136));
#4571=CARTESIAN_POINT('Ctrl Pts',(-45.656389751846,24.9057589571034,17.4982928278938));
#4572=CARTESIAN_POINT('',(-126.845412709746,24.0173419131413,-16.5755472885524));
#4573=CARTESIAN_POINT('',(-148.435514959221,23.6497932378335,0.));
#4574=CARTESIAN_POINT('Ctrl Pts',(-126.845412709746,24.0173419131413,-16.5755472885524));
#4575=CARTESIAN_POINT('Ctrl Pts',(-136.132038244453,23.7332237260944,-9.44584966494093));
#4576=CARTESIAN_POINT('Ctrl Pts',(-144.126453218208,23.6894983116653,-3.30823151424338));
#4577=CARTESIAN_POINT('Ctrl Pts',(-148.435514959221,23.6497932378335,4.05526478713061E-15));
#4578=CARTESIAN_POINT('',(-126.845412709746,24.0173419131413,16.5755472885524));
#4579=CARTESIAN_POINT('Ctrl Pts',(-148.435514959221,23.6497932378335,-4.30640624096417E-15));
#4580=CARTESIAN_POINT('Ctrl Pts',(-144.126453808603,23.6894983062252,3.30823106097459));
#4581=CARTESIAN_POINT('Ctrl Pts',(-136.132037638029,23.7332237446476,9.44585013051541));
#4582=CARTESIAN_POINT('Ctrl Pts',(-126.845412709746,24.0173419131413,16.5755472885524));
#4583=CARTESIAN_POINT('',(-92.9764697824991,25.2534448680978,16.5755472885524));
#4584=CARTESIAN_POINT('Ctrl Pts',(-126.845412709744,24.0173419131413,16.5755472885524));
#4585=CARTESIAN_POINT('Ctrl Pts',(-126.12629646298,24.0393428007127,16.5755472885524));
#4586=CARTESIAN_POINT('Ctrl Pts',(-125.403916124332,24.062497354799,16.5755472885524));
#4587=CARTESIAN_POINT('Ctrl Pts',(-124.677894685171,24.0867439055495,16.5755472885524));
#4588=CARTESIAN_POINT('Ctrl Pts',(-123.912250382017,24.1123137199543,16.5755472885524));
#4589=CARTESIAN_POINT('Ctrl Pts',(-123.142556254808,24.1390979817465,16.5755472885524));
#4590=CARTESIAN_POINT('Ctrl Pts',(-122.368325899059,24.1669817690105,16.5755472885524));
#4591=CARTESIAN_POINT('Ctrl Pts',(-121.537459972903,24.1969052776379,16.5755472885524));
#4592=CARTESIAN_POINT('Ctrl Pts',(-120.701369111957,24.2280950696196,16.5755472885524));
#4593=CARTESIAN_POINT('Ctrl Pts',(-119.85941226464,24.260361041407,16.5755472885524));
#4594=CARTESIAN_POINT('Ctrl Pts',(-118.941946952238,24.2955206935676,16.5755472885524));
#4595=CARTESIAN_POINT('Ctrl Pts',(-118.017514872494,24.3319581673187,16.5755472885524));
#4596=CARTESIAN_POINT('Ctrl Pts',(-117.085258514363,24.3693722911563,16.5755472885524));
#4597=CARTESIAN_POINT('Ctrl Pts',(-116.100841425831,24.4088797748403,16.5755472885524));
#4598=CARTESIAN_POINT('Ctrl Pts',(-115.107698012133,24.4494758821188,16.5755472885524));
#4599=CARTESIAN_POINT('Ctrl Pts',(-114.104817290234,24.4907510415507,16.5755472885524));
#4600=CARTESIAN_POINT('Ctrl Pts',(-113.153236050201,24.5299148887931,16.5755472885524));
#4601=CARTESIAN_POINT('Ctrl Pts',(-112.192886661403,24.5696890259755,16.5755472885524));
#4602=CARTESIAN_POINT('Ctrl Pts',(-111.222929994093,24.6096874961738,16.5755472885524));
#4603=CARTESIAN_POINT('Ctrl Pts',(-110.319107861586,24.6469587515298,16.5755472885524));
#4604=CARTESIAN_POINT('Ctrl Pts',(-109.40694307619,24.6844240117891,16.5755472885524));
#4605=CARTESIAN_POINT('Ctrl Pts',(-108.485794269049,24.7217515968812,16.5755472885524));
#4606=CARTESIAN_POINT('Ctrl Pts',(-107.620542777043,24.7568140628406,16.5755472885524));
#4607=CARTESIAN_POINT('Ctrl Pts',(-106.74736400065,24.7917545344542,16.5755472885524));
#4608=CARTESIAN_POINT('Ctrl Pts',(-105.865769888647,24.8262892353296,16.5755472885524));
#4609=CARTESIAN_POINT('Ctrl Pts',(-105.027508341456,24.8591264689198,16.5755472885524));
#4610=CARTESIAN_POINT('Ctrl Pts',(-104.181638043714,24.8915964954439,16.5755472885524));
#4611=CARTESIAN_POINT('Ctrl Pts',(-103.327786146616,24.9234530368464,16.5755472885524));
#4612=CARTESIAN_POINT('Ctrl Pts',(-102.49679330045,24.9544567250726,16.5755472885524));
#4613=CARTESIAN_POINT('Ctrl Pts',(-101.658240092488,24.9848790718918,16.5755472885524));
#4614=CARTESIAN_POINT('Ctrl Pts',(-100.811833866776,25.0144951358645,16.5755472885524));
#4615=CARTESIAN_POINT('Ctrl Pts',(-100.01931365208,25.0422257085672,16.5755472885524));
#4616=CARTESIAN_POINT('Ctrl Pts',(-99.2199085273899,25.069249232495,16.5755472885524));
#4617=CARTESIAN_POINT('Ctrl Pts',(-98.4134256607114,25.0953858215644,16.5755472885524));
#4618=CARTESIAN_POINT('Ctrl Pts',(-97.6271926488904,25.1208661510193,16.5755472885524));
#4619=CARTESIAN_POINT('Ctrl Pts',(-96.8342326366518,25.1455033770347,16.5755472885524));
#4620=CARTESIAN_POINT('Ctrl Pts',(-96.0344154558708,25.1691377628121,16.5755472885524));
#4621=CARTESIAN_POINT('Ctrl Pts',(-95.2594811801207,25.1920368653387,16.5755472885524));
#4622=CARTESIAN_POINT('Ctrl Pts',(-94.4781096488124,25.2139944460984,16.5755472885524));
#4623=CARTESIAN_POINT('Ctrl Pts',(-93.6902309218975,25.2348736597592,16.5755472885524));
#4624=CARTESIAN_POINT('Ctrl Pts',(-93.4529009691141,25.2411630322514,16.5755472885524));
#4625=CARTESIAN_POINT('Ctrl Pts',(-93.2149809185839,25.2473546220943,16.5755472885524));
#4626=CARTESIAN_POINT('Ctrl Pts',(-92.9764697824951,25.2534448680979,16.5755472885524));
#4627=CARTESIAN_POINT('',(-92.9764697824991,25.2534448680978,-16.5755472885524));
#4628=CARTESIAN_POINT('Ctrl Pts',(-92.9764697824991,25.2534448680978,16.5755472885524));
#4629=CARTESIAN_POINT('Ctrl Pts',(-92.9764697824991,25.2534448680978,5.52518242951747));
#4630=CARTESIAN_POINT('Ctrl Pts',(-92.9764697824991,25.2534448680978,-5.52518242951747));
#4631=CARTESIAN_POINT('Ctrl Pts',(-92.9764697824991,25.2534448680978,-16.5755472885524));
#4632=CARTESIAN_POINT('Ctrl Pts',(-92.976469782495,25.2534448680979,-16.5755472885524));
#4633=CARTESIAN_POINT('Ctrl Pts',(-93.7760324833694,25.2330284899636,-16.5755472885524));
#4634=CARTESIAN_POINT('Ctrl Pts',(-94.5689484503318,25.2114724041651,-16.5755472885524));
#4635=CARTESIAN_POINT('Ctrl Pts',(-95.3552740778648,25.1889145413975,-16.5755472885524));
#4636=CARTESIAN_POINT('Ctrl Pts',(-96.1639739075992,25.1657148145406,-16.5755472885524));
#4637=CARTESIAN_POINT('Ctrl Pts',(-96.9657031686056,25.1414556133396,-16.5755472885524));
#4638=CARTESIAN_POINT('Ctrl Pts',(-97.7605797022483,25.1162972524273,-16.5755472885524));
#4639=CARTESIAN_POINT('Ctrl Pts',(-98.5815657943464,25.0903125069546,-16.5755472885524));
#4640=CARTESIAN_POINT('Ctrl Pts',(-99.3952417569355,25.0633687147408,-16.5755472885524));
#4641=CARTESIAN_POINT('Ctrl Pts',(-100.201794365475,25.0356511876917,-16.5755472885524));
#4642=CARTESIAN_POINT('Ctrl Pts',(-101.039006791614,25.0068800228332,-16.5755472885524));
#4643=CARTESIAN_POINT('Ctrl Pts',(-101.868544228407,24.977275378867,-16.5755472885524));
#4644=CARTESIAN_POINT('Ctrl Pts',(-102.690672874203,24.947050984304,-16.5755472885524));
#4645=CARTESIAN_POINT('Ctrl Pts',(-103.548506577989,24.9155139438842,-16.5755472885524));
#4646=CARTESIAN_POINT('Ctrl Pts',(-104.398274251737,24.8833024130182,-16.5755472885524));
#4647=CARTESIAN_POINT('Ctrl Pts',(-105.240335779468,24.8506625160143,-16.5755472885524));
#4648=CARTESIAN_POINT('Ctrl Pts',(-106.126833447946,24.8163001901742,-16.5755472885524));
#4649=CARTESIAN_POINT('Ctrl Pts',(-107.004790551536,24.7814634675264,-16.5755472885524));
#4650=CARTESIAN_POINT('Ctrl Pts',(-107.874684661859,24.7464381579465,-16.5755472885524));
#4651=CARTESIAN_POINT('Ctrl Pts',(-108.833938563391,24.7078148767125,-16.5755472885524));
#4652=CARTESIAN_POINT('Ctrl Pts',(-109.78338813432,24.6689629845987,-16.5755472885524));
#4653=CARTESIAN_POINT('Ctrl Pts',(-110.723737675846,24.630255376174,-16.5755472885524));
#4654=CARTESIAN_POINT('Ctrl Pts',(-111.725797547269,24.5890075854235,-16.5755472885524));
#4655=CARTESIAN_POINT('Ctrl Pts',(-112.717524973677,24.5479246350853,-16.5755472885524));
#4656=CARTESIAN_POINT('Ctrl Pts',(-113.69982919754,24.5074326904544,-16.5755472885524));
#4657=CARTESIAN_POINT('Ctrl Pts',(-114.708032168526,24.465873163491,-16.5755472885524));
#4658=CARTESIAN_POINT('Ctrl Pts',(-115.706310399586,24.4249372659456,-16.5755472885524));
#4659=CARTESIAN_POINT('Ctrl Pts',(-116.695680812457,24.3850444263483,-16.5755472885524));
#4660=CARTESIAN_POINT('Ctrl Pts',(-117.597747172538,24.3486718118647,-16.5755472885524));
#4661=CARTESIAN_POINT('Ctrl Pts',(-118.492410046238,24.3131663183232,-16.5755472885524));
#4662=CARTESIAN_POINT('Ctrl Pts',(-119.380442625664,24.2788059654851,-16.5755472885524));
#4663=CARTESIAN_POINT('Ctrl Pts',(-120.207731444425,24.2467959510213,-16.5755472885524));
#4664=CARTESIAN_POINT('Ctrl Pts',(-121.029267156895,24.2157799018954,-16.5755472885524));
#4665=CARTESIAN_POINT('Ctrl Pts',(-121.845658598497,24.1859451031085,-16.5755472885524));
#4666=CARTESIAN_POINT('Ctrl Pts',(-122.616631827563,24.1577701003008,-16.5755472885524));
#4667=CARTESIAN_POINT('Ctrl Pts',(-123.383017979876,24.1306486546359,-16.5755472885524));
#4668=CARTESIAN_POINT('Ctrl Pts',(-124.145301799016,24.1047022981508,-16.5755472885524));
#4669=CARTESIAN_POINT('Ctrl Pts',(-124.864245116485,24.0802311508704,-16.5755472885524));
#4670=CARTESIAN_POINT('Ctrl Pts',(-125.579539739798,24.0568052586381,-16.5755472885524));
#4671=CARTESIAN_POINT('Ctrl Pts',(-126.291558841542,24.0344929985636,-16.5755472885524));
#4672=CARTESIAN_POINT('Ctrl Pts',(-126.476395704756,24.0287008391211,-16.5755472885524));
#4673=CARTESIAN_POINT('Ctrl Pts',(-126.661011629532,24.0229835426443,-16.5755472885524));
#4674=CARTESIAN_POINT('Ctrl Pts',(-126.845412709744,24.0173419131413,-16.5755472885524));
#4675=CARTESIAN_POINT('',(-121.057438691871,24.215050313141,35.7250893644289));
#4676=CARTESIAN_POINT('',(-120.849040909736,24.2228424551235,34.6264733909361));
#4677=CARTESIAN_POINT('Ctrl Pts',(-121.057438691905,24.2150503131398,35.7250893644289));
#4678=CARTESIAN_POINT('Ctrl Pts',(-120.975752807032,24.2180968697523,35.5175241919295));
#4679=CARTESIAN_POINT('Ctrl Pts',(-120.917498469449,24.2202779318363,35.3015674604673));
#4680=CARTESIAN_POINT('Ctrl Pts',(-120.883709638977,24.2215434460171,35.0812389110478));
#4681=CARTESIAN_POINT('Ctrl Pts',(-120.879423355793,24.2217039828595,35.0532891257735));
#4682=CARTESIAN_POINT('Ctrl Pts',(-120.87553070883,24.2218498011656,35.0252689883336));
#4683=CARTESIAN_POINT('Ctrl Pts',(-120.872033748321,24.2219808116916,34.9971867045327));
#4684=CARTESIAN_POINT('Ctrl Pts',(-120.856705653245,24.2225550651878,34.8740946893914));
#4685=CARTESIAN_POINT('Ctrl Pts',(-120.849040465482,24.2228424717762,34.7502856998911));
#4686=CARTESIAN_POINT('Ctrl Pts',(-120.849040909736,24.2228424551235,34.6264733909361));
#4687=CARTESIAN_POINT('Ctrl Pts',(-120.849040909736,24.2228424551235,34.6264733909361));
#4688=CARTESIAN_POINT('Ctrl Pts',(-120.849040511708,24.2228424700434,34.506130028289));
#4689=CARTESIAN_POINT('Ctrl Pts',(-120.856282167597,24.2225709479111,34.3857835294502));
#4690=CARTESIAN_POINT('Ctrl Pts',(-120.870765694788,24.2220283189151,34.2660892292055));
#4691=CARTESIAN_POINT('Ctrl Pts',(-120.898131874809,24.2210030380843,34.0399305231897));
#4692=CARTESIAN_POINT('Ctrl Pts',(-120.951106600294,24.2190185137294,33.8180857623899));
#4693=CARTESIAN_POINT('Ctrl Pts',(-121.02838228093,24.2161343871494,33.6047554533823));
#4694=CARTESIAN_POINT('Ctrl Pts',(-121.075813519036,24.2143641317026,33.4738148961672));
#4695=CARTESIAN_POINT('Ctrl Pts',(-121.132398790844,24.2122551965305,33.3460820846817));
#4696=CARTESIAN_POINT('Ctrl Pts',(-121.197826411182,24.2098234810286,33.2225283483297));
#4697=CARTESIAN_POINT('Ctrl Pts',(-121.348507471104,24.2042231937593,32.9379817324741));
#4698=CARTESIAN_POINT('Ctrl Pts',(-121.543930194689,24.1969899302037,32.6797073217938));
#4699=CARTESIAN_POINT('Ctrl Pts',(-121.776448576537,24.188476730131,32.4575194542154));
#4700=CARTESIAN_POINT('Ctrl Pts',(-121.79377170083,24.1878424782417,32.4409659756646));
#4701=CARTESIAN_POINT('Ctrl Pts',(-121.811300708401,24.1872011310703,32.4246127981242));
#4702=CARTESIAN_POINT('Ctrl Pts',(-121.829032431162,24.1865528385439,32.4084639801151));
#4703=CARTESIAN_POINT('Ctrl Pts',(-122.018146369836,24.1796386117244,32.2362321772768));
#4704=CARTESIAN_POINT('Ctrl Pts',(-122.228093463211,24.1720159975274,32.0892795578175));
#4705=CARTESIAN_POINT('Ctrl Pts',(-122.453522350114,24.1639172056899,31.9708168114729));
#4706=CARTESIAN_POINT('Ctrl Pts',(-122.573457875046,24.1596083841201,31.9077907642654));
#4707=CARTESIAN_POINT('Ctrl Pts',(-122.697776365518,24.1551646997299,31.8528290242396));
#4708=CARTESIAN_POINT('Ctrl Pts',(-122.825678172503,24.1506201903387,31.8064151099681));
#4709=CARTESIAN_POINT('Ctrl Pts',(-123.012605436037,24.1439784334735,31.7385816196587));
#4710=CARTESIAN_POINT('Ctrl Pts',(-123.205811417193,24.1371705437878,31.6895028273455));
#4711=CARTESIAN_POINT('Ctrl Pts',(-123.402443095331,24.1303089155726,31.6599012289671));
#4712=CARTESIAN_POINT('Ctrl Pts',(-123.546917088603,24.1252673737519,31.6381516250098));
#4713=CARTESIAN_POINT('Ctrl Pts',(-123.692787396055,24.1202125366925,31.6269849694922));
#4714=CARTESIAN_POINT('Ctrl Pts',(-123.838889095156,24.1151870915242,31.6264905675418));
#4715=CARTESIAN_POINT('Ctrl Pts',(-123.982879191282,24.110234278947,31.6260033111663));
#4716=CARTESIAN_POINT('Ctrl Pts',(-124.126719772505,24.1053228972114,31.6358833120473));
#4717=CARTESIAN_POINT('Ctrl Pts',(-124.269294950777,24.1004909882029,31.6560548108463));
#4718=CARTESIAN_POINT('Ctrl Pts',(-124.459891605952,24.0940316191439,31.683020375593));
#4719=CARTESIAN_POINT('Ctrl Pts',(-124.647457875382,24.0877406014134,31.7282688157718));
#4720=CARTESIAN_POINT('Ctrl Pts',(-124.829397106954,24.0816983397549,31.7911776873089));
#4721=CARTESIAN_POINT('Ctrl Pts',(-125.085175157739,24.0732038666499,31.8796177032404));
#4722=CARTESIAN_POINT('Ctrl Pts',(-125.327478375653,24.0652797994166,32.0021469981217));
#4723=CARTESIAN_POINT('Ctrl Pts',(-125.549836812785,24.0580967664488,32.1551790801119));
#4724=CARTESIAN_POINT('Ctrl Pts',(-125.616976993322,24.0559278803184,32.2013864637638));
#4725=CARTESIAN_POINT('Ctrl Pts',(-125.682299137711,24.0538264008197,32.2503748238408));
#4726=CARTESIAN_POINT('Ctrl Pts',(-125.74562590604,24.0517966694231,32.3020454286638));
#4727=CARTESIAN_POINT('Ctrl Pts',(-125.994280499943,24.0438268637713,32.5049317214259));
#4728=CARTESIAN_POINT('Ctrl Pts',(-126.208449702742,24.037082339722,32.7461447080838));
#4729=CARTESIAN_POINT('Ctrl Pts',(-126.380264168213,24.0317184960744,33.0162236310356));
#4730=CARTESIAN_POINT('Ctrl Pts',(-126.416977980879,24.0305723344266,33.073934877613));
#4731=CARTESIAN_POINT('Ctrl Pts',(-126.451757681498,24.0294892396384,33.1329641538198));
#4732=CARTESIAN_POINT('Ctrl Pts',(-126.484526118973,24.0284708024811,33.1932191525357));
#4733=CARTESIAN_POINT('Ctrl Pts',(-126.597532755068,24.024958576507,33.4010171202616));
#4734=CARTESIAN_POINT('Ctrl Pts',(-126.685295423514,24.0222554085887,33.6209661007884));
#4735=CARTESIAN_POINT('Ctrl Pts',(-126.746367316944,24.0203787767544,33.8483607138203));
#4736=CARTESIAN_POINT('Ctrl Pts',(-126.787647201314,24.0191103185361,34.0020619142441));
#4737=CARTESIAN_POINT('Ctrl Pts',(-126.816731935188,24.0182197566986,34.1591648128003));
#4738=CARTESIAN_POINT('Ctrl Pts',(-126.833161817366,24.0177168227375,34.3182163413122));
#4739=CARTESIAN_POINT('Ctrl Pts',(-126.856524353801,24.0170016737873,34.5443802960893));
#4740=CARTESIAN_POINT('Ctrl Pts',(-126.854041274291,24.0170774502473,34.77197100097));
#4741=CARTESIAN_POINT('Ctrl Pts',(-126.826111094546,24.0179326855615,34.9966267650109));
#4742=CARTESIAN_POINT('Ctrl Pts',(-126.80723038285,24.0185108218838,35.148493339102));
#4743=CARTESIAN_POINT('Ctrl Pts',(-126.776720021983,24.0194455213931,35.2990187284275));
#4744=CARTESIAN_POINT('Ctrl Pts',(-126.734690420935,24.0207376792081,35.4468555570727));
#4745=CARTESIAN_POINT('Ctrl Pts',(-126.665699033195,24.0228587500396,35.6895289994336));
#4746=CARTESIAN_POINT('Ctrl Pts',(-126.566485875987,24.0259172644053,35.9221125184447));
#4747=CARTESIAN_POINT('Ctrl Pts',(-126.439703736052,24.0298652152372,36.1392364843238));
#4748=CARTESIAN_POINT('Ctrl Pts',(-126.386254242295,24.0315296134991,36.2307727690468));
#4749=CARTESIAN_POINT('Ctrl Pts',(-126.327904147402,24.033352301739,36.3195613622535));
#4750=CARTESIAN_POINT('Ctrl Pts',(-126.264849665848,24.0353304460049,36.4051999168227));
#4751=CARTESIAN_POINT('Ctrl Pts',(-126.064757563766,24.0416077324821,36.6769585290675));
#4752=CARTESIAN_POINT('Ctrl Pts',(-125.820255643099,24.0493583269223,36.9129907876195));
#4753=CARTESIAN_POINT('Ctrl Pts',(-125.541675018946,24.0583604664741,37.1033645416203));
#4754=CARTESIAN_POINT('Ctrl Pts',(-125.330363203878,24.0651888611407,37.2477687823008));
#4755=CARTESIAN_POINT('Ctrl Pts',(-125.101657715077,24.0726665482908,37.3643912360825));
#4756=CARTESIAN_POINT('Ctrl Pts',(-124.861212612319,24.0806423612512,37.4505678258156));
#4757=CARTESIAN_POINT('Ctrl Pts',(-124.804886245627,24.0825107651419,37.4707554451012));
#4758=CARTESIAN_POINT('Ctrl Pts',(-124.747915846404,24.0844064202092,37.4892722819244));
#4759=CARTESIAN_POINT('Ctrl Pts',(-124.690374512617,24.0863272186911,37.5060840883648));
#4760=CARTESIAN_POINT('Ctrl Pts',(-124.51935492591,24.0920360568587,37.5560507471137));
#4761=CARTESIAN_POINT('Ctrl Pts',(-124.344228625545,24.097936145834,37.5906815167573));
#4762=CARTESIAN_POINT('Ctrl Pts',(-124.167073394618,24.1039615247823,37.6095683171093));
#4763=CARTESIAN_POINT('Ctrl Pts',(-124.025860558726,24.1087644360153,37.6246232416783));
#4764=CARTESIAN_POINT('Ctrl Pts',(-123.883758391342,24.1136332484943,37.6296319787401));
#4765=CARTESIAN_POINT('Ctrl Pts',(-123.741839203785,24.1185307600946,37.6245574114801));
#4766=CARTESIAN_POINT('Ctrl Pts',(-123.589422311205,24.1237905386512,37.6191074805282));
#4767=CARTESIAN_POINT('Ctrl Pts',(-123.437642464247,24.1290687281428,37.6020425907299));
#4768=CARTESIAN_POINT('Ctrl Pts',(-123.287820240484,24.1343161506036,37.5735111172649));
#4769=CARTESIAN_POINT('Ctrl Pts',(-123.067305709231,24.1420395235129,37.5315173172861));
#4770=CARTESIAN_POINT('Ctrl Pts',(-122.852193398407,24.1496558686619,37.4649044308563));
#4771=CARTESIAN_POINT('Ctrl Pts',(-122.646527175037,24.1570028520005,37.3749203556527));
#4772=CARTESIAN_POINT('Ctrl Pts',(-122.397513991754,24.1658983122208,37.2659709100705));
#4773=CARTESIAN_POINT('Ctrl Pts',(-122.16495914323,24.1743051335763,37.1239007336321));
#4774=CARTESIAN_POINT('Ctrl Pts',(-121.954996953134,24.1819553009487,36.9529694099833));
#4775=CARTESIAN_POINT('Ctrl Pts',(-121.861686744,24.1853551450688,36.877005077787));
#4776=CARTESIAN_POINT('Ctrl Pts',(-121.772839506165,24.1886054376752,36.7953405504026));
#4777=CARTESIAN_POINT('Ctrl Pts',(-121.68899669623,24.1916823584648,36.7083497070748));
#4778=CARTESIAN_POINT('Ctrl Pts',(-121.497217578073,24.1987203997246,36.5093698871721));
#4779=CARTESIAN_POINT('Ctrl Pts',(-121.334217446158,24.2047551016732,36.285227698979));
#4780=CARTESIAN_POINT('Ctrl Pts',(-121.20427130138,24.2095839663335,36.0425249547778));
#4781=CARTESIAN_POINT('Ctrl Pts',(-121.149602813653,24.2116154750702,35.9404196401867));
#4782=CARTESIAN_POINT('Ctrl Pts',(-121.100784067865,24.2134337313162,35.835029303434));
#4783=CARTESIAN_POINT('Ctrl Pts',(-121.05813045047,24.2150245135327,35.7268455131429));
#4784=CARTESIAN_POINT('Ctrl Pts',(-121.057899677928,24.2150331202788,35.7262601970578));
#4785=CARTESIAN_POINT('Ctrl Pts',(-121.057669091723,24.2150417201485,35.7256748141231));
#4786=CARTESIAN_POINT('Ctrl Pts',(-121.057438691905,24.2150503131398,35.7250893644289));
#4787=CARTESIAN_POINT('Origin',(-123.849040909736,0.,-34.6264733909361));
#4788=CARTESIAN_POINT('',(-121.9922498757,24.1805986508209,-33.8832862974489));
#4789=CARTESIAN_POINT('',(-121.849040909736,24.1858215031458,-34.6264733909361));
#4790=CARTESIAN_POINT('Ctrl Pts',(-121.9922498757,24.1805986508209,-33.8832862974489));
#4791=CARTESIAN_POINT('Ctrl Pts',(-121.992535400499,24.1805882581148,-33.8825729375282));
#4792=CARTESIAN_POINT('Ctrl Pts',(-121.992821346254,24.1805778502092,-33.8818597239911));
#4793=CARTESIAN_POINT('Ctrl Pts',(-121.993107708429,24.1805674272702,-33.8811466554226));
#4794=CARTESIAN_POINT('Ctrl Pts',(-122.042716310185,24.1787617857713,-33.757616602518));
#4795=CARTESIAN_POINT('Ctrl Pts',(-122.104531669826,24.1765153762979,-33.6393540959592));
#4796=CARTESIAN_POINT('Ctrl Pts',(-122.259865827193,24.1708905659867,-33.4029761057756));
#4797=CARTESIAN_POINT('Ctrl Pts',(-122.355890545135,24.1674236259064,-33.2874741509568));
#4798=CARTESIAN_POINT('Ctrl Pts',(-122.655390448077,24.1566669943773,-32.9999205304651));
#4799=CARTESIAN_POINT('Ctrl Pts',(-122.881572134732,24.1486022871228,-32.8560348992422));
#4800=CARTESIAN_POINT('Ctrl Pts',(-123.257793034375,24.1353591874625,-32.7109000203677));
#4801=CARTESIAN_POINT('Ctrl Pts',(-123.391161122,24.1306922085033,-32.6747204170983));
#4802=CARTESIAN_POINT('Ctrl Pts',(-123.624552231536,24.1225807467676,-32.6366648897976));
#4803=CARTESIAN_POINT('Ctrl Pts',(-123.722963764855,24.1191767133743,-32.6280146030524));
#4804=CARTESIAN_POINT('Ctrl Pts',(-123.917701779913,24.1124744270958,-32.6253434623203));
#4805=CARTESIAN_POINT('Ctrl Pts',(-124.01376444039,24.1091843847912,-32.6309529417064));
#4806=CARTESIAN_POINT('Ctrl Pts',(-124.234538589829,24.1016602838097,-32.6599004098581));
#4807=CARTESIAN_POINT('Ctrl Pts',(-124.35818496605,24.0974745034841,-32.6882288149874));
#4808=CARTESIAN_POINT('Ctrl Pts',(-124.691878441197,24.0862493339133,-32.798840854467));
#4809=CARTESIAN_POINT('Ctrl Pts',(-124.891981815241,24.0796025093229,-32.9051637738595));
#4810=CARTESIAN_POINT('Ctrl Pts',(-125.275330261782,24.0669860474541,-33.200711501681));
#4811=CARTESIAN_POINT('Ctrl Pts',(-125.44782843444,24.0613878275257,-33.3972445539139));
#4812=CARTESIAN_POINT('Ctrl Pts',(-125.710804976133,24.0529021898495,-33.8495596469573));
#4813=CARTESIAN_POINT('Ctrl Pts',(-125.797030324773,24.0501499993372,-34.1019602399025));
#4814=CARTESIAN_POINT('Ctrl Pts',(-125.865232941423,24.0479716009419,-34.6168089212534));
#4815=CARTESIAN_POINT('Ctrl Pts',(-125.850018154798,24.0484551957009,-34.8738820165099));
#4816=CARTESIAN_POINT('Ctrl Pts',(-125.727507029987,24.0523753383805,-35.3538189222521));
#4817=CARTESIAN_POINT('Ctrl Pts',(-125.62669358929,24.0556057007064,-35.5738919481396));
#4818=CARTESIAN_POINT('Ctrl Pts',(-125.360029780672,24.0642406231649,-35.9561224889159));
#4819=CARTESIAN_POINT('Ctrl Pts',(-125.200286372052,24.0694454023841,-36.1181742321708));
#4820=CARTESIAN_POINT('Ctrl Pts',(-124.839097539767,24.0813566008553,-36.3779734619729));
#4821=CARTESIAN_POINT('Ctrl Pts',(-124.641515283957,24.0879331003731,-36.4757797578915));
#4822=CARTESIAN_POINT('Ctrl Pts',(-124.31619995034,24.0988946091455,-36.5749164603599));
#4823=CARTESIAN_POINT('Ctrl Pts',(-124.19738399317,24.1029225948422,-36.5996240373999));
#4824=CARTESIAN_POINT('Ctrl Pts',(-123.982631096139,24.1102495941294,-36.6242695810525));
#4825=CARTESIAN_POINT('Ctrl Pts',(-123.887541540684,24.1135097396765,-36.6283608333738));
#4826=CARTESIAN_POINT('Ctrl Pts',(-123.691937361946,24.1202484253183,-36.6228311108282));
#4827=CARTESIAN_POINT('Ctrl Pts',(-123.591708676773,24.1237190190179,-36.6124003630016));
#4828=CARTESIAN_POINT('Ctrl Pts',(-123.349406146485,24.1321496753134,-36.56852617031));
#4829=CARTESIAN_POINT('Ctrl Pts',(-123.209377547077,24.1370570435535,-36.5270093935021));
#4830=CARTESIAN_POINT('Ctrl Pts',(-122.832724440383,24.1503377897678,-36.368940741866));
#4831=CARTESIAN_POINT('Ctrl Pts',(-122.612738538235,24.1581925555059,-36.2204231120585));
#4832=CARTESIAN_POINT('Ctrl Pts',(-122.243749574412,24.1714588263312,-35.8477229576547));
#4833=CARTESIAN_POINT('Ctrl Pts',(-122.09794640044,24.1767521038701,-35.627526999779));
#4834=CARTESIAN_POINT('Ctrl Pts',(-121.899851430152,24.1839612104735,-35.1445971729276));
#4835=CARTESIAN_POINT('Ctrl Pts',(-121.849040909736,24.1858215031458,-34.8867544948006));
#4836=CARTESIAN_POINT('Ctrl Pts',(-121.849040909736,24.1858215031458,-34.6264733909361));
#4837=CARTESIAN_POINT('Ctrl Pts',(-121.849040909736,24.1858215031458,-34.6264733909361));
#4838=CARTESIAN_POINT('Ctrl Pts',(-121.849040909736,24.1858215031458,-34.6206620967155));
#4839=CARTESIAN_POINT('Ctrl Pts',(-121.849066237974,24.1858205776162,-34.6148495869528));
#4840=CARTESIAN_POINT('Ctrl Pts',(-121.85128556574,24.1857394804983,-34.3603107776221));
#4841=CARTESIAN_POINT('Ctrl Pts',(-121.899834772303,24.1839624322294,-34.1141777336725));
#4842=CARTESIAN_POINT('Ctrl Pts',(-121.9922498757,24.1805986508209,-33.8832862974489));
#4843=CARTESIAN_POINT('',(-121.849040909736,0.,-34.6264733909361));
#4844=CARTESIAN_POINT('',(-121.849040909736,0.,-34.6264733909361));
#4845=CARTESIAN_POINT('Origin',(-123.849040909736,0.,-34.6264733909361));
#4846=CARTESIAN_POINT('Origin',(-123.849040909736,0.,-34.6264733909361));
#4847=CARTESIAN_POINT('',(-120.849040909736,0.,-34.6264733909361));
#4848=CARTESIAN_POINT('',(-120.849040909736,0.,-34.6264733909361));
#4849=CARTESIAN_POINT('Origin',(-123.849040909736,0.,-34.6264733909361));
#4850=CARTESIAN_POINT('Origin',(-123.849040909736,0.,-34.6264733909361));
#4851=CARTESIAN_POINT('Ctrl Pts',(-265.931527944759,0.,-50.));
#4852=CARTESIAN_POINT('Ctrl Pts',(-265.931527944759,0.,50.));
#4853=CARTESIAN_POINT('Ctrl Pts',(-265.055473946508,0.530378076570228,-50.));
#4854=CARTESIAN_POINT('Ctrl Pts',(-265.055473946508,0.530378076570228,50.));
#4855=CARTESIAN_POINT('Ctrl Pts',(-263.216832100636,1.58495198768179,-50.));
#4856=CARTESIAN_POINT('Ctrl Pts',(-263.216832100636,1.58495198768179,50.));
#4857=CARTESIAN_POINT('Ctrl Pts',(-260.199262738041,3.14826707240955,-50.));
#4858=CARTESIAN_POINT('Ctrl Pts',(-260.199262738041,3.14826707240955,50.));
#4859=CARTESIAN_POINT('Ctrl Pts',(-255.655976775612,5.19553815259549,-50.));
#4860=CARTESIAN_POINT('Ctrl Pts',(-255.655976775612,5.19553815259549,50.));
#4861=CARTESIAN_POINT('Ctrl Pts',(-249.124943291855,7.68898990568333,-50.));
#4862=CARTESIAN_POINT('Ctrl Pts',(-249.124943291855,7.68898990568333,50.));
#4863=CARTESIAN_POINT('Ctrl Pts',(-241.793376047647,10.1059706726356,-50.));
#4864=CARTESIAN_POINT('Ctrl Pts',(-241.793376047647,10.1059706726356,50.));
#4865=CARTESIAN_POINT('Ctrl Pts',(-233.768122373775,12.4254224825711,-50.));
#4866=CARTESIAN_POINT('Ctrl Pts',(-233.768122373775,12.4254224825711,50.));
#4867=CARTESIAN_POINT('Ctrl Pts',(-225.236284016971,14.6118204865199,-50.));
#4868=CARTESIAN_POINT('Ctrl Pts',(-225.236284016971,14.6118204865199,50.));
#4869=CARTESIAN_POINT('Ctrl Pts',(-216.434546836393,16.6212164984082,-50.));
#4870=CARTESIAN_POINT('Ctrl Pts',(-216.434546836393,16.6212164984082,50.));
#4871=CARTESIAN_POINT('Ctrl Pts',(-207.611727140771,18.4085856325435,-50.));
#4872=CARTESIAN_POINT('Ctrl Pts',(-207.611727140771,18.4085856325435,50.));
#4873=CARTESIAN_POINT('Ctrl Pts',(-198.992106193328,19.9349936584673,-50.));
#4874=CARTESIAN_POINT('Ctrl Pts',(-198.992106193328,19.9349936584673,50.));
#4875=CARTESIAN_POINT('Ctrl Pts',(-190.74233326351,21.1742607799965,-50.));
#4876=CARTESIAN_POINT('Ctrl Pts',(-190.74233326351,21.1742607799965,50.));
#4877=CARTESIAN_POINT('Ctrl Pts',(-182.926807035475,22.1214651095693,-50.));
#4878=CARTESIAN_POINT('Ctrl Pts',(-182.926807035475,22.1214651095693,50.));
#4879=CARTESIAN_POINT('Ctrl Pts',(-175.503772723746,22.7950351179481,-50.));
#4880=CARTESIAN_POINT('Ctrl Pts',(-175.503772723746,22.7950351179481,50.));
#4881=CARTESIAN_POINT('Ctrl Pts',(-168.3700505572,23.2310016412185,-50.));
#4882=CARTESIAN_POINT('Ctrl Pts',(-168.3700505572,23.2310016412185,50.));
#4883=CARTESIAN_POINT('Ctrl Pts',(-161.393861472368,23.4794647724806,-50.));
#4884=CARTESIAN_POINT('Ctrl Pts',(-161.393861472368,23.4794647724806,50.));
#4885=CARTESIAN_POINT('Ctrl Pts',(-154.450060060554,23.6001091307551,-50.));
#4886=CARTESIAN_POINT('Ctrl Pts',(-154.450060060554,23.6001091307551,50.));
#4887=CARTESIAN_POINT('Ctrl Pts',(-147.459982235913,23.658650099244,-50.));
#4888=CARTESIAN_POINT('Ctrl Pts',(-147.459982235913,23.658650099244,50.));
#4889=CARTESIAN_POINT('Ctrl Pts',(-140.379418905946,23.7186679573191,-50.));
#4890=CARTESIAN_POINT('Ctrl Pts',(-140.379418905946,23.7186679573191,50.));
#4891=CARTESIAN_POINT('Ctrl Pts',(-133.174158562641,23.8320028316911,-50.));
#4892=CARTESIAN_POINT('Ctrl Pts',(-133.174158562641,23.8320028316911,50.));
#4893=CARTESIAN_POINT('Ctrl Pts',(-125.802389254776,24.0306590925319,-50.));
#4894=CARTESIAN_POINT('Ctrl Pts',(-125.802389254776,24.0306590925319,50.));
#4895=CARTESIAN_POINT('Ctrl Pts',(-118.188507828465,24.3154725051644,-50.));
#4896=CARTESIAN_POINT('Ctrl Pts',(-118.188507828465,24.3154725051644,50.));
#4897=CARTESIAN_POINT('Ctrl Pts',(-110.220397474325,24.6547248549387,-50.));
#4898=CARTESIAN_POINT('Ctrl Pts',(-110.220397474325,24.6547248549387,50.));
#4899=CARTESIAN_POINT('Ctrl Pts',(-101.782213719205,24.9983995317577,-50.));
#4900=CARTESIAN_POINT('Ctrl Pts',(-101.782213719205,24.9983995317577,50.));
#4901=CARTESIAN_POINT('Ctrl Pts',(-92.7794448161467,25.288843966786,-50.));
#4902=CARTESIAN_POINT('Ctrl Pts',(-92.7794448161467,25.288843966786,50.));
#4903=CARTESIAN_POINT('Ctrl Pts',(-83.1661012761864,25.472468631098,-50.));
#4904=CARTESIAN_POINT('Ctrl Pts',(-83.1661012761864,25.472468631098,50.));
#4905=CARTESIAN_POINT('Ctrl Pts',(-72.9739067761195,25.5118342549655,-50.));
#4906=CARTESIAN_POINT('Ctrl Pts',(-72.9739067761195,25.5118342549655,50.));
#4907=CARTESIAN_POINT('Ctrl Pts',(-62.3333296668961,25.3952104395109,-50.));
#4908=CARTESIAN_POINT('Ctrl Pts',(-62.3333296668961,25.3952104395109,50.));
#4909=CARTESIAN_POINT('Ctrl Pts',(-51.442325324111,25.1295639470399,-50.));
#4910=CARTESIAN_POINT('Ctrl Pts',(-51.442325324111,25.1295639470399,50.));
#4911=CARTESIAN_POINT('Ctrl Pts',(-40.5414613582355,24.735599875759,-50.));
#4912=CARTESIAN_POINT('Ctrl Pts',(-40.5414613582355,24.735599875759,50.));
#4913=CARTESIAN_POINT('Ctrl Pts',(-29.8873327145492,24.2421862478668,-50.));
#4914=CARTESIAN_POINT('Ctrl Pts',(-29.8873327145492,24.2421862478668,50.));
#4915=CARTESIAN_POINT('Ctrl Pts',(-19.7258181257673,23.68093463804,-50.));
#4916=CARTESIAN_POINT('Ctrl Pts',(-19.7258181257673,23.68093463804,50.));
#4917=CARTESIAN_POINT('Ctrl Pts',(-10.2677840152842,23.0811682138322,-50.));
#4918=CARTESIAN_POINT('Ctrl Pts',(-10.2677840152842,23.0811682138322,50.));
#4919=CARTESIAN_POINT('Ctrl Pts',(-1.6573902648979,22.4636684641676,-50.));
#4920=CARTESIAN_POINT('Ctrl Pts',(-1.6573902648979,22.4636684641676,50.));
#4921=CARTESIAN_POINT('Ctrl Pts',(6.02429201048177,21.8405303327534,-50.));
#4922=CARTESIAN_POINT('Ctrl Pts',(6.02429201048177,21.8405303327534,50.));
#4923=CARTESIAN_POINT('Ctrl Pts',(11.3961308247216,21.3424305518292,-50.));
#4924=CARTESIAN_POINT('Ctrl Pts',(11.3961308247216,21.3424305518292,50.));
#4925=CARTESIAN_POINT('Ctrl Pts',(14.9854957568469,20.9699841544305,-50.));
#4926=CARTESIAN_POINT('Ctrl Pts',(14.9854957568469,20.9699841544305,50.));
#4927=CARTESIAN_POINT('Ctrl Pts',(17.1833112013116,20.7221899249199,-50.));
#4928=CARTESIAN_POINT('Ctrl Pts',(17.1833112013116,20.7221899249199,50.));
#4929=CARTESIAN_POINT('Ctrl Pts',(18.2334461252871,20.598418507126,-50.));
#4930=CARTESIAN_POINT('Ctrl Pts',(18.2334461252871,20.598418507126,50.));
#4931=CARTESIAN_POINT('Origin',(-123.849040909736,0.,34.6264733909361));
#4932=CARTESIAN_POINT('',(-121.9922498757,24.1805986508209,35.3696604844234));
#4933=CARTESIAN_POINT('',(-121.849040909736,24.1858215031458,34.6264733909361));
#4934=CARTESIAN_POINT('Ctrl Pts',(-121.9922498757,24.1805986508209,35.3696604844234));
#4935=CARTESIAN_POINT('Ctrl Pts',(-121.992535400499,24.1805882581148,35.3703738443441));
#4936=CARTESIAN_POINT('Ctrl Pts',(-121.992821346254,24.1805778502092,35.3710870578811));
#4937=CARTESIAN_POINT('Ctrl Pts',(-121.993107708429,24.1805674272702,35.3718001264497));
#4938=CARTESIAN_POINT('Ctrl Pts',(-122.042716310185,24.1787617857713,35.4953301793543));
#4939=CARTESIAN_POINT('Ctrl Pts',(-122.104531669826,24.1765153762979,35.6135926859131));
#4940=CARTESIAN_POINT('Ctrl Pts',(-122.259865827193,24.1708905659867,35.8499706760967));
#4941=CARTESIAN_POINT('Ctrl Pts',(-122.355890545135,24.1674236259064,35.9654726309155));
#4942=CARTESIAN_POINT('Ctrl Pts',(-122.655390448077,24.1566669943773,36.2530262514071));
#4943=CARTESIAN_POINT('Ctrl Pts',(-122.881572134732,24.1486022871228,36.39691188263));
#4944=CARTESIAN_POINT('Ctrl Pts',(-123.257793034375,24.1353591874625,36.5420467615045));
#4945=CARTESIAN_POINT('Ctrl Pts',(-123.391161122,24.1306922085033,36.578226364774));
#4946=CARTESIAN_POINT('Ctrl Pts',(-123.624552231536,24.1225807467676,36.6162818920747));
#4947=CARTESIAN_POINT('Ctrl Pts',(-123.722963764855,24.1191767133743,36.6249321788198));
#4948=CARTESIAN_POINT('Ctrl Pts',(-123.917701779913,24.1124744270958,36.627603319552));
#4949=CARTESIAN_POINT('Ctrl Pts',(-124.01376444039,24.1091843847912,36.6219938401659));
#4950=CARTESIAN_POINT('Ctrl Pts',(-124.234538589829,24.1016602838097,36.5930463720142));
#4951=CARTESIAN_POINT('Ctrl Pts',(-124.35818496605,24.0974745034841,36.5647179668849));
#4952=CARTESIAN_POINT('Ctrl Pts',(-124.691878441197,24.0862493339133,36.4541059274052));
#4953=CARTESIAN_POINT('Ctrl Pts',(-124.891981815241,24.0796025093229,36.3477830080127));
#4954=CARTESIAN_POINT('Ctrl Pts',(-125.275330261782,24.0669860474541,36.0522352801912));
#4955=CARTESIAN_POINT('Ctrl Pts',(-125.44782843444,24.0613878275257,35.8557022279583));
#4956=CARTESIAN_POINT('Ctrl Pts',(-125.710804976133,24.0529021898495,35.403387134915));
#4957=CARTESIAN_POINT('Ctrl Pts',(-125.797030324773,24.0501499993372,35.1509865419698));
#4958=CARTESIAN_POINT('Ctrl Pts',(-125.865232941423,24.0479716009419,34.6361378606188));
#4959=CARTESIAN_POINT('Ctrl Pts',(-125.850018154798,24.0484551957009,34.3790647653623));
#4960=CARTESIAN_POINT('Ctrl Pts',(-125.727507029987,24.0523753383805,33.8991278596201));
#4961=CARTESIAN_POINT('Ctrl Pts',(-125.62669358929,24.0556057007064,33.6790548337326));
#4962=CARTESIAN_POINT('Ctrl Pts',(-125.360029780672,24.0642406231649,33.2968242929564));
#4963=CARTESIAN_POINT('Ctrl Pts',(-125.200286372052,24.0694454023841,33.1347725497015));
#4964=CARTESIAN_POINT('Ctrl Pts',(-124.839097539767,24.0813566008553,32.8749733198993));
#4965=CARTESIAN_POINT('Ctrl Pts',(-124.641515283957,24.0879331003731,32.7771670239808));
#4966=CARTESIAN_POINT('Ctrl Pts',(-124.31619995034,24.0988946091455,32.6780303215124));
#4967=CARTESIAN_POINT('Ctrl Pts',(-124.19738399317,24.1029225948422,32.6533227444723));
#4968=CARTESIAN_POINT('Ctrl Pts',(-123.982631096139,24.1102495941294,32.6286772008197));
#4969=CARTESIAN_POINT('Ctrl Pts',(-123.887541540684,24.1135097396765,32.6245859484985));
#4970=CARTESIAN_POINT('Ctrl Pts',(-123.691937361946,24.1202484253183,32.630115671044));
#4971=CARTESIAN_POINT('Ctrl Pts',(-123.591708676773,24.1237190190179,32.6405464188707));
#4972=CARTESIAN_POINT('Ctrl Pts',(-123.349406146485,24.1321496753134,32.6844206115622));
#4973=CARTESIAN_POINT('Ctrl Pts',(-123.209377547077,24.1370570435535,32.7259373883701));
#4974=CARTESIAN_POINT('Ctrl Pts',(-122.832724440383,24.1503377897678,32.8840060400062));
#4975=CARTESIAN_POINT('Ctrl Pts',(-122.612738538235,24.1581925555059,33.0325236698137));
#4976=CARTESIAN_POINT('Ctrl Pts',(-122.243749574412,24.1714588263312,33.4052238242177));
#4977=CARTESIAN_POINT('Ctrl Pts',(-122.09794640044,24.1767521038701,33.6254197820934));
#4978=CARTESIAN_POINT('Ctrl Pts',(-121.899851430152,24.1839612104735,34.1083496089445));
#4979=CARTESIAN_POINT('Ctrl Pts',(-121.849040909736,24.1858215031458,34.3661922870715));
#4980=CARTESIAN_POINT('Ctrl Pts',(-121.849040909736,24.1858215031458,34.6264733909361));
#4981=CARTESIAN_POINT('Ctrl Pts',(-121.849040909736,24.1858215031458,34.6264733909361));
#4982=CARTESIAN_POINT('Ctrl Pts',(-121.849040909736,24.1858215031458,34.6322846851568));
#4983=CARTESIAN_POINT('Ctrl Pts',(-121.849066237974,24.1858205776162,34.6380971949195));
#4984=CARTESIAN_POINT('Ctrl Pts',(-121.85128556574,24.1857394804983,34.8926360042502));
#4985=CARTESIAN_POINT('Ctrl Pts',(-121.899834772303,24.1839624322294,35.1387690481997));
#4986=CARTESIAN_POINT('Ctrl Pts',(-121.9922498757,24.1805986508209,35.3696604844234));
#4987=CARTESIAN_POINT('',(-121.849040909736,0.,34.6264733909361));
#4988=CARTESIAN_POINT('',(-121.849040909736,0.,34.6264733909361));
#4989=CARTESIAN_POINT('Origin',(-123.849040909736,0.,34.6264733909361));
#4990=CARTESIAN_POINT('Origin',(-123.849040909736,0.,34.6264733909361));
#4991=CARTESIAN_POINT('',(-120.849040909736,0.,34.6264733909361));
#4992=CARTESIAN_POINT('',(-120.849040909736,0.,34.6264733909361));
#4993=CARTESIAN_POINT('Origin',(-123.849040909736,0.,34.6264733909361));
#4994=CARTESIAN_POINT('Origin',(-123.849040909736,0.,34.6264733909361));
#4995=CARTESIAN_POINT('Ctrl Pts',(-265.931527944759,0.,-50.));
#4996=CARTESIAN_POINT('Ctrl Pts',(-265.931527944759,0.,50.));
#4997=CARTESIAN_POINT('Ctrl Pts',(-265.055473946508,0.530378076570228,-50.));
#4998=CARTESIAN_POINT('Ctrl Pts',(-265.055473946508,0.530378076570228,50.));
#4999=CARTESIAN_POINT('Ctrl Pts',(-263.216832100636,1.58495198768179,-50.));
#5000=CARTESIAN_POINT('Ctrl Pts',(-263.216832100636,1.58495198768179,50.));
#5001=CARTESIAN_POINT('Ctrl Pts',(-260.199262738041,3.14826707240955,-50.));
#5002=CARTESIAN_POINT('Ctrl Pts',(-260.199262738041,3.14826707240955,50.));
#5003=CARTESIAN_POINT('Ctrl Pts',(-255.655976775612,5.19553815259549,-50.));
#5004=CARTESIAN_POINT('Ctrl Pts',(-255.655976775612,5.19553815259549,50.));
#5005=CARTESIAN_POINT('Ctrl Pts',(-249.124943291855,7.68898990568333,-50.));
#5006=CARTESIAN_POINT('Ctrl Pts',(-249.124943291855,7.68898990568333,50.));
#5007=CARTESIAN_POINT('Ctrl Pts',(-241.793376047647,10.1059706726356,-50.));
#5008=CARTESIAN_POINT('Ctrl Pts',(-241.793376047647,10.1059706726356,50.));
#5009=CARTESIAN_POINT('Ctrl Pts',(-233.768122373775,12.4254224825711,-50.));
#5010=CARTESIAN_POINT('Ctrl Pts',(-233.768122373775,12.4254224825711,50.));
#5011=CARTESIAN_POINT('Ctrl Pts',(-225.236284016971,14.6118204865199,-50.));
#5012=CARTESIAN_POINT('Ctrl Pts',(-225.236284016971,14.6118204865199,50.));
#5013=CARTESIAN_POINT('Ctrl Pts',(-216.434546836393,16.6212164984082,-50.));
#5014=CARTESIAN_POINT('Ctrl Pts',(-216.434546836393,16.6212164984082,50.));
#5015=CARTESIAN_POINT('Ctrl Pts',(-207.611727140771,18.4085856325435,-50.));
#5016=CARTESIAN_POINT('Ctrl Pts',(-207.611727140771,18.4085856325435,50.));
#5017=CARTESIAN_POINT('Ctrl Pts',(-198.992106193328,19.9349936584673,-50.));
#5018=CARTESIAN_POINT('Ctrl Pts',(-198.992106193328,19.9349936584673,50.));
#5019=CARTESIAN_POINT('Ctrl Pts',(-190.74233326351,21.1742607799965,-50.));
#5020=CARTESIAN_POINT('Ctrl Pts',(-190.74233326351,21.1742607799965,50.));
#5021=CARTESIAN_POINT('Ctrl Pts',(-182.926807035475,22.1214651095693,-50.));
#5022=CARTESIAN_POINT('Ctrl Pts',(-182.926807035475,22.1214651095693,50.));
#5023=CARTESIAN_POINT('Ctrl Pts',(-175.503772723746,22.7950351179481,-50.));
#5024=CARTESIAN_POINT('Ctrl Pts',(-175.503772723746,22.7950351179481,50.));
#5025=CARTESIAN_POINT('Ctrl Pts',(-168.3700505572,23.2310016412185,-50.));
#5026=CARTESIAN_POINT('Ctrl Pts',(-168.3700505572,23.2310016412185,50.));
#5027=CARTESIAN_POINT('Ctrl Pts',(-161.393861472368,23.4794647724806,-50.));
#5028=CARTESIAN_POINT('Ctrl Pts',(-161.393861472368,23.4794647724806,50.));
#5029=CARTESIAN_POINT('Ctrl Pts',(-154.450060060554,23.6001091307551,-50.));
#5030=CARTESIAN_POINT('Ctrl Pts',(-154.450060060554,23.6001091307551,50.));
#5031=CARTESIAN_POINT('Ctrl Pts',(-147.459982235913,23.658650099244,-50.));
#5032=CARTESIAN_POINT('Ctrl Pts',(-147.459982235913,23.658650099244,50.));
#5033=CARTESIAN_POINT('Ctrl Pts',(-140.379418905946,23.7186679573191,-50.));
#5034=CARTESIAN_POINT('Ctrl Pts',(-140.379418905946,23.7186679573191,50.));
#5035=CARTESIAN_POINT('Ctrl Pts',(-133.174158562641,23.8320028316911,-50.));
#5036=CARTESIAN_POINT('Ctrl Pts',(-133.174158562641,23.8320028316911,50.));
#5037=CARTESIAN_POINT('Ctrl Pts',(-125.802389254776,24.0306590925319,-50.));
#5038=CARTESIAN_POINT('Ctrl Pts',(-125.802389254776,24.0306590925319,50.));
#5039=CARTESIAN_POINT('Ctrl Pts',(-118.188507828465,24.3154725051644,-50.));
#5040=CARTESIAN_POINT('Ctrl Pts',(-118.188507828465,24.3154725051644,50.));
#5041=CARTESIAN_POINT('Ctrl Pts',(-110.220397474325,24.6547248549387,-50.));
#5042=CARTESIAN_POINT('Ctrl Pts',(-110.220397474325,24.6547248549387,50.));
#5043=CARTESIAN_POINT('Ctrl Pts',(-101.782213719205,24.9983995317577,-50.));
#5044=CARTESIAN_POINT('Ctrl Pts',(-101.782213719205,24.9983995317577,50.));
#5045=CARTESIAN_POINT('Ctrl Pts',(-92.7794448161467,25.288843966786,-50.));
#5046=CARTESIAN_POINT('Ctrl Pts',(-92.7794448161467,25.288843966786,50.));
#5047=CARTESIAN_POINT('Ctrl Pts',(-83.1661012761864,25.472468631098,-50.));
#5048=CARTESIAN_POINT('Ctrl Pts',(-83.1661012761864,25.472468631098,50.));
#5049=CARTESIAN_POINT('Ctrl Pts',(-72.9739067761195,25.5118342549655,-50.));
#5050=CARTESIAN_POINT('Ctrl Pts',(-72.9739067761195,25.5118342549655,50.));
#5051=CARTESIAN_POINT('Ctrl Pts',(-62.3333296668961,25.3952104395109,-50.));
#5052=CARTESIAN_POINT('Ctrl Pts',(-62.3333296668961,25.3952104395109,50.));
#5053=CARTESIAN_POINT('Ctrl Pts',(-51.442325324111,25.1295639470399,-50.));
#5054=CARTESIAN_POINT('Ctrl Pts',(-51.442325324111,25.1295639470399,50.));
#5055=CARTESIAN_POINT('Ctrl Pts',(-40.5414613582355,24.735599875759,-50.));
#5056=CARTESIAN_POINT('Ctrl Pts',(-40.5414613582355,24.735599875759,50.));
#5057=CARTESIAN_POINT('Ctrl Pts',(-29.8873327145492,24.2421862478668,-50.));
#5058=CARTESIAN_POINT('Ctrl Pts',(-29.8873327145492,24.2421862478668,50.));
#5059=CARTESIAN_POINT('Ctrl Pts',(-19.7258181257673,23.68093463804,-50.));
#5060=CARTESIAN_POINT('Ctrl Pts',(-19.7258181257673,23.68093463804,50.));
#5061=CARTESIAN_POINT('Ctrl Pts',(-10.2677840152842,23.0811682138322,-50.));
#5062=CARTESIAN_POINT('Ctrl Pts',(-10.2677840152842,23.0811682138322,50.));
#5063=CARTESIAN_POINT('Ctrl Pts',(-1.6573902648979,22.4636684641676,-50.));
#5064=CARTESIAN_POINT('Ctrl Pts',(-1.6573902648979,22.4636684641676,50.));
#5065=CARTESIAN_POINT('Ctrl Pts',(6.02429201048177,21.8405303327534,-50.));
#5066=CARTESIAN_POINT('Ctrl Pts',(6.02429201048177,21.8405303327534,50.));
#5067=CARTESIAN_POINT('Ctrl Pts',(11.3961308247216,21.3424305518292,-50.));
#5068=CARTESIAN_POINT('Ctrl Pts',(11.3961308247216,21.3424305518292,50.));
#5069=CARTESIAN_POINT('Ctrl Pts',(14.9854957568469,20.9699841544305,-50.));
#5070=CARTESIAN_POINT('Ctrl Pts',(14.9854957568469,20.9699841544305,50.));
#5071=CARTESIAN_POINT('Ctrl Pts',(17.1833112013116,20.7221899249199,-50.));
#5072=CARTESIAN_POINT('Ctrl Pts',(17.1833112013116,20.7221899249199,50.));
#5073=CARTESIAN_POINT('Ctrl Pts',(18.2334461252871,20.598418507126,-50.));
#5074=CARTESIAN_POINT('Ctrl Pts',(18.2334461252871,20.598418507126,50.));
#5075=CARTESIAN_POINT('Origin',(-48.4641504514532,0.,16.4416567250933));
#5076=CARTESIAN_POINT('',(-46.5913809952245,24.9390889994076,17.1436072673802));
#5077=CARTESIAN_POINT('',(-46.4641504514532,24.9346051847785,16.4416567250933));
#5078=CARTESIAN_POINT('Ctrl Pts',(-46.5913809952243,24.9390889994076,17.1436072673802));
#5079=CARTESIAN_POINT('Ctrl Pts',(-46.6363410570288,24.9406705818951,17.2635584965902));
#5080=CARTESIAN_POINT('Ctrl Pts',(-46.6927195857394,24.9426509242514,17.3789077458256));
#5081=CARTESIAN_POINT('Ctrl Pts',(-46.7597363415053,24.944997010399,17.4880660818036));
#5082=CARTESIAN_POINT('Ctrl Pts',(-46.8351247013306,24.9476361651098,17.6108602668785));
#5083=CARTESIAN_POINT('Ctrl Pts',(-46.9235581120718,24.950723480487,17.7251410662581));
#5084=CARTESIAN_POINT('Ctrl Pts',(-47.0234912162955,24.9541951927994,17.828920567394));
#5085=CARTESIAN_POINT('Ctrl Pts',(-47.1712249537078,24.9593275164585,17.982340534568));
#5086=CARTESIAN_POINT('Ctrl Pts',(-47.3425091363275,24.9652443991103,18.1111683197276));
#5087=CARTESIAN_POINT('Ctrl Pts',(-47.5308522168883,24.9716902846718,18.2105417991889));
#5088=CARTESIAN_POINT('Ctrl Pts',(-47.6889844123101,24.9771022277719,18.2939754269448));
#5089=CARTESIAN_POINT('Ctrl Pts',(-47.8575862625156,24.9828335717998,18.3558253831168));
#5090=CARTESIAN_POINT('Ctrl Pts',(-48.0321443220167,24.9887180988059,18.3944420958274));
#5091=CARTESIAN_POINT('Ctrl Pts',(-48.1181999743822,24.9916191210322,18.4134798097778));
#5092=CARTESIAN_POINT('Ctrl Pts',(-48.2054194709223,24.9945479219211,18.4268081271705));
#5093=CARTESIAN_POINT('Ctrl Pts',(-48.2932322212535,24.9974845976165,18.434340081421));
#5094=CARTESIAN_POINT('Ctrl Pts',(-48.3595968611197,24.9997039954169,18.440032369038));
#5095=CARTESIAN_POINT('Ctrl Pts',(-48.4262045641935,25.001924699297,18.4424057864377));
#5096=CARTESIAN_POINT('Ctrl Pts',(-48.4928062610643,25.0041383153317,18.4414514257002));
#5097=CARTESIAN_POINT('Ctrl Pts',(-48.5543579971466,25.0061840876821,18.4405694277482));
#5098=CARTESIAN_POINT('Ctrl Pts',(-48.6158366006496,25.0082215482076,18.4368461404038));
#5099=CARTESIAN_POINT('Ctrl Pts',(-48.6770456828589,25.0102442728824,18.4302933486233));
#5100=CARTESIAN_POINT('Ctrl Pts',(-48.7734236342638,25.0134291933774,18.4199755228204));
#5101=CARTESIAN_POINT('Ctrl Pts',(-48.8689259236499,25.0165706820867,18.402664802818));
#5102=CARTESIAN_POINT('Ctrl Pts',(-48.9627970959553,25.0196449501167,18.378497328738));
#5103=CARTESIAN_POINT('Ctrl Pts',(-49.1614122601175,25.0261495695272,18.3273631337142));
#5104=CARTESIAN_POINT('Ctrl Pts',(-49.3509981769749,25.0322958922906,18.2459778133806));
#5105=CARTESIAN_POINT('Ctrl Pts',(-49.5248904726844,25.037888956704,18.137189268974));
#5106=CARTESIAN_POINT('Ctrl Pts',(-49.7380372299219,25.0447445999507,18.00384278936));
#5107=CARTESIAN_POINT('Ctrl Pts',(-49.9241605454552,25.0506592789385,17.8314794402704));
#5108=CARTESIAN_POINT('Ctrl Pts',(-50.073467251947,25.055375602642,17.6291328030202));
#5109=CARTESIAN_POINT('Ctrl Pts',(-50.2295815250934,25.0603069648307,17.4175602692727));
#5110=CARTESIAN_POINT('Ctrl Pts',(-50.3424632286869,25.0638366497387,17.1772485170478));
#5111=CARTESIAN_POINT('Ctrl Pts',(-50.4056180351719,25.0658094536275,16.9219728928041));
#5112=CARTESIAN_POINT('Ctrl Pts',(-50.4679693913194,25.0677571596648,16.6699448643948));
#5113=CARTESIAN_POINT('Ctrl Pts',(-50.4806540262294,25.0681511704838,16.4081677581822));
#5114=CARTESIAN_POINT('Ctrl Pts',(-50.4429596609162,25.0669751784711,16.1512878001987));
#5115=CARTESIAN_POINT('Ctrl Pts',(-50.4077080598803,25.065875396026,15.9110548179561));
#5116=CARTESIAN_POINT('Ctrl Pts',(-50.3290039486463,25.0634204958195,15.6792500725008));
#5117=CARTESIAN_POINT('Ctrl Pts',(-50.2107183800803,25.0597011866956,15.4672335774355));
#5118=CARTESIAN_POINT('Ctrl Pts',(-50.1004083047304,25.0562326547801,15.2695124536366));
#5119=CARTESIAN_POINT('Ctrl Pts',(-49.9573299471531,25.0517150657875,15.091967763499));
#5120=CARTESIAN_POINT('Ctrl Pts',(-49.787607300752,25.0463028316855,14.9421694900546));
#5121=CARTESIAN_POINT('Ctrl Pts',(-49.5884518840143,25.0399520248784,14.7663936686955));
#5122=CARTESIAN_POINT('Ctrl Pts',(-49.3562791362163,25.0324838578623,14.6320598977594));
#5123=CARTESIAN_POINT('Ctrl Pts',(-49.1046852517296,25.0242813057479,14.5470023583076));
#5124=CARTESIAN_POINT('Ctrl Pts',(-48.9921416311682,25.0206121191352,14.5089542019882));
#5125=CARTESIAN_POINT('Ctrl Pts',(-48.8764344498212,25.01681986847,14.4810103722946));
#5126=CARTESIAN_POINT('Ctrl Pts',(-48.75893708338,25.012946996827,14.4635008056457));
#5127=CARTESIAN_POINT('Ctrl Pts',(-48.6858410676337,25.0105376535781,14.4526079695061));
#5128=CARTESIAN_POINT('Ctrl Pts',(-48.6121981108119,25.0081019529767,14.4457751218879));
#5129=CARTESIAN_POINT('Ctrl Pts',(-48.5383471332483,25.0056508694219,14.4430334858582));
#5130=CARTESIAN_POINT('Ctrl Pts',(-48.4729230699673,25.0034794716844,14.4406046897201));
#5131=CARTESIAN_POINT('Ctrl Pts',(-48.4074193533663,25.0012987802552,14.4413898062397));
#5132=CARTESIAN_POINT('Ctrl Pts',(-48.3420726244619,24.9991167126793,14.4453859508352));
#5133=CARTESIAN_POINT('Ctrl Pts',(-48.2622590970191,24.9964515676403,14.4502667826944));
#5134=CARTESIAN_POINT('Ctrl Pts',(-48.1828097299797,24.9937886990779,14.4599298198264));
#5135=CARTESIAN_POINT('Ctrl Pts',(-48.1041524903257,24.9911429033159,14.4743231316663));
#5136=CARTESIAN_POINT('Ctrl Pts',(-47.9659391174638,24.9864938162417,14.4996144867253));
#5137=CARTESIAN_POINT('Ctrl Pts',(-47.8307713798988,24.9819174430156,14.539401331319));
#5138=CARTESIAN_POINT('Ctrl Pts',(-47.7008906797916,24.9774949459788,14.5930262804227));
#5139=CARTESIAN_POINT('Ctrl Pts',(-47.4660865324941,24.9694997577423,14.6899718653924));
#5140=CARTESIAN_POINT('Ctrl Pts',(-47.2518672351321,24.9621194298915,14.830779974589));
#5141=CARTESIAN_POINT('Ctrl Pts',(-47.0697288990313,24.9558004222562,15.0079243462508));
#5142=CARTESIAN_POINT('Ctrl Pts',(-46.8832905243963,24.9493322314401,15.1892508557348));
#5143=CARTESIAN_POINT('Ctrl Pts',(-46.7339795357319,24.944100432868,15.4052327679866));
#5144=CARTESIAN_POINT('Ctrl Pts',(-46.630202633443,24.9404538870565,15.6437623709714));
#5145=CARTESIAN_POINT('Ctrl Pts',(-46.5246665977581,24.9367455282561,15.8863353148278));
#5146=CARTESIAN_POINT('Ctrl Pts',(-46.4682937701512,24.9347514669603,16.1474649037613));
#5147=CARTESIAN_POINT('Ctrl Pts',(-46.4643703857993,24.9346129497065,16.4119971849337));
#5148=CARTESIAN_POINT('Ctrl Pts',(-46.4642237158662,24.9346077714435,16.4218863338176));
#5149=CARTESIAN_POINT('Ctrl Pts',(-46.4641504467568,24.9346051846127,16.4317731134505));
#5150=CARTESIAN_POINT('Ctrl Pts',(-46.4641504514532,24.9346051847785,16.4416567250933));
#5151=CARTESIAN_POINT('Ctrl Pts',(-46.4641504514532,24.9346051847785,16.4416567250933));
#5152=CARTESIAN_POINT('Ctrl Pts',(-46.4641506769567,24.9346051927401,16.6812977199788));
#5153=CARTESIAN_POINT('Ctrl Pts',(-46.5072228372181,24.9361285259663,16.9190774491223));
#5154=CARTESIAN_POINT('Ctrl Pts',(-46.5913809952243,24.9390889994076,17.1436072673802));
#5155=CARTESIAN_POINT('',(-46.4641504514532,0.,16.4416567250933));
#5156=CARTESIAN_POINT('',(-46.4641504514532,0.,16.4416567250933));
#5157=CARTESIAN_POINT('Origin',(-48.4641504514532,0.,16.4416567250933));
#5158=CARTESIAN_POINT('Origin',(-48.4641504514532,0.,16.4416567250933));
#5159=CARTESIAN_POINT('',(-45.4641504514532,0.,16.4416567250933));
#5160=CARTESIAN_POINT('',(-45.4641504514532,0.,16.4416567250933));
#5161=CARTESIAN_POINT('Origin',(-48.4641504514532,0.,16.4416567250933));
#5162=CARTESIAN_POINT('Origin',(-48.4641504514532,0.,16.4416567250933));
#5163=CARTESIAN_POINT('Ctrl Pts',(-265.931527944759,0.,-50.));
#5164=CARTESIAN_POINT('Ctrl Pts',(-265.931527944759,0.,50.));
#5165=CARTESIAN_POINT('Ctrl Pts',(-265.055473946508,0.530378076570228,-50.));
#5166=CARTESIAN_POINT('Ctrl Pts',(-265.055473946508,0.530378076570228,50.));
#5167=CARTESIAN_POINT('Ctrl Pts',(-263.216832100636,1.58495198768179,-50.));
#5168=CARTESIAN_POINT('Ctrl Pts',(-263.216832100636,1.58495198768179,50.));
#5169=CARTESIAN_POINT('Ctrl Pts',(-260.199262738041,3.14826707240955,-50.));
#5170=CARTESIAN_POINT('Ctrl Pts',(-260.199262738041,3.14826707240955,50.));
#5171=CARTESIAN_POINT('Ctrl Pts',(-255.655976775612,5.19553815259549,-50.));
#5172=CARTESIAN_POINT('Ctrl Pts',(-255.655976775612,5.19553815259549,50.));
#5173=CARTESIAN_POINT('Ctrl Pts',(-249.124943291855,7.68898990568333,-50.));
#5174=CARTESIAN_POINT('Ctrl Pts',(-249.124943291855,7.68898990568333,50.));
#5175=CARTESIAN_POINT('Ctrl Pts',(-241.793376047647,10.1059706726356,-50.));
#5176=CARTESIAN_POINT('Ctrl Pts',(-241.793376047647,10.1059706726356,50.));
#5177=CARTESIAN_POINT('Ctrl Pts',(-233.768122373775,12.4254224825711,-50.));
#5178=CARTESIAN_POINT('Ctrl Pts',(-233.768122373775,12.4254224825711,50.));
#5179=CARTESIAN_POINT('Ctrl Pts',(-225.236284016971,14.6118204865199,-50.));
#5180=CARTESIAN_POINT('Ctrl Pts',(-225.236284016971,14.6118204865199,50.));
#5181=CARTESIAN_POINT('Ctrl Pts',(-216.434546836393,16.6212164984082,-50.));
#5182=CARTESIAN_POINT('Ctrl Pts',(-216.434546836393,16.6212164984082,50.));
#5183=CARTESIAN_POINT('Ctrl Pts',(-207.611727140771,18.4085856325435,-50.));
#5184=CARTESIAN_POINT('Ctrl Pts',(-207.611727140771,18.4085856325435,50.));
#5185=CARTESIAN_POINT('Ctrl Pts',(-198.992106193328,19.9349936584673,-50.));
#5186=CARTESIAN_POINT('Ctrl Pts',(-198.992106193328,19.9349936584673,50.));
#5187=CARTESIAN_POINT('Ctrl Pts',(-190.74233326351,21.1742607799965,-50.));
#5188=CARTESIAN_POINT('Ctrl Pts',(-190.74233326351,21.1742607799965,50.));
#5189=CARTESIAN_POINT('Ctrl Pts',(-182.926807035475,22.1214651095693,-50.));
#5190=CARTESIAN_POINT('Ctrl Pts',(-182.926807035475,22.1214651095693,50.));
#5191=CARTESIAN_POINT('Ctrl Pts',(-175.503772723746,22.7950351179481,-50.));
#5192=CARTESIAN_POINT('Ctrl Pts',(-175.503772723746,22.7950351179481,50.));
#5193=CARTESIAN_POINT('Ctrl Pts',(-168.3700505572,23.2310016412185,-50.));
#5194=CARTESIAN_POINT('Ctrl Pts',(-168.3700505572,23.2310016412185,50.));
#5195=CARTESIAN_POINT('Ctrl Pts',(-161.393861472368,23.4794647724806,-50.));
#5196=CARTESIAN_POINT('Ctrl Pts',(-161.393861472368,23.4794647724806,50.));
#5197=CARTESIAN_POINT('Ctrl Pts',(-154.450060060554,23.6001091307551,-50.));
#5198=CARTESIAN_POINT('Ctrl Pts',(-154.450060060554,23.6001091307551,50.));
#5199=CARTESIAN_POINT('Ctrl Pts',(-147.459982235913,23.658650099244,-50.));
#5200=CARTESIAN_POINT('Ctrl Pts',(-147.459982235913,23.658650099244,50.));
#5201=CARTESIAN_POINT('Ctrl Pts',(-140.379418905946,23.7186679573191,-50.));
#5202=CARTESIAN_POINT('Ctrl Pts',(-140.379418905946,23.7186679573191,50.));
#5203=CARTESIAN_POINT('Ctrl Pts',(-133.174158562641,23.8320028316911,-50.));
#5204=CARTESIAN_POINT('Ctrl Pts',(-133.174158562641,23.8320028316911,50.));
#5205=CARTESIAN_POINT('Ctrl Pts',(-125.802389254776,24.0306590925319,-50.));
#5206=CARTESIAN_POINT('Ctrl Pts',(-125.802389254776,24.0306590925319,50.));
#5207=CARTESIAN_POINT('Ctrl Pts',(-118.188507828465,24.3154725051644,-50.));
#5208=CARTESIAN_POINT('Ctrl Pts',(-118.188507828465,24.3154725051644,50.));
#5209=CARTESIAN_POINT('Ctrl Pts',(-110.220397474325,24.6547248549387,-50.));
#5210=CARTESIAN_POINT('Ctrl Pts',(-110.220397474325,24.6547248549387,50.));
#5211=CARTESIAN_POINT('Ctrl Pts',(-101.782213719205,24.9983995317577,-50.));
#5212=CARTESIAN_POINT('Ctrl Pts',(-101.782213719205,24.9983995317577,50.));
#5213=CARTESIAN_POINT('Ctrl Pts',(-92.7794448161467,25.288843966786,-50.));
#5214=CARTESIAN_POINT('Ctrl Pts',(-92.7794448161467,25.288843966786,50.));
#5215=CARTESIAN_POINT('Ctrl Pts',(-83.1661012761864,25.472468631098,-50.));
#5216=CARTESIAN_POINT('Ctrl Pts',(-83.1661012761864,25.472468631098,50.));
#5217=CARTESIAN_POINT('Ctrl Pts',(-72.9739067761195,25.5118342549655,-50.));
#5218=CARTESIAN_POINT('Ctrl Pts',(-72.9739067761195,25.5118342549655,50.));
#5219=CARTESIAN_POINT('Ctrl Pts',(-62.3333296668961,25.3952104395109,-50.));
#5220=CARTESIAN_POINT('Ctrl Pts',(-62.3333296668961,25.3952104395109,50.));
#5221=CARTESIAN_POINT('Ctrl Pts',(-51.442325324111,25.1295639470399,-50.));
#5222=CARTESIAN_POINT('Ctrl Pts',(-51.442325324111,25.1295639470399,50.));
#5223=CARTESIAN_POINT('Ctrl Pts',(-40.5414613582355,24.735599875759,-50.));
#5224=CARTESIAN_POINT('Ctrl Pts',(-40.5414613582355,24.735599875759,50.));
#5225=CARTESIAN_POINT('Ctrl Pts',(-29.8873327145492,24.2421862478668,-50.));
#5226=CARTESIAN_POINT('Ctrl Pts',(-29.8873327145492,24.2421862478668,50.));
#5227=CARTESIAN_POINT('Ctrl Pts',(-19.7258181257673,23.68093463804,-50.));
#5228=CARTESIAN_POINT('Ctrl Pts',(-19.7258181257673,23.68093463804,50.));
#5229=CARTESIAN_POINT('Ctrl Pts',(-10.2677840152842,23.0811682138322,-50.));
#5230=CARTESIAN_POINT('Ctrl Pts',(-10.2677840152842,23.0811682138322,50.));
#5231=CARTESIAN_POINT('Ctrl Pts',(-1.6573902648979,22.4636684641676,-50.));
#5232=CARTESIAN_POINT('Ctrl Pts',(-1.6573902648979,22.4636684641676,50.));
#5233=CARTESIAN_POINT('Ctrl Pts',(6.02429201048177,21.8405303327534,-50.));
#5234=CARTESIAN_POINT('Ctrl Pts',(6.02429201048177,21.8405303327534,50.));
#5235=CARTESIAN_POINT('Ctrl Pts',(11.3961308247216,21.3424305518292,-50.));
#5236=CARTESIAN_POINT('Ctrl Pts',(11.3961308247216,21.3424305518292,50.));
#5237=CARTESIAN_POINT('Ctrl Pts',(14.9854957568469,20.9699841544305,-50.));
#5238=CARTESIAN_POINT('Ctrl Pts',(14.9854957568469,20.9699841544305,50.));
#5239=CARTESIAN_POINT('Ctrl Pts',(17.1833112013116,20.7221899249199,-50.));
#5240=CARTESIAN_POINT('Ctrl Pts',(17.1833112013116,20.7221899249199,50.));
#5241=CARTESIAN_POINT('Ctrl Pts',(18.2334461252871,20.598418507126,-50.));
#5242=CARTESIAN_POINT('Ctrl Pts',(18.2334461252871,20.598418507126,50.));
#5243=CARTESIAN_POINT('Origin',(-92.9764697824991,28.,16.5755472885524));
#5244=CARTESIAN_POINT('',(-92.9764697824991,27.2540949951017,16.5755472885524));
#5245=CARTESIAN_POINT('',(-126.845412709746,26.0182802459024,16.5755472885524));
#5246=CARTESIAN_POINT('Ctrl Pts',(-92.9689253174262,27.2525199871806,16.5755472885524));
#5247=CARTESIAN_POINT('Ctrl Pts',(-96.592134737047,27.1604739676056,16.5755472885524));
#5248=CARTESIAN_POINT('Ctrl Pts',(-100.082722505846,27.0460180798458,16.5755472885524));
#5249=CARTESIAN_POINT('Ctrl Pts',(-103.439433981001,26.9206784661788,16.5755472885524));
#5250=CARTESIAN_POINT('Ctrl Pts',(-111.899915882319,26.6047640538746,16.5755472885524));
#5251=CARTESIAN_POINT('Ctrl Pts',(-119.549515356718,26.2545286424807,16.5755472885524));
#5252=CARTESIAN_POINT('Ctrl Pts',(-126.846858738707,26.0224584084417,16.5755472885524));
#5253=CARTESIAN_POINT('',(-92.9764697824991,28.,16.5755472885524));
#5254=CARTESIAN_POINT('',(-126.845412709746,28.,16.5755472885524));
#5255=CARTESIAN_POINT('Origin',(-126.845412709746,28.,16.5755472885524));
#5256=CARTESIAN_POINT('',(-148.435514959221,25.6498781070709,0.));
#5257=CARTESIAN_POINT('Ctrl Pts',(-126.845412709746,26.0182802459024,16.5755472885524));
#5258=CARTESIAN_POINT('Ctrl Pts',(-136.149398891012,25.7328590248094,9.43252123255696));
#5259=CARTESIAN_POINT('Ctrl Pts',(-144.174823820196,25.6891224200924,3.27109555298855));
#5260=CARTESIAN_POINT('Ctrl Pts',(-148.435514959221,25.6498781070709,6.01090977836461E-16));
#5261=CARTESIAN_POINT('',(-148.435514959221,28.,0.));
#5262=CARTESIAN_POINT('Origin',(-148.435514959221,28.,0.));
#5263=CARTESIAN_POINT('',(-126.845412709746,26.0182802459024,-16.5755472885524));
#5264=CARTESIAN_POINT('Ctrl Pts',(-148.435514959221,25.6498781070709,-7.65179798627007E-16));
#5265=CARTESIAN_POINT('Ctrl Pts',(-144.174824439136,25.6891224143915,-3.2710950778048));
#5266=CARTESIAN_POINT('Ctrl Pts',(-136.149398263941,25.7328590440463,-9.43252171398282));
#5267=CARTESIAN_POINT('Ctrl Pts',(-126.845412709746,26.0182802459024,-16.5755472885524));
#5268=CARTESIAN_POINT('',(-126.845412709746,28.,-16.5755472885524));
#5269=CARTESIAN_POINT('Origin',(-92.9764697824991,28.,-16.5755472885524));
#5270=CARTESIAN_POINT('',(-92.9764697824991,27.2540949951017,-16.5755472885524));
#5271=CARTESIAN_POINT('Ctrl Pts',(-92.9764697824991,27.2540949951017,-16.5755472885524));
#5272=CARTESIAN_POINT('Ctrl Pts',(-92.9764697824991,27.2540949951017,-5.52518242951746));
#5273=CARTESIAN_POINT('Ctrl Pts',(-92.9764697824991,27.2540949951017,5.52518242951746));
#5274=CARTESIAN_POINT('Ctrl Pts',(-92.9764697824991,27.2540949951017,16.5755472885524));
#5275=CARTESIAN_POINT('',(-92.9764697824991,28.,-16.5755472885524));
#5276=CARTESIAN_POINT('Origin',(-126.845412709746,28.,-16.5755472885524));
#5277=CARTESIAN_POINT('Ctrl Pts',(-126.846858738707,26.0224584084417,-16.5755472885524));
#5278=CARTESIAN_POINT('Ctrl Pts',(-119.549515356718,26.2545286424807,-16.5755472885524));
#5279=CARTESIAN_POINT('Ctrl Pts',(-111.899915882319,26.6047640538746,-16.5755472885524));
#5280=CARTESIAN_POINT('Ctrl Pts',(-103.439433981001,26.9206784661788,-16.5755472885524));
#5281=CARTESIAN_POINT('Ctrl Pts',(-100.082722505846,27.0460180798458,-16.5755472885524));
#5282=CARTESIAN_POINT('Ctrl Pts',(-96.592134737047,27.1604739676056,-16.5755472885524));
#5283=CARTESIAN_POINT('Ctrl Pts',(-92.9689253174262,27.2525199871806,-16.5755472885524));
#5284=CARTESIAN_POINT('Origin',(-9.,0.,28.8089676595188));
#5285=CARTESIAN_POINT('',(-9.,0.,-26.8089676595188));
#5286=CARTESIAN_POINT('',(-9.,14.9999999682686,-26.8089676595188));
#5287=CARTESIAN_POINT('',(-9.,0.,-26.8089676595188));
#5288=CARTESIAN_POINT('',(-9.,0.,-28.8089676595188));
#5289=CARTESIAN_POINT('',(-9.,0.,28.8089676595188));
#5290=CARTESIAN_POINT('',(-9.,14.9999999682686,-28.8089676595188));
#5291=CARTESIAN_POINT('',(-9.,0.,-28.8089676595188));
#5292=CARTESIAN_POINT('',(-9.,14.9999999682686,28.8089676595188));
#5293=CARTESIAN_POINT('Origin',(-9.,0.,28.8089676595188));
#5294=CARTESIAN_POINT('',(-9.,14.9999999682686,26.8089676595188));
#5295=CARTESIAN_POINT('',(-9.,0.,26.8089676595188));
#5296=CARTESIAN_POINT('',(-9.,0.,26.8089676595188));
#5297=CARTESIAN_POINT('',(-9.,14.9999999682686,28.8089676595188));
#5298=CARTESIAN_POINT('',(-9.,14.9999999682686,28.8089676595188));
#5299=CARTESIAN_POINT('',(-9.,0.,28.8089676595188));
#5300=CARTESIAN_POINT('',(-9.,0.,28.8089676595188));
#5301=CARTESIAN_POINT('',(-9.,0.,28.8089676595188));
#5302=CARTESIAN_POINT('Origin',(-9.,14.9999999682686,28.8089676595188));
#5303=CARTESIAN_POINT('',(9.,14.9999999682686,-26.8089676595188));
#5304=CARTESIAN_POINT('',(4.61672306264354,14.9999999682686,-26.8089676595188));
#5305=CARTESIAN_POINT('',(9.,14.9999999682686,-28.8089676595188));
#5306=CARTESIAN_POINT('',(4.61672306264354,14.9999999682686,-28.8089676595188));
#5307=CARTESIAN_POINT('',(9.,14.9999999682686,28.8089676595188));
#5308=CARTESIAN_POINT('Origin',(9.,14.9999999682686,28.8089676595188));
#5309=CARTESIAN_POINT('',(9.,0.,-26.8089676595188));
#5310=CARTESIAN_POINT('',(9.,7.4999999841343,-26.8089676595188));
#5311=CARTESIAN_POINT('',(9.,0.,-28.8089676595188));
#5312=CARTESIAN_POINT('',(9.,7.4999999841343,-28.8089676595188));
#5313=CARTESIAN_POINT('',(9.,0.,28.8089676595188));
#5314=CARTESIAN_POINT('Origin',(9.,14.9999999682686,28.8089676595188));
#5315=CARTESIAN_POINT('',(9.,0.,26.8089676595188));
#5316=CARTESIAN_POINT('',(9.,14.9999999682686,26.8089676595188));
#5317=CARTESIAN_POINT('',(9.,7.4999999841343,26.8089676595188));
#5318=CARTESIAN_POINT('',(9.,0.,28.8089676595188));
#5319=CARTESIAN_POINT('',(9.,0.,28.8089676595188));
#5320=CARTESIAN_POINT('',(9.,14.9999999682686,28.8089676595188));
#5321=CARTESIAN_POINT('',(9.,7.4999999841343,28.8089676595188));
#5322=CARTESIAN_POINT('',(9.,14.9999999682686,28.8089676595188));
#5323=CARTESIAN_POINT('Origin',(-9.,14.9999999682686,28.8089676595188));
#5324=CARTESIAN_POINT('',(-13.6167230626435,14.9999999682686,26.8089676595188));
#5325=CARTESIAN_POINT('',(-13.6167230626435,14.9999999682686,28.8089676595188));
#5326=CARTESIAN_POINT('Origin',(-18.2334461252871,0.,28.8089676595188));
#5327=CARTESIAN_POINT('',(18.2334461252871,0.,28.8089676595188));
#5328=CARTESIAN_POINT('',(-18.112741706256,25.5679335019471,28.8089676595188));
#5329=CARTESIAN_POINT('Ctrl Pts',(-18.1127493386228,25.5679340473852,28.8089676595188));
#5330=CARTESIAN_POINT('Ctrl Pts',(-18.0358555578548,25.5632848087821,28.8089676595188));
#5331=CARTESIAN_POINT('Ctrl Pts',(-17.9590324225,25.5586323536241,28.8089676595188));
#5332=CARTESIAN_POINT('Ctrl Pts',(-17.8822804513242,25.5539767488233,28.8089676595188));
#5333=CARTESIAN_POINT('Ctrl Pts',(-8.80629056815836,25.0034472780451,28.8089676595188));
#5334=CARTESIAN_POINT('Ctrl Pts',(-0.737500876143923,24.4129410419205,28.8089676595188));
#5335=CARTESIAN_POINT('Ctrl Pts',(6.02720208045301,23.8269473612129,28.8089676595188));
#5336=CARTESIAN_POINT('Ctrl Pts',(10.809621390029,23.4126693785895,28.8089676595188));
#5337=CARTESIAN_POINT('Ctrl Pts',(14.9567408899824,22.9984624684244,28.8089676595188));
#5338=CARTESIAN_POINT('Ctrl Pts',(18.4675504889762,22.5846700387558,28.8089676595188));
#5339=CARTESIAN_POINT('',(-18.2334461252871,23.5715792139445,28.8089676595188));
#5340=CARTESIAN_POINT('',(-18.2334461252871,23.5715792139445,28.8089676595188));
#5341=CARTESIAN_POINT('',(-18.2334461252871,0.,28.8089676595188));
#5342=CARTESIAN_POINT('',(-18.2334461252871,0.,28.8089676595188));
#5343=CARTESIAN_POINT('',(18.2334461252871,0.,28.8089676595188));
#5344=CARTESIAN_POINT('Origin',(0.,0.,28.8089676595188));
#5345=CARTESIAN_POINT('',(-18.1737956567371,0.,-26.8089676595188));
#5346=CARTESIAN_POINT('',(-18.2334461252871,0.,-26.8089676595188));
#5347=CARTESIAN_POINT('',(-182.342157758203,0.,-10.3958873665341));
#5348=CARTESIAN_POINT('Ctrl Pts',(-18.1737917640507,0.,-26.8089692754583));
#5349=CARTESIAN_POINT('Ctrl Pts',(-21.6101335322135,0.,-26.6059300869191));
#5350=CARTESIAN_POINT('Ctrl Pts',(-25.6858055335634,0.,-26.7142268961626));
#5351=CARTESIAN_POINT('Ctrl Pts',(-30.391029060611,0.,-26.8400558770837));
#5352=CARTESIAN_POINT('Ctrl Pts',(-34.3297842166122,0.,-26.9453876524029));
#5353=CARTESIAN_POINT('Ctrl Pts',(-38.7664890777289,0.,-27.0622789829861));
#5354=CARTESIAN_POINT('Ctrl Pts',(-43.6944384544952,0.,-27.4313320062128));
#5355=CARTESIAN_POINT('Ctrl Pts',(-48.080818637923,0.,-27.759827034053));
#5356=CARTESIAN_POINT('Ctrl Pts',(-52.8707000942009,0.,-28.3172846280952));
#5357=CARTESIAN_POINT('Ctrl Pts',(-57.5833211957305,0.,-29.2212265131551));
#5358=CARTESIAN_POINT('Ctrl Pts',(-61.8974182302144,0.,-30.0487263103311));
#5359=CARTESIAN_POINT('Ctrl Pts',(-66.0911233580116,0.,-31.1635319077596));
#5360=CARTESIAN_POINT('Ctrl Pts',(-69.7856698923393,0.,-32.4907744804439));
#5361=CARTESIAN_POINT('Ctrl Pts',(-72.9385828956946,0.,-33.6234386185569));
#5362=CARTESIAN_POINT('Ctrl Pts',(-75.712796993709,0.,-34.9101578764123));
#5363=CARTESIAN_POINT('Ctrl Pts',(-78.2657088098986,0.,-36.1871537114804));
#5364=CARTESIAN_POINT('Ctrl Pts',(-81.6696524256911,0.,-37.8898454349498));
#5365=CARTESIAN_POINT('Ctrl Pts',(-84.7533596622561,0.,-39.5419923755056));
#5366=CARTESIAN_POINT('Ctrl Pts',(-88.7053268943386,0.,-40.884841773026));
#5367=CARTESIAN_POINT('Ctrl Pts',(-91.3913442729602,0.,-41.7975307217931));
#5368=CARTESIAN_POINT('Ctrl Pts',(-94.4964542362097,0.,-42.5712798082437));
#5369=CARTESIAN_POINT('Ctrl Pts',(-97.9230306705738,0.,-43.1144877181073));
#5370=CARTESIAN_POINT('Ctrl Pts',(-102.804092324605,0.,-43.8882720914577));
#5371=CARTESIAN_POINT('Ctrl Pts',(-108.282843809493,0.,-44.1759209653457));
#5372=CARTESIAN_POINT('Ctrl Pts',(-113.173666875273,0.,-43.8612901631451));
#5373=CARTESIAN_POINT('Ctrl Pts',(-116.696529490066,0.,-43.6346614187339));
#5374=CARTESIAN_POINT('Ctrl Pts',(-119.878785482805,0.,-43.1009746819451));
#5375=CARTESIAN_POINT('Ctrl Pts',(-122.558717674683,0.,-42.3132736176695));
#5376=CARTESIAN_POINT('Ctrl Pts',(-126.530747814774,0.,-41.1457917022067));
#5377=CARTESIAN_POINT('Ctrl Pts',(-129.445864712329,0.,-39.4413547514696));
#5378=CARTESIAN_POINT('Ctrl Pts',(-132.222259532105,0.,-37.3655908662863));
#5379=CARTESIAN_POINT('Ctrl Pts',(-134.831075543217,0.,-35.4151168125298));
#5380=CARTESIAN_POINT('Ctrl Pts',(-137.366166075145,0.,-33.1460330128595));
#5381=CARTESIAN_POINT('Ctrl Pts',(-139.960486019342,0.,-30.8040755695046));
#5382=CARTESIAN_POINT('Ctrl Pts',(-143.060983850376,0.,-28.0051786987716));
#5383=CARTESIAN_POINT('Ctrl Pts',(-146.151577602446,0.,-25.0738807477445));
#5384=CARTESIAN_POINT('Ctrl Pts',(-149.221116574613,0.,-22.4256531985659));
#5385=CARTESIAN_POINT('Ctrl Pts',(-151.940943154549,0.,-20.0791380562973));
#5386=CARTESIAN_POINT('Ctrl Pts',(-154.668783400753,0.,-17.9987479332198));
#5387=CARTESIAN_POINT('Ctrl Pts',(-157.67665749473,0.,-16.4236363099143));
#5388=CARTESIAN_POINT('Ctrl Pts',(-161.197580653642,0.,-14.5798600017667));
#5389=CARTESIAN_POINT('Ctrl Pts',(-165.120294855575,0.,-13.4088964542723));
#5390=CARTESIAN_POINT('Ctrl Pts',(-169.801212242876,0.,-12.4333944594908));
#5391=CARTESIAN_POINT('Ctrl Pts',(-173.58588013053,0.,-11.6446706328309));
#5392=CARTESIAN_POINT('Ctrl Pts',(-177.872722666235,0.,-10.9737425054357));
#5393=CARTESIAN_POINT('Ctrl Pts',(-182.343086472161,0.,-10.3955013950073));
#5394=CARTESIAN_POINT('',(-182.342157758201,0.,-12.4127684523233));
#5395=CARTESIAN_POINT('',(-182.342157758201,0.,34.9044838297594));
#5396=CARTESIAN_POINT('',(-18.2334461252871,0.,-28.8089676595188));
#5397=CARTESIAN_POINT('Ctrl Pts',(-18.2334461252871,0.,-28.8089676595188));
#5398=CARTESIAN_POINT('Ctrl Pts',(-18.686714676439,0.,-28.7816404271994));
#5399=CARTESIAN_POINT('Ctrl Pts',(-19.6163244914334,0.,-28.7358251482358));
#5400=CARTESIAN_POINT('Ctrl Pts',(-21.0799570303246,0.,-28.6936193901857));
#5401=CARTESIAN_POINT('Ctrl Pts',(-23.1682032792611,0.,-28.6854273343654));
#5402=CARTESIAN_POINT('Ctrl Pts',(-25.9979218222151,0.,-28.7300557348971));
#5403=CARTESIAN_POINT('Ctrl Pts',(-29.0386701651126,0.,-28.8033490745273));
#5404=CARTESIAN_POINT('Ctrl Pts',(-32.2863565853986,0.,-28.8899433809297));
#5405=CARTESIAN_POINT('Ctrl Pts',(-35.7457357275481,0.,-28.997548978101));
#5406=CARTESIAN_POINT('Ctrl Pts',(-39.4220071269276,0.,-29.1504963328335));
#5407=CARTESIAN_POINT('Ctrl Pts',(-43.3124751125691,0.,-29.3829374470003));
#5408=CARTESIAN_POINT('Ctrl Pts',(-47.3974458566345,0.,-29.7319974973826));
#5409=CARTESIAN_POINT('Ctrl Pts',(-51.6330913920576,0.,-30.2313844837282));
#5410=CARTESIAN_POINT('Ctrl Pts',(-55.9393474006754,0.,-30.9037394745495));
#5411=CARTESIAN_POINT('Ctrl Pts',(-60.2058801166209,0.,-31.7576317713745));
#5412=CARTESIAN_POINT('Ctrl Pts',(-64.3177853852115,0.,-32.789496870946));
#5413=CARTESIAN_POINT('Ctrl Pts',(-68.175315624739,0.,-33.9842610786415));
#5414=CARTESIAN_POINT('Ctrl Pts',(-71.7175794026494,0.,-35.3164457502471));
#5415=CARTESIAN_POINT('Ctrl Pts',(-74.941057190925,0.,-36.7511465592463));
#5416=CARTESIAN_POINT('Ctrl Pts',(-77.9290821066398,0.,-38.2448207360575));
#5417=CARTESIAN_POINT('Ctrl Pts',(-80.8435205255394,0.,-39.7470387930955));
#5418=CARTESIAN_POINT('Ctrl Pts',(-83.8761763849865,0.,-41.2033489619732));
#5419=CARTESIAN_POINT('Ctrl Pts',(-87.209370953483,0.,-42.5578625161953));
#5420=CARTESIAN_POINT('Ctrl Pts',(-90.9759997876149,0.,-43.7559014029665));
#5421=CARTESIAN_POINT('Ctrl Pts',(-95.2120581028856,0.,-44.746738122081));
#5422=CARTESIAN_POINT('Ctrl Pts',(-99.8379936924452,0.,-45.48590469743));
#5423=CARTESIAN_POINT('Ctrl Pts',(-104.701303421147,0.,-45.9365250978288));
#5424=CARTESIAN_POINT('Ctrl Pts',(-109.606417231432,0.,-46.0708970949204));
#5425=CARTESIAN_POINT('Ctrl Pts',(-114.348921409892,0.,-45.8719163369931));
#5426=CARTESIAN_POINT('Ctrl Pts',(-118.749462792814,0.,-45.3347428138172));
#5427=CARTESIAN_POINT('Ctrl Pts',(-122.684160015558,0.,-44.4680035500677));
#5428=CARTESIAN_POINT('Ctrl Pts',(-126.125834719625,0.,-43.2961659157867));
#5429=CARTESIAN_POINT('Ctrl Pts',(-129.132584615479,0.,-41.856502380112));
#5430=CARTESIAN_POINT('Ctrl Pts',(-131.811280985158,0.,-40.1935729351776));
#5431=CARTESIAN_POINT('Ctrl Pts',(-134.287971159079,0.,-38.3542701926926));
#5432=CARTESIAN_POINT('Ctrl Pts',(-136.677837688508,0.,-36.3831506210936));
#5433=CARTESIAN_POINT('Ctrl Pts',(-139.049263822129,0.,-34.3163340930896));
#5434=CARTESIAN_POINT('Ctrl Pts',(-141.426280922625,0.,-32.1837521044101));
#5435=CARTESIAN_POINT('Ctrl Pts',(-143.806129047885,0.,-30.0146654464028));
#5436=CARTESIAN_POINT('Ctrl Pts',(-146.171792943974,0.,-27.8420385834987));
#5437=CARTESIAN_POINT('Ctrl Pts',(-148.506696050445,0.,-25.7075589939595));
#5438=CARTESIAN_POINT('Ctrl Pts',(-150.808220541881,0.,-23.6659507913731));
#5439=CARTESIAN_POINT('Ctrl Pts',(-153.087837544016,0.,-21.7743329108438));
#5440=CARTESIAN_POINT('Ctrl Pts',(-155.371789724574,0.,-20.0812473942153));
#5441=CARTESIAN_POINT('Ctrl Pts',(-157.700861675899,0.,-18.6171226173774));
#5442=CARTESIAN_POINT('Ctrl Pts',(-160.132356746942,0.,-17.3808750168635));
#5443=CARTESIAN_POINT('Ctrl Pts',(-162.732501843298,0.,-16.3434530674032));
#5444=CARTESIAN_POINT('Ctrl Pts',(-165.562343348475,0.,-15.4622853739768));
#5445=CARTESIAN_POINT('Ctrl Pts',(-168.666638843661,0.,-14.691624449336));
#5446=CARTESIAN_POINT('Ctrl Pts',(-172.05912708989,0.,-13.9963761760793));
#5447=CARTESIAN_POINT('Ctrl Pts',(-175.482476802462,0.,-13.3992613842688));
#5448=CARTESIAN_POINT('Ctrl Pts',(-178.321768192471,0.,-12.9635444153623));
#5449=CARTESIAN_POINT('Ctrl Pts',(-180.446456571077,0.,-12.6643990851043));
#5450=CARTESIAN_POINT('Ctrl Pts',(-181.794660665317,0.,-12.4843421154936));
#5451=CARTESIAN_POINT('Ctrl Pts',(-182.342157758201,0.,-12.4127684523233));
#5452=CARTESIAN_POINT('',(-18.2334461252871,0.,-28.8089676595188));
#5453=CARTESIAN_POINT('Origin',(0.,0.,28.8089676595188));
#5454=CARTESIAN_POINT('',(16.2334461252871,0.,26.8089676595188));
#5455=CARTESIAN_POINT('',(18.2334461252871,0.,26.8089676595188));
#5456=CARTESIAN_POINT('',(16.2334461252871,0.,-26.8089676595188));
#5457=CARTESIAN_POINT('',(16.2334461252871,0.,-28.8089676595188));
#5458=CARTESIAN_POINT('',(-18.2334461252871,0.,-26.8089676595188));
#5459=CARTESIAN_POINT('',(-18.2334461252871,0.,-28.8089676595188));
#5460=CARTESIAN_POINT('Origin',(0.,0.,28.8089676595188));
#5461=CARTESIAN_POINT('',(-182.342157758201,0.,12.4127684523233));
#5462=CARTESIAN_POINT('Ctrl Pts',(-18.2334461252871,0.,28.8089676595188));
#5463=CARTESIAN_POINT('Ctrl Pts',(-18.686714676439,0.,28.7816404271994));
#5464=CARTESIAN_POINT('Ctrl Pts',(-19.6163244914334,0.,28.7358251482358));
#5465=CARTESIAN_POINT('Ctrl Pts',(-21.0799570303246,0.,28.6936193901857));
#5466=CARTESIAN_POINT('Ctrl Pts',(-23.1682032792611,0.,28.6854273343654));
#5467=CARTESIAN_POINT('Ctrl Pts',(-25.9979218222151,0.,28.7300557348971));
#5468=CARTESIAN_POINT('Ctrl Pts',(-29.0386701651126,0.,28.8033490745273));
#5469=CARTESIAN_POINT('Ctrl Pts',(-32.2863565853986,0.,28.8899433809297));
#5470=CARTESIAN_POINT('Ctrl Pts',(-35.7457357275481,0.,28.997548978101));
#5471=CARTESIAN_POINT('Ctrl Pts',(-39.4220071269276,0.,29.1504963328335));
#5472=CARTESIAN_POINT('Ctrl Pts',(-43.3124751125691,0.,29.3829374470003));
#5473=CARTESIAN_POINT('Ctrl Pts',(-47.3974458566345,0.,29.7319974973826));
#5474=CARTESIAN_POINT('Ctrl Pts',(-51.6330913920576,0.,30.2313844837282));
#5475=CARTESIAN_POINT('Ctrl Pts',(-55.9393474006754,0.,30.9037394745495));
#5476=CARTESIAN_POINT('Ctrl Pts',(-60.2058801166209,0.,31.7576317713745));
#5477=CARTESIAN_POINT('Ctrl Pts',(-64.3177853852115,0.,32.789496870946));
#5478=CARTESIAN_POINT('Ctrl Pts',(-68.175315624739,0.,33.9842610786415));
#5479=CARTESIAN_POINT('Ctrl Pts',(-71.7175794026494,0.,35.3164457502471));
#5480=CARTESIAN_POINT('Ctrl Pts',(-74.941057190925,0.,36.7511465592463));
#5481=CARTESIAN_POINT('Ctrl Pts',(-77.9290821066398,0.,38.2448207360575));
#5482=CARTESIAN_POINT('Ctrl Pts',(-80.8435205255394,0.,39.7470387930955));
#5483=CARTESIAN_POINT('Ctrl Pts',(-83.8761763849865,0.,41.2033489619732));
#5484=CARTESIAN_POINT('Ctrl Pts',(-87.209370953483,0.,42.5578625161953));
#5485=CARTESIAN_POINT('Ctrl Pts',(-90.9759997876149,0.,43.7559014029665));
#5486=CARTESIAN_POINT('Ctrl Pts',(-95.2120581028856,0.,44.746738122081));
#5487=CARTESIAN_POINT('Ctrl Pts',(-99.8379936924452,0.,45.48590469743));
#5488=CARTESIAN_POINT('Ctrl Pts',(-104.701303421147,0.,45.9365250978288));
#5489=CARTESIAN_POINT('Ctrl Pts',(-109.606417231432,0.,46.0708970949204));
#5490=CARTESIAN_POINT('Ctrl Pts',(-114.348921409892,0.,45.8719163369931));
#5491=CARTESIAN_POINT('Ctrl Pts',(-118.749462792814,0.,45.3347428138172));
#5492=CARTESIAN_POINT('Ctrl Pts',(-122.684160015558,0.,44.4680035500677));
#5493=CARTESIAN_POINT('Ctrl Pts',(-126.125834719625,0.,43.2961659157867));
#5494=CARTESIAN_POINT('Ctrl Pts',(-129.132584615479,0.,41.856502380112));
#5495=CARTESIAN_POINT('Ctrl Pts',(-131.811280985158,0.,40.1935729351776));
#5496=CARTESIAN_POINT('Ctrl Pts',(-134.287971159079,0.,38.3542701926926));
#5497=CARTESIAN_POINT('Ctrl Pts',(-136.677837688508,0.,36.3831506210936));
#5498=CARTESIAN_POINT('Ctrl Pts',(-139.049263822129,0.,34.3163340930896));
#5499=CARTESIAN_POINT('Ctrl Pts',(-141.426280922625,0.,32.1837521044101));
#5500=CARTESIAN_POINT('Ctrl Pts',(-143.806129047885,0.,30.0146654464028));
#5501=CARTESIAN_POINT('Ctrl Pts',(-146.171792943974,0.,27.8420385834987));
#5502=CARTESIAN_POINT('Ctrl Pts',(-148.506696050445,0.,25.7075589939595));
#5503=CARTESIAN_POINT('Ctrl Pts',(-150.808220541881,0.,23.6659507913731));
#5504=CARTESIAN_POINT('Ctrl Pts',(-153.087837544016,0.,21.7743329108438));
#5505=CARTESIAN_POINT('Ctrl Pts',(-155.371789724574,0.,20.0812473942153));
#5506=CARTESIAN_POINT('Ctrl Pts',(-157.700861675899,0.,18.6171226173774));
#5507=CARTESIAN_POINT('Ctrl Pts',(-160.132356746942,0.,17.3808750168635));
#5508=CARTESIAN_POINT('Ctrl Pts',(-162.732501843298,0.,16.3434530674032));
#5509=CARTESIAN_POINT('Ctrl Pts',(-165.562343348475,0.,15.4622853739768));
#5510=CARTESIAN_POINT('Ctrl Pts',(-168.666638843661,0.,14.691624449336));
#5511=CARTESIAN_POINT('Ctrl Pts',(-172.05912708989,0.,13.9963761760793));
#5512=CARTESIAN_POINT('Ctrl Pts',(-175.482476802462,0.,13.3992613842688));
#5513=CARTESIAN_POINT('Ctrl Pts',(-178.321768192471,0.,12.9635444153623));
#5514=CARTESIAN_POINT('Ctrl Pts',(-180.446456571077,0.,12.6643990851043));
#5515=CARTESIAN_POINT('Ctrl Pts',(-181.794660665317,0.,12.4843421154936));
#5516=CARTESIAN_POINT('Ctrl Pts',(-182.342157758201,0.,12.4127684523233));
#5517=CARTESIAN_POINT('',(-182.342157758203,0.,10.3958873665341));
#5518=CARTESIAN_POINT('',(-182.342157758201,0.,34.9044838297594));
#5519=CARTESIAN_POINT('',(-18.1737956567368,0.,26.8089676595188));
#5520=CARTESIAN_POINT('Ctrl Pts',(-18.1737927746368,0.,26.8089699814745));
#5521=CARTESIAN_POINT('Ctrl Pts',(-21.1698330320607,0.,26.6320216450996));
#5522=CARTESIAN_POINT('Ctrl Pts',(-24.6591068486337,0.,26.6968045648517));
#5523=CARTESIAN_POINT('Ctrl Pts',(-28.6145522867877,0.,26.7943447056298));
#5524=CARTESIAN_POINT('Ctrl Pts',(-32.5195899258644,0.,26.8906418046581));
#5525=CARTESIAN_POINT('Ctrl Pts',(-36.9227191968995,0.,26.9893656456687));
#5526=CARTESIAN_POINT('Ctrl Pts',(-41.8699115363661,0.,27.3049968609716));
#5527=CARTESIAN_POINT('Ctrl Pts',(-46.0317639495396,0.,27.5705233343617));
#5528=CARTESIAN_POINT('Ctrl Pts',(-50.5954836701863,0.,28.0204289436171));
#5529=CARTESIAN_POINT('Ctrl Pts',(-55.1945870937724,0.,28.7921152482932));
#5530=CARTESIAN_POINT('Ctrl Pts',(-60.2134076353348,0.,29.6342261383611));
#5531=CARTESIAN_POINT('Ctrl Pts',(-65.1936257317927,0.,30.8635486728674));
#5532=CARTESIAN_POINT('Ctrl Pts',(-69.500901972561,0.,32.3891926547691));
#5533=CARTESIAN_POINT('Ctrl Pts',(-72.5087635809516,0.,33.4545819413443));
#5534=CARTESIAN_POINT('Ctrl Pts',(-75.1831903266787,0.,34.6607993601258));
#5535=CARTESIAN_POINT('Ctrl Pts',(-77.6333539464585,0.,35.8725374003942));
#5536=CARTESIAN_POINT('Ctrl Pts',(-80.6239078580401,0.,37.3515275816549));
#5537=CARTESIAN_POINT('Ctrl Pts',(-83.3110841392732,0.,38.8132025292082));
#5538=CARTESIAN_POINT('Ctrl Pts',(-86.4933103493752,0.,40.0718890626001));
#5539=CARTESIAN_POINT('Ctrl Pts',(-88.9855071703255,0.,41.0576438047157));
#5540=CARTESIAN_POINT('Ctrl Pts',(-91.8232806023605,0.,41.9283632615131));
#5541=CARTESIAN_POINT('Ctrl Pts',(-95.0659215076021,0.,42.5955240581013));
#5542=CARTESIAN_POINT('Ctrl Pts',(-99.461949818615,0.,43.4999898424742));
#5543=CARTESIAN_POINT('Ctrl Pts',(-104.570715604297,0.,44.0135585390884));
#5544=CARTESIAN_POINT('Ctrl Pts',(-109.434385080012,0.,43.9884199982259));
#5545=CARTESIAN_POINT('Ctrl Pts',(-113.42750313805,0.,43.9677810214262));
#5546=CARTESIAN_POINT('Ctrl Pts',(-117.199459074676,0.,43.5850468502306));
#5547=CARTESIAN_POINT('Ctrl Pts',(-120.369323077534,0.,42.8769716738394));
#5548=CARTESIAN_POINT('Ctrl Pts',(-123.412535330252,0.,42.197187604019));
#5549=CARTESIAN_POINT('Ctrl Pts',(-125.908979110239,0.,41.229334244541));
#5550=CARTESIAN_POINT('Ctrl Pts',(-128.093064478837,0.,40.0448874777945));
#5551=CARTESIAN_POINT('Ctrl Pts',(-130.722817449949,0.,38.6187516459446));
#5552=CARTESIAN_POINT('Ctrl Pts',(-132.979842093327,0.,36.8580949887108));
#5553=CARTESIAN_POINT('Ctrl Pts',(-135.290900165673,0.,34.9084758756203));
#5554=CARTESIAN_POINT('Ctrl Pts',(-138.963892060691,0.,31.8099231882433));
#5555=CARTESIAN_POINT('Ctrl Pts',(-142.707609972946,0.,28.2777593196858));
#5556=CARTESIAN_POINT('Ctrl Pts',(-146.388496132175,0.,24.9411684203675));
#5557=CARTESIAN_POINT('Ctrl Pts',(-149.579766104733,0.,22.0483969824321));
#5558=CARTESIAN_POINT('Ctrl Pts',(-152.697806453864,0.,19.3333983946116));
#5559=CARTESIAN_POINT('Ctrl Pts',(-156.115345138767,0.,17.2971391710068));
#5560=CARTESIAN_POINT('Ctrl Pts',(-159.012102474139,0.,15.5711751405917));
#5561=CARTESIAN_POINT('Ctrl Pts',(-162.140218684545,0.,14.3458421630989));
#5562=CARTESIAN_POINT('Ctrl Pts',(-165.753934713738,0.,13.3834021359454));
#5563=CARTESIAN_POINT('Ctrl Pts',(-169.045431951325,0.,12.5067785537025));
#5564=CARTESIAN_POINT('Ctrl Pts',(-172.777060550529,0.,11.8057853721452));
#5565=CARTESIAN_POINT('Ctrl Pts',(-176.850855966688,0.,11.1742062068363));
#5566=CARTESIAN_POINT('Ctrl Pts',(-178.632072172099,0.,10.8980560988102));
#5567=CARTESIAN_POINT('Ctrl Pts',(-180.472757141112,0.,10.6385729272629));
#5568=CARTESIAN_POINT('Ctrl Pts',(-182.342067449648,0.,10.3965777289829));
#5569=CARTESIAN_POINT('',(18.2334461252871,0.,26.8089676595188));
#5570=CARTESIAN_POINT('Origin',(18.2334461252871,0.,-26.8089676595188));
#5571=CARTESIAN_POINT('',(16.2334461252871,20.598418507126,-26.8089676595188));
#5572=CARTESIAN_POINT('',(16.2334461252871,0.,-26.8089676595188));
#5573=CARTESIAN_POINT('',(18.2334461252871,20.598418507126,-26.8089676595188));
#5574=CARTESIAN_POINT('Ctrl Pts',(-18.1737956567371,0.,-26.8089676595188));
#5575=CARTESIAN_POINT('Ctrl Pts',(-18.1737956567371,4.24764501401121,-26.8089676595188));
#5576=CARTESIAN_POINT('Ctrl Pts',(-18.1737956567371,8.49529002802243,-26.8089676595188));
#5577=CARTESIAN_POINT('Ctrl Pts',(-18.1737956567371,16.3512803920712,-26.8089676595188));
#5578=CARTESIAN_POINT('Ctrl Pts',(-18.1737956567371,19.9596257421088,-26.8089676595188));
#5579=CARTESIAN_POINT('Ctrl Pts',(-18.1737956567371,23.5679710921463,-26.8089676595188));
#5580=CARTESIAN_POINT('Origin',(-182.342157758201,15.,41.));
#5581=CARTESIAN_POINT('',(-182.342157758201,15.,12.4127684523233));
#5582=CARTESIAN_POINT('Ctrl Pts',(-182.342157758201,15.,12.4127684523233));
#5583=CARTESIAN_POINT('Ctrl Pts',(-182.342157758201,10.,12.4127684523233));
#5584=CARTESIAN_POINT('Ctrl Pts',(-182.342157758201,5.,12.4127684523233));
#5585=CARTESIAN_POINT('Ctrl Pts',(-182.342157758201,0.,12.4127684523233));
#5586=CARTESIAN_POINT('',(-182.342157758201,15.,10.3958873665347));
#5587=CARTESIAN_POINT('',(-182.342157758201,15.,41.));
#5588=CARTESIAN_POINT('Ctrl Pts',(-182.342157758201,0.,10.3958873665347));
#5589=CARTESIAN_POINT('Ctrl Pts',(-182.342157758201,5.00000000000001,10.3958873665347));
#5590=CARTESIAN_POINT('Ctrl Pts',(-182.342157758201,10.,10.3958873665347));
#5591=CARTESIAN_POINT('Ctrl Pts',(-182.342157758201,15.,10.3958873665347));
#5592=CARTESIAN_POINT('Origin',(-182.342157758201,15.,41.));
#5593=CARTESIAN_POINT('',(-182.342157758201,15.,-10.3958873665347));
#5594=CARTESIAN_POINT('Ctrl Pts',(-182.342157758201,15.,-10.3958873665347));
#5595=CARTESIAN_POINT('Ctrl Pts',(-182.342157758201,10.,-10.3958873665347));
#5596=CARTESIAN_POINT('Ctrl Pts',(-182.342157758201,5.,-10.3958873665347));
#5597=CARTESIAN_POINT('Ctrl Pts',(-182.342157758201,0.,-10.3958873665347));
#5598=CARTESIAN_POINT('',(-182.342157758201,15.,-12.4127684523233));
#5599=CARTESIAN_POINT('',(-182.342157758201,15.,41.));
#5600=CARTESIAN_POINT('Ctrl Pts',(-182.342157758201,0.,-12.4127684523233));
#5601=CARTESIAN_POINT('Ctrl Pts',(-182.342157758201,5.00000000000001,-12.4127684523233));
#5602=CARTESIAN_POINT('Ctrl Pts',(-182.342157758201,10.,-12.4127684523233));
#5603=CARTESIAN_POINT('Ctrl Pts',(-182.342157758201,15.,-12.4127684523233));
#5604=CARTESIAN_POINT('Origin',(-206.342157758201,15.,41.));
#5605=CARTESIAN_POINT('',(-206.342157758201,15.,10.2203979809118));
#5606=CARTESIAN_POINT('Ctrl Pts',(-206.342157758201,15.,10.2203979809118));
#5607=CARTESIAN_POINT('Ctrl Pts',(-199.913729551598,15.,10.6192790488985));
#5608=CARTESIAN_POINT('Ctrl Pts',(-191.473217688174,15.,11.2190755244347));
#5609=CARTESIAN_POINT('Ctrl Pts',(-182.342157758201,15.,12.4127684523233));
#5610=CARTESIAN_POINT('',(-206.342157758201,15.,8.21656121405993));
#5611=CARTESIAN_POINT('',(-206.342157758201,15.,41.));
#5612=CARTESIAN_POINT('Ctrl Pts',(-182.342157758201,15.,10.3958873665347));
#5613=CARTESIAN_POINT('Ctrl Pts',(-191.475488920858,15.,9.21150252884782));
#5614=CARTESIAN_POINT('Ctrl Pts',(-199.890284100997,15.,8.6158922073835));
#5615=CARTESIAN_POINT('Ctrl Pts',(-206.342157758201,15.,8.21656121405993));
#5616=CARTESIAN_POINT('Origin',(-206.342157758201,0.,41.));
#5617=CARTESIAN_POINT('',(-206.342157758201,0.,10.2203979809118));
#5618=CARTESIAN_POINT('Ctrl Pts',(-206.342157758201,0.,10.2203979809118));
#5619=CARTESIAN_POINT('Ctrl Pts',(-206.342157758201,5.00000000000001,10.2203979809118));
#5620=CARTESIAN_POINT('Ctrl Pts',(-206.342157758201,10.,10.2203979809118));
#5621=CARTESIAN_POINT('Ctrl Pts',(-206.342157758201,15.,10.2203979809118));
#5622=CARTESIAN_POINT('',(-206.342157758201,0.,8.21656121405993));
#5623=CARTESIAN_POINT('',(-206.342157758201,0.,34.9044838297594));
#5624=CARTESIAN_POINT('Ctrl Pts',(-206.342157758201,15.,8.21656121405993));
#5625=CARTESIAN_POINT('Ctrl Pts',(-206.342157758201,10.,8.21656121405993));
#5626=CARTESIAN_POINT('Ctrl Pts',(-206.342157758201,5.,8.21656121405993));
#5627=CARTESIAN_POINT('Ctrl Pts',(-206.342157758201,0.,8.21656121405993));
#5628=CARTESIAN_POINT('Origin',(-206.342157758201,15.,41.));
#5629=CARTESIAN_POINT('',(-206.342157758201,15.,-8.21656121405993));
#5630=CARTESIAN_POINT('Ctrl Pts',(-206.342157758201,15.,-8.21656121405993));
#5631=CARTESIAN_POINT('Ctrl Pts',(-199.890282772351,15.,-8.6158922896184));
#5632=CARTESIAN_POINT('Ctrl Pts',(-191.475488456578,15.,-9.2115025890544));
#5633=CARTESIAN_POINT('Ctrl Pts',(-182.342157758201,15.,-10.3958873665347));
#5634=CARTESIAN_POINT('',(-206.342157758201,15.,-10.2203979809118));
#5635=CARTESIAN_POINT('',(-206.342157758201,15.,41.));
#5636=CARTESIAN_POINT('Ctrl Pts',(-182.342157758201,15.,-12.4127684523233));
#5637=CARTESIAN_POINT('Ctrl Pts',(-191.473218177488,15.,-11.2190754604673));
#5638=CARTESIAN_POINT('Ctrl Pts',(-199.913731021183,15.,-10.6192789577113));
#5639=CARTESIAN_POINT('Ctrl Pts',(-206.342157758201,15.,-10.2203979809118));
#5640=CARTESIAN_POINT('Origin',(-206.342157758201,0.,41.));
#5641=CARTESIAN_POINT('',(-206.342157758201,0.,-8.21656121405993));
#5642=CARTESIAN_POINT('Ctrl Pts',(-206.342157758201,0.,-8.21656121405993));
#5643=CARTESIAN_POINT('Ctrl Pts',(-206.342157758201,5.00000000000001,-8.21656121405993));
#5644=CARTESIAN_POINT('Ctrl Pts',(-206.342157758201,10.,-8.21656121405993));
#5645=CARTESIAN_POINT('Ctrl Pts',(-206.342157758201,15.,-8.21656121405993));
#5646=CARTESIAN_POINT('',(-206.342157758201,0.,-10.2203979809118));
#5647=CARTESIAN_POINT('',(-206.342157758201,0.,34.9044838297594));
#5648=CARTESIAN_POINT('Ctrl Pts',(-206.342157758201,15.,-10.2203979809118));
#5649=CARTESIAN_POINT('Ctrl Pts',(-206.342157758201,10.,-10.2203979809118));
#5650=CARTESIAN_POINT('Ctrl Pts',(-206.342157758201,5.,-10.2203979809118));
#5651=CARTESIAN_POINT('Ctrl Pts',(-206.342157758201,0.,-10.2203979809118));
#5652=CARTESIAN_POINT('Ctrl Pts',(-18.2334461252871,0.,-28.8089676595188));
#5653=CARTESIAN_POINT('Ctrl Pts',(-18.2334461252871,30.,-28.8089676595188));
#5654=CARTESIAN_POINT('Ctrl Pts',(-18.686714676439,0.,-28.7816404271994));
#5655=CARTESIAN_POINT('Ctrl Pts',(-18.686714676439,30.,-28.7816404271994));
#5656=CARTESIAN_POINT('Ctrl Pts',(-19.6163244914334,0.,-28.7358251482358));
#5657=CARTESIAN_POINT('Ctrl Pts',(-19.6163244914334,30.,-28.7358251482358));
#5658=CARTESIAN_POINT('Ctrl Pts',(-21.0799570303246,0.,-28.6936193901857));
#5659=CARTESIAN_POINT('Ctrl Pts',(-21.0799570303246,30.,-28.6936193901857));
#5660=CARTESIAN_POINT('Ctrl Pts',(-23.1682032792611,0.,-28.6854273343654));
#5661=CARTESIAN_POINT('Ctrl Pts',(-23.1682032792611,30.,-28.6854273343654));
#5662=CARTESIAN_POINT('Ctrl Pts',(-25.9979218222151,0.,-28.7300557348971));
#5663=CARTESIAN_POINT('Ctrl Pts',(-25.9979218222151,30.,-28.7300557348971));
#5664=CARTESIAN_POINT('Ctrl Pts',(-29.0386701651126,0.,-28.8033490745273));
#5665=CARTESIAN_POINT('Ctrl Pts',(-29.0386701651126,30.,-28.8033490745273));
#5666=CARTESIAN_POINT('Ctrl Pts',(-32.2863565853986,0.,-28.8899433809297));
#5667=CARTESIAN_POINT('Ctrl Pts',(-32.2863565853986,30.,-28.8899433809297));
#5668=CARTESIAN_POINT('Ctrl Pts',(-35.7457357275481,0.,-28.997548978101));
#5669=CARTESIAN_POINT('Ctrl Pts',(-35.7457357275481,30.,-28.997548978101));
#5670=CARTESIAN_POINT('Ctrl Pts',(-39.4220071269276,0.,-29.1504963328335));
#5671=CARTESIAN_POINT('Ctrl Pts',(-39.4220071269276,30.,-29.1504963328335));
#5672=CARTESIAN_POINT('Ctrl Pts',(-43.3124751125691,0.,-29.3829374470003));
#5673=CARTESIAN_POINT('Ctrl Pts',(-43.3124751125691,30.,-29.3829374470003));
#5674=CARTESIAN_POINT('Ctrl Pts',(-47.3974458566345,0.,-29.7319974973826));
#5675=CARTESIAN_POINT('Ctrl Pts',(-47.3974458566345,30.,-29.7319974973826));
#5676=CARTESIAN_POINT('Ctrl Pts',(-51.6330913920576,0.,-30.2313844837282));
#5677=CARTESIAN_POINT('Ctrl Pts',(-51.6330913920576,30.,-30.2313844837282));
#5678=CARTESIAN_POINT('Ctrl Pts',(-55.9393474006754,0.,-30.9037394745495));
#5679=CARTESIAN_POINT('Ctrl Pts',(-55.9393474006754,30.,-30.9037394745495));
#5680=CARTESIAN_POINT('Ctrl Pts',(-60.2058801166209,0.,-31.7576317713745));
#5681=CARTESIAN_POINT('Ctrl Pts',(-60.2058801166209,30.,-31.7576317713745));
#5682=CARTESIAN_POINT('Ctrl Pts',(-64.3177853852115,0.,-32.789496870946));
#5683=CARTESIAN_POINT('Ctrl Pts',(-64.3177853852115,30.,-32.789496870946));
#5684=CARTESIAN_POINT('Ctrl Pts',(-68.175315624739,0.,-33.9842610786415));
#5685=CARTESIAN_POINT('Ctrl Pts',(-68.175315624739,30.,-33.9842610786415));
#5686=CARTESIAN_POINT('Ctrl Pts',(-71.7175794026494,0.,-35.3164457502471));
#5687=CARTESIAN_POINT('Ctrl Pts',(-71.7175794026494,30.,-35.3164457502471));
#5688=CARTESIAN_POINT('Ctrl Pts',(-74.941057190925,0.,-36.7511465592463));
#5689=CARTESIAN_POINT('Ctrl Pts',(-74.941057190925,30.,-36.7511465592463));
#5690=CARTESIAN_POINT('Ctrl Pts',(-77.9290821066398,0.,-38.2448207360575));
#5691=CARTESIAN_POINT('Ctrl Pts',(-77.9290821066398,30.,-38.2448207360575));
#5692=CARTESIAN_POINT('Ctrl Pts',(-80.8435205255394,0.,-39.7470387930955));
#5693=CARTESIAN_POINT('Ctrl Pts',(-80.8435205255394,30.,-39.7470387930955));
#5694=CARTESIAN_POINT('Ctrl Pts',(-83.8761763849865,0.,-41.2033489619732));
#5695=CARTESIAN_POINT('Ctrl Pts',(-83.8761763849865,30.,-41.2033489619732));
#5696=CARTESIAN_POINT('Ctrl Pts',(-87.209370953483,0.,-42.5578625161953));
#5697=CARTESIAN_POINT('Ctrl Pts',(-87.209370953483,30.,-42.5578625161953));
#5698=CARTESIAN_POINT('Ctrl Pts',(-90.9759997876149,0.,-43.7559014029665));
#5699=CARTESIAN_POINT('Ctrl Pts',(-90.9759997876149,30.,-43.7559014029665));
#5700=CARTESIAN_POINT('Ctrl Pts',(-95.2120581028856,0.,-44.746738122081));
#5701=CARTESIAN_POINT('Ctrl Pts',(-95.2120581028856,30.,-44.746738122081));
#5702=CARTESIAN_POINT('Ctrl Pts',(-99.8379936924452,0.,-45.48590469743));
#5703=CARTESIAN_POINT('Ctrl Pts',(-99.8379936924452,30.,-45.48590469743));
#5704=CARTESIAN_POINT('Ctrl Pts',(-104.701303421147,0.,-45.9365250978288));
#5705=CARTESIAN_POINT('Ctrl Pts',(-104.701303421147,30.,-45.9365250978288));
#5706=CARTESIAN_POINT('Ctrl Pts',(-109.606417231432,0.,-46.0708970949204));
#5707=CARTESIAN_POINT('Ctrl Pts',(-109.606417231432,30.,-46.0708970949204));
#5708=CARTESIAN_POINT('Ctrl Pts',(-114.348921409892,0.,-45.8719163369931));
#5709=CARTESIAN_POINT('Ctrl Pts',(-114.348921409892,30.,-45.8719163369931));
#5710=CARTESIAN_POINT('Ctrl Pts',(-118.749462792814,0.,-45.3347428138172));
#5711=CARTESIAN_POINT('Ctrl Pts',(-118.749462792814,30.,-45.3347428138172));
#5712=CARTESIAN_POINT('Ctrl Pts',(-122.684160015558,0.,-44.4680035500677));
#5713=CARTESIAN_POINT('Ctrl Pts',(-122.684160015558,30.,-44.4680035500677));
#5714=CARTESIAN_POINT('Ctrl Pts',(-126.125834719625,0.,-43.2961659157867));
#5715=CARTESIAN_POINT('Ctrl Pts',(-126.125834719625,30.,-43.2961659157867));
#5716=CARTESIAN_POINT('Ctrl Pts',(-129.132584615479,0.,-41.856502380112));
#5717=CARTESIAN_POINT('Ctrl Pts',(-129.132584615479,30.,-41.856502380112));
#5718=CARTESIAN_POINT('Ctrl Pts',(-131.811280985158,0.,-40.1935729351776));
#5719=CARTESIAN_POINT('Ctrl Pts',(-131.811280985158,30.,-40.1935729351776));
#5720=CARTESIAN_POINT('Ctrl Pts',(-134.287971159079,0.,-38.3542701926926));
#5721=CARTESIAN_POINT('Ctrl Pts',(-134.287971159079,30.,-38.3542701926926));
#5722=CARTESIAN_POINT('Ctrl Pts',(-136.677837688508,0.,-36.3831506210936));
#5723=CARTESIAN_POINT('Ctrl Pts',(-136.677837688508,30.,-36.3831506210936));
#5724=CARTESIAN_POINT('Ctrl Pts',(-139.049263822129,0.,-34.3163340930896));
#5725=CARTESIAN_POINT('Ctrl Pts',(-139.049263822129,30.,-34.3163340930896));
#5726=CARTESIAN_POINT('Ctrl Pts',(-141.426280922625,0.,-32.1837521044101));
#5727=CARTESIAN_POINT('Ctrl Pts',(-141.426280922625,30.,-32.1837521044101));
#5728=CARTESIAN_POINT('Ctrl Pts',(-143.806129047885,0.,-30.0146654464028));
#5729=CARTESIAN_POINT('Ctrl Pts',(-143.806129047885,30.,-30.0146654464028));
#5730=CARTESIAN_POINT('Ctrl Pts',(-146.171792943974,0.,-27.8420385834987));
#5731=CARTESIAN_POINT('Ctrl Pts',(-146.171792943974,30.,-27.8420385834987));
#5732=CARTESIAN_POINT('Ctrl Pts',(-148.506696050445,0.,-25.7075589939595));
#5733=CARTESIAN_POINT('Ctrl Pts',(-148.506696050445,30.,-25.7075589939595));
#5734=CARTESIAN_POINT('Ctrl Pts',(-150.808220541881,0.,-23.6659507913731));
#5735=CARTESIAN_POINT('Ctrl Pts',(-150.808220541881,30.,-23.6659507913731));
#5736=CARTESIAN_POINT('Ctrl Pts',(-153.087837544016,0.,-21.7743329108438));
#5737=CARTESIAN_POINT('Ctrl Pts',(-153.087837544016,30.,-21.7743329108438));
#5738=CARTESIAN_POINT('Ctrl Pts',(-155.371789724574,0.,-20.0812473942153));
#5739=CARTESIAN_POINT('Ctrl Pts',(-155.371789724574,30.,-20.0812473942153));
#5740=CARTESIAN_POINT('Ctrl Pts',(-157.700861675899,0.,-18.6171226173774));
#5741=CARTESIAN_POINT('Ctrl Pts',(-157.700861675899,30.,-18.6171226173774));
#5742=CARTESIAN_POINT('Ctrl Pts',(-160.132356746942,0.,-17.3808750168635));
#5743=CARTESIAN_POINT('Ctrl Pts',(-160.132356746942,30.,-17.3808750168635));
#5744=CARTESIAN_POINT('Ctrl Pts',(-162.732501843298,0.,-16.3434530674032));
#5745=CARTESIAN_POINT('Ctrl Pts',(-162.732501843298,30.,-16.3434530674032));
#5746=CARTESIAN_POINT('Ctrl Pts',(-165.562343348475,0.,-15.4622853739768));
#5747=CARTESIAN_POINT('Ctrl Pts',(-165.562343348475,30.,-15.4622853739768));
#5748=CARTESIAN_POINT('Ctrl Pts',(-168.666638843661,0.,-14.691624449336));
#5749=CARTESIAN_POINT('Ctrl Pts',(-168.666638843661,30.,-14.691624449336));
#5750=CARTESIAN_POINT('Ctrl Pts',(-172.05912708989,0.,-13.9963761760793));
#5751=CARTESIAN_POINT('Ctrl Pts',(-172.05912708989,30.,-13.9963761760793));
#5752=CARTESIAN_POINT('Ctrl Pts',(-175.717424611867,0.,-13.3582808172573));
#5753=CARTESIAN_POINT('Ctrl Pts',(-175.717424611867,30.,-13.3582808172573));
#5754=CARTESIAN_POINT('Ctrl Pts',(-179.593838231133,0.,-12.7701016534032));
#5755=CARTESIAN_POINT('Ctrl Pts',(-179.593838231133,30.,-12.7701016534032));
#5756=CARTESIAN_POINT('Ctrl Pts',(-183.622556254702,0.,-12.232535869508));
#5757=CARTESIAN_POINT('Ctrl Pts',(-183.622556254702,30.,-12.232535869508));
#5758=CARTESIAN_POINT('Ctrl Pts',(-187.728302334648,0.,-11.7499496814441));
#5759=CARTESIAN_POINT('Ctrl Pts',(-187.728302334648,30.,-11.7499496814441));
#5760=CARTESIAN_POINT('Ctrl Pts',(-191.834267854722,0.,-11.3268420000766));
#5761=CARTESIAN_POINT('Ctrl Pts',(-191.834267854722,30.,-11.3268420000766));
#5762=CARTESIAN_POINT('Ctrl Pts',(-195.870559353899,0.,-10.9634274795914));
#5763=CARTESIAN_POINT('Ctrl Pts',(-195.870559353899,30.,-10.9634274795914));
#5764=CARTESIAN_POINT('Ctrl Pts',(-199.780942671358,0.,-10.6553453715681));
#5765=CARTESIAN_POINT('Ctrl Pts',(-199.780942671358,30.,-10.6553453715681));
#5766=CARTESIAN_POINT('Ctrl Pts',(-203.528970676436,0.,-10.3945970037851));
#5767=CARTESIAN_POINT('Ctrl Pts',(-203.528970676436,30.,-10.3945970037851));
#5768=CARTESIAN_POINT('Ctrl Pts',(-207.104648742851,0.,-10.1700599696608));
#5769=CARTESIAN_POINT('Ctrl Pts',(-207.104648742851,30.,-10.1700599696608));
#5770=CARTESIAN_POINT('Ctrl Pts',(-210.530203317788,0.,-9.96820299953805));
#5771=CARTESIAN_POINT('Ctrl Pts',(-210.530203317788,30.,-9.96820299953805));
#5772=CARTESIAN_POINT('Ctrl Pts',(-213.867945427058,0.,-9.77364422511467));
#5773=CARTESIAN_POINT('Ctrl Pts',(-213.867945427058,30.,-9.77364422511467));
#5774=CARTESIAN_POINT('Ctrl Pts',(-217.222299201766,0.,-9.56997471015256));
#5775=CARTESIAN_POINT('Ctrl Pts',(-217.222299201766,30.,-9.56997471015256));
#5776=CARTESIAN_POINT('Ctrl Pts',(-220.704809139215,0.,-9.34209071580335));
#5777=CARTESIAN_POINT('Ctrl Pts',(-220.704809139215,30.,-9.34209071580335));
#5778=CARTESIAN_POINT('Ctrl Pts',(-224.404171486582,0.,-9.07830777904852));
#5779=CARTESIAN_POINT('Ctrl Pts',(-224.404171486582,30.,-9.07830777904852));
#5780=CARTESIAN_POINT('Ctrl Pts',(-228.352656875102,0.,-8.77266857608855));
#5781=CARTESIAN_POINT('Ctrl Pts',(-228.352656875102,30.,-8.77266857608855));
#5782=CARTESIAN_POINT('Ctrl Pts',(-232.497819128548,0.,-8.42692925969324));
#5783=CARTESIAN_POINT('Ctrl Pts',(-232.497819128548,30.,-8.42692925969324));
#5784=CARTESIAN_POINT('Ctrl Pts',(-236.661855283117,0.,-8.05334429412772));
#5785=CARTESIAN_POINT('Ctrl Pts',(-236.661855283117,30.,-8.05334429412772));
#5786=CARTESIAN_POINT('Ctrl Pts',(-240.60344369841,0.,-7.67031745510255));
#5787=CARTESIAN_POINT('Ctrl Pts',(-240.60344369841,30.,-7.67031745510255));
#5788=CARTESIAN_POINT('Ctrl Pts',(-244.091622685838,0.,-7.29678946735919));
#5789=CARTESIAN_POINT('Ctrl Pts',(-244.091622685838,30.,-7.29678946735919));
#5790=CARTESIAN_POINT('Ctrl Pts',(-246.983254905914,0.,-6.9473101622819));
#5791=CARTESIAN_POINT('Ctrl Pts',(-246.983254905914,30.,-6.9473101622819));
#5792=CARTESIAN_POINT('Ctrl Pts',(-249.281441154866,0.,-6.62628015221961));
#5793=CARTESIAN_POINT('Ctrl Pts',(-249.281441154866,30.,-6.62628015221961));
#5794=CARTESIAN_POINT('Ctrl Pts',(-251.245842095611,0.,-6.32385446972462));
#5795=CARTESIAN_POINT('Ctrl Pts',(-251.245842095611,30.,-6.32385446972462));
#5796=CARTESIAN_POINT('Ctrl Pts',(-253.299132826092,0.,-6.00605303178184));
#5797=CARTESIAN_POINT('Ctrl Pts',(-253.299132826092,30.,-6.00605303178184));
#5798=CARTESIAN_POINT('Ctrl Pts',(-255.792045793721,0.,-5.60288825799132));
#5799=CARTESIAN_POINT('Ctrl Pts',(-255.792045793721,30.,-5.60288825799132));
#5800=CARTESIAN_POINT('Ctrl Pts',(-258.777713969188,0.,-4.99300842055464));
#5801=CARTESIAN_POINT('Ctrl Pts',(-258.777713969188,30.,-4.99300842055464));
#5802=CARTESIAN_POINT('Ctrl Pts',(-261.872539835864,0.,-4.00132033853669));
#5803=CARTESIAN_POINT('Ctrl Pts',(-261.872539835864,30.,-4.00132033853669));
#5804=CARTESIAN_POINT('Ctrl Pts',(-263.995589201531,0.,-2.75881538352495));
#5805=CARTESIAN_POINT('Ctrl Pts',(-263.995589201531,30.,-2.75881538352495));
#5806=CARTESIAN_POINT('Ctrl Pts',(-265.158807188644,0.,-1.50992009655037));
#5807=CARTESIAN_POINT('Ctrl Pts',(-265.158807188644,30.,-1.50992009655037));
#5808=CARTESIAN_POINT('Ctrl Pts',(-265.711150102733,0.,-0.528166884608279));
#5809=CARTESIAN_POINT('Ctrl Pts',(-265.711150102733,30.,-0.528166884608279));
#5810=CARTESIAN_POINT('Ctrl Pts',(-265.931527944759,0.,0.));
#5811=CARTESIAN_POINT('Ctrl Pts',(-265.931527944759,30.,0.));
#5812=CARTESIAN_POINT('Ctrl Pts',(-206.342157758201,0.,-10.2203979809118));
#5813=CARTESIAN_POINT('Ctrl Pts',(-206.487848749048,0.,-10.2113579207047));
#5814=CARTESIAN_POINT('Ctrl Pts',(-207.338567416562,0.,-10.1587690989392));
#5815=CARTESIAN_POINT('Ctrl Pts',(-208.874816876916,0.,-10.0658165519268));
#5816=CARTESIAN_POINT('Ctrl Pts',(-211.060172662979,0.,-9.93731080268562));
#5817=CARTESIAN_POINT('Ctrl Pts',(-213.867945427058,0.,-9.77364422511467));
#5818=CARTESIAN_POINT('Ctrl Pts',(-217.222299201766,0.,-9.56997471015256));
#5819=CARTESIAN_POINT('Ctrl Pts',(-220.704809139215,0.,-9.34209071580335));
#5820=CARTESIAN_POINT('Ctrl Pts',(-224.404171486582,0.,-9.07830777904852));
#5821=CARTESIAN_POINT('Ctrl Pts',(-228.352656875102,0.,-8.77266857608855));
#5822=CARTESIAN_POINT('Ctrl Pts',(-232.497819128548,0.,-8.42692925969324));
#5823=CARTESIAN_POINT('Ctrl Pts',(-236.661855283117,0.,-8.05334429412772));
#5824=CARTESIAN_POINT('Ctrl Pts',(-240.60344369841,0.,-7.67031745510255));
#5825=CARTESIAN_POINT('Ctrl Pts',(-244.091622685838,0.,-7.29678946735919));
#5826=CARTESIAN_POINT('Ctrl Pts',(-246.983254905914,0.,-6.9473101622819));
#5827=CARTESIAN_POINT('Ctrl Pts',(-249.281441154866,0.,-6.62628015221961));
#5828=CARTESIAN_POINT('Ctrl Pts',(-251.245842095611,0.,-6.32385446972462));
#5829=CARTESIAN_POINT('Ctrl Pts',(-253.299132826092,0.,-6.00605303178184));
#5830=CARTESIAN_POINT('Ctrl Pts',(-255.792045793721,0.,-5.60288825799132));
#5831=CARTESIAN_POINT('Ctrl Pts',(-258.777713969188,0.,-4.99300842055464));
#5832=CARTESIAN_POINT('Ctrl Pts',(-261.872539835864,0.,-4.00132033853669));
#5833=CARTESIAN_POINT('Ctrl Pts',(-263.995589201531,0.,-2.75881538352495));
#5834=CARTESIAN_POINT('Ctrl Pts',(-265.158807188644,0.,-1.50992009655037));
#5835=CARTESIAN_POINT('Ctrl Pts',(-265.711150102733,0.,-0.528166884608279));
#5836=CARTESIAN_POINT('Ctrl Pts',(-265.931527944759,0.,0.));
#5837=CARTESIAN_POINT('Ctrl Pts',(-265.931527944759,0.,0.));
#5838=CARTESIAN_POINT('Ctrl Pts',(-265.633634466738,0.180349807444142,-0.713944146040179));
#5839=CARTESIAN_POINT('Ctrl Pts',(-265.220952609903,0.426144434155627,-1.32677440787031));
#5840=CARTESIAN_POINT('Ctrl Pts',(-264.713815735911,0.715781426883299,-1.86217616917031));
#5841=CARTESIAN_POINT('Ctrl Pts',(-264.309448228625,0.946724580050253,-2.28908079140558));
#5842=CARTESIAN_POINT('Ctrl Pts',(-263.854206059512,1.19991424538741,-2.65694938812112));
#5843=CARTESIAN_POINT('Ctrl Pts',(-263.374871969966,1.45821066298008,-2.97667770008563));
#5844=CARTESIAN_POINT('Ctrl Pts',(-262.474716258323,1.94327317087193,-3.57710498549269));
#5845=CARTESIAN_POINT('Ctrl Pts',(-261.449117251939,2.4658978325702,-4.03468276608271));
#5846=CARTESIAN_POINT('Ctrl Pts',(-260.430951618882,2.95643940887349,-4.39395551117565));
#5847=CARTESIAN_POINT('Ctrl Pts',(-259.889137421921,3.21747983452919,-4.5851415692715));
#5848=CARTESIAN_POINT('Ctrl Pts',(-259.330141228112,3.47932797028689,-4.75538876770816));
#5849=CARTESIAN_POINT('Ctrl Pts',(-258.766071485371,3.73680332059532,-4.90750629094104));
#5850=CARTESIAN_POINT('Ctrl Pts',(-256.953610621698,4.56411944914012,-5.39628815007472));
#5851=CARTESIAN_POINT('Ctrl Pts',(-255.095145711181,5.33430328872932,-5.70916514604431));
#5852=CARTESIAN_POINT('Ctrl Pts',(-253.617098394017,5.91713685363894,-5.94985274948684));
#5853=CARTESIAN_POINT('Ctrl Pts',(-252.86625830364,6.21321317100017,-6.07212075797537));
#5854=CARTESIAN_POINT('Ctrl Pts',(-252.05618234618,6.52422922951219,-6.19847849553936));
#5855=CARTESIAN_POINT('Ctrl Pts',(-251.234407448949,6.83062968330402,-6.32483964114224));
#5856=CARTESIAN_POINT('Ctrl Pts',(-250.412632551718,7.13703013709586,-6.45120078674512));
#5857=CARTESIAN_POINT('Ctrl Pts',(-249.579158714717,7.4388149861675,-6.57756534038688));
#5858=CARTESIAN_POINT('Ctrl Pts',(-248.778774651768,7.72154632466189,-6.69147043391276));
#5859=CARTESIAN_POINT('Ctrl Pts',(-247.630480406846,8.12717505202034,-6.85488768497728));
#5860=CARTESIAN_POINT('Ctrl Pts',(-246.503533098595,8.51098213811837,-7.00085330553057));
#5861=CARTESIAN_POINT('Ctrl Pts',(-245.3623171232,8.88769759788931,-7.13763888700952));
#5862=CARTESIAN_POINT('Ctrl Pts',(-243.778547358147,9.41050008933417,-7.32746874648598));
#5863=CARTESIAN_POINT('Ctrl Pts',(-242.150657054553,9.92405468619112,-7.50367746897794));
#5864=CARTESIAN_POINT('Ctrl Pts',(-240.508230032282,10.4215183290897,-7.67105149585404));
#5865=CARTESIAN_POINT('Ctrl Pts',(-238.86580301001,10.9189819719883,-7.83842552273015));
#5866=CARTESIAN_POINT('Ctrl Pts',(-237.208839269062,11.4003546609285,-7.99696485399039));
#5867=CARTESIAN_POINT('Ctrl Pts',(-235.565548253766,11.8607408542538,-8.14733444082305));
#5868=CARTESIAN_POINT('Ctrl Pts',(-233.032506274752,12.5704006426884,-8.37912082087918));
#5869=CARTESIAN_POINT('Ctrl Pts',(-230.45365560582,13.2524753551752,-8.59961405719413));
#5870=CARTESIAN_POINT('Ctrl Pts',(-227.85791099785,13.9043473621312,-8.80640475936464));
#5871=CARTESIAN_POINT('Ctrl Pts',(-225.262166389879,14.5562193690873,-9.01319546153514));
#5872=CARTESIAN_POINT('Ctrl Pts',(-222.649527842869,15.1778886705126,-9.2062836295612));
#5873=CARTESIAN_POINT('Ctrl Pts',(-220.047142100748,15.7666279155202,-9.38195224210281));
#5874=CARTESIAN_POINT('Ctrl Pts',(-217.189364974947,16.4131445022856,-9.57486051642853));
#5875=CARTESIAN_POINT('Ctrl Pts',(-214.309714716963,17.028021497003,-9.74716330905466));
#5876=CARTESIAN_POINT('Ctrl Pts',(-211.409833040784,17.6107015380396,-9.91732287743933));
#5877=CARTESIAN_POINT('Ctrl Pts',(-208.793110987753,18.1364856504627,-10.0708671750512));
#5878=CARTESIAN_POINT('Ctrl Pts',(-206.160218577471,18.6359670260312,-10.2260508726958));
#5879=CARTESIAN_POINT('Ctrl Pts',(-203.511584560594,19.1065728724136,-10.4021153581495));
#5880=CARTESIAN_POINT('Ctrl Pts',(-200.862950543716,19.5771787187961,-10.5781798436032));
#5881=CARTESIAN_POINT('Ctrl Pts',(-198.198574920242,20.0189090359924,-10.7751251168661));
#5882=CARTESIAN_POINT('Ctrl Pts',(-195.520772370717,20.4270110351972,-11.0045235147063));
#5883=CARTESIAN_POINT('Ctrl Pts',(-190.708756567371,21.1603710321467,-11.4167528315634));
#5884=CARTESIAN_POINT('Ctrl Pts',(-185.903978872175,21.7749155436739,-11.925993976049));
#5885=CARTESIAN_POINT('Ctrl Pts',(-181.137373685841,22.2470989654126,-12.5737447493359));
#5886=CARTESIAN_POINT('Ctrl Pts',(-176.311196127364,22.7251836702282,-13.229591022169));
#5887=CARTESIAN_POINT('Ctrl Pts',(-172.045652851055,23.0045572512579,-13.9523119414414));
#5888=CARTESIAN_POINT('Ctrl Pts',(-168.510699469718,23.178644091861,-14.7627404411637));
#5889=CARTESIAN_POINT('Ctrl Pts',(-165.807117095647,23.3117881712984,-15.3825676272482));
#5890=CARTESIAN_POINT('Ctrl Pts',(-163.643766347482,23.3842694080884,-16.0286718233158));
#5891=CARTESIAN_POINT('Ctrl Pts',(-161.707948634108,23.4383499706786,-16.7847041183757));
#5892=CARTESIAN_POINT('Ctrl Pts',(-158.113878825299,23.5387567992276,-18.1883656446588));
#5893=CARTESIAN_POINT('Ctrl Pts',(-155.259081561996,23.5787877332448,-20.0377991943958));
#5894=CARTESIAN_POINT('Ctrl Pts',(-152.167599993146,23.6125859916087,-22.5611373123162));
#5895=CARTESIAN_POINT('Ctrl Pts',(-150.621859208722,23.6294851207907,-23.8228063712763));
#5896=CARTESIAN_POINT('Ctrl Pts',(-149.01694734791,23.6448260810594,-25.2529515722823));
#5897=CARTESIAN_POINT('Ctrl Pts',(-147.23450804379,23.6610509485719,-26.8750086141019));
#5898=CARTESIAN_POINT('Ctrl Pts',(-146.343288391731,23.6691633823282,-27.6860371350117));
#5899=CARTESIAN_POINT('Ctrl Pts',(-145.407686878844,23.6774967928955,-28.5450436161249));
#5900=CARTESIAN_POINT('Ctrl Pts',(-144.408221758885,23.6872083434958,-29.4600695503451));
#5901=CARTESIAN_POINT('Ctrl Pts',(-143.408756638927,23.6969198940961,-30.3750954845653));
#5902=CARTESIAN_POINT('Ctrl Pts',(-142.345427911896,23.7080095847295,-31.3461408718925));
#5903=CARTESIAN_POINT('Ctrl Pts',(-141.228363717477,23.7211803008942,-32.353990810618));
#5904=CARTESIAN_POINT('Ctrl Pts',(-139.637517958359,23.7399371262046,-33.7893011614991));
#5905=CARTESIAN_POINT('Ctrl Pts',(-138.24890787146,23.7597124206983,-35.0176355153039));
#5906=CARTESIAN_POINT('Ctrl Pts',(-136.996197435755,23.7801513768875,-36.0848050884067));
#5907=CARTESIAN_POINT('Ctrl Pts',(-135.743487000049,23.8005903330767,-37.1519746615096));
#5908=CARTESIAN_POINT('Ctrl Pts',(-134.626676215536,23.8216929509613,-38.0579794539104));
#5909=CARTESIAN_POINT('Ctrl Pts',(-133.576844085717,23.8437400523375,-38.8499258104822));
#5910=CARTESIAN_POINT('Ctrl Pts',(-130.525390905641,23.9078223905468,-41.1518054725437));
#5911=CARTESIAN_POINT('Ctrl Pts',(-127.340845521362,23.991752487864,-43.000534733963));
#5912=CARTESIAN_POINT('Ctrl Pts',(-123.074002703958,24.1416598977482,-44.2468171945057));
#5913=CARTESIAN_POINT('Ctrl Pts',(-120.236522440578,24.2413493719294,-45.0756037319339));
#5914=CARTESIAN_POINT('Ctrl Pts',(-117.275025605803,24.3605517206421,-45.535418197181));
#5915=CARTESIAN_POINT('Ctrl Pts',(-114.437987653513,24.4769067978416,-45.7730902296114));
#5916=CARTESIAN_POINT('Ctrl Pts',(-112.574899467791,24.5533173969681,-45.9291699025465));
#5917=CARTESIAN_POINT('Ctrl Pts',(-110.765485092719,24.628500089263,-45.9894490135757));
#5918=CARTESIAN_POINT('Ctrl Pts',(-109.082465518437,24.6972535847999,-45.9893913606926));
#5919=CARTESIAN_POINT('Ctrl Pts',(-109.082465518437,24.6972535847999,-45.9893913606926));
#5920=CARTESIAN_POINT('Ctrl Pts',(-108.202648591888,24.7331952280565,-45.9893612220127));
#5921=CARTESIAN_POINT('Ctrl Pts',(-107.357372712655,24.7673799067225,-45.9728423116099));
#5922=CARTESIAN_POINT('Ctrl Pts',(-106.557026772493,24.7990645665859,-45.9449009735739));
#5923=CARTESIAN_POINT('Ctrl Pts',(-106.556663617449,24.799078806064,-45.9448838065622));
#5924=CARTESIAN_POINT('Ctrl Pts',(-105.824037674829,24.8280813725132,-45.9193505287916));
#5925=CARTESIAN_POINT('Ctrl Pts',(-105.134332029381,24.8549246425572,-45.8844897481042));
#5926=CARTESIAN_POINT('Ctrl Pts',(-104.475187858192,24.8801167701503,-45.843059103167));
#5927=CARTESIAN_POINT('Ctrl Pts',(-103.707445247432,24.9094594703583,-45.7948024805647));
#5928=CARTESIAN_POINT('Ctrl Pts',(-102.981164112699,24.9365621345471,-45.7376327974609));
#5929=CARTESIAN_POINT('Ctrl Pts',(-102.264156503089,24.9626493637981,-45.6712804045672));
#5930=CARTESIAN_POINT('Ctrl Pts',(-102.174530551888,24.9659102674545,-45.6629863554555));
#5931=CARTESIAN_POINT('Ctrl Pts',(-102.085049499517,24.96915530494,-45.6545488265034));
#5932=CARTESIAN_POINT('Ctrl Pts',(-101.996058670864,24.9723711841443,-45.6459916780931));
#5933=CARTESIAN_POINT('Ctrl Pts',(-101.90706784221,24.9755870633485,-45.6374345296829));
#5934=CARTESIAN_POINT('Ctrl Pts',(-101.818567237275,24.9787737842716,-45.6287577618146));
#5935=CARTESIAN_POINT('Ctrl Pts',(-101.73034824819,24.9819395737386,-45.6199508089564));
#5936=CARTESIAN_POINT('Ctrl Pts',(-101.553910270021,24.9882711526724,-45.6023369032401));
#5937=CARTESIAN_POINT('Ctrl Pts',(-101.378598755255,24.9945190057818,-45.5842022575643));
#5938=CARTESIAN_POINT('Ctrl Pts',(-101.204609668089,25.0006747518677,-45.5655877361657));
#5939=CARTESIAN_POINT('Ctrl Pts',(-100.856631493758,25.0129862440395,-45.5283586933685));
#5940=CARTESIAN_POINT('Ctrl Pts',(-100.513943029826,25.0249293081173,-45.4892101476803));
#5941=CARTESIAN_POINT('Ctrl Pts',(-100.176369129523,25.0365217666714,-45.4482670593636));
#5942=CARTESIAN_POINT('Ctrl Pts',(-99.5012213289173,25.0597066837796,-45.3663808827302));
#5943=CARTESIAN_POINT('Ctrl Pts',(-98.8465317828267,25.0814891787929,-45.2773165355827));
#5944=CARTESIAN_POINT('Ctrl Pts',(-98.2122936448508,25.1018890851522,-45.1825268641349));
#5945=CARTESIAN_POINT('Ctrl Pts',(-96.9438173688989,25.1426888978709,-44.9929475212392));
#5946=CARTESIAN_POINT('Ctrl Pts',(-95.7571467254057,25.177958355974,-44.7804668811421));
#5947=CARTESIAN_POINT('Ctrl Pts',(-94.6510882838735,25.2086860816268,-44.5525588860397));
#5948=CARTESIAN_POINT('Ctrl Pts',(-90.2268545177445,25.3315969842378,-43.6409269056302));
#5949=CARTESIAN_POINT('Ctrl Pts',(-87.0924159829912,25.3818401676431,-42.482457245137));
#5950=CARTESIAN_POINT('Ctrl Pts',(-85.189029706457,25.4090703166531,-41.7028730565627));
#5951=CARTESIAN_POINT('Ctrl Pts',(-84.9511064218903,25.4124740852793,-41.6054250329909));
#5952=CARTESIAN_POINT('Ctrl Pts',(-84.7324183288582,25.4155182752432,-41.5138970949179));
#5953=CARTESIAN_POINT('Ctrl Pts',(-84.5313232289082,25.4182162176815,-41.4284683926665));
#5954=CARTESIAN_POINT('Ctrl Pts',(-84.3302281289583,25.4209141601199,-41.343039690415));
#5955=CARTESIAN_POINT('Ctrl Pts',(-84.1467260220904,25.4232658550328,-41.2637102239852));
#5956=CARTESIAN_POINT('Ctrl Pts',(-83.9636103418728,25.4255377883978,-41.1834656784915));
#5957=CARTESIAN_POINT('Ctrl Pts',(-83.5973789814375,25.4300816551277,-41.0229765875041));
#5958=CARTESIAN_POINT('Ctrl Pts',(-83.232693327603,25.434306475666,-40.8588271802612));
#5959=CARTESIAN_POINT('Ctrl Pts',(-82.8737046189414,25.4382059055646,-40.6933186700888));
#5960=CARTESIAN_POINT('Ctrl Pts',(-82.1557272016182,25.4460047653618,-40.3623016497441));
#5961=CARTESIAN_POINT('Ctrl Pts',(-81.4605375649865,25.4525020626003,-40.0258482176819));
#5962=CARTESIAN_POINT('Ctrl Pts',(-80.7731644166327,25.457824238958,-39.6858343207069));
#5963=CARTESIAN_POINT('Ctrl Pts',(-79.3984181199251,25.4684685916734,-39.0058065267568));
#5964=CARTESIAN_POINT('Ctrl Pts',(-78.0549377763292,25.4744124608656,-38.3115368731556));
#5965=CARTESIAN_POINT('Ctrl Pts',(-76.6362723367074,25.4768108533015,-37.6112360335102));
#5966=CARTESIAN_POINT('Ctrl Pts',(-76.4645626557657,25.4771011452819,-37.5264743762651));
#5967=CARTESIAN_POINT('Ctrl Pts',(-76.2917515335583,25.4773394969893,-37.4416243637802));
#5968=CARTESIAN_POINT('Ctrl Pts',(-76.1175899781607,25.4775189896688,-37.3566927635185));
#5969=CARTESIAN_POINT('Ctrl Pts',(-76.114047863245,25.4776615870706,-37.354650400702));
#5970=CARTESIAN_POINT('Ctrl Pts',(-75.2970549366377,25.4783839934872,-36.956693668805));
#5971=CARTESIAN_POINT('Ctrl Pts',(-74.4520010817879,25.4777115902099,-36.5581099468746));
#5972=CARTESIAN_POINT('Ctrl Pts',(-73.5570933098504,25.4752357268734,-36.1600320945373));
#5973=CARTESIAN_POINT('Ctrl Pts',(-71.9678839943259,25.4708389999684,-35.4531111680725));
#5974=CARTESIAN_POINT('Ctrl Pts',(-70.1770874632928,25.4609300418577,-34.7275739769339));
#5975=CARTESIAN_POINT('Ctrl Pts',(-68.0857975096395,25.4395088154234,-34.0147408404088));
#5976=CARTESIAN_POINT('Ctrl Pts',(-65.9945075559861,25.4180875889892,-33.3019077038837));
#5977=CARTESIAN_POINT('Ctrl Pts',(-63.6027241797125,25.3851540942314,-32.6017786219721));
#5978=CARTESIAN_POINT('Ctrl Pts',(-60.8441921362205,25.3316097302373,-31.9572871573068));
#5979=CARTESIAN_POINT('Ctrl Pts',(-58.955690227159,25.2949530476148,-31.5160657604897));
#5980=CARTESIAN_POINT('Ctrl Pts',(-57.0913900373892,25.2521911165457,-31.1467090505426));
#5981=CARTESIAN_POINT('Ctrl Pts',(-55.2817927997073,25.2052893864645,-30.8356330677657));
#5982=CARTESIAN_POINT('Ctrl Pts',(-53.4721955620254,25.1583876563834,-30.5245570849887));
#5983=CARTESIAN_POINT('Ctrl Pts',(-51.7173012764314,25.1073461272903,-30.2717618293821));
#5984=CARTESIAN_POINT('Ctrl Pts',(-50.0479004180989,25.0545643748617,-30.0650659244321));
#5985=CARTESIAN_POINT('Ctrl Pts',(-48.3784995597664,25.001782622433,-29.8583700194822));
#5986=CARTESIAN_POINT('Ctrl Pts',(-46.7945921286954,24.9472606466688,-29.6977734651889));
#5987=CARTESIAN_POINT('Ctrl Pts',(-45.3328636931002,24.8940042189214,-29.5704597435376));
#5988=CARTESIAN_POINT('Ctrl Pts',(-43.8711352575049,24.840747791174,-29.4431460218863));
#5989=CARTESIAN_POINT('Ctrl Pts',(-42.5315858173856,24.7887569114435,-29.3491151328769));
#5990=CARTESIAN_POINT('Ctrl Pts',(-41.3258298406589,24.7401407099966,-29.2748839373086));
#5991=CARTESIAN_POINT('Ctrl Pts',(-39.4096529019168,24.6628802643842,-29.1569163652386));
#5992=CARTESIAN_POINT('Ctrl Pts',(-37.3486227441511,24.5740300507806,-29.0652326100782));
#5993=CARTESIAN_POINT('Ctrl Pts',(-35.3635479054973,24.4830823714784,-28.993473925598));
#5994=CARTESIAN_POINT('Ctrl Pts',(-33.3784730668435,24.3921346921762,-28.9217152411177));
#5995=CARTESIAN_POINT('Ctrl Pts',(-31.4693535473015,24.2990895471754,-28.8698816273175));
#5996=CARTESIAN_POINT('Ctrl Pts',(-29.8442618285933,24.2167466677408,-28.8271126179853));
#5997=CARTESIAN_POINT('Ctrl Pts',(-27.3709028585622,24.0914223570431,-28.7620189917899));
#5998=CARTESIAN_POINT('Ctrl Pts',(-25.4279289284283,23.9858970590255,-28.7194369271128));
#5999=CARTESIAN_POINT('Ctrl Pts',(-23.8416659141131,23.8974366710497,-28.7040441181524));
#6000=CARTESIAN_POINT('Ctrl Pts',(-23.3731676823612,23.8713101491723,-28.6994978961737));
#6001=CARTESIAN_POINT('Ctrl Pts',(-22.9357853182323,23.8466721981749,-28.6973233910227));
#6002=CARTESIAN_POINT('Ctrl Pts',(-22.5250513456427,23.8233325800726,-28.697318593638));
#6003=CARTESIAN_POINT('Ctrl Pts',(-22.5252426281938,23.8233015041228,-28.6971481618126));
#6004=CARTESIAN_POINT('Ctrl Pts',(-21.5451842762857,23.7675867659023,-28.6971481618126));
#6005=CARTESIAN_POINT('Ctrl Pts',(-20.7168734157967,23.7193552409342,-28.7096453941519));
#6006=CARTESIAN_POINT('Ctrl Pts',(-19.9796036816946,23.6758661135544,-28.7315924381409));
#6007=CARTESIAN_POINT('',(-18.2334461252871,23.5715792139445,-28.8089676595188));
#6008=CARTESIAN_POINT('Ctrl Pts',(-19.9796036816945,23.6758661135544,-28.7315924381409));
#6009=CARTESIAN_POINT('Ctrl Pts',(-19.7868963099451,23.6644957655588,-28.7373289508026));
#6010=CARTESIAN_POINT('Ctrl Pts',(-19.6003018905197,23.6534400863929,-28.7437192662018));
#6011=CARTESIAN_POINT('Ctrl Pts',(-19.4190414603876,23.6426615813266,-28.7507207327356));
#6012=CARTESIAN_POINT('Ctrl Pts',(-19.2359119485998,23.6317719328293,-28.7577943954606));
#6013=CARTESIAN_POINT('Ctrl Pts',(-19.0582271256232,23.6211652041097,-28.765491725616));
#6014=CARTESIAN_POINT('Ctrl Pts',(-18.8852366607545,23.6108027285463,-28.773776335863));
#6015=CARTESIAN_POINT('Ctrl Pts',(-18.7097839721577,23.6002927608467,-28.7821788633834));
#6016=CARTESIAN_POINT('Ctrl Pts',(-18.5391603098879,23.5900340488386,-28.7911853991474));
#6017=CARTESIAN_POINT('Ctrl Pts',(-18.3726354827366,23.5799862512292,-28.8007677594312));
#6018=CARTESIAN_POINT('Ctrl Pts',(-18.3259213027816,23.5771676047024,-28.8034558397034));
#6019=CARTESIAN_POINT('Ctrl Pts',(-18.279529984838,23.5743655557913,-28.8061892970383));
#6020=CARTESIAN_POINT('Ctrl Pts',(-18.2334461252871,23.5715792139445,-28.8089676595188));
#6021=CARTESIAN_POINT('',(-18.2334461252871,0.,-28.8089676595188));
#6022=CARTESIAN_POINT('Ctrl Pts',(-264.085756846986,0.,-0.770148722409465));
#6023=CARTESIAN_POINT('Ctrl Pts',(-264.085756846986,25.4954749429893,-0.770148722409465));
#6024=CARTESIAN_POINT('Ctrl Pts',(-263.754350396778,0.,0.0241140343939239));
#6025=CARTESIAN_POINT('Ctrl Pts',(-263.754350396778,25.4954749429893,0.0241140343939239));
#6026=CARTESIAN_POINT('Ctrl Pts',(-263.224147037611,0.,0.645315471725415));
#6027=CARTESIAN_POINT('Ctrl Pts',(-263.224147037611,25.4954749429893,0.645315471725415));
#6028=CARTESIAN_POINT('Ctrl Pts',(-262.389814084459,0.,1.22775294049252));
#6029=CARTESIAN_POINT('Ctrl Pts',(-262.389814084459,25.4954749429893,1.22775294049252));
#6030=CARTESIAN_POINT('Ctrl Pts',(-261.047497598832,0.,2.16480740204596));
#6031=CARTESIAN_POINT('Ctrl Pts',(-261.047497598832,25.4954749429893,2.16480740204596));
#6032=CARTESIAN_POINT('Ctrl Pts',(-258.941467308057,0.,2.84748633641289));
#6033=CARTESIAN_POINT('Ctrl Pts',(-258.941467308057,25.4954749429893,2.84748633641289));
#6034=CARTESIAN_POINT('Ctrl Pts',(-256.970337375539,0.,3.29047824463007));
#6035=CARTESIAN_POINT('Ctrl Pts',(-256.970337375539,25.4954749429893,3.29047824463007));
#6036=CARTESIAN_POINT('Ctrl Pts',(-255.370196796818,0.,3.65009397400893));
#6037=CARTESIAN_POINT('Ctrl Pts',(-255.370196796818,25.4954749429893,3.65009397400893));
#6038=CARTESIAN_POINT('Ctrl Pts',(-253.897617431635,0.,3.88198455956346));
#6039=CARTESIAN_POINT('Ctrl Pts',(-253.897617431635,25.4954749429893,3.88198455956346));
#6040=CARTESIAN_POINT('Ctrl Pts',(-252.626189044148,0.,4.08354407922908));
#6041=CARTESIAN_POINT('Ctrl Pts',(-252.626189044148,25.4954749429893,4.08354407922908));
#6042=CARTESIAN_POINT('Ctrl Pts',(-250.976989110512,0.,4.34499171538968));
#6043=CARTESIAN_POINT('Ctrl Pts',(-250.976989110512,25.4954749429893,4.34499171538968));
#6044=CARTESIAN_POINT('Ctrl Pts',(-249.621428504804,0.,4.55727339542545));
#6045=CARTESIAN_POINT('Ctrl Pts',(-249.621428504804,25.4954749429893,4.55727339542545));
#6046=CARTESIAN_POINT('Ctrl Pts',(-247.892329812386,0.,4.7959393371301));
#6047=CARTESIAN_POINT('Ctrl Pts',(-247.892329812386,25.4954749429893,4.7959393371301));
#6048=CARTESIAN_POINT('Ctrl Pts',(-246.335478288104,0.,5.01083015670352));
#6049=CARTESIAN_POINT('Ctrl Pts',(-246.335478288104,25.4954749429893,5.01083015670352));
#6050=CARTESIAN_POINT('Ctrl Pts',(-244.423592072204,0.,5.24450481869218));
#6051=CARTESIAN_POINT('Ctrl Pts',(-244.423592072204,25.4954749429893,5.24450481869218));
#6052=CARTESIAN_POINT('Ctrl Pts',(-242.10313598614,0.,5.49335904027806));
#6053=CARTESIAN_POINT('Ctrl Pts',(-242.10313598614,25.4954749429893,5.49335904027806));
#6054=CARTESIAN_POINT('Ctrl Pts',(-238.331503074497,0.,5.89784278723277));
#6055=CARTESIAN_POINT('Ctrl Pts',(-238.331503074497,25.4954749429893,5.89784278723277));
#6056=CARTESIAN_POINT('Ctrl Pts',(-233.560594639831,0.,6.33452841176831));
#6057=CARTESIAN_POINT('Ctrl Pts',(-233.560594639831,25.4954749429893,6.33452841176831));
#6058=CARTESIAN_POINT('Ctrl Pts',(-229.097633420824,0.,6.69959563653004));
#6059=CARTESIAN_POINT('Ctrl Pts',(-229.097633420824,25.4954749429893,6.69959563653004));
#6060=CARTESIAN_POINT('Ctrl Pts',(-225.766358121291,0.,6.97209171454629));
#6061=CARTESIAN_POINT('Ctrl Pts',(-225.766358121291,25.4954749429893,6.97209171454629));
#6062=CARTESIAN_POINT('Ctrl Pts',(-222.634126872477,0.,7.20333956337114));
#6063=CARTESIAN_POINT('Ctrl Pts',(-222.634126872477,25.4954749429893,7.20333956337114));
#6064=CARTESIAN_POINT('Ctrl Pts',(-219.733366473417,0.,7.39813155811785));
#6065=CARTESIAN_POINT('Ctrl Pts',(-219.733366473417,25.4954749429893,7.39813155811785));
#6066=CARTESIAN_POINT('Ctrl Pts',(-215.332805448518,0.,7.69363823296171));
#6067=CARTESIAN_POINT('Ctrl Pts',(-215.332805448518,25.4954749429893,7.69363823296171));
#6068=CARTESIAN_POINT('Ctrl Pts',(-211.370133774195,0.,7.90898515858461));
#6069=CARTESIAN_POINT('Ctrl Pts',(-211.370133774195,25.4954749429893,7.90898515858461));
#6070=CARTESIAN_POINT('Ctrl Pts',(-207.001550870372,0.,8.17600833620701));
#6071=CARTESIAN_POINT('Ctrl Pts',(-207.001550870372,25.4954749429893,8.17600833620701));
#6072=CARTESIAN_POINT('Ctrl Pts',(-203.179622894849,0.,8.40961803874348));
#6073=CARTESIAN_POINT('Ctrl Pts',(-203.179622894849,25.4954749429893,8.40961803874348));
#6074=CARTESIAN_POINT('Ctrl Pts',(-199.044169180205,0.,8.6874659950452));
#6075=CARTESIAN_POINT('Ctrl Pts',(-199.044169180205,25.4954749429893,8.6874659950452));
#6076=CARTESIAN_POINT('Ctrl Pts',(-194.66435642062,0.,9.07102666000976));
#6077=CARTESIAN_POINT('Ctrl Pts',(-194.66435642062,25.4954749429893,9.07102666000976));
#6078=CARTESIAN_POINT('Ctrl Pts',(-188.78675494625,0.,9.58575568009688));
#6079=CARTESIAN_POINT('Ctrl Pts',(-188.78675494625,25.4954749429893,9.58575568009688));
#6080=CARTESIAN_POINT('Ctrl Pts',(-182.517831878276,0.,10.2956289710059));
#6081=CARTESIAN_POINT('Ctrl Pts',(-182.517831878276,25.4954749429893,10.2956289710059));
#6082=CARTESIAN_POINT('Ctrl Pts',(-176.850855966688,0.,11.1742062068363));
#6083=CARTESIAN_POINT('Ctrl Pts',(-176.850855966688,25.4954749429893,11.1742062068363));
#6084=CARTESIAN_POINT('Ctrl Pts',(-172.777060550529,0.,11.8057853721452));
#6085=CARTESIAN_POINT('Ctrl Pts',(-172.777060550529,25.4954749429893,11.8057853721452));
#6086=CARTESIAN_POINT('Ctrl Pts',(-169.045431951325,0.,12.5067785537025));
#6087=CARTESIAN_POINT('Ctrl Pts',(-169.045431951325,25.4954749429893,12.5067785537025));
#6088=CARTESIAN_POINT('Ctrl Pts',(-165.753934713738,0.,13.3834021359454));
#6089=CARTESIAN_POINT('Ctrl Pts',(-165.753934713738,25.4954749429893,13.3834021359454));
#6090=CARTESIAN_POINT('Ctrl Pts',(-162.140218684545,0.,14.3458421630989));
#6091=CARTESIAN_POINT('Ctrl Pts',(-162.140218684545,25.4954749429893,14.3458421630989));
#6092=CARTESIAN_POINT('Ctrl Pts',(-159.012102474139,0.,15.5711751405917));
#6093=CARTESIAN_POINT('Ctrl Pts',(-159.012102474139,25.4954749429893,15.5711751405917));
#6094=CARTESIAN_POINT('Ctrl Pts',(-156.115345138767,0.,17.2971391710068));
#6095=CARTESIAN_POINT('Ctrl Pts',(-156.115345138767,25.4954749429893,17.2971391710068));
#6096=CARTESIAN_POINT('Ctrl Pts',(-152.697806453864,0.,19.3333983946116));
#6097=CARTESIAN_POINT('Ctrl Pts',(-152.697806453864,25.4954749429893,19.3333983946116));
#6098=CARTESIAN_POINT('Ctrl Pts',(-149.579766104733,0.,22.0483969824321));
#6099=CARTESIAN_POINT('Ctrl Pts',(-149.579766104733,25.4954749429893,22.0483969824321));
#6100=CARTESIAN_POINT('Ctrl Pts',(-146.388496132175,0.,24.9411684203675));
#6101=CARTESIAN_POINT('Ctrl Pts',(-146.388496132175,25.4954749429893,24.9411684203675));
#6102=CARTESIAN_POINT('Ctrl Pts',(-142.707609972946,0.,28.2777593196858));
#6103=CARTESIAN_POINT('Ctrl Pts',(-142.707609972946,25.4954749429893,28.2777593196858));
#6104=CARTESIAN_POINT('Ctrl Pts',(-138.963892060691,0.,31.8099231882433));
#6105=CARTESIAN_POINT('Ctrl Pts',(-138.963892060691,25.4954749429893,31.8099231882433));
#6106=CARTESIAN_POINT('Ctrl Pts',(-135.290900165673,0.,34.9084758756203));
#6107=CARTESIAN_POINT('Ctrl Pts',(-135.290900165673,25.4954749429893,34.9084758756203));
#6108=CARTESIAN_POINT('Ctrl Pts',(-132.979842093327,0.,36.8580949887108));
#6109=CARTESIAN_POINT('Ctrl Pts',(-132.979842093327,25.4954749429893,36.8580949887108));
#6110=CARTESIAN_POINT('Ctrl Pts',(-130.722817449949,0.,38.6187516459446));
#6111=CARTESIAN_POINT('Ctrl Pts',(-130.722817449949,25.4954749429893,38.6187516459446));
#6112=CARTESIAN_POINT('Ctrl Pts',(-128.093064478837,0.,40.0448874777945));
#6113=CARTESIAN_POINT('Ctrl Pts',(-128.093064478837,25.4954749429893,40.0448874777945));
#6114=CARTESIAN_POINT('Ctrl Pts',(-125.908979110239,0.,41.229334244541));
#6115=CARTESIAN_POINT('Ctrl Pts',(-125.908979110239,25.4954749429893,41.229334244541));
#6116=CARTESIAN_POINT('Ctrl Pts',(-123.412535330252,0.,42.197187604019));
#6117=CARTESIAN_POINT('Ctrl Pts',(-123.412535330252,25.4954749429893,42.197187604019));
#6118=CARTESIAN_POINT('Ctrl Pts',(-120.369323077534,0.,42.8769716738394));
#6119=CARTESIAN_POINT('Ctrl Pts',(-120.369323077534,25.4954749429893,42.8769716738394));
#6120=CARTESIAN_POINT('Ctrl Pts',(-117.199459074676,0.,43.5850468502306));
#6121=CARTESIAN_POINT('Ctrl Pts',(-117.199459074676,25.4954749429893,43.5850468502306));
#6122=CARTESIAN_POINT('Ctrl Pts',(-113.42750313805,0.,43.9677810214262));
#6123=CARTESIAN_POINT('Ctrl Pts',(-113.42750313805,25.4954749429893,43.9677810214262));
#6124=CARTESIAN_POINT('Ctrl Pts',(-109.434385080012,0.,43.9884199982259));
#6125=CARTESIAN_POINT('Ctrl Pts',(-109.434385080012,25.4954749429893,43.9884199982259));
#6126=CARTESIAN_POINT('Ctrl Pts',(-104.570715604297,0.,44.0135585390884));
#6127=CARTESIAN_POINT('Ctrl Pts',(-104.570715604297,25.4954749429893,44.0135585390884));
#6128=CARTESIAN_POINT('Ctrl Pts',(-99.461949818615,0.,43.4999898424742));
#6129=CARTESIAN_POINT('Ctrl Pts',(-99.461949818615,25.4954749429893,43.4999898424742));
#6130=CARTESIAN_POINT('Ctrl Pts',(-95.0659215076021,0.,42.5955240581013));
#6131=CARTESIAN_POINT('Ctrl Pts',(-95.0659215076021,25.4954749429893,42.5955240581013));
#6132=CARTESIAN_POINT('Ctrl Pts',(-91.8232806023605,0.,41.9283632615131));
#6133=CARTESIAN_POINT('Ctrl Pts',(-91.8232806023605,25.4954749429893,41.9283632615131));
#6134=CARTESIAN_POINT('Ctrl Pts',(-88.9855071703255,0.,41.0576438047157));
#6135=CARTESIAN_POINT('Ctrl Pts',(-88.9855071703255,25.4954749429893,41.0576438047157));
#6136=CARTESIAN_POINT('Ctrl Pts',(-86.4933103493752,0.,40.0718890626001));
#6137=CARTESIAN_POINT('Ctrl Pts',(-86.4933103493752,25.4954749429893,40.0718890626001));
#6138=CARTESIAN_POINT('Ctrl Pts',(-83.3110841392732,0.,38.8132025292082));
#6139=CARTESIAN_POINT('Ctrl Pts',(-83.3110841392732,25.4954749429893,38.8132025292082));
#6140=CARTESIAN_POINT('Ctrl Pts',(-80.6239078580401,0.,37.3515275816549));
#6141=CARTESIAN_POINT('Ctrl Pts',(-80.6239078580401,25.4954749429893,37.3515275816549));
#6142=CARTESIAN_POINT('Ctrl Pts',(-77.6333539464585,0.,35.8725374003942));
#6143=CARTESIAN_POINT('Ctrl Pts',(-77.6333539464585,25.4954749429893,35.8725374003942));
#6144=CARTESIAN_POINT('Ctrl Pts',(-75.1831903266787,0.,34.6607993601258));
#6145=CARTESIAN_POINT('Ctrl Pts',(-75.1831903266787,25.4954749429893,34.6607993601258));
#6146=CARTESIAN_POINT('Ctrl Pts',(-72.5087635809516,0.,33.4545819413443));
#6147=CARTESIAN_POINT('Ctrl Pts',(-72.5087635809516,25.4954749429893,33.4545819413443));
#6148=CARTESIAN_POINT('Ctrl Pts',(-69.500901972561,0.,32.3891926547691));
#6149=CARTESIAN_POINT('Ctrl Pts',(-69.500901972561,25.4954749429893,32.3891926547691));
#6150=CARTESIAN_POINT('Ctrl Pts',(-65.1936257317927,0.,30.8635486728674));
#6151=CARTESIAN_POINT('Ctrl Pts',(-65.1936257317927,25.4954749429893,30.8635486728674));
#6152=CARTESIAN_POINT('Ctrl Pts',(-60.2134076353348,0.,29.6342261383611));
#6153=CARTESIAN_POINT('Ctrl Pts',(-60.2134076353348,25.4954749429893,29.6342261383611));
#6154=CARTESIAN_POINT('Ctrl Pts',(-55.1945870937724,0.,28.7921152482932));
#6155=CARTESIAN_POINT('Ctrl Pts',(-55.1945870937724,25.4954749429893,28.7921152482932));
#6156=CARTESIAN_POINT('Ctrl Pts',(-50.5954836701863,0.,28.0204289436171));
#6157=CARTESIAN_POINT('Ctrl Pts',(-50.5954836701863,25.4954749429893,28.0204289436171));
#6158=CARTESIAN_POINT('Ctrl Pts',(-46.0317639495396,0.,27.5705233343617));
#6159=CARTESIAN_POINT('Ctrl Pts',(-46.0317639495396,25.4954749429893,27.5705233343617));
#6160=CARTESIAN_POINT('Ctrl Pts',(-41.8699115363661,0.,27.3049968609716));
#6161=CARTESIAN_POINT('Ctrl Pts',(-41.8699115363661,25.4954749429893,27.3049968609716));
#6162=CARTESIAN_POINT('Ctrl Pts',(-36.9227191968995,0.,26.9893656456687));
#6163=CARTESIAN_POINT('Ctrl Pts',(-36.9227191968995,25.4954749429893,26.9893656456687));
#6164=CARTESIAN_POINT('Ctrl Pts',(-32.5195899258644,0.,26.8906418046581));
#6165=CARTESIAN_POINT('Ctrl Pts',(-32.5195899258644,25.4954749429893,26.8906418046581));
#6166=CARTESIAN_POINT('Ctrl Pts',(-28.6145522867877,0.,26.7943447056298));
#6167=CARTESIAN_POINT('Ctrl Pts',(-28.6145522867877,25.4954749429893,26.7943447056298));
#6168=CARTESIAN_POINT('Ctrl Pts',(-24.632361604063,0.,26.6961450348541));
#6169=CARTESIAN_POINT('Ctrl Pts',(-24.632361604063,25.4954749429893,26.6961450348541));
#6170=CARTESIAN_POINT('Ctrl Pts',(-21.1226680128468,0.,26.6311470669366));
#6171=CARTESIAN_POINT('Ctrl Pts',(-21.1226680128468,25.4954749429893,26.6311470669366));
#6172=CARTESIAN_POINT('Ctrl Pts',(-18.1130861189957,0.,26.8125925773046));
#6173=CARTESIAN_POINT('Ctrl Pts',(-18.1130861189957,25.4954749429893,26.8125925773046));
#6174=CARTESIAN_POINT('Ctrl Pts',(-17.5465004300558,0.,26.8467516177039));
#6175=CARTESIAN_POINT('Ctrl Pts',(-17.5465004300558,25.4954749429893,26.8467516177039));
#6176=CARTESIAN_POINT('Ctrl Pts',(-16.9799147411158,0.,26.8809106581032));
#6177=CARTESIAN_POINT('Ctrl Pts',(-16.9799147411158,25.4954749429893,26.8809106581032));
#6178=CARTESIAN_POINT('Ctrl Pts',(-16.4133290521759,0.,26.9150696985024));
#6179=CARTESIAN_POINT('Ctrl Pts',(-16.4133290521759,25.4954749429893,26.9150696985024));
#6180=CARTESIAN_POINT('',(-263.661426153229,0.,4.19109191795997E-14));
#6181=CARTESIAN_POINT('Ctrl Pts',(-206.341735630885,0.,8.21659770937592));
#6182=CARTESIAN_POINT('Ctrl Pts',(-206.56269400073,0.,8.20291507898245));
#6183=CARTESIAN_POINT('Ctrl Pts',(-206.782636746503,0.,8.18938913869352));
#6184=CARTESIAN_POINT('Ctrl Pts',(-207.001550870372,0.,8.17600833620701));
#6185=CARTESIAN_POINT('Ctrl Pts',(-211.370133774195,0.,7.90898515858461));
#6186=CARTESIAN_POINT('Ctrl Pts',(-215.332805448518,0.,7.69363823296171));
#6187=CARTESIAN_POINT('Ctrl Pts',(-219.733366473417,0.,7.39813155811785));
#6188=CARTESIAN_POINT('Ctrl Pts',(-222.634126872477,0.,7.20333956337114));
#6189=CARTESIAN_POINT('Ctrl Pts',(-225.766358121291,0.,6.97209171454629));
#6190=CARTESIAN_POINT('Ctrl Pts',(-229.097633420824,0.,6.69959563653004));
#6191=CARTESIAN_POINT('Ctrl Pts',(-233.560594639831,0.,6.33452841176831));
#6192=CARTESIAN_POINT('Ctrl Pts',(-238.331503074497,0.,5.89784278723277));
#6193=CARTESIAN_POINT('Ctrl Pts',(-242.10313598614,0.,5.49335904027806));
#6194=CARTESIAN_POINT('Ctrl Pts',(-244.423592072204,0.,5.24450481869218));
#6195=CARTESIAN_POINT('Ctrl Pts',(-246.335478288104,0.,5.01083015670352));
#6196=CARTESIAN_POINT('Ctrl Pts',(-247.892329812386,0.,4.7959393371301));
#6197=CARTESIAN_POINT('Ctrl Pts',(-249.621428504804,0.,4.55727339542545));
#6198=CARTESIAN_POINT('Ctrl Pts',(-250.976989110512,0.,4.34499171538968));
#6199=CARTESIAN_POINT('Ctrl Pts',(-252.626189044148,0.,4.08354407922908));
#6200=CARTESIAN_POINT('Ctrl Pts',(-253.897617431635,0.,3.88198455956346));
#6201=CARTESIAN_POINT('Ctrl Pts',(-255.370196796818,0.,3.65009397400892));
#6202=CARTESIAN_POINT('Ctrl Pts',(-256.970337375539,0.,3.29047824463007));
#6203=CARTESIAN_POINT('Ctrl Pts',(-258.941467308057,0.,2.84748633641289));
#6204=CARTESIAN_POINT('Ctrl Pts',(-261.047497598832,0.,2.16480740204596));
#6205=CARTESIAN_POINT('Ctrl Pts',(-262.389814084459,0.,1.22775294049252));
#6206=CARTESIAN_POINT('Ctrl Pts',(-262.931634605874,0.,0.849514766120281));
#6207=CARTESIAN_POINT('Ctrl Pts',(-263.345195259491,0.,0.454928753255127));
#6208=CARTESIAN_POINT('Ctrl Pts',(-263.659343753319,0.,0.00721457331812683));
#6209=CARTESIAN_POINT('',(-263.661426153229,0.378025283326482,-1.66533453693773E-14));
#6210=CARTESIAN_POINT('Ctrl Pts',(-263.661426153229,0.,1.66533453693773E-14));
#6211=CARTESIAN_POINT('Ctrl Pts',(-263.661426153229,0.126008427775494,1.66533453693773E-14));
#6212=CARTESIAN_POINT('Ctrl Pts',(-263.661426153229,0.252016855550988,-1.66533453693773E-14));
#6213=CARTESIAN_POINT('Ctrl Pts',(-263.661426153229,0.378025283326482,-1.66533453693773E-14));
#6214=CARTESIAN_POINT('Ctrl Pts',(-107.581136744859,24.758282267412,43.9724495392428));
#6215=CARTESIAN_POINT('Ctrl Pts',(-108.022653944115,24.7400570683106,43.9822165897618));
#6216=CARTESIAN_POINT('Ctrl Pts',(-108.465420739204,24.7216239523122,43.9878304465657));
#6217=CARTESIAN_POINT('Ctrl Pts',(-108.90881331788,24.7030541098582,43.9890490500913));
#6218=CARTESIAN_POINT('Ctrl Pts',(-109.083920344396,24.6957204059322,43.9895303076723));
#6219=CARTESIAN_POINT('Ctrl Pts',(-109.259124448115,24.6883653773096,43.9893258567713));
#6220=CARTESIAN_POINT('Ctrl Pts',(-109.434385080012,24.6809934089655,43.9884199982259));
#6221=CARTESIAN_POINT('Ctrl Pts',(-109.895101352469,24.6616143519611,43.9860387231621));
#6222=CARTESIAN_POINT('Ctrl Pts',(-110.355466820511,24.6421182360075,43.9788246690411));
#6223=CARTESIAN_POINT('Ctrl Pts',(-110.81491275574,24.6225847164055,43.9666661688234));
#6224=CARTESIAN_POINT('Ctrl Pts',(-111.261708487559,24.6035890250383,43.9548424359616));
#6225=CARTESIAN_POINT('Ctrl Pts',(-111.707634710997,24.5845579613816,43.9383427364956));
#6226=CARTESIAN_POINT('Ctrl Pts',(-112.152120573825,24.5655647806407,43.917055638643));
#6227=CARTESIAN_POINT('Ctrl Pts',(-112.528004100479,24.5495030239993,43.8990540100599));
#6228=CARTESIAN_POINT('Ctrl Pts',(-112.902856869658,24.5334683589219,43.8776285756311));
#6229=CARTESIAN_POINT('Ctrl Pts',(-113.276304870839,24.5175050875287,43.8527071993364));
#6230=CARTESIAN_POINT('Ctrl Pts',(-113.659009978472,24.5011461152557,43.8271680668009));
#6231=CARTESIAN_POINT('Ctrl Pts',(-114.033681302644,24.4852423690968,43.7983949088465));
#6232=CARTESIAN_POINT('Ctrl Pts',(-114.400142527789,24.4697816204157,43.7666774660982));
#6233=CARTESIAN_POINT('Ctrl Pts',(-114.770303095186,24.4541647990129,43.7346398430196));
#6234=CARTESIAN_POINT('Ctrl Pts',(-115.132087041651,24.4389999641478,43.6995982087544));
#6235=CARTESIAN_POINT('Ctrl Pts',(-115.485366018092,24.4242745130973,43.6618443455534));
#6236=CARTESIAN_POINT('Ctrl Pts',(-115.842545196382,24.4093864929859,43.6236736794945));
#6237=CARTESIAN_POINT('Ctrl Pts',(-116.19103065992,24.3949476118415,43.5827305869737));
#6238=CARTESIAN_POINT('Ctrl Pts',(-116.53074287267,24.3809448449136,43.5393094038863));
#6239=CARTESIAN_POINT('Ctrl Pts',(-116.889834335933,24.3661432750048,43.4934112124579));
#6240=CARTESIAN_POINT('Ctrl Pts',(-117.23912271583,24.3518289957537,43.4447442225495));
#6241=CARTESIAN_POINT('Ctrl Pts',(-117.578575524555,24.3379866238011,43.3936471467952));
#6242=CARTESIAN_POINT('Ctrl Pts',(-117.910210245961,24.3244630616207,43.3437269103238));
#6243=CARTESIAN_POINT('Ctrl Pts',(-118.23245768767,24.3113899196506,43.2914872085741));
#6244=CARTESIAN_POINT('Ctrl Pts',(-118.545342334826,24.2987528531424,43.2372353350493));
#6245=CARTESIAN_POINT('Ctrl Pts',(-118.869291080527,24.2856689198722,43.1810650290275));
#6246=CARTESIAN_POINT('Ctrl Pts',(-119.183203102032,24.2730524479941,43.1227377894669));
#6247=CARTESIAN_POINT('Ctrl Pts',(-119.487162682346,24.2608875165542,43.0625850257662));
#6248=CARTESIAN_POINT('Ctrl Pts',(-119.79112226266,24.2487225851143,43.0024322620656));
#6249=CARTESIAN_POINT('Ctrl Pts',(-120.085129694768,24.2370091941126,42.9404539807931));
#6250=CARTESIAN_POINT('Ctrl Pts',(-120.369323077534,24.2257314225952,42.8769716738394));
#6251=CARTESIAN_POINT('Ctrl Pts',(-120.657601270914,24.2142915517341,42.8125769135458));
#6252=CARTESIAN_POINT('Ctrl Pts',(-120.935863168244,24.2032999129749,42.7467409933882));
#6253=CARTESIAN_POINT('Ctrl Pts',(-121.204732123918,24.1927398889366,42.6798074291914));
#6254=CARTESIAN_POINT('Ctrl Pts',(-121.47587940206,24.1820903821241,42.61230668816));
#6255=CARTESIAN_POINT('Ctrl Pts',(-121.737473815435,24.1718798357958,42.5436896196882));
#6256=CARTESIAN_POINT('Ctrl Pts',(-121.990104123339,24.1620912065477,42.4742909552005));
#6257=CARTESIAN_POINT('Ctrl Pts',(-122.245020739683,24.1522139900439,42.404264231658));
#6258=CARTESIAN_POINT('Ctrl Pts',(-122.490810198081,24.1427663618894,42.3334416986444));
#6259=CARTESIAN_POINT('Ctrl Pts',(-122.728027086094,24.1337308117504,42.2621494566202));
#6260=CARTESIAN_POINT('Ctrl Pts',(-122.967532534782,24.1246080907321,42.190169419461));
#6261=CARTESIAN_POINT('Ctrl Pts',(-123.198299133264,24.1159054371662,42.1177105638911));
#6262=CARTESIAN_POINT('Ctrl Pts',(-123.420847692109,24.1076048290186,42.0450904912591));
#6263=CARTESIAN_POINT('Ctrl Pts',(-123.646808636578,24.0991769458346,41.971356919204));
#6264=CARTESIAN_POINT('Ctrl Pts',(-123.864297552113,24.0911635318932,41.8974571609894));
#6265=CARTESIAN_POINT('Ctrl Pts',(-124.0738090833,24.0835457233765,41.8237050538258));
#6266=CARTESIAN_POINT('Ctrl Pts',(-124.285323863368,24.0758550770247,41.7492477643487));
#6267=CARTESIAN_POINT('Ctrl Pts',(-124.488707879283,24.068567637444,41.6749409564201));
#6268=CARTESIAN_POINT('Ctrl Pts',(-124.684420147026,24.0616639945262,41.6010887221876));
#6269=CARTESIAN_POINT('Ctrl Pts',(-124.882933008299,24.0546615622074,41.5261796809814));
#6270=CARTESIAN_POINT('Ctrl Pts',(-125.073552916478,24.0480539892093,41.4517383230701));
#6271=CARTESIAN_POINT('Ctrl Pts',(-125.25670897211,24.0418210201818,41.3780626744525));
#6272=CARTESIAN_POINT('Ctrl Pts',(-125.295913686862,24.0404868476809,41.3622923370851));
#6273=CARTESIAN_POINT('Ctrl Pts',(-125.334776247427,24.039169838702,41.3465570132028));
#6274=CARTESIAN_POINT('Ctrl Pts',(-125.373300576077,24.037869794594,41.3308595125453));
#6275=CARTESIAN_POINT('Ctrl Pts',(-125.630264210959,24.0291982856745,41.226154590518));
#6276=CARTESIAN_POINT('Ctrl Pts',(-125.884374665067,24.0207333306722,41.1181673799612));
#6277=CARTESIAN_POINT('Ctrl Pts',(-126.136194834359,24.0124654659571,41.0066718382495));
#6278=CARTESIAN_POINT('Ctrl Pts',(-126.395737456474,24.0039440544534,40.8917571142564));
#6279=CARTESIAN_POINT('Ctrl Pts',(-126.652846737629,23.9956320067415,40.7731156234699));
#6280=CARTESIAN_POINT('Ctrl Pts',(-126.908095142698,23.9875189615685,40.6504633117648));
#6281=CARTESIAN_POINT('Ctrl Pts',(-127.177857744995,23.9789445840799,40.5208366182137));
#6282=CARTESIAN_POINT('Ctrl Pts',(-127.445541314632,23.9705924843596,40.3867302029155));
#6283=CARTESIAN_POINT('Ctrl Pts',(-127.711780473614,23.9624504312267,40.2477663625659));
#6284=CARTESIAN_POINT('Ctrl Pts',(-127.839184067801,23.9585542093593,40.1812679076041));
#6285=CARTESIAN_POINT('Ctrl Pts',(-127.966256366979,23.9547060863897,40.1136565196309));
#6286=CARTESIAN_POINT('Ctrl Pts',(-128.093064478837,23.9509047220314,40.0448874777945));
#6287=CARTESIAN_POINT('Ctrl Pts',(-128.376124802212,23.9424193388115,39.8913816260375));
#6288=CARTESIAN_POINT('Ctrl Pts',(-128.658795752395,23.934166939287,39.7318730982261));
#6289=CARTESIAN_POINT('Ctrl Pts',(-128.941919071329,23.926132616346,39.5658340501391));
#6290=CARTESIAN_POINT('Ctrl Pts',(-129.208756396225,23.9185604486807,39.4093460025046));
#6291=CARTESIAN_POINT('Ctrl Pts',(-129.475994148428,23.9111819905104,39.2470564058708));
#6292=CARTESIAN_POINT('Ctrl Pts',(-129.744356951582,23.9039847620725,39.0784860928923));
#6293=CARTESIAN_POINT('Ctrl Pts',(-129.993419592288,23.8973051451529,38.9220390488094));
#6294=CARTESIAN_POINT('Ctrl Pts',(-130.24345039998,23.8907816279039,38.7601816031578));
#6295=CARTESIAN_POINT('Ctrl Pts',(-130.495061655226,23.8844042341256,38.5925067826267));
#6296=CARTESIAN_POINT('Ctrl Pts',(-130.729949942762,23.8784507043359,38.4359762195611));
#6297=CARTESIAN_POINT('Ctrl Pts',(-130.966214985998,23.8726245197444,38.2743754566036));
#6298=CARTESIAN_POINT('Ctrl Pts',(-131.204394759805,23.8669175640336,38.1073585567514));
#6299=CARTESIAN_POINT('Ctrl Pts',(-131.42871320545,23.8615427355418,37.9500615253019));
#6300=CARTESIAN_POINT('Ctrl Pts',(-131.65472956119,23.8562736622385,37.7879601226903));
#6301=CARTESIAN_POINT('Ctrl Pts',(-131.882936968009,23.8511035639729,37.6207565819823));
#6302=CARTESIAN_POINT('Ctrl Pts',(-132.099478444805,23.8461977603917,37.4621004623805));
#6303=CARTESIAN_POINT('Ctrl Pts',(-132.317992325071,23.8413810713141,37.2988502890563));
#6304=CARTESIAN_POINT('Ctrl Pts',(-132.538946157105,23.8366477041415,37.1307471143969));
#6305=CARTESIAN_POINT('Ctrl Pts',(-132.756008761113,23.8319976965143,36.9656044124235));
#6306=CARTESIAN_POINT('Ctrl Pts',(-132.975425526912,23.8274281018627,36.7957779472345));
#6307=CARTESIAN_POINT('Ctrl Pts',(-133.197692934815,23.822933428271,36.6210206466939));
#6308=CARTESIAN_POINT('Ctrl Pts',(-133.400819329727,23.8188258226998,36.4613129289568));
#6309=CARTESIAN_POINT('Ctrl Pts',(-133.606326652542,23.8147807898532,36.2974869286513));
#6310=CARTESIAN_POINT('Ctrl Pts',(-133.814640858069,23.8107941379791,36.1293550100152));
#6311=CARTESIAN_POINT('Ctrl Pts',(-134.016508974233,23.8069308493398,35.9664257772426));
#6312=CARTESIAN_POINT('Ctrl Pts',(-134.221012664751,23.8031223844851,35.7994528668695));
#6313=CARTESIAN_POINT('Ctrl Pts',(-134.428587553233,23.7993649288756,35.6282682803605));
#6314=CARTESIAN_POINT('Ctrl Pts',(-134.627504696795,23.7957641930527,35.4642236349831));
#6315=CARTESIAN_POINT('Ctrl Pts',(-134.829242040814,23.7922103001218,35.2963112192944));
#6316=CARTESIAN_POINT('Ctrl Pts',(-135.034230640592,23.7886998932144,35.12438730862));
#6317=CARTESIAN_POINT('Ctrl Pts',(-135.119216591228,23.7872445182889,35.0531096034131));
#6318=CARTESIAN_POINT('Ctrl Pts',(-135.20476197472,23.7857966179048,34.9811424457335));
#6319=CARTESIAN_POINT('Ctrl Pts',(-135.290900165673,23.7843559528481,34.9084758756203));
#6320=CARTESIAN_POINT('Ctrl Pts',(-135.605856525011,23.7790882937964,34.6427772567489));
#6321=CARTESIAN_POINT('Ctrl Pts',(-135.928257887457,23.7739173661415,34.3680447025126));
#6322=CARTESIAN_POINT('Ctrl Pts',(-136.258540970987,23.7688314762228,34.0838941326815));
#6323=CARTESIAN_POINT('Ctrl Pts',(-136.546246351205,23.7644012224019,33.8363741965747));
#6324=CARTESIAN_POINT('Ctrl Pts',(-136.839932263455,23.7600354946183,33.5817080618827));
#6325=CARTESIAN_POINT('Ctrl Pts',(-137.139876491804,23.755726563656,33.3196845340048));
#6326=CARTESIAN_POINT('Ctrl Pts',(-137.426600245692,23.7516075550405,33.0692100710231));
#6327=CARTESIAN_POINT('Ctrl Pts',(-137.719042864739,23.7475404467837,32.8120120971637));
#6328=CARTESIAN_POINT('Ctrl Pts',(-138.017435987653,23.7435184873128,32.5479507284464));
#6329=CARTESIAN_POINT('Ctrl Pts',(-138.298252869982,23.7397334331922,32.2994433580931));
#6330=CARTESIAN_POINT('Ctrl Pts',(-138.584339926989,23.735988365709,32.0448571484226));
#6331=CARTESIAN_POINT('Ctrl Pts',(-138.875879545624,23.7322776574585,31.7841197351653));
#6332=CARTESIAN_POINT('Ctrl Pts',(-139.066573074314,23.7298505154681,31.6135736610894));
#6333=CARTESIAN_POINT('Ctrl Pts',(-139.259599187485,23.7274380735749,31.4403967736686));
#6334=CARTESIAN_POINT('Ctrl Pts',(-139.455006096081,23.7250387569865,31.2645807090728));
#6335=CARTESIAN_POINT('Ctrl Pts',(-139.771078602908,23.7211578399083,30.980196576105));
#6336=CARTESIAN_POINT('Ctrl Pts',(-140.083856495105,23.7174394111779,30.6974816705406));
#6337=CARTESIAN_POINT('Ctrl Pts',(-140.393322746898,23.7138667038628,30.4168295034916));
#6338=CARTESIAN_POINT('Ctrl Pts',(-140.708697957364,23.7102257791581,30.1308185548406));
#6339=CARTESIAN_POINT('Ctrl Pts',(-141.020633885229,23.706736193815,29.8469497285921));
#6340=CARTESIAN_POINT('Ctrl Pts',(-141.329123574212,23.7033802020003,29.5655849730613));
#6341=CARTESIAN_POINT('Ctrl Pts',(-141.643741910473,23.6999575379732,29.2786304509853));
#6342=CARTESIAN_POINT('Ctrl Pts',(-141.954775748915,23.6966738283052,28.9942803374609));
#6343=CARTESIAN_POINT('Ctrl Pts',(-142.262228637056,23.693510248363,28.712864575238));
#6344=CARTESIAN_POINT('Ctrl Pts',(-142.576050229279,23.6902811367401,28.425619452542));
#6345=CARTESIAN_POINT('Ctrl Pts',(-142.886141012892,23.6871771832211,28.1414313559103));
#6346=CARTESIAN_POINT('Ctrl Pts',(-143.192515541558,23.6841783689497,27.8605977079047));
#6347=CARTESIAN_POINT('Ctrl Pts',(-143.509052950469,23.6810800797303,27.5704484071053));
#6348=CARTESIAN_POINT('Ctrl Pts',(-143.821623483773,23.6780940206856,27.2838797259876));
#6349=CARTESIAN_POINT('Ctrl Pts',(-144.130254239845,23.6751981139838,27.0011647149471));
#6350=CARTESIAN_POINT('Ctrl Pts',(-144.445034787279,23.6722445033051,26.7128163109316));
#6351=CARTESIAN_POINT('Ctrl Pts',(-144.755717027521,23.669384673524,26.4284764856306));
#6352=CARTESIAN_POINT('Ctrl Pts',(-145.06234053412,23.6665952005644,26.1483808848327));
#6353=CARTESIAN_POINT('Ctrl Pts',(-145.378542345938,23.6637185900474,25.8595356575487));
#6354=CARTESIAN_POINT('Ctrl Pts',(-145.690427917989,23.6609168006198,25.5752038359969));
#6355=CARTESIAN_POINT('Ctrl Pts',(-145.998051527491,23.6581641437551,25.2955892700186));
#6356=CARTESIAN_POINT('Ctrl Pts',(-146.128969941119,23.6569926684234,25.1765909413002));
#6357=CARTESIAN_POINT('Ctrl Pts',(-146.259116564752,23.6558300918941,25.0584463443632));
#6358=CARTESIAN_POINT('Ctrl Pts',(-146.388496132174,23.6546744340885,24.9411684203675));
#6359=CARTESIAN_POINT('Ctrl Pts',(-146.670581013714,23.6521547657849,24.6854686220408));
#6360=CARTESIAN_POINT('Ctrl Pts',(-146.948819598524,23.6496679867507,24.4341318691565));
#6361=CARTESIAN_POINT('Ctrl Pts',(-147.223575697778,23.6471935747466,24.1873095994113));
#6362=CARTESIAN_POINT('Ctrl Pts',(-147.504009935171,23.6446680262865,23.9353864749538));
#6363=CARTESIAN_POINT('Ctrl Pts',(-147.780816138711,23.6421553612947,23.6881661817313));
#6364=CARTESIAN_POINT('Ctrl Pts',(-148.054343970452,23.6396337587121,23.4457688027468));
#6365=CARTESIAN_POINT('Ctrl Pts',(-148.336837693758,23.6370295012304,23.1954259485176));
#6366=CARTESIAN_POINT('Ctrl Pts',(-148.615834536502,23.6344157106293,22.950227253024));
#6367=CARTESIAN_POINT('Ctrl Pts',(-148.891681782345,23.6317683489455,22.710263903197));
#6368=CARTESIAN_POINT('Ctrl Pts',(-149.01839429474,23.6305522633936,22.600034929018));
#6369=CARTESIAN_POINT('Ctrl Pts',(-149.144441703576,23.6293290940295,22.4909101139459));
#6370=CARTESIAN_POINT('Ctrl Pts',(-149.269855184057,23.6280965108835,22.3828956405996));
#6371=CARTESIAN_POINT('Ctrl Pts',(-149.617351041061,23.6246812676817,22.0836089782702));
#6372=CARTESIAN_POINT('Ctrl Pts',(-149.960853993625,23.6213024267195,21.7920986334897));
#6373=CARTESIAN_POINT('Ctrl Pts',(-150.301408285586,23.6178988986445,21.5081621196291));
#6374=CARTESIAN_POINT('Ctrl Pts',(-150.681418760028,23.614101042182,21.1913290862763));
#6375=CARTESIAN_POINT('Ctrl Pts',(-151.057757013361,23.6102724467912,20.8839245220464));
#6376=CARTESIAN_POINT('Ctrl Pts',(-151.431806026626,23.6063282348603,20.5856509027595));
#6377=CARTESIAN_POINT('Ctrl Pts',(-151.823951436408,23.6021932029553,20.2729468813229));
#6378=CARTESIAN_POINT('Ctrl Pts',(-152.213578766683,23.5979310969003,19.9702756362349));
#6379=CARTESIAN_POINT('Ctrl Pts',(-152.602233643594,23.5934441144065,19.6773185747513));
#6380=CARTESIAN_POINT('Ctrl Pts',(-152.932409084651,23.589632271273,19.4284416591838));
#6381=CARTESIAN_POINT('Ctrl Pts',(-153.261881136595,23.5856581331003,19.1865750372474));
#6382=CARTESIAN_POINT('Ctrl Pts',(-153.591588813663,23.5814617358391,18.9515610109942));
#6383=CARTESIAN_POINT('Ctrl Pts',(-153.900918486795,23.5775247022685,18.7310723266874));
#6384=CARTESIAN_POINT('Ctrl Pts',(-154.210454860673,23.5733920345895,18.5166148581483));
#6385=CARTESIAN_POINT('Ctrl Pts',(-154.520979219684,23.5690142141835,18.3081012585384));
#6386=CARTESIAN_POINT('Ctrl Pts',(-154.809252823167,23.5649500883679,18.1145287899366));
#6387=CARTESIAN_POINT('Ctrl Pts',(-155.098377535415,23.5606746841352,17.9260787636251));
#6388=CARTESIAN_POINT('Ctrl Pts',(-155.388990652786,23.5561483831585,17.7427233112286));
#6389=CARTESIAN_POINT('Ctrl Pts',(-155.629961075495,23.552395267437,17.5906887393903));
#6390=CARTESIAN_POINT('Ctrl Pts',(-155.871954923654,23.5484696505324,17.4421574476537));
#6391=CARTESIAN_POINT('Ctrl Pts',(-156.115345138767,23.5443489463205,17.2971391710068));
#6392=CARTESIAN_POINT('Ctrl Pts',(-156.392198018243,23.5396617043704,17.1321829608828));
#6393=CARTESIAN_POINT('Ctrl Pts',(-156.671004653185,23.5347220440985,16.9718896003906));
#6394=CARTESIAN_POINT('Ctrl Pts',(-156.952356426458,23.52949672409,16.8158422523541));
#6395=CARTESIAN_POINT('Ctrl Pts',(-157.235152575005,23.5242445788621,16.6589938042267));
#6396=CARTESIAN_POINT('Ctrl Pts',(-157.520519632834,23.5187038333869,16.5064353985799));
#6397=CARTESIAN_POINT('Ctrl Pts',(-157.809085318925,23.5128407316624,16.3577888126301));
#6398=CARTESIAN_POINT('Ctrl Pts',(-158.096523846075,23.5070005316475,16.2097228512535));
#6399=CARTESIAN_POINT('Ctrl Pts',(-158.387135662951,23.5008404887598,16.0655385802885));
#6400=CARTESIAN_POINT('Ctrl Pts',(-158.681574192448,23.4943272410147,15.9249015015874));
#6401=CARTESIAN_POINT('Ctrl Pts',(-158.973636511881,23.4878665571949,15.7853994076397));
#6402=CARTESIAN_POINT('Ctrl Pts',(-159.269463648227,23.4810583464584,15.6493878549891));
#6403=CARTESIAN_POINT('Ctrl Pts',(-159.569731646462,23.4738700480443,15.5165735752922));
#6404=CARTESIAN_POINT('Ctrl Pts',(-159.86363806966,23.466834043248,15.3865731419303));
#6405=CARTESIAN_POINT('Ctrl Pts',(-160.161798902295,23.459433885489,15.2596363341011));
#6406=CARTESIAN_POINT('Ctrl Pts',(-160.464889648523,23.4516390399987,15.1355143354771));
#6407=CARTESIAN_POINT('Ctrl Pts',(-160.759705730081,23.444057001179,15.0147809850703));
#6408=CARTESIAN_POINT('Ctrl Pts',(-161.059186014712,23.436101531149,14.8967112085328));
#6409=CARTESIAN_POINT('Ctrl Pts',(-161.363995278286,23.4277445283695,14.7810955668974));
#6410=CARTESIAN_POINT('Ctrl Pts',(-161.630495409135,23.4204378530141,14.6800107663155));
#6411=CARTESIAN_POINT('Ctrl Pts',(-161.90330620623,23.4128296820272,14.5799540176144));
#6412=CARTESIAN_POINT('Ctrl Pts',(-162.183053091891,23.4047637597634,14.4809104814485));
#6413=CARTESIAN_POINT('Ctrl Pts',(-162.452054248609,23.3970076683459,14.3856714380141));
#6414=CARTESIAN_POINT('Ctrl Pts',(-162.727468822623,23.3888283168202,14.2913694353809));
#6415=CARTESIAN_POINT('Ctrl Pts',(-163.009900395795,23.3800867731575,14.1979900668188));
#6416=CARTESIAN_POINT('Ctrl Pts',(-163.286512195003,23.3715253574021,14.1065348698778));
#6417=CARTESIAN_POINT('Ctrl Pts',(-163.56985461111,23.3624246798181,14.0159648432736));
#6418=CARTESIAN_POINT('Ctrl Pts',(-163.860542961948,23.3526542211023,13.9262627900056));
#6419=CARTESIAN_POINT('Ctrl Pts',(-164.159579543347,23.3426031662022,13.8339845983394));
#6420=CARTESIAN_POINT('Ctrl Pts',(-164.466389369675,23.3318433070873,13.7426252035971));
#6421=CARTESIAN_POINT('Ctrl Pts',(-164.78170100902,23.3202325533302,13.6521587361268));
#6422=CARTESIAN_POINT('Ctrl Pts',(-165.073635983458,23.309482600971,13.5683992976128));
#6423=CARTESIAN_POINT('Ctrl Pts',(-165.372859196706,23.2980032447822,13.4854053827169));
#6424=CARTESIAN_POINT('Ctrl Pts',(-165.67999934995,23.2856817122672,13.4031482039539));
#6425=CARTESIAN_POINT('Ctrl Pts',(-165.704593568082,23.2846950667401,13.3965614683022));
#6426=CARTESIAN_POINT('Ctrl Pts',(-165.729238576921,23.2837030211867,13.3899794514833));
#6427=CARTESIAN_POINT('Ctrl Pts',(-165.753934713738,23.282705517705,13.3834021359454));
#6428=CARTESIAN_POINT('Ctrl Pts',(-166.171782856348,23.2658281825922,13.2721167514627));
#6429=CARTESIAN_POINT('Ctrl Pts',(-166.604863971959,23.247388395338,13.1614939759405));
#6430=CARTESIAN_POINT('Ctrl Pts',(-167.054319131655,23.2271057024657,13.0515109553041));
#6431=CARTESIAN_POINT('Ctrl Pts',(-167.503455459274,23.2068373976207,12.9416059538299));
#6432=CARTESIAN_POINT('Ctrl Pts',(-167.968942864695,23.1847288008512,12.832340380147));
#6433=CARTESIAN_POINT('Ctrl Pts',(-168.45196809001,23.160500055097,12.7236717538966));
#6434=CARTESIAN_POINT('Ctrl Pts',(-168.929927730415,23.136525401184,12.6161427578858));
#6435=CARTESIAN_POINT('Ctrl Pts',(-169.42505966156,23.1104748339863,12.509198860336));
#6436=CARTESIAN_POINT('Ctrl Pts',(-169.938555886297,23.0820772091848,12.4027708636849));
#6437=CARTESIAN_POINT('Ctrl Pts',(-170.172366578332,23.0691468934647,12.3543109094534));
#6438=CARTESIAN_POINT('Ctrl Pts',(-170.409985216396,23.0557299711691,12.3059574732837));
#6439=CARTESIAN_POINT('Ctrl Pts',(-170.651526919494,23.0418008457235,12.2577015147826));
#6440=CARTESIAN_POINT('Ctrl Pts',(-171.187346108008,23.0109014498957,12.1506538779013));
#6441=CARTESIAN_POINT('Ctrl Pts',(-171.7375256841,22.9774704337104,12.0450739428106));
#6442=CARTESIAN_POINT('Ctrl Pts',(-172.302989057721,22.9411268180164,11.9406777841114));
#6443=CARTESIAN_POINT('Ctrl Pts',(-172.868014855586,22.9048113263105,11.8363624108889));
#6444=CARTESIAN_POINT('Ctrl Pts',(-173.448301186999,22.8655877410988,11.7332296374796));
#6445=CARTESIAN_POINT('Ctrl Pts',(-174.044815354008,22.8230759669916,11.630972191322));
#6446=CARTESIAN_POINT('Ctrl Pts',(-174.631993005098,22.7812295783483,11.5303152574853));
#6447=CARTESIAN_POINT('Ctrl Pts',(-175.234894982669,22.7361971273737,11.4305070766573));
#6448=CARTESIAN_POINT('Ctrl Pts',(-175.854481765159,22.6876160883124,11.3312220258424));
#6449=CARTESIAN_POINT('Ctrl Pts',(-176.181898179924,22.6619437691401,11.2787555170398));
#6450=CARTESIAN_POINT('Ctrl Pts',(-176.513974458351,22.6352804989262,11.2264344903184));
#6451=CARTESIAN_POINT('Ctrl Pts',(-176.850855966688,22.6075727801347,11.1742062068363));
#6452=CARTESIAN_POINT('Ctrl Pts',(-177.320479440732,22.5689473440846,11.1013983283233));
#6453=CARTESIAN_POINT('Ctrl Pts',(-177.799032177178,22.5282922058891,11.0290054621352));
#6454=CARTESIAN_POINT('Ctrl Pts',(-178.286446563999,22.4854624377644,10.9570763182054));
#6455=CARTESIAN_POINT('Ctrl Pts',(-178.75544402204,22.4442509903347,10.887865013463));
#6456=CARTESIAN_POINT('Ctrl Pts',(-179.232646371845,22.4010261448224,10.8190830683511));
#6457=CARTESIAN_POINT('Ctrl Pts',(-179.717945721579,22.3556587887883,10.7507818675497));
#6458=CARTESIAN_POINT('Ctrl Pts',(-180.178944668946,22.3125631131234,10.6859007139059));
#6459=CARTESIAN_POINT('Ctrl Pts',(-180.647250125183,22.2675341189348,10.6214533981573));
#6460=CARTESIAN_POINT('Ctrl Pts',(-181.122723461529,22.2204611339675,10.5574909237739));
#6461=CARTESIAN_POINT('Ctrl Pts',(-181.586003173162,22.1745953466893,10.4951687819785));
#6462=CARTESIAN_POINT('Ctrl Pts',(-182.056088080725,22.1267890615861,10.433306936017));
#6463=CARTESIAN_POINT('Ctrl Pts',(-182.532802299537,22.0769399045569,10.3719591282894));
#6464=CARTESIAN_POINT('Ctrl Pts',(-182.991610754963,22.0289631213223,10.3129155927778));
#6465=CARTESIAN_POINT('Ctrl Pts',(-183.456559978092,21.9790940478243,10.2543482216044));
#6466=CARTESIAN_POINT('Ctrl Pts',(-183.9274460768,21.9272414178516,10.1963109223673));
#6467=CARTESIAN_POINT('Ctrl Pts',(-184.307537625702,21.8853868239382,10.1494641646871));
#6468=CARTESIAN_POINT('Ctrl Pts',(-184.691496537208,21.8422398529138,10.1029628792919));
#6469=CARTESIAN_POINT('Ctrl Pts',(-185.079190874525,21.7977525063461,10.0568383620419));
#6470=CARTESIAN_POINT('Ctrl Pts',(-185.735775403334,21.7224104116273,9.97872361671257));
#6471=CARTESIAN_POINT('Ctrl Pts',(-186.392133113903,21.644639909849,9.90298773538438));
#6472=CARTESIAN_POINT('Ctrl Pts',(-187.048298459285,21.5644942288087,9.82948729598672));
#6473=CARTESIAN_POINT('Ctrl Pts',(-187.716659754392,21.48285890388,9.75462072582667));
#6474=CARTESIAN_POINT('Ctrl Pts',(-188.384825113282,21.3987592856487,9.6820732667354));
#6475=CARTESIAN_POINT('Ctrl Pts',(-189.052850448864,21.3122516254068,9.61173077123046));
#6476=CARTESIAN_POINT('Ctrl Pts',(-189.639525393897,21.2362786433743,9.54995440215318));
#6477=CARTESIAN_POINT('Ctrl Pts',(-190.226094267072,21.1584483989091,9.48987916873039));
#6478=CARTESIAN_POINT('Ctrl Pts',(-190.812572658513,21.0787989938843,9.4314527213795));
#6479=CARTESIAN_POINT('Ctrl Pts',(-191.350302339063,21.0057701325569,9.37788274279513));
#6480=CARTESIAN_POINT('Ctrl Pts',(-191.887956894625,20.9312119630266,9.32569906091709));
#6481=CARTESIAN_POINT('Ctrl Pts',(-192.425510211137,20.8551538538299,9.27487933738264));
#6482=CARTESIAN_POINT('Ctrl Pts',(-192.917238008622,20.785579570931,9.2283919100804));
#6483=CARTESIAN_POINT('Ctrl Pts',(-193.408881462503,20.7147501825729,9.1830459660697));
#6484=CARTESIAN_POINT('Ctrl Pts',(-193.900378944861,20.6426881685299,9.1388376158141));
#6485=CARTESIAN_POINT('Ctrl Pts',(-194.155082725563,20.6053441981526,9.11592796855678));
#6486=CARTESIAN_POINT('Ctrl Pts',(-194.409746566665,20.5676692038372,9.09332403440683));
#6487=CARTESIAN_POINT('Ctrl Pts',(-194.66435642062,20.5296663140699,9.07102666000976));
#6488=CARTESIAN_POINT('Ctrl Pts',(-195.199679511626,20.4497643617243,9.0241459160081));
#6489=CARTESIAN_POINT('Ctrl Pts',(-195.734362263226,20.3684129136792,8.97858044542238));
#6490=CARTESIAN_POINT('Ctrl Pts',(-196.268839865901,20.2856410473991,8.93421355209559));
#6491=CARTESIAN_POINT('Ctrl Pts',(-196.790371207887,20.2048741035951,8.89092132562874));
#6492=CARTESIAN_POINT('Ctrl Pts',(-197.311707333341,20.1227547196781,8.84877051563561));
#6493=CARTESIAN_POINT('Ctrl Pts',(-197.83320344554,20.0393099109137,8.80765914127295));
#6494=CARTESIAN_POINT('Ctrl Pts',(-198.05192215193,20.0043126401749,8.7904167756864));
#6495=CARTESIAN_POINT('Ctrl Pts',(-198.270668386966,19.9690822251291,8.77335731048708));
#6496=CARTESIAN_POINT('Ctrl Pts',(-198.4894656066,19.9336206588063,8.75647344307751));
#6497=CARTESIAN_POINT('Ctrl Pts',(-199.131126109066,19.8296235124851,8.70695859611681));
#6498=CARTESIAN_POINT('Ctrl Pts',(-199.77511214812,19.7238270027798,8.65881238476405));
#6499=CARTESIAN_POINT('Ctrl Pts',(-200.41987792315,19.6162742523962,8.61201797601216));
#6500=CARTESIAN_POINT('Ctrl Pts',(-201.061278902582,19.5092827802861,8.56546777008041));
#6501=CARTESIAN_POINT('Ctrl Pts',(-201.703450970041,19.4005533500173,8.52025506402374));
#6502=CARTESIAN_POINT('Ctrl Pts',(-202.344892723475,19.290128412688,8.47631610861613));
#6503=CARTESIAN_POINT('Ctrl Pts',(-202.981966057639,19.1804555037721,8.43267639125857));
#6504=CARTESIAN_POINT('Ctrl Pts',(-203.618318466745,19.0691101030258,8.39029284854188));
#6505=CARTESIAN_POINT('Ctrl Pts',(-204.252506967461,18.9561338001248,8.34906023544525));
#6506=CARTESIAN_POINT('Ctrl Pts',(-204.877055171265,18.8448748495613,8.30845439913864));
#6507=CARTESIAN_POINT('Ctrl Pts',(-205.49950430211,18.7320342026645,8.26896440577518));
#6508=CARTESIAN_POINT('Ctrl Pts',(-206.11851053941,18.6176515811811,8.23045298672033));
#6509=CARTESIAN_POINT('Ctrl Pts',(-206.413687131995,18.5631075872342,8.21208860076228));
#6510=CARTESIAN_POINT('Ctrl Pts',(-206.708081389677,18.5082129617336,8.19394622476159));
#6511=CARTESIAN_POINT('Ctrl Pts',(-207.001550870372,18.4529720118195,8.17600833620701));
#6512=CARTESIAN_POINT('Ctrl Pts',(-207.423320988706,18.3735805128227,8.15022826067607));
#6513=CARTESIAN_POINT('Ctrl Pts',(-207.843211552957,18.2934736798793,8.12481387612253));
#6514=CARTESIAN_POINT('Ctrl Pts',(-208.261683537129,18.21266429878,8.0996692168029));
#6515=CARTESIAN_POINT('Ctrl Pts',(-208.694050992956,18.1291716210515,8.07368962249581));
#6516=CARTESIAN_POINT('Ctrl Pts',(-209.124904336494,18.0449289639547,8.04799792246338));
#6517=CARTESIAN_POINT('Ctrl Pts',(-209.55480721229,17.9599504297075,8.02248014403749));
#6518=CARTESIAN_POINT('Ctrl Pts',(-210.013054323747,17.869369114608,7.99527993461155));
#6519=CARTESIAN_POINT('Ctrl Pts',(-210.470221638069,17.7779516882153,7.96827730829557));
#6520=CARTESIAN_POINT('Ctrl Pts',(-210.927051014063,17.6857152300461,7.94132562618303));
#6521=CARTESIAN_POINT('Ctrl Pts',(-211.430918672895,17.5839814741212,7.91159881420188));
#6522=CARTESIAN_POINT('Ctrl Pts',(-211.934375368511,17.4812513366559,7.88193393815182));
#6523=CARTESIAN_POINT('Ctrl Pts',(-212.438484770782,17.3775477349244,7.85212453568842));
#6524=CARTESIAN_POINT('Ctrl Pts',(-212.901015494637,17.2823975517316,7.82477379706504));
#6525=CARTESIAN_POINT('Ctrl Pts',(-213.364097342328,17.1864278635696,7.79730114313605));
#6526=CARTESIAN_POINT('Ctrl Pts',(-213.828589902086,17.089656371949,7.76954192015795));
#6527=CARTESIAN_POINT('Ctrl Pts',(-214.228650272509,17.0063085594364,7.74563332400502));
#6528=CARTESIAN_POINT('Ctrl Pts',(-214.628176235004,16.9223533102398,7.72160608415291));
#6529=CARTESIAN_POINT('Ctrl Pts',(-215.02720478194,16.8377926186749,7.69739103597184));
#6530=CARTESIAN_POINT('Ctrl Pts',(-215.39808771532,16.7591964440981,7.67488400440661));
#6531=CARTESIAN_POINT('Ctrl Pts',(-215.768541656967,16.6800772251002,7.65221462627378));
#6532=CARTESIAN_POINT('Ctrl Pts',(-216.138556402103,16.6004365630546,7.62933471183502));
#6533=CARTESIAN_POINT('Ctrl Pts',(-216.490416505065,16.5247034418327,7.60757739227955));
#6534=CARTESIAN_POINT('Ctrl Pts',(-216.841879924256,16.4484987911089,7.58562962478955));
#6535=CARTESIAN_POINT('Ctrl Pts',(-217.192892074927,16.3718239879202,7.56345800543009));
#6536=CARTESIAN_POINT('Ctrl Pts',(-217.526723606901,16.2989021048359,7.54237159676021));
#6537=CARTESIAN_POINT('Ctrl Pts',(-217.8601471767,16.2255549670462,7.5210826876756));
#6538=CARTESIAN_POINT('Ctrl Pts',(-218.19306865857,16.1517837591223,7.49957060945315));
#6539=CARTESIAN_POINT('Ctrl Pts',(-218.28272580902,16.1319168636293,7.49377731662372));
#6540=CARTESIAN_POINT('Ctrl Pts',(-218.37234626075,16.1120192125568,7.48796788675693));
#6541=CARTESIAN_POINT('Ctrl Pts',(-218.461927523782,16.0920908290411,7.48214202615486));
#6542=CARTESIAN_POINT('Ctrl Pts',(-218.848224066387,16.0061547148213,7.45701947561114));
#6543=CARTESIAN_POINT('Ctrl Pts',(-219.233680451503,15.9194289448856,7.43159831535356));
#6544=CARTESIAN_POINT('Ctrl Pts',(-219.618877820474,15.831927036737,7.40580828331582));
#6545=CARTESIAN_POINT('Ctrl Pts',(-219.657043109504,15.8232573627357,7.40325301137968));
#6546=CARTESIAN_POINT('Ctrl Pts',(-219.695205814343,15.8145800695312,7.40069412443814));
#6547=CARTESIAN_POINT('Ctrl Pts',(-219.733366473417,15.8058951702713,7.39813155811785));
#6548=CARTESIAN_POINT('Ctrl Pts',(-220.193711057681,15.7011263733956,7.36721847757916));
#6549=CARTESIAN_POINT('Ctrl Pts',(-220.654791022815,15.5952507136322,7.33572933592467));
#6550=CARTESIAN_POINT('Ctrl Pts',(-221.116410230231,15.4882912719334,7.30368444555847));
#6551=CARTESIAN_POINT('Ctrl Pts',(-221.58574998565,15.3795429412743,7.27110360670848));
#6552=CARTESIAN_POINT('Ctrl Pts',(-222.055647299412,15.2696742731712,7.23794829199219));
#6553=CARTESIAN_POINT('Ctrl Pts',(-222.525950460529,15.1587095261347,7.20423603737615));
#6554=CARTESIAN_POINT('Ctrl Pts',(-223.004212802579,15.0458668659309,7.16995325303303));
#6555=CARTESIAN_POINT('Ctrl Pts',(-223.482894973051,14.9318907138623,7.13509453714846));
#6556=CARTESIAN_POINT('Ctrl Pts',(-223.961891298323,14.816806581018,7.09967414015457));
#6557=CARTESIAN_POINT('Ctrl Pts',(-224.453238122474,14.6987551050471,7.06334045938328));
#6558=CARTESIAN_POINT('Ctrl Pts',(-224.944915566875,14.5795377750726,7.02641578572988));
#6559=CARTESIAN_POINT('Ctrl Pts',(-225.436864472289,14.4591821268448,6.98891077083651));
#6560=CARTESIAN_POINT('Ctrl Pts',(-225.936152662334,14.3370309174326,6.95084622633275));
#6561=CARTESIAN_POINT('Ctrl Pts',(-226.43572062835,14.2137071717391,6.91218391447931));
#6562=CARTESIAN_POINT('Ctrl Pts',(-226.935560596858,14.0892396763925,6.87292982302917));
#6563=CARTESIAN_POINT('Ctrl Pts',(-227.446475844351,13.962014273871,6.832805953167));
#6564=CARTESIAN_POINT('Ctrl Pts',(-227.957675376014,13.8335938745508,6.7920638152368));
#6565=CARTESIAN_POINT('Ctrl Pts',(-228.469205147268,13.7040092213051,6.75070410339371));
#6566=CARTESIAN_POINT('Ctrl Pts',(-228.678623397881,13.6509577804822,6.73377160212648));
#6567=CARTESIAN_POINT('Ctrl Pts',(-228.88809761111,13.5977112047656,6.71673552477617));
#6568=CARTESIAN_POINT('Ctrl Pts',(-229.097633420824,13.5442716036349,6.69959563653005));
#6569=CARTESIAN_POINT('Ctrl Pts',(-229.458674403479,13.4521924209349,6.67006272707936));
#6570=CARTESIAN_POINT('Ctrl Pts',(-229.819571404126,13.3595401638607,6.64023783940429));
#6571=CARTESIAN_POINT('Ctrl Pts',(-230.179745141014,13.2663256236197,6.61017705875011));
#6572=CARTESIAN_POINT('Ctrl Pts',(-230.557150275545,13.1686515222158,6.57867811308879));
#6573=CARTESIAN_POINT('Ctrl Pts',(-230.933761410749,13.0703600492688,6.54692016171229));
#6574=CARTESIAN_POINT('Ctrl Pts',(-231.308970843693,12.9714636200818,6.51496167742944));
#6575=CARTESIAN_POINT('Ctrl Pts',(-231.64136725225,12.8838517025908,6.48664979487572));
#6576=CARTESIAN_POINT('Ctrl Pts',(-231.972664697076,12.7957650087143,6.45818042288191));
#6577=CARTESIAN_POINT('Ctrl Pts',(-232.302474510575,12.7072121703253,6.42959061968764));
#6578=CARTESIAN_POINT('Ctrl Pts',(-232.939813975928,12.5360886428733,6.37434238529148));
#6579=CARTESIAN_POINT('Ctrl Pts',(-233.573353483334,12.3632179109737,6.31849609640642));
#6580=CARTESIAN_POINT('Ctrl Pts',(-234.203711652707,12.1886709347435,6.26198066519829));
#6581=CARTESIAN_POINT('Ctrl Pts',(-234.573857107962,12.0861771889349,6.22879488125856));
#6582=CARTESIAN_POINT('Ctrl Pts',(-234.942908030191,11.9831054703357,6.1953772660588));
#6583=CARTESIAN_POINT('Ctrl Pts',(-235.310963774228,11.8794701460564,6.16170764604258));
#6584=CARTESIAN_POINT('Ctrl Pts',(-235.639467170282,11.786971777186,6.13165626198367));
#6585=CARTESIAN_POINT('Ctrl Pts',(-235.96717852242,11.6940244273922,6.10140399123824));
#6586=CARTESIAN_POINT('Ctrl Pts',(-236.294129142615,11.6006383119066,6.0709356862191));
#6587=CARTESIAN_POINT('Ctrl Pts',(-236.597819949559,11.5138958406665,6.04263494731247));
#6588=CARTESIAN_POINT('Ctrl Pts',(-236.900854893072,11.4267748121296,6.01414774757353));
#6589=CARTESIAN_POINT('Ctrl Pts',(-237.203214970945,11.3392834127658,5.98546254026405));
#6590=CARTESIAN_POINT('Ctrl Pts',(-237.489031416417,11.2565791055328,5.95834684414286));
#6591=CARTESIAN_POINT('Ctrl Pts',(-237.774245191695,11.1735438483635,5.9310541679914));
#6592=CARTESIAN_POINT('Ctrl Pts',(-238.058793440784,11.0901845561428,5.90357612118113));
#6593=CARTESIAN_POINT('Ctrl Pts',(-238.324624852275,11.012308419555,5.87790550822898));
#6594=CARTESIAN_POINT('Ctrl Pts',(-238.589875520458,10.934149474277,5.85207308228907));
#6595=CARTESIAN_POINT('Ctrl Pts',(-238.854449148565,10.8557133584519,5.82607372487711));
#6596=CARTESIAN_POINT('Ctrl Pts',(-239.110605212037,10.7797727335018,5.80090155221917));
#6597=CARTESIAN_POINT('Ctrl Pts',(-239.366126930795,10.7035722941299,5.77557287194593));
#6598=CARTESIAN_POINT('Ctrl Pts',(-239.620879936254,10.6271171572765,5.75008511879828));
#6599=CARTESIAN_POINT('Ctrl Pts',(-239.863907258737,10.5541810709445,5.72577050711235));
#6600=CARTESIAN_POINT('Ctrl Pts',(-240.106235121951,10.4810131937978,5.70131111159833));
#6601=CARTESIAN_POINT('Ctrl Pts',(-240.347700659754,10.4076179682369,5.67670695042584));
#6602=CARTESIAN_POINT('Ctrl Pts',(-240.567545240915,10.3407945914125,5.65430585933426));
#6603=CARTESIAN_POINT('Ctrl Pts',(-240.786674751613,10.273782757209,5.63178477273276));
#6604=CARTESIAN_POINT('Ctrl Pts',(-241.004928662527,10.206585818364,5.60914565241712));
#6605=CARTESIAN_POINT('Ctrl Pts',(-241.291692338027,10.1182958029191,5.57940012655417));
#6606=CARTESIAN_POINT('Ctrl Pts',(-241.575419954728,10.030531428057,5.54960885989032));
#6607=CARTESIAN_POINT('Ctrl Pts',(-241.85554260532,9.94334141388802,5.51980577244719));
#6608=CARTESIAN_POINT('Ctrl Pts',(-241.938394639625,9.91755317423772,5.51099089647054));
#6609=CARTESIAN_POINT('Ctrl Pts',(-242.020930968075,9.89181517979092,5.50217500792515));
#6610=CARTESIAN_POINT('Ctrl Pts',(-242.10313598614,9.86612869113542,5.49335904027805));
#6611=CARTESIAN_POINT('Ctrl Pts',(-242.495334888002,9.7435788410121,5.45129819154417));
#6612=CARTESIAN_POINT('Ctrl Pts',(-242.879129690723,9.62220138101538,5.40932061884952));
#6613=CARTESIAN_POINT('Ctrl Pts',(-243.25446165038,9.50213320918959,5.36743648503635));
#6614=CARTESIAN_POINT('Ctrl Pts',(-243.633286144062,9.38094778058703,5.32516261153089));
#6615=CARTESIAN_POINT('Ctrl Pts',(-244.003489494863,9.26109611986428,5.2829838828994));
#6616=CARTESIAN_POINT('Ctrl Pts',(-244.364958385742,9.1427189823222,5.24091605814831));
#6617=CARTESIAN_POINT('Ctrl Pts',(-244.732482021274,9.02235898163854,5.19814358095438));
#6618=CARTESIAN_POINT('Ctrl Pts',(-245.090976102822,8.90352331552538,5.15548569859451));
#6619=CARTESIAN_POINT('Ctrl Pts',(-245.440267748936,8.78635993154083,5.11296518385215));
#6620=CARTESIAN_POINT('Ctrl Pts',(-245.793499506926,8.66787491033472,5.06996502527355));
#6621=CARTESIAN_POINT('Ctrl Pts',(-246.137319930808,8.5511001117093,5.02710529283609));
#6622=CARTESIAN_POINT('Ctrl Pts',(-246.471496867984,8.43618854658689,4.98441669166585));
#6623=CARTESIAN_POINT('Ctrl Pts',(-246.812526284167,8.31892065761316,4.94085273761874));
#6624=CARTESIAN_POINT('Ctrl Pts',(-247.143512584041,8.20359319881303,4.89746692326314));
#6625=CARTESIAN_POINT('Ctrl Pts',(-247.464155183872,8.09036878815631,4.85430037329145));
#6626=CARTESIAN_POINT('Ctrl Pts',(-247.609001961573,8.03922090247477,4.83480035778761));
#6627=CARTESIAN_POINT('Ctrl Pts',(-247.751737207852,7.9885021819438,4.81534520823799));
#6628=CARTESIAN_POINT('Ctrl Pts',(-247.892329812386,7.9382276175904,4.7959393371301));
#6629=CARTESIAN_POINT('Ctrl Pts',(-248.069009522374,7.87504865110687,4.77155239522265));
#6630=CARTESIAN_POINT('Ctrl Pts',(-248.242973481134,7.81257111425627,4.74727739175742));
#6631=CARTESIAN_POINT('Ctrl Pts',(-248.414843294266,7.75082475820449,4.72303596928119));
#6632=CARTESIAN_POINT('Ctrl Pts',(-248.500439315157,7.72007332904872,4.71096305626122));
#6633=CARTESIAN_POINT('Ctrl Pts',(-248.585516695991,7.68950325622378,4.69889837816163));
#6634=CARTESIAN_POINT('Ctrl Pts',(-248.670157059023,7.65911821480211,4.68683166914003));
#6635=CARTESIAN_POINT('Ctrl Pts',(-248.867362908648,7.58832329267779,4.65871712048349));
#6636=CARTESIAN_POINT('Ctrl Pts',(-249.059385765638,7.51853318242738,4.63099175124178));
#6637=CARTESIAN_POINT('Ctrl Pts',(-249.246841685474,7.44980141086853,4.60361868867331));
#6638=CARTESIAN_POINT('Ctrl Pts',(-249.410865615331,7.38966111075454,4.57966725892591));
#6639=CARTESIAN_POINT('Ctrl Pts',(-249.571395530948,7.33033110120128,4.5559853845882));
#6640=CARTESIAN_POINT('Ctrl Pts',(-249.728809361157,7.27184724099482,4.53255630524551));
#6641=CARTESIAN_POINT('Ctrl Pts',(-249.86654646259,7.22067386331416,4.51205586082066));
#6642=CARTESIAN_POINT('Ctrl Pts',(-250.001898282922,7.17014831872715,4.49174897144495));
#6643=CARTESIAN_POINT('Ctrl Pts',(-250.135072925729,7.12029462981897,4.47163173750979));
#6644=CARTESIAN_POINT('Ctrl Pts',(-250.257082061599,7.07462072842621,4.4532011543539));
#6645=CARTESIAN_POINT('Ctrl Pts',(-250.377263913677,7.02951074718414,4.4349297726418));
#6646=CARTESIAN_POINT('Ctrl Pts',(-250.495734319505,6.98498315886919,4.41682103199445));
#6647=CARTESIAN_POINT('Ctrl Pts',(-250.610578266228,6.94181859009403,4.39926661212388));
#6648=CARTESIAN_POINT('Ctrl Pts',(-250.723814210051,6.89920130507462,4.38186501030965));
#6649=CARTESIAN_POINT('Ctrl Pts',(-250.835501029098,6.85714813159279,4.36462578343779));
#6650=CARTESIAN_POINT('Ctrl Pts',(-250.944882206915,6.81596309574309,4.34774243985267));
#6651=CARTESIAN_POINT('Ctrl Pts',(-251.052777739712,6.77531912101621,4.33101482558181));
#6652=CARTESIAN_POINT('Ctrl Pts',(-251.159194145156,6.73523201439179,4.31445839819636));
#6653=CARTESIAN_POINT('Ctrl Pts',(-251.264231842244,6.69566426781045,4.29811647236926));
#6654=CARTESIAN_POINT('Ctrl Pts',(-251.367828601571,6.65663905347339,4.28194132212073));
#6655=CARTESIAN_POINT('Ctrl Pts',(-251.46994044236,6.61817157190997,4.26595431269064));
#6656=CARTESIAN_POINT('Ctrl Pts',(-251.573045028367,6.57933010425355,4.24981187537828));
#6657=CARTESIAN_POINT('Ctrl Pts',(-251.674635882029,6.54105726679553,4.23386123843941));
#6658=CARTESIAN_POINT('Ctrl Pts',(-251.774613534445,6.50336870773437,4.21813126119235));
#6659=CARTESIAN_POINT('Ctrl Pts',(-251.873184067502,6.46621059022469,4.20262267297538));
#6660=CARTESIAN_POINT('Ctrl Pts',(-251.970186361262,6.42962042018552,4.18732860046831));
#6661=CARTESIAN_POINT('Ctrl Pts',(-252.065472473825,6.39361319435664,4.17228324596102));
#6662=CARTESIAN_POINT('Ctrl Pts',(-252.162798936524,6.35683495010646,4.15691572707663));
#6663=CARTESIAN_POINT('Ctrl Pts',(-252.258335003882,6.32066488238251,4.14180769096979));
#6664=CARTESIAN_POINT('Ctrl Pts',(-252.351867719688,6.28511897207051,4.12700234601951));
#6665=CARTESIAN_POINT('Ctrl Pts',(-252.445400435495,6.24957306175851,4.11219700106924));
#6666=CARTESIAN_POINT('Ctrl Pts',(-252.536929547243,6.21465130885845,4.0976943856866));
#6667=CARTESIAN_POINT('Ctrl Pts',(-252.626189044148,6.18036969425608,4.08354407922907));
#6668=CARTESIAN_POINT('Ctrl Pts',(-252.749884071527,6.13286253363,4.06393470873754));
#6669=CARTESIAN_POINT('Ctrl Pts',(-252.869462072936,6.08658470567396,4.04498806895559));
#6670=CARTESIAN_POINT('Ctrl Pts',(-252.983739241223,6.04157874027852,4.0268154984428));
#6671=CARTESIAN_POINT('Ctrl Pts',(-253.087284351119,6.00079939911435,4.01034956006642));
#6672=CARTESIAN_POINT('Ctrl Pts',(-253.18783340694,5.96107187228248,3.99430542596979));
#6673=CARTESIAN_POINT('Ctrl Pts',(-253.285243569489,5.92242626230732,3.97867591015594));
#6674=CARTESIAN_POINT('Ctrl Pts',(-253.38595762598,5.88246989590506,3.96251628268598));
#6675=CARTESIAN_POINT('Ctrl Pts',(-253.483316467734,5.84367008247297,3.94680015943906));
#6676=CARTESIAN_POINT('Ctrl Pts',(-253.577218306625,5.80606009259157,3.93153133601376));
#6677=CARTESIAN_POINT('Ctrl Pts',(-253.674380423934,5.76714428122937,3.91573237797055));
#6678=CARTESIAN_POINT('Ctrl Pts',(-253.767841547981,5.72950234924412,3.90041260368237));
#6679=CARTESIAN_POINT('Ctrl Pts',(-253.857544482825,5.69317115440088,3.88558412969547));
#6680=CARTESIAN_POINT('Ctrl Pts',(-253.952038544346,5.65489947280394,3.86996365155144));
#6681=CARTESIAN_POINT('Ctrl Pts',(-254.042362343355,5.61808228319688,3.85488864225038));
#6682=CARTESIAN_POINT('Ctrl Pts',(-254.128507195757,5.58276267023166,3.84037740029772));
#6683=CARTESIAN_POINT('Ctrl Pts',(-254.217360605971,5.54633254153673,3.82540989733048));
#6684=CARTESIAN_POINT('Ctrl Pts',(-254.3017684845,5.51149564328676,3.81104245691604));
#6685=CARTESIAN_POINT('Ctrl Pts',(-254.38177785464,5.47829925324244,3.79729491227452));
#6686=CARTESIAN_POINT('Ctrl Pts',(-254.465457058091,5.4435802263145,3.78291680152318));
#6687=CARTESIAN_POINT('Ctrl Pts',(-254.544325242211,5.41065565111007,3.76921703297069));
#6688=CARTESIAN_POINT('Ctrl Pts',(-254.618492765856,5.37957961388964,3.75621358074269));
#6689=CARTESIAN_POINT('Ctrl Pts',(-254.637323330726,5.37168964660984,3.75291210404939));
#6690=CARTESIAN_POINT('Ctrl Pts',(-254.655851147233,5.36391883851318,3.74965547864411));
#6691=CARTESIAN_POINT('Ctrl Pts',(-254.674078537118,5.35626807478796,3.74644392295596));
#6692=CARTESIAN_POINT('Ctrl Pts',(-254.845334262038,5.2843852053157,3.71626970158073));
#6693=CARTESIAN_POINT('Ctrl Pts',(-255.01609616608,5.2118438543087,3.68548641191643));
#6694=CARTESIAN_POINT('Ctrl Pts',(-255.186272564203,5.13870893412665,3.65400904651245));
#6695=CARTESIAN_POINT('Ctrl Pts',(-255.364717513236,5.06202052581399,3.62100225516437));
#6696=CARTESIAN_POINT('Ctrl Pts',(-255.54251872718,4.98467946620687,3.58723259620278));
#6697=CARTESIAN_POINT('Ctrl Pts',(-255.719626837638,4.90676059675535,3.55261460708172));
#6698=CARTESIAN_POINT('Ctrl Pts',(-255.90175218762,4.82663438834879,3.51701593591957));
#6699=CARTESIAN_POINT('Ctrl Pts',(-256.083144860551,4.74589716921332,3.48052055528));
#6700=CARTESIAN_POINT('Ctrl Pts',(-256.263806724707,4.66463032316362,3.44304326673942));
#6701=CARTESIAN_POINT('Ctrl Pts',(-256.451693761952,4.58011338871302,3.40406715664116));
#6702=CARTESIAN_POINT('Ctrl Pts',(-256.638790541137,4.49502361772799,3.36402943139644));
#6703=CARTESIAN_POINT('Ctrl Pts',(-256.82515522632,4.4094525540295,3.32283652613214));
#6704=CARTESIAN_POINT('Ctrl Pts',(-256.87359793635,4.38720963702205,3.31212904706752));
#6705=CARTESIAN_POINT('Ctrl Pts',(-256.921991457682,4.36493420088533,3.30134351030966));
#6706=CARTESIAN_POINT('Ctrl Pts',(-256.970337375539,4.34262785338766,3.29047824463007));
#6707=CARTESIAN_POINT('Ctrl Pts',(-257.119854216493,4.27364220250045,3.25687581711262));
#6708=CARTESIAN_POINT('Ctrl Pts',(-257.268573954277,4.20436090103565,3.22224805785407));
#6709=CARTESIAN_POINT('Ctrl Pts',(-257.416262933806,4.13483150598513,3.18662777874085));
#6710=CARTESIAN_POINT('Ctrl Pts',(-257.576564373841,4.05936438455927,3.14796557080553));
#6711=CARTESIAN_POINT('Ctrl Pts',(-257.735651685382,3.9836049864274,3.1081342876468));
#6712=CARTESIAN_POINT('Ctrl Pts',(-257.893287234749,3.90761412262218,3.06715743237962));
#6713=CARTESIAN_POINT('Ctrl Pts',(-258.060005267386,3.82724489523099,3.02381961472847));
#6714=CARTESIAN_POINT('Ctrl Pts',(-258.225100142927,3.7466167610631,2.97920057383811));
#6715=CARTESIAN_POINT('Ctrl Pts',(-258.388348750027,3.66580165965162,2.93330546798904));
#6716=CARTESIAN_POINT('Ctrl Pts',(-258.569974575284,3.57588904264477,2.88224385942054));
#6717=CARTESIAN_POINT('Ctrl Pts',(-258.749315870466,3.48574499451752,2.82960321567299));
#6718=CARTESIAN_POINT('Ctrl Pts',(-258.926123556767,3.39546858750557,2.77535774170126));
#6719=CARTESIAN_POINT('Ctrl Pts',(-259.012964594473,3.35112833833804,2.74871448116698));
#6720=CARTESIAN_POINT('Ctrl Pts',(-259.099195178151,3.30675615903028,2.72168355010818));
#6721=CARTESIAN_POINT('Ctrl Pts',(-259.184789015921,3.26236378837825,2.69425889319719));
#6722=CARTESIAN_POINT('Ctrl Pts',(-259.374393168056,3.16402752939064,2.63350885608419));
#6723=CARTESIAN_POINT('Ctrl Pts',(-259.563272399024,3.06414116460343,2.57005831930161));
#6724=CARTESIAN_POINT('Ctrl Pts',(-259.750418971219,2.96323753150786,2.50383635774406));
#6725=CARTESIAN_POINT('Ctrl Pts',(-259.942403217765,2.85972557429491,2.43590258131788));
#6726=CARTESIAN_POINT('Ctrl Pts',(-260.132563878003,2.75514307696027,2.36505219614447));
#6727=CARTESIAN_POINT('Ctrl Pts',(-260.319758121013,2.65006527532848,2.29121534178633));
#6728=CARTESIAN_POINT('Ctrl Pts',(-260.516670254752,2.53953252712358,2.21354536483337));
#6729=CARTESIAN_POINT('Ctrl Pts',(-260.710299895651,2.42845171390951,2.13257069644392));
#6730=CARTESIAN_POINT('Ctrl Pts',(-260.899258671507,2.31749239012742,2.04821856254192));
#6731=CARTESIAN_POINT('Ctrl Pts',(-261.095391774129,2.20232019799448,1.96066377362068));
#6732=CARTESIAN_POINT('Ctrl Pts',(-261.28649220057,2.0872788957703,1.86947008436806));
#6733=CARTESIAN_POINT('Ctrl Pts',(-261.470950162842,1.97311723441139,1.77456659476188));
#6734=CARTESIAN_POINT('Ctrl Pts',(-261.669802421798,1.85004689378872,1.67225724981119));
#6735=CARTESIAN_POINT('Ctrl Pts',(-261.860934705242,1.7279988373498,1.56563630051978));
#6736=CARTESIAN_POINT('Ctrl Pts',(-262.04227035143,1.60791113835594,1.45462949566271));
#6737=CARTESIAN_POINT('Ctrl Pts',(-262.110857613122,1.562489917487,1.41264297544778));
#6738=CARTESIAN_POINT('Ctrl Pts',(-262.178042816953,1.51734914686476,1.37002916948108));
#6739=CARTESIAN_POINT('Ctrl Pts',(-262.243711826455,1.4725395860198,1.32678464518434));
#6740=CARTESIAN_POINT('Ctrl Pts',(-262.293115589473,1.4388286934435,1.29425115265304));
#6741=CARTESIAN_POINT('Ctrl Pts',(-262.341839695257,1.40519493769636,1.2612432655562));
#6742=CARTESIAN_POINT('Ctrl Pts',(-262.389814084459,1.37167739589193,1.22775294049252));
#6743=CARTESIAN_POINT('Ctrl Pts',(-262.498918794612,1.29545085618037,1.15158829786109));
#6744=CARTESIAN_POINT('Ctrl Pts',(-262.603986817803,1.21982538823281,1.07394928292473));
#6745=CARTESIAN_POINT('Ctrl Pts',(-262.704907015602,1.14526063924425,0.994495223522667));
#6746=CARTESIAN_POINT('Ctrl Pts',(-262.805622386885,1.07084722604422,0.915202423199387));
#6747=CARTESIAN_POINT('Ctrl Pts',(-262.902206713175,0.997490230525643,0.834101934945162));
#6748=CARTESIAN_POINT('Ctrl Pts',(-262.994584801402,0.925646506875298,0.750817234423959));
#6749=CARTESIAN_POINT('Ctrl Pts',(-263.086788829902,0.853938151894538,0.667689459776491));
#6750=CARTESIAN_POINT('Ctrl Pts',(-263.174802426662,0.783737371510228,0.582385682331118));
#6751=CARTESIAN_POINT('Ctrl Pts',(-263.258586512249,0.715498442344112,0.494493813229247));
#6752=CARTESIAN_POINT('Ctrl Pts',(-263.330267472092,0.657117045602915,0.419298464429583));
#6753=CARTESIAN_POINT('Ctrl Pts',(-263.398853191968,0.600171636245695,0.342208126978096));
#6754=CARTESIAN_POINT('Ctrl Pts',(-263.464340216318,0.544946691312995,0.262942926138927));
#6755=CARTESIAN_POINT('Ctrl Pts',(-263.53314786869,0.486921474091262,0.179658452022705));
#6756=CARTESIAN_POINT('Ctrl Pts',(-263.598069902098,0.431223614958153,0.0945400661663698));
#6757=CARTESIAN_POINT('Ctrl Pts',(-263.659343753319,0.378025283326482,0.00721457331802344));
#6758=CARTESIAN_POINT('Ctrl Pts',(-19.9225024829118,23.6725888098503,26.7332136414794));
#6759=CARTESIAN_POINT('Ctrl Pts',(-20.1391746683017,23.685026482197,26.7268689841668));
#6760=CARTESIAN_POINT('Ctrl Pts',(-20.3612466052115,23.6977420729444,26.7213700983134));
#6761=CARTESIAN_POINT('Ctrl Pts',(-20.5894762172755,23.7107701175189,26.7167210483629));
#6762=CARTESIAN_POINT('Ctrl Pts',(-20.8148643292757,23.7236359605756,26.7121298799275));
#6763=CARTESIAN_POINT('Ctrl Pts',(-21.0462576418505,23.7368065256784,26.7083677373882));
#6764=CARTESIAN_POINT('Ctrl Pts',(-21.2844366072803,23.75031507433,26.7054449783545));
#6765=CARTESIAN_POINT('Ctrl Pts',(-21.5186129416958,23.7635966099215,26.7025713366974));
#6766=CARTESIAN_POINT('Ctrl Pts',(-21.7593487028144,23.7772048647906,26.7005093373645));
#6767=CARTESIAN_POINT('Ctrl Pts',(-22.0074360039826,23.7911714515696,26.6992717543229));
#6768=CARTESIAN_POINT('Ctrl Pts',(-22.250308590274,23.8048444652093,26.6980601848768));
#6769=CARTESIAN_POINT('Ctrl Pts',(-22.5002268674275,23.8188609050378,26.6976389796808));
#6770=CARTESIAN_POINT('Ctrl Pts',(-22.7579835211398,23.833250431834,26.6980194761847));
#6771=CARTESIAN_POINT('Ctrl Pts',(-23.0115014105402,23.8474033253106,26.6983937154884));
#6772=CARTESIAN_POINT('Ctrl Pts',(-23.2726019115124,23.8619171359463,26.6995437613066));
#6773=CARTESIAN_POINT('Ctrl Pts',(-23.5420886095614,23.8768200851525,26.7014761214097));
#6774=CARTESIAN_POINT('Ctrl Pts',(-23.8068637638353,23.8914624801344,26.703374697288));
#6775=CARTESIAN_POINT('Ctrl Pts',(-24.0797343672109,23.9064805257039,26.7060287419429));
#6776=CARTESIAN_POINT('Ctrl Pts',(-24.3615117771124,23.9219009887821,26.7094364015372));
#6777=CARTESIAN_POINT('Ctrl Pts',(-24.6380912269574,23.9370369899115,26.7127811998878));
#6778=CARTESIAN_POINT('Ctrl Pts',(-24.9232518453625,23.9525606986632,26.7168523490055));
#6779=CARTESIAN_POINT('Ctrl Pts',(-25.2178096873153,23.9684974278045,26.7216362361582));
#6780=CARTESIAN_POINT('Ctrl Pts',(-25.5037512678772,23.9839679835684,26.7262801873924));
#6781=CARTESIAN_POINT('Ctrl Pts',(-25.7985483824514,23.9998277501838,26.7315960462177));
#6782=CARTESIAN_POINT('Ctrl Pts',(-26.1029939794683,24.016099883451,26.7375561878537));
#6783=CARTESIAN_POINT('Ctrl Pts',(-26.4021144592493,24.0320873976659,26.7434120794915));
#6784=CARTESIAN_POINT('Ctrl Pts',(-26.7105487961144,24.0484729791219,26.7498902090437));
#6785=CARTESIAN_POINT('Ctrl Pts',(-27.0290947950798,24.0652785896809,26.7569454223577));
#6786=CARTESIAN_POINT('Ctrl Pts',(-27.3387820831244,24.0816168390227,26.7638044313701));
#6787=CARTESIAN_POINT('Ctrl Pts',(-27.6580264835082,24.0983520804342,26.7712091318415));
#6788=CARTESIAN_POINT('Ctrl Pts',(-27.9876046577541,24.1155044939927,26.7790959720375));
#6789=CARTESIAN_POINT('Ctrl Pts',(-28.1925261726961,24.1261693342218,26.7839997653326));
#6790=CARTESIAN_POINT('Ctrl Pts',(-28.4014435497539,24.1369954518582,26.7890895057955));
#6791=CARTESIAN_POINT('Ctrl Pts',(-28.6145522867877,24.1479876976661,26.7943447056298));
#6792=CARTESIAN_POINT('Ctrl Pts',(-28.9231495493141,24.1639052851501,26.801954624892));
#6793=CARTESIAN_POINT('Ctrl Pts',(-29.2408063932598,24.1801712299319,26.8097242827366));
#6794=CARTESIAN_POINT('Ctrl Pts',(-29.5682158520313,24.1968002613285,26.8177814134558));
#6795=CARTESIAN_POINT('Ctrl Pts',(-29.6300358651805,24.1999400818561,26.8193027254205));
#6796=CARTESIAN_POINT('Ctrl Pts',(-29.6922036989689,24.2030928469047,26.8208343644565));
#6797=CARTESIAN_POINT('Ctrl Pts',(-29.7547241981914,24.2062586556249,26.8223773030634));
#6798=CARTESIAN_POINT('Ctrl Pts',(-30.1125528562739,24.2243777861534,26.8312081290817));
#6799=CARTESIAN_POINT('Ctrl Pts',(-30.4669955923678,24.2421377068027,26.8400433821054));
#6800=CARTESIAN_POINT('Ctrl Pts',(-30.8179545294015,24.2595512865456,26.8490052732767));
#6801=CARTESIAN_POINT('Ctrl Pts',(-31.1766891518779,24.2773506735846,26.8581657200036));
#6802=CARTESIAN_POINT('Ctrl Pts',(-31.5317838585811,24.2947882029685,26.8674581675654));
#6803=CARTESIAN_POINT('Ctrl Pts',(-31.8831792903433,24.3118776181182,26.8769813996302));
#6804=CARTESIAN_POINT('Ctrl Pts',(-32.2420897895045,24.3293325135646,26.8867082989152));
#6805=CARTESIAN_POINT('Ctrl Pts',(-32.5971410725387,24.3464242457686,26.8966756455139));
#6806=CARTESIAN_POINT('Ctrl Pts',(-32.9483169295287,24.3631674589081,26.9069607779191));
#6807=CARTESIAN_POINT('Ctrl Pts',(-33.3066944158895,24.3802540282695,26.9174568294696));
#6808=CARTESIAN_POINT('Ctrl Pts',(-33.6610358932504,24.3969776377065,26.928283521043));
#6809=CARTESIAN_POINT('Ctrl Pts',(-34.0113728000483,24.4133538509318,26.9394991128636));
#6810=CARTESIAN_POINT('Ctrl Pts',(-34.3720994843205,24.4302157258386,26.951047320235));
#6811=CARTESIAN_POINT('Ctrl Pts',(-34.7285804823038,24.446709293862,26.9630075506769));
#6812=CARTESIAN_POINT('Ctrl Pts',(-35.0809018754624,24.4628515448829,26.9754228791561));
#6813=CARTESIAN_POINT('Ctrl Pts',(-35.4391712250328,24.4792663124393,26.9880478055595));
#6814=CARTESIAN_POINT('Ctrl Pts',(-35.7931393845256,24.4953178008649,27.0011430087793));
#6815=CARTESIAN_POINT('Ctrl Pts',(-36.1429496421624,24.5110238751283,27.0147375780339));
#6816=CARTESIAN_POINT('Ctrl Pts',(-36.4983530151738,24.5269810737757,27.028549510824));
#6817=CARTESIAN_POINT('Ctrl Pts',(-36.8494645244053,24.542581724304,27.0428766064139));
#6818=CARTESIAN_POINT('Ctrl Pts',(-37.1964876140936,24.5578445623853,27.0577375091204));
#6819=CARTESIAN_POINT('Ctrl Pts',(-37.5487496546232,24.5733378210375,27.0728227644452));
#6820=CARTESIAN_POINT('Ctrl Pts',(-37.8967989753419,24.5884829904518,27.0884577860795));
#6821=CARTESIAN_POINT('Ctrl Pts',(-38.2409016607905,24.6032996677232,27.1046543836666));
#6822=CARTESIAN_POINT('Ctrl Pts',(-38.5922841811603,24.6184298065548,27.1211936364019));
#6823=CARTESIAN_POINT('Ctrl Pts',(-38.9395513377044,24.6332174070615,27.1383182164973));
#6824=CARTESIAN_POINT('Ctrl Pts',(-39.2830408897028,24.6476833366258,27.1560368851523));
#6825=CARTESIAN_POINT('Ctrl Pts',(-39.6303203721987,24.6623088776465,27.1739510547253));
#6826=CARTESIAN_POINT('Ctrl Pts',(-39.9737385460244,24.6766056101794,27.1924722502284));
#6827=CARTESIAN_POINT('Ctrl Pts',(-40.3136982866258,24.690595099984,27.2116095423877));
#6828=CARTESIAN_POINT('Ctrl Pts',(-40.6588100251959,24.7047965967249,27.2310368550363));
#6829=CARTESIAN_POINT('Ctrl Pts',(-41.0003577895093,24.7186814678134,27.2510988518428));
#6830=CARTESIAN_POINT('Ctrl Pts',(-41.33881677532,24.7322722744124,27.2718086403052));
#6831=CARTESIAN_POINT('Ctrl Pts',(-41.5166755483244,24.739414186098,27.2826915470074));
#6832=CARTESIAN_POINT('Ctrl Pts',(-41.6936822497693,24.7464748931016,27.2937534202311));
#6833=CARTESIAN_POINT('Ctrl Pts',(-41.8699115363661,24.753457669352,27.3049968609716));
#6834=CARTESIAN_POINT('Ctrl Pts',(-42.1702827211713,24.765359350486,27.324160563451));
#6835=CARTESIAN_POINT('Ctrl Pts',(-42.4684794213194,24.7770346353627,27.3440120235537));
#6836=CARTESIAN_POINT('Ctrl Pts',(-42.7647532495491,24.7884997349805,27.3645594190396));
#6837=CARTESIAN_POINT('Ctrl Pts',(-43.0691368314085,24.8002786629706,27.3856692479882));
#6838=CARTESIAN_POINT('Ctrl Pts',(-43.3714911490362,24.8118357416303,27.4075134931509));
#6839=CARTESIAN_POINT('Ctrl Pts',(-43.6721444684841,24.8231885499354,27.4301106225482));
#6840=CARTESIAN_POINT('Ctrl Pts',(-43.9851983531157,24.8350096093134,27.4536397794933));
#6841=CARTESIAN_POINT('Ctrl Pts',(-44.2964082554165,24.8466092004125,27.4779850171113));
#6842=CARTESIAN_POINT('Ctrl Pts',(-44.6061999662916,24.8580071683122,27.5031800585684));
#6843=CARTESIAN_POINT('Ctrl Pts',(-44.7284358566933,24.8625045150975,27.5131213779069));
#6844=CARTESIAN_POINT('Ctrl Pts',(-44.8504515178973,24.866970471371,27.5231951550663));
#6845=CARTESIAN_POINT('Ctrl Pts',(-44.9722752094988,24.8714062562337,27.5334040808137));
#6846=CARTESIAN_POINT('Ctrl Pts',(-45.3615222820773,24.8855793308608,27.5660233062625));
#6847=CARTESIAN_POINT('Ctrl Pts',(-45.7482122835262,24.8994109644279,27.5999732932515));
#6848=CARTESIAN_POINT('Ctrl Pts',(-46.13207140674,24.912909721832,27.6352268951731));
#6849=CARTESIAN_POINT('Ctrl Pts',(-46.5391484020802,24.9272249569602,27.6726128252638));
#6850=CARTESIAN_POINT('Ctrl Pts',(-46.9430415407255,24.9411658298087,27.7114647859657));
#6851=CARTESIAN_POINT('Ctrl Pts',(-47.3434853287608,24.9547425553269,27.7517445892124));
#6852=CARTESIAN_POINT('Ctrl Pts',(-47.745409869417,24.9683694845753,27.7921733382687));
#6853=CARTESIAN_POINT('Ctrl Pts',(-48.143859886011,24.9816295684417,27.8340404043279));
#6854=CARTESIAN_POINT('Ctrl Pts',(-48.5386241533101,24.9945331356129,27.8773027875588));
#6855=CARTESIAN_POINT('Ctrl Pts',(-48.9434541737098,25.0077657196988,27.9216682809348));
#6856=CARTESIAN_POINT('Ctrl Pts',(-49.3444082783038,25.020623374276,27.967501062034));
#6857=CARTESIAN_POINT('Ctrl Pts',(-49.7413146384998,25.0331172384351,28.0147516431554));
#6858=CARTESIAN_POINT('Ctrl Pts',(-50.1488080553337,25.0459443631834,28.0632625834665));
#6859=CARTESIAN_POINT('Ctrl Pts',(-50.5520351079128,25.0583880312293,28.1132678699569));
#6860=CARTESIAN_POINT('Ctrl Pts',(-50.9508651166709,25.0704602970214,28.1647121916636));
#6861=CARTESIAN_POINT('Ctrl Pts',(-51.3668767550789,25.0830526370189,28.2183727389896));
#6862=CARTESIAN_POINT('Ctrl Pts',(-51.7781044251419,25.0952408854002,28.2735988675542));
#6863=CARTESIAN_POINT('Ctrl Pts',(-52.1844571430599,25.1070387226133,28.3303275688241));
#6864=CARTESIAN_POINT('Ctrl Pts',(-52.6013193961864,25.1191416883025,28.3885234493622));
#6865=CARTESIAN_POINT('Ctrl Pts',(-53.0130515448699,25.1308337872027,28.4483005071489));
#6866=CARTESIAN_POINT('Ctrl Pts',(-53.4196114190607,25.1421297889067,28.5095923068219));
#6867=CARTESIAN_POINT('Ctrl Pts',(-53.8426976167559,25.1538849637616,28.5733755675905));
#6868=CARTESIAN_POINT('Ctrl Pts',(-54.2601826732417,25.1652111848784,28.6387990737));
#6869=CARTESIAN_POINT('Ctrl Pts',(-54.672075683709,25.1761250971712,28.7057917572037));
#6870=CARTESIAN_POINT('Ctrl Pts',(-54.8472558394154,25.1807668386094,28.7342840802807));
#6871=CARTESIAN_POINT('Ctrl Pts',(-55.0214251452794,25.1853339998379,28.7630603017447));
#6872=CARTESIAN_POINT('Ctrl Pts',(-55.1945870937724,25.1898278613666,28.7921152482932));
#6873=CARTESIAN_POINT('Ctrl Pts',(-55.5945046724399,25.2002064360886,28.8592176571832));
#6874=CARTESIAN_POINT('Ctrl Pts',(-55.9885331950133,25.2101940454724,28.9278299798427));
#6875=CARTESIAN_POINT('Ctrl Pts',(-56.3767134069244,25.2198064633462,28.9977654917053));
#6876=CARTESIAN_POINT('Ctrl Pts',(-56.7792468298665,25.2297743065045,29.0702869137444));
#6877=CARTESIAN_POINT('Ctrl Pts',(-57.1754917570943,25.2393386993007,29.1442311688548));
#6878=CARTESIAN_POINT('Ctrl Pts',(-57.5655433894774,25.2485172308003,29.2194206091598));
#6879=CARTESIAN_POINT('Ctrl Pts',(-57.9710651155012,25.2580597980583,29.2975921871761));
#6880=CARTESIAN_POINT('Ctrl Pts',(-58.3698928716527,25.2671852892457,29.3771096552826));
#6881=CARTESIAN_POINT('Ctrl Pts',(-58.7621814717596,25.2759134703652,29.4578061778717));
#6882=CARTESIAN_POINT('Ctrl Pts',(-59.1712025351776,25.2850139385465,29.5419446857828));
#6883=CARTESIAN_POINT('Ctrl Pts',(-59.5731151042008,25.2936824805344,29.6273649364156));
#6884=CARTESIAN_POINT('Ctrl Pts',(-59.968139919692,25.3019415010118,29.7139133236134));
#6885=CARTESIAN_POINT('Ctrl Pts',(-60.3812566325807,25.310578779627,29.8044255745476));
#6886=CARTESIAN_POINT('Ctrl Pts',(-60.7868407041088,25.3187681660511,29.896171610811));
#6887=CARTESIAN_POINT('Ctrl Pts',(-61.1851863169835,25.3265352864695,29.989014518554));
#6888=CARTESIAN_POINT('Ctrl Pts',(-61.6131982006753,25.3348808530672,30.0887717809568));
#6889=CARTESIAN_POINT('Ctrl Pts',(-62.0328538099952,25.34273891621,30.189795121247));
#6890=CARTESIAN_POINT('Ctrl Pts',(-62.4445577991574,25.3501412644925,30.2919611867708));
#6891=CARTESIAN_POINT('Ctrl Pts',(-62.8749054370443,25.3578788215287,30.398753751642));
#6892=CARTESIAN_POINT('Ctrl Pts',(-63.2965658350175,25.365118455909,30.5067948388611));
#6893=CARTESIAN_POINT('Ctrl Pts',(-63.7100321724654,25.3718964732964,30.615994634274));
#6894=CARTESIAN_POINT('Ctrl Pts',(-64.1392412981603,25.3789325646376,30.7293522270699));
#6895=CARTESIAN_POINT('Ctrl Pts',(-64.5596215496811,25.38547121751,30.8439584665627));
#6896=CARTESIAN_POINT('Ctrl Pts',(-64.9717423708881,25.391553044509,30.9597667671264));
#6897=CARTESIAN_POINT('Ctrl Pts',(-65.3937428214863,25.3977806690356,31.07835129988));
#6898=CARTESIAN_POINT('Ctrl Pts',(-65.8070842703829,25.4035293025001,31.198196360914));
#6899=CARTESIAN_POINT('Ctrl Pts',(-66.2123790850885,25.4088425488511,31.319305914596));
#6900=CARTESIAN_POINT('Ctrl Pts',(-66.614104867947,25.41410900668,31.4393489758425));
#6901=CARTESIAN_POINT('Ctrl Pts',(-67.0079261599318,25.418947711683,31.5606347375193));
#6902=CARTESIAN_POINT('Ctrl Pts',(-67.3944235177083,25.4234011259918,31.6832150878017));
#6903=CARTESIAN_POINT('Ctrl Pts',(-67.7676879526596,25.4277020639987,31.8015985237132));
#6904=CARTESIAN_POINT('Ctrl Pts',(-68.1341220915647,25.4316436428742,31.9211898792189));
#6905=CARTESIAN_POINT('Ctrl Pts',(-68.4942215443332,25.4352641109098,32.042074480337));
#6906=CARTESIAN_POINT('Ctrl Pts',(-68.8353359762518,25.4386937020624,32.1565858513516));
#6907=CARTESIAN_POINT('Ctrl Pts',(-69.1707664189968,25.4418351487832,32.2722581253001));
#6908=CARTESIAN_POINT('Ctrl Pts',(-69.5009019725611,25.4447209631659,32.3891926547691));
#6909=CARTESIAN_POINT('Ctrl Pts',(-69.8142478429644,25.4474600138673,32.5001802522001));
#6910=CARTESIAN_POINT('Ctrl Pts',(-70.1227677579074,25.4499687724116,32.6122651187882));
#6911=CARTESIAN_POINT('Ctrl Pts',(-70.4271226804057,25.45227503849,32.7254404522435));
#6912=CARTESIAN_POINT('Ctrl Pts',(-70.742810544721,25.4546671805551,32.8428299756933));
#6913=CARTESIAN_POINT('Ctrl Pts',(-71.0540174572701,25.4568414694006,32.9613929126949));
#6914=CARTESIAN_POINT('Ctrl Pts',(-71.3614286592785,25.4588289272298,33.0811455309578));
#6915=CARTESIAN_POINT('Ctrl Pts',(-71.6527089414192,25.4607120963318,33.1946143187145));
#6916=CARTESIAN_POINT('Ctrl Pts',(-71.940580781792,25.4624275273139,33.3091516620462));
#6917=CARTESIAN_POINT('Ctrl Pts',(-72.2255868910191,25.4640016106285,33.4247869273814));
#6918=CARTESIAN_POINT('Ctrl Pts',(-72.5868387311568,25.4659967976631,33.5713573026637));
#6919=CARTESIAN_POINT('Ctrl Pts',(-72.9403046087734,25.467772997657,33.7183997724929));
#6920=CARTESIAN_POINT('Ctrl Pts',(-73.2866586144469,25.4693320229513,33.8656623155388));
#6921=CARTESIAN_POINT('Ctrl Pts',(-73.6337064377128,25.4708941712906,34.0132198554416));
#6922=CARTESIAN_POINT('Ctrl Pts',(-73.9736135806153,25.4722382739686,34.1609986588414));
#6923=CARTESIAN_POINT('Ctrl Pts',(-74.3070113745875,25.4733661542395,34.3087772878753));
#6924=CARTESIAN_POINT('Ctrl Pts',(-74.6530508621737,25.4745368011905,34.4621593497593));
#6925=CARTESIAN_POINT('Ctrl Pts',(-74.9920779765231,25.4754745175259,34.6155413713917));
#6926=CARTESIAN_POINT('Ctrl Pts',(-75.3247502709969,25.4761813418647,34.7687070516931));
#6927=CARTESIAN_POINT('Ctrl Pts',(-75.6311935094425,25.4768324376817,34.9097966100063));
#6928=CARTESIAN_POINT('Ctrl Pts',(-75.9322437840386,25.4772876148853,35.0507031351289));
#6929=CARTESIAN_POINT('Ctrl Pts',(-76.2283816251775,25.4775484669174,35.1912777379583));
#6930=CARTESIAN_POINT('Ctrl Pts',(-18.1737956567368,23.5679710921463,26.8089676595188));
#6931=CARTESIAN_POINT('Ctrl Pts',(-18.1737956567368,16.159906832773,26.8089676595188));
#6932=CARTESIAN_POINT('Ctrl Pts',(-18.1737956567368,8.75184257339966,26.8089676595188));
#6933=CARTESIAN_POINT('Ctrl Pts',(-18.1737956567368,0.895852209350881,26.8089676595188));
#6934=CARTESIAN_POINT('Ctrl Pts',(-18.1737956567368,0.44792610467544,26.8089676595188));
#6935=CARTESIAN_POINT('Ctrl Pts',(-18.1737956567368,0.,26.8089676595188));
#6936=CARTESIAN_POINT('Origin',(0.,0.,28.8089676595188));
#6937=CARTESIAN_POINT('Ctrl Pts',(-206.336186943753,0.,-8.21694595159438));
#6938=CARTESIAN_POINT('Ctrl Pts',(-207.404382238649,0.,-8.15081420731028));
#6939=CARTESIAN_POINT('Ctrl Pts',(-208.452315466361,0.,-8.08806680626719));
#6940=CARTESIAN_POINT('Ctrl Pts',(-209.481490881021,0.,-8.02715462437133));
#6941=CARTESIAN_POINT('Ctrl Pts',(-213.315467308621,0.,-7.80023910908047));
#6942=CARTESIAN_POINT('Ctrl Pts',(-216.933529580226,0.,-7.59297311489983));
#6943=CARTESIAN_POINT('Ctrl Pts',(-220.979886409139,0.,-7.31318796932567));
#6944=CARTESIAN_POINT('Ctrl Pts',(-223.901061425942,0.,-7.11120346526911));
#6945=CARTESIAN_POINT('Ctrl Pts',(-227.074992306872,0.,-6.87018479013473));
#6946=CARTESIAN_POINT('Ctrl Pts',(-230.396367059728,0.,-6.59211186730119));
#6947=CARTESIAN_POINT('Ctrl Pts',(-234.656128566304,0.,-6.23547510666806));
#6948=CARTESIAN_POINT('Ctrl Pts',(-239.082476272198,0.,-5.82252853264443));
#6949=CARTESIAN_POINT('Ctrl Pts',(-242.570742733159,0.,-5.44284038599275));
#6950=CARTESIAN_POINT('Ctrl Pts',(-244.743296083876,0.,-5.20636396870434));
#6951=CARTESIAN_POINT('Ctrl Pts',(-246.531954714615,0.,-4.98490129235139));
#6952=CARTESIAN_POINT('Ctrl Pts',(-248.007701547183,0.,-4.77996622605932));
#6953=CARTESIAN_POINT('Ctrl Pts',(-249.548274815274,0.,-4.56602879596863));
#6954=CARTESIAN_POINT('Ctrl Pts',(-250.795004092368,0.,-4.3714885872132));
#6955=CARTESIAN_POINT('Ctrl Pts',(-252.24383752209,0.,-4.14387214776014));
#6956=CARTESIAN_POINT('Ctrl Pts',(-253.485740912283,0.,-3.94876508988756));
#6957=CARTESIAN_POINT('Ctrl Pts',(-254.905528403684,0.,-3.73014299039091));
#6958=CARTESIAN_POINT('Ctrl Pts',(-256.486372239399,0.,-3.39594128986826));
#6959=CARTESIAN_POINT('Ctrl Pts',(-258.145307740516,0.,-3.04523045239976));
#6960=CARTESIAN_POINT('Ctrl Pts',(-259.953343986045,0.,-2.54738424107201));
#6961=CARTESIAN_POINT('Ctrl Pts',(-261.35390801339,0.,-1.83993069713926));
#6962=CARTESIAN_POINT('Ctrl Pts',(-262.396222922568,0.,-1.31343611210386));
#6963=CARTESIAN_POINT('Ctrl Pts',(-263.170361106353,0.,-0.69758158091471));
#6964=CARTESIAN_POINT('Ctrl Pts',(-263.661410623749,0.,-1.34122613430288E-5));
#6965=CARTESIAN_POINT('Ctrl Pts',(-206.342157758201,0.,10.2203979809118));
#6966=CARTESIAN_POINT('Ctrl Pts',(-206.487848749048,0.,10.2113579207047));
#6967=CARTESIAN_POINT('Ctrl Pts',(-207.338567416562,0.,10.1587690989392));
#6968=CARTESIAN_POINT('Ctrl Pts',(-208.874816876916,0.,10.0658165519268));
#6969=CARTESIAN_POINT('Ctrl Pts',(-211.060172662979,0.,9.93731080268562));
#6970=CARTESIAN_POINT('Ctrl Pts',(-213.867945427058,0.,9.77364422511467));
#6971=CARTESIAN_POINT('Ctrl Pts',(-217.222299201766,0.,9.56997471015256));
#6972=CARTESIAN_POINT('Ctrl Pts',(-220.704809139215,0.,9.34209071580335));
#6973=CARTESIAN_POINT('Ctrl Pts',(-224.404171486582,0.,9.07830777904852));
#6974=CARTESIAN_POINT('Ctrl Pts',(-228.352656875102,0.,8.77266857608855));
#6975=CARTESIAN_POINT('Ctrl Pts',(-232.497819128548,0.,8.42692925969324));
#6976=CARTESIAN_POINT('Ctrl Pts',(-236.661855283117,0.,8.05334429412772));
#6977=CARTESIAN_POINT('Ctrl Pts',(-240.60344369841,0.,7.67031745510255));
#6978=CARTESIAN_POINT('Ctrl Pts',(-244.091622685838,0.,7.29678946735919));
#6979=CARTESIAN_POINT('Ctrl Pts',(-246.983254905914,0.,6.9473101622819));
#6980=CARTESIAN_POINT('Ctrl Pts',(-249.281441154866,0.,6.62628015221961));
#6981=CARTESIAN_POINT('Ctrl Pts',(-251.245842095611,0.,6.32385446972462));
#6982=CARTESIAN_POINT('Ctrl Pts',(-253.299132826092,0.,6.00605303178184));
#6983=CARTESIAN_POINT('Ctrl Pts',(-255.792045793721,0.,5.60288825799132));
#6984=CARTESIAN_POINT('Ctrl Pts',(-258.777713969188,0.,4.99300842055464));
#6985=CARTESIAN_POINT('Ctrl Pts',(-261.872539835864,0.,4.00132033853669));
#6986=CARTESIAN_POINT('Ctrl Pts',(-263.995589201531,0.,2.75881538352495));
#6987=CARTESIAN_POINT('Ctrl Pts',(-265.158807188644,0.,1.50992009655037));
#6988=CARTESIAN_POINT('Ctrl Pts',(-265.711150102733,0.,0.528166884608279));
#6989=CARTESIAN_POINT('Ctrl Pts',(-265.931527944759,0.,0.));
#6990=CARTESIAN_POINT('Ctrl Pts',(-265.931527944759,0.,-50.));
#6991=CARTESIAN_POINT('Ctrl Pts',(-265.931527944759,0.,50.));
#6992=CARTESIAN_POINT('Ctrl Pts',(-265.055473946508,0.530378076570228,-50.));
#6993=CARTESIAN_POINT('Ctrl Pts',(-265.055473946508,0.530378076570228,50.));
#6994=CARTESIAN_POINT('Ctrl Pts',(-263.216832100636,1.58495198768179,-50.));
#6995=CARTESIAN_POINT('Ctrl Pts',(-263.216832100636,1.58495198768179,50.));
#6996=CARTESIAN_POINT('Ctrl Pts',(-260.199262738041,3.14826707240955,-50.));
#6997=CARTESIAN_POINT('Ctrl Pts',(-260.199262738041,3.14826707240955,50.));
#6998=CARTESIAN_POINT('Ctrl Pts',(-255.655976775612,5.19553815259549,-50.));
#6999=CARTESIAN_POINT('Ctrl Pts',(-255.655976775612,5.19553815259549,50.));
#7000=CARTESIAN_POINT('Ctrl Pts',(-249.124943291855,7.68898990568333,-50.));
#7001=CARTESIAN_POINT('Ctrl Pts',(-249.124943291855,7.68898990568333,50.));
#7002=CARTESIAN_POINT('Ctrl Pts',(-241.793376047647,10.1059706726356,-50.));
#7003=CARTESIAN_POINT('Ctrl Pts',(-241.793376047647,10.1059706726356,50.));
#7004=CARTESIAN_POINT('Ctrl Pts',(-233.768122373775,12.4254224825711,-50.));
#7005=CARTESIAN_POINT('Ctrl Pts',(-233.768122373775,12.4254224825711,50.));
#7006=CARTESIAN_POINT('Ctrl Pts',(-225.236284016971,14.6118204865199,-50.));
#7007=CARTESIAN_POINT('Ctrl Pts',(-225.236284016971,14.6118204865199,50.));
#7008=CARTESIAN_POINT('Ctrl Pts',(-216.434546836393,16.6212164984082,-50.));
#7009=CARTESIAN_POINT('Ctrl Pts',(-216.434546836393,16.6212164984082,50.));
#7010=CARTESIAN_POINT('Ctrl Pts',(-207.611727140771,18.4085856325435,-50.));
#7011=CARTESIAN_POINT('Ctrl Pts',(-207.611727140771,18.4085856325435,50.));
#7012=CARTESIAN_POINT('Ctrl Pts',(-198.992106193328,19.9349936584673,-50.));
#7013=CARTESIAN_POINT('Ctrl Pts',(-198.992106193328,19.9349936584673,50.));
#7014=CARTESIAN_POINT('Ctrl Pts',(-190.74233326351,21.1742607799965,-50.));
#7015=CARTESIAN_POINT('Ctrl Pts',(-190.74233326351,21.1742607799965,50.));
#7016=CARTESIAN_POINT('Ctrl Pts',(-182.926807035475,22.1214651095693,-50.));
#7017=CARTESIAN_POINT('Ctrl Pts',(-182.926807035475,22.1214651095693,50.));
#7018=CARTESIAN_POINT('Ctrl Pts',(-175.503772723746,22.7950351179481,-50.));
#7019=CARTESIAN_POINT('Ctrl Pts',(-175.503772723746,22.7950351179481,50.));
#7020=CARTESIAN_POINT('Ctrl Pts',(-168.3700505572,23.2310016412185,-50.));
#7021=CARTESIAN_POINT('Ctrl Pts',(-168.3700505572,23.2310016412185,50.));
#7022=CARTESIAN_POINT('Ctrl Pts',(-161.393861472368,23.4794647724806,-50.));
#7023=CARTESIAN_POINT('Ctrl Pts',(-161.393861472368,23.4794647724806,50.));
#7024=CARTESIAN_POINT('Ctrl Pts',(-154.450060060554,23.6001091307551,-50.));
#7025=CARTESIAN_POINT('Ctrl Pts',(-154.450060060554,23.6001091307551,50.));
#7026=CARTESIAN_POINT('Ctrl Pts',(-147.459982235913,23.658650099244,-50.));
#7027=CARTESIAN_POINT('Ctrl Pts',(-147.459982235913,23.658650099244,50.));
#7028=CARTESIAN_POINT('Ctrl Pts',(-140.379418905946,23.7186679573191,-50.));
#7029=CARTESIAN_POINT('Ctrl Pts',(-140.379418905946,23.7186679573191,50.));
#7030=CARTESIAN_POINT('Ctrl Pts',(-133.174158562641,23.8320028316911,-50.));
#7031=CARTESIAN_POINT('Ctrl Pts',(-133.174158562641,23.8320028316911,50.));
#7032=CARTESIAN_POINT('Ctrl Pts',(-125.802389254776,24.0306590925319,-50.));
#7033=CARTESIAN_POINT('Ctrl Pts',(-125.802389254776,24.0306590925319,50.));
#7034=CARTESIAN_POINT('Ctrl Pts',(-118.188507828465,24.3154725051644,-50.));
#7035=CARTESIAN_POINT('Ctrl Pts',(-118.188507828465,24.3154725051644,50.));
#7036=CARTESIAN_POINT('Ctrl Pts',(-110.220397474325,24.6547248549387,-50.));
#7037=CARTESIAN_POINT('Ctrl Pts',(-110.220397474325,24.6547248549387,50.));
#7038=CARTESIAN_POINT('Ctrl Pts',(-101.782213719205,24.9983995317577,-50.));
#7039=CARTESIAN_POINT('Ctrl Pts',(-101.782213719205,24.9983995317577,50.));
#7040=CARTESIAN_POINT('Ctrl Pts',(-92.7794448161467,25.288843966786,-50.));
#7041=CARTESIAN_POINT('Ctrl Pts',(-92.7794448161467,25.288843966786,50.));
#7042=CARTESIAN_POINT('Ctrl Pts',(-83.1661012761864,25.472468631098,-50.));
#7043=CARTESIAN_POINT('Ctrl Pts',(-83.1661012761864,25.472468631098,50.));
#7044=CARTESIAN_POINT('Ctrl Pts',(-72.9739067761195,25.5118342549655,-50.));
#7045=CARTESIAN_POINT('Ctrl Pts',(-72.9739067761195,25.5118342549655,50.));
#7046=CARTESIAN_POINT('Ctrl Pts',(-62.3333296668961,25.3952104395109,-50.));
#7047=CARTESIAN_POINT('Ctrl Pts',(-62.3333296668961,25.3952104395109,50.));
#7048=CARTESIAN_POINT('Ctrl Pts',(-51.442325324111,25.1295639470399,-50.));
#7049=CARTESIAN_POINT('Ctrl Pts',(-51.442325324111,25.1295639470399,50.));
#7050=CARTESIAN_POINT('Ctrl Pts',(-40.5414613582355,24.735599875759,-50.));
#7051=CARTESIAN_POINT('Ctrl Pts',(-40.5414613582355,24.735599875759,50.));
#7052=CARTESIAN_POINT('Ctrl Pts',(-29.8873327145492,24.2421862478668,-50.));
#7053=CARTESIAN_POINT('Ctrl Pts',(-29.8873327145492,24.2421862478668,50.));
#7054=CARTESIAN_POINT('Ctrl Pts',(-19.7258181257673,23.68093463804,-50.));
#7055=CARTESIAN_POINT('Ctrl Pts',(-19.7258181257673,23.68093463804,50.));
#7056=CARTESIAN_POINT('Ctrl Pts',(-10.2677840152842,23.0811682138322,-50.));
#7057=CARTESIAN_POINT('Ctrl Pts',(-10.2677840152842,23.0811682138322,50.));
#7058=CARTESIAN_POINT('Ctrl Pts',(-1.6573902648979,22.4636684641676,-50.));
#7059=CARTESIAN_POINT('Ctrl Pts',(-1.6573902648979,22.4636684641676,50.));
#7060=CARTESIAN_POINT('Ctrl Pts',(6.02429201048177,21.8405303327534,-50.));
#7061=CARTESIAN_POINT('Ctrl Pts',(6.02429201048177,21.8405303327534,50.));
#7062=CARTESIAN_POINT('Ctrl Pts',(11.3961308247216,21.3424305518292,-50.));
#7063=CARTESIAN_POINT('Ctrl Pts',(11.3961308247216,21.3424305518292,50.));
#7064=CARTESIAN_POINT('Ctrl Pts',(14.9854957568469,20.9699841544305,-50.));
#7065=CARTESIAN_POINT('Ctrl Pts',(14.9854957568469,20.9699841544305,50.));
#7066=CARTESIAN_POINT('Ctrl Pts',(17.1833112013116,20.7221899249199,-50.));
#7067=CARTESIAN_POINT('Ctrl Pts',(17.1833112013116,20.7221899249199,50.));
#7068=CARTESIAN_POINT('Ctrl Pts',(18.2334461252871,20.598418507126,-50.));
#7069=CARTESIAN_POINT('Ctrl Pts',(18.2334461252871,20.598418507126,50.));
#7070=CARTESIAN_POINT('Ctrl Pts',(-266.96732606533,1.71088347160779,-46.1634283747575));
#7071=CARTESIAN_POINT('Ctrl Pts',(-266.96732606533,1.71088347160779,46.0161588588653));
#7072=CARTESIAN_POINT('Ctrl Pts',(-262.536383404074,4.39345195569964,-46.1634283747575));
#7073=CARTESIAN_POINT('Ctrl Pts',(-262.536383404074,4.39345195569964,46.0161588588653));
#7074=CARTESIAN_POINT('Ctrl Pts',(-256.904210620657,6.93581435347831,-46.1634283747575));
#7075=CARTESIAN_POINT('Ctrl Pts',(-256.904210620657,6.93581435347831,46.0161588588653));
#7076=CARTESIAN_POINT('Ctrl Pts',(-250.130954695087,9.36331835921216,-46.1634283747575));
#7077=CARTESIAN_POINT('Ctrl Pts',(-250.130954695087,9.36331835921216,46.0161588588653));
#7078=CARTESIAN_POINT('Ctrl Pts',(-244.001090227469,11.5602338033153,-46.1634283747575));
#7079=CARTESIAN_POINT('Ctrl Pts',(-244.001090227469,11.5602338033153,46.0161588588653));
#7080=CARTESIAN_POINT('Ctrl Pts',(-236.917027738377,13.6632350840268,-46.1634283747575));
#7081=CARTESIAN_POINT('Ctrl Pts',(-236.917027738377,13.6632350840268,46.0161588588653));
#7082=CARTESIAN_POINT('Ctrl Pts',(-229.366738357496,15.585791652131,-46.1634283747575));
#7083=CARTESIAN_POINT('Ctrl Pts',(-229.366738357496,15.585791652131,46.0161588588653));
#7084=CARTESIAN_POINT('Ctrl Pts',(-220.830329179564,17.7594473499662,-46.1634283747575));
#7085=CARTESIAN_POINT('Ctrl Pts',(-220.830329179564,17.7594473499662,46.0161588588653));
#7086=CARTESIAN_POINT('Ctrl Pts',(-211.76774598041,19.688005811153,-46.1634283747575));
#7087=CARTESIAN_POINT('Ctrl Pts',(-211.76774598041,19.688005811153,46.0161588588653));
#7088=CARTESIAN_POINT('Ctrl Pts',(-203.17626177156,21.1968945631376,-46.1634283747575));
#7089=CARTESIAN_POINT('Ctrl Pts',(-203.17626177156,21.1968945631376,46.0161588588653));
#7090=CARTESIAN_POINT('Ctrl Pts',(-196.131847340913,22.4340775038655,-46.1634283747575));
#7091=CARTESIAN_POINT('Ctrl Pts',(-196.131847340913,22.4340775038655,46.0161588588653));
#7092=CARTESIAN_POINT('Ctrl Pts',(-189.426568163427,23.3843799193727,-46.1634283747575));
#7093=CARTESIAN_POINT('Ctrl Pts',(-189.426568163427,23.3843799193727,46.0161588588653));
#7094=CARTESIAN_POINT('Ctrl Pts',(-183.148523327033,24.0512875817996,-46.1634283747575));
#7095=CARTESIAN_POINT('Ctrl Pts',(-183.148523327033,24.0512875817996,46.0161588588653));
#7096=CARTESIAN_POINT('Ctrl Pts',(-173.28980557044,25.0985649722796,-46.1634283747575));
#7097=CARTESIAN_POINT('Ctrl Pts',(-173.28980557044,25.0985649722796,46.0161588588653));
#7098=CARTESIAN_POINT('Ctrl Pts',(-164.39766483477,25.4365104319898,-46.1634283747575));
#7099=CARTESIAN_POINT('Ctrl Pts',(-164.39766483477,25.4365104319898,46.0161588588653));
#7100=CARTESIAN_POINT('Ctrl Pts',(-155.427967202712,25.5706489953906,-46.1634283747575));
#7101=CARTESIAN_POINT('Ctrl Pts',(-155.427967202712,25.5706489953906,46.0161588588653));
#7102=CARTESIAN_POINT('Ctrl Pts',(-147.801287865892,25.6847032090023,-46.1634283747575));
#7103=CARTESIAN_POINT('Ctrl Pts',(-147.801287865892,25.6847032090023,46.0161588588653));
#7104=CARTESIAN_POINT('Ctrl Pts',(-140.143114253037,25.691482792088,-46.1634283747575));
#7105=CARTESIAN_POINT('Ctrl Pts',(-140.143114253037,25.691482792088,46.0161588588653));
#7106=CARTESIAN_POINT('Ctrl Pts',(-132.179698900549,25.874809098274,-46.1634283747575));
#7107=CARTESIAN_POINT('Ctrl Pts',(-132.179698900549,25.874809098274,46.0161588588653));
#7108=CARTESIAN_POINT('Ctrl Pts',(-123.267189147471,26.0799845687922,-46.1634283747575));
#7109=CARTESIAN_POINT('Ctrl Pts',(-123.267189147471,26.0799845687922,46.0161588588653));
#7110=CARTESIAN_POINT('Ctrl Pts',(-113.982978623444,26.5269824866623,-46.1634283747575));
#7111=CARTESIAN_POINT('Ctrl Pts',(-113.982978623444,26.5269824866623,46.0161588588653));
#7112=CARTESIAN_POINT('Ctrl Pts',(-103.439433981001,26.9206784661788,-46.1634283747575));
#7113=CARTESIAN_POINT('Ctrl Pts',(-103.439433981001,26.9206784661788,46.0161588588653));
#7114=CARTESIAN_POINT('Ctrl Pts',(-96.306590859221,27.1870188436133,-46.1634283747575));
#7115=CARTESIAN_POINT('Ctrl Pts',(-96.306590859221,27.1870188436133,46.0161588588653));
#7116=CARTESIAN_POINT('Ctrl Pts',(-88.5692412045158,27.4042147217911,-46.1634283747575));
#7117=CARTESIAN_POINT('Ctrl Pts',(-88.5692412045158,27.4042147217911,46.0161588588653));
#7118=CARTESIAN_POINT('Ctrl Pts',(-80.2394233424429,27.4616725113525,-46.1634283747575));
#7119=CARTESIAN_POINT('Ctrl Pts',(-80.2394233424429,27.4616725113525,46.0161588588653));
#7120=CARTESIAN_POINT('Ctrl Pts',(-70.3239506915279,27.5300679013131,-46.1634283747575));
#7121=CARTESIAN_POINT('Ctrl Pts',(-70.3239506915279,27.5300679013131,46.0161588588653));
#7122=CARTESIAN_POINT('Ctrl Pts',(-59.572705868741,27.3686296552038,-46.1634283747575));
#7123=CARTESIAN_POINT('Ctrl Pts',(-59.572705868741,27.3686296552038,46.0161588588653));
#7124=CARTESIAN_POINT('Ctrl Pts',(-48.8576900285223,27.0172741597838,-46.1634283747575));
#7125=CARTESIAN_POINT('Ctrl Pts',(-48.8576900285223,27.0172741597838,46.0161588588653));
#7126=CARTESIAN_POINT('Ctrl Pts',(-38.0968911112003,26.6644173939992,-46.1634283747575));
#7127=CARTESIAN_POINT('Ctrl Pts',(-38.0968911112003,26.6644173939992,46.0161588588653));
#7128=CARTESIAN_POINT('Ctrl Pts',(-27.4380385982088,26.1336079012606,-46.1634283747575));
#7129=CARTESIAN_POINT('Ctrl Pts',(-27.4380385982088,26.1336079012606,46.0161588588653));
#7130=CARTESIAN_POINT('Ctrl Pts',(-17.8822804513242,25.5539767488233,-46.1634283747575));
#7131=CARTESIAN_POINT('Ctrl Pts',(-17.8822804513242,25.5539767488233,46.0161588588653));
#7132=CARTESIAN_POINT('Ctrl Pts',(-8.80629056815835,25.0034472780451,-46.1634283747575));
#7133=CARTESIAN_POINT('Ctrl Pts',(-8.80629056815835,25.0034472780451,46.0161588588653));
#7134=CARTESIAN_POINT('Ctrl Pts',(-0.737500876143898,24.4129410419205,-46.1634283747575));
#7135=CARTESIAN_POINT('Ctrl Pts',(-0.737500876143898,24.4129410419205,46.0161588588653));
#7136=CARTESIAN_POINT('Ctrl Pts',(6.02720208045304,23.8269473612129,-46.1634283747575));
#7137=CARTESIAN_POINT('Ctrl Pts',(6.02720208045304,23.8269473612129,46.0161588588653));
#7138=CARTESIAN_POINT('Ctrl Pts',(10.8096213900291,23.4126693785895,-46.1634283747575));
#7139=CARTESIAN_POINT('Ctrl Pts',(10.8096213900291,23.4126693785895,46.0161588588653));
#7140=CARTESIAN_POINT('Ctrl Pts',(14.9567408899824,22.9984624684244,-46.1634283747575));
#7141=CARTESIAN_POINT('Ctrl Pts',(14.9567408899824,22.9984624684244,46.0161588588653));
#7142=CARTESIAN_POINT('Ctrl Pts',(18.4675504889762,22.5846700387558,-46.1634283747575));
#7143=CARTESIAN_POINT('Ctrl Pts',(18.4675504889762,22.5846700387558,46.0161588588653));
#7144=CARTESIAN_POINT('',(-3.06594583836276,24.5565407904187,-9.));
#7145=CARTESIAN_POINT('Ctrl Pts',(18.4675504889762,22.5846700387558,-9.));
#7146=CARTESIAN_POINT('Ctrl Pts',(14.9567408899824,22.9984624684244,-9.));
#7147=CARTESIAN_POINT('Ctrl Pts',(10.8096213900291,23.4126693785895,-9.));
#7148=CARTESIAN_POINT('Ctrl Pts',(6.02720208045304,23.8269473612129,-9.));
#7149=CARTESIAN_POINT('Ctrl Pts',(3.21224642434466,24.0707934305134,-9.));
#7150=CARTESIAN_POINT('Ctrl Pts',(0.171476109423308,24.3154208904486,-9.));
#7151=CARTESIAN_POINT('Ctrl Pts',(-3.07371648972376,24.5576240308464,-9.));
#7152=CARTESIAN_POINT('',(-18.112741706256,25.5679335019471,-28.8089676595188));
#7153=CARTESIAN_POINT('Ctrl Pts',(18.4675504889762,22.5846700387558,-28.8089676595188));
#7154=CARTESIAN_POINT('Ctrl Pts',(14.9567408899824,22.9984624684244,-28.8089676595188));
#7155=CARTESIAN_POINT('Ctrl Pts',(10.809621390029,23.4126693785895,-28.8089676595188));
#7156=CARTESIAN_POINT('Ctrl Pts',(6.02720208045302,23.8269473612129,-28.8089676595188));
#7157=CARTESIAN_POINT('Ctrl Pts',(-0.737500876143923,24.4129410419205,-28.8089676595188));
#7158=CARTESIAN_POINT('Ctrl Pts',(-8.80629056815836,25.0034472780451,-28.8089676595188));
#7159=CARTESIAN_POINT('Ctrl Pts',(-17.8822804513242,25.5539767488233,-28.8089676595188));
#7160=CARTESIAN_POINT('Ctrl Pts',(-17.9590324225,25.5586323536241,-28.8089676595188));
#7161=CARTESIAN_POINT('Ctrl Pts',(-18.0358555578548,25.5632848087821,-28.8089676595188));
#7162=CARTESIAN_POINT('Ctrl Pts',(-18.1127493386228,25.5679340473852,-28.8089676595188));
#7163=CARTESIAN_POINT('',(-266.96732606533,1.71088347160779,0.));
#7164=CARTESIAN_POINT('Ctrl Pts',(-18.1127417062559,25.5679335019471,-28.8089676595188));
#7165=CARTESIAN_POINT('Ctrl Pts',(-18.912268898434,25.6162748538862,-28.7608459704005));
#7166=CARTESIAN_POINT('Ctrl Pts',(-20.6335380059017,25.7190051448825,-28.691596462302));
#7167=CARTESIAN_POINT('Ctrl Pts',(-24.370203774566,25.9324262752219,-28.6939531860515));
#7168=CARTESIAN_POINT('Ctrl Pts',(-29.0348387327689,26.1822697482413,-28.8041196789458));
#7169=CARTESIAN_POINT('Ctrl Pts',(-33.516692358521,26.4007983861854,-28.930152320836));
#7170=CARTESIAN_POINT('Ctrl Pts',(-36.2534537575301,26.5262048577042,-29.027387075647));
#7171=CARTESIAN_POINT('Ctrl Pts',(-38.3241548409689,26.6174208252088,-29.1146913025106));
#7172=CARTESIAN_POINT('Ctrl Pts',(-40.3851229529444,26.7040798009536,-29.220815259752));
#7173=CARTESIAN_POINT('Ctrl Pts',(-42.9851507060868,26.8087883287188,-29.3808500356695));
#7174=CARTESIAN_POINT('Ctrl Pts',(-46.9134217192656,26.9560530223083,-29.6905906836632));
#7175=CARTESIAN_POINT('Ctrl Pts',(-51.4498381452509,27.1021681585602,-30.226688953527));
#7176=CARTESIAN_POINT('Ctrl Pts',(-54.8509354275279,27.195722864896,-30.7623650818866));
#7177=CARTESIAN_POINT('Ctrl Pts',(-56.8510784248625,27.2455215099857,-31.1234950699345));
#7178=CARTESIAN_POINT('Ctrl Pts',(-58.8487585904831,27.292093425354,-31.5133519439369));
#7179=CARTESIAN_POINT('Ctrl Pts',(-61.4720690664079,27.3457101495477,-32.0963270286346));
#7180=CARTESIAN_POINT('Ctrl Pts',(-65.3266621775053,27.4104832537709,-33.1009065098848));
#7181=CARTESIAN_POINT('Ctrl Pts',(-71.0498543352279,27.4738251454536,-34.9647526319409));
#7182=CARTESIAN_POINT('Ctrl Pts',(-76.0411901886417,27.4833447646645,-37.2701323927539));
#7183=CARTESIAN_POINT('Ctrl Pts',(-80.083462111162,27.4654601948619,-39.3529413535574));
#7184=CARTESIAN_POINT('Ctrl Pts',(-82.5238947471965,27.4426521664778,-40.5305283657753));
#7185=CARTESIAN_POINT('Ctrl Pts',(-83.8040946546894,27.4278213350565,-41.1050512911256));
#7186=CARTESIAN_POINT('Ctrl Pts',(-84.5403038043321,27.4183861511949,-41.4223691568448));
#7187=CARTESIAN_POINT('Ctrl Pts',(-86.733622208381,27.3878566100139,-42.3376485375754));
#7188=CARTESIAN_POINT('Ctrl Pts',(-91.0568297223608,27.3185459560772,-43.9305443207535));
#7189=CARTESIAN_POINT('Ctrl Pts',(-97.6000523722129,27.1240686601607,-45.0991878412878));
#7190=CARTESIAN_POINT('Ctrl Pts',(-99.8965166168093,27.0476616364557,-45.4109130563039));
#7191=CARTESIAN_POINT('Ctrl Pts',(-101.098358618342,27.00577609649,-45.5479329662126));
#7192=CARTESIAN_POINT('Ctrl Pts',(-101.713128746523,26.9838665580964,-45.611404226078));
#7193=CARTESIAN_POINT('Ctrl Pts',(-102.067793525241,26.9710958231398,-45.6461112975512));
#7194=CARTESIAN_POINT('Ctrl Pts',(-102.964244194217,26.9385859683774,-45.7304865870729));
#7195=CARTESIAN_POINT('Ctrl Pts',(-104.510175105051,26.8808961678072,-45.8519721636685));
#7196=CARTESIAN_POINT('Ctrl Pts',(-106.232002251913,26.8136940412239,-45.9355772331328));
#7197=CARTESIAN_POINT('Ctrl Pts',(-107.330424877495,26.7698905428109,-45.9660948803055));
#7198=CARTESIAN_POINT('Ctrl Pts',(-107.774394323311,26.7521105212748,-45.9763844265089));
#7199=CARTESIAN_POINT('Ctrl Pts',(-108.567502116862,26.7201577363996,-45.9893372872663));
#7200=CARTESIAN_POINT('Ctrl Pts',(-110.208490996226,26.6533522481057,-45.9929829802213));
#7201=CARTESIAN_POINT('Ctrl Pts',(-113.688726402437,26.5095180399944,-45.8940559368081));
#7202=CARTESIAN_POINT('Ctrl Pts',(-117.932803634801,26.3343999193665,-45.4696183053126));
#7203=CARTESIAN_POINT('Ctrl Pts',(-122.195439996452,26.1727675175169,-44.5626283277293));
#7204=CARTESIAN_POINT('Ctrl Pts',(-126.301351218354,26.030881665064,-43.2755132983942));
#7205=CARTESIAN_POINT('Ctrl Pts',(-129.651598984763,25.9347049957089,-41.6009429173171));
#7206=CARTESIAN_POINT('Ctrl Pts',(-132.723359445471,25.861287232647,-39.5469666701699));
#7207=CARTESIAN_POINT('Ctrl Pts',(-135.16604667819,25.8108222323453,-37.6742032112808));
#7208=CARTESIAN_POINT('Ctrl Pts',(-137.743074273459,25.7667380574729,-35.4910238952484));
#7209=CARTESIAN_POINT('Ctrl Pts',(-140.452957287974,25.7299087645961,-33.0801616347341));
#7210=CARTESIAN_POINT('Ctrl Pts',(-142.74854824909,25.7035381481038,-30.9985757163494));
#7211=CARTESIAN_POINT('Ctrl Pts',(-146.166524133998,25.6697838165777,-27.8667906817542));
#7212=CARTESIAN_POINT('Ctrl Pts',(-150.851154094654,25.6293911518064,-23.5626928412039));
#7213=CARTESIAN_POINT('Ctrl Pts',(-155.411722555134,25.5772716432948,-19.9327503451563));
#7214=CARTESIAN_POINT('Ctrl Pts',(-159.972340093549,25.4899424474524,-17.4379069944822));
#7215=CARTESIAN_POINT('Ctrl Pts',(-164.043736901836,25.3770767052641,-15.8921293565254));
#7216=CARTESIAN_POINT('Ctrl Pts',(-167.910286882213,25.219793669193,-14.8916016040094));
#7217=CARTESIAN_POINT('Ctrl Pts',(-171.987138237884,24.9955844712582,-14.043482128286));
#7218=CARTESIAN_POINT('Ctrl Pts',(-175.327927800869,24.7735045416142,-13.4492159032888));
#7219=CARTESIAN_POINT('Ctrl Pts',(-179.636188120582,24.4099732378264,-12.7965415690953));
#7220=CARTESIAN_POINT('Ctrl Pts',(-184.898596546672,23.8832211308617,-12.0969052476302));
#7221=CARTESIAN_POINT('Ctrl Pts',(-194.099328219581,22.7479457817682,-11.0718083808065));
#7222=CARTESIAN_POINT('Ctrl Pts',(-207.294258092287,20.5639211389142,-10.1394864097407));
#7223=CARTESIAN_POINT('Ctrl Pts',(-220.039704725325,17.8853603182992,-9.46141773592153));
#7224=CARTESIAN_POINT('Ctrl Pts',(-228.925238826311,15.7182270334971,-8.76474417949926));
#7225=CARTESIAN_POINT('Ctrl Pts',(-233.960363430638,14.3870105290003,-8.34262527902927));
#7226=CARTESIAN_POINT('Ctrl Pts',(-238.902933596003,13.0101969851484,-7.89500395953385));
#7227=CARTESIAN_POINT('Ctrl Pts',(-243.913870704524,11.4889802116703,-7.39514100329301));
#7228=CARTESIAN_POINT('Ctrl Pts',(-248.044912874696,10.1037626744138,-6.89104159278114));
#7229=CARTESIAN_POINT('Ctrl Pts',(-250.464328415036,9.24799795209269,-6.54801964883806));
#7230=CARTESIAN_POINT('Ctrl Pts',(-252.190493679204,8.61251822306203,-6.28663530391744));
#7231=CARTESIAN_POINT('Ctrl Pts',(-253.412761671525,8.14501101396016,-6.0988881016044));
#7232=CARTESIAN_POINT('Ctrl Pts',(-254.565964746707,7.6946121888365,-5.91748604832134));
#7233=CARTESIAN_POINT('Ctrl Pts',(-255.600079889715,7.28076458331927,-5.74977321108989));
#7234=CARTESIAN_POINT('Ctrl Pts',(-256.942263650125,6.7224144471621,-5.50593702612712));
#7235=CARTESIAN_POINT('Ctrl Pts',(-258.31540739479,6.13469993012062,-5.22983612838321));
#7236=CARTESIAN_POINT('Ctrl Pts',(-260.087613186158,5.34139714763913,-4.80425491999818));
#7237=CARTESIAN_POINT('Ctrl Pts',(-262.130459936472,4.36360542354163,-4.13439361755962));
#7238=CARTESIAN_POINT('Ctrl Pts',(-264.102244526587,3.35056827693145,-3.20434266346037));
#7239=CARTESIAN_POINT('Ctrl Pts',(-265.832845807414,2.38947481872983,-1.8949159011689));
#7240=CARTESIAN_POINT('Ctrl Pts',(-266.66805345621,1.89206822861152,-0.690845683254697));
#7241=CARTESIAN_POINT('Ctrl Pts',(-266.96732606533,1.71088347160779,0.));
#7242=CARTESIAN_POINT('Ctrl Pts',(-266.96732606533,1.71088347160779,-1.346145417358E-14));
#7243=CARTESIAN_POINT('Ctrl Pts',(-266.615481409241,1.92389624515879,0.812203838332732));
#7244=CARTESIAN_POINT('Ctrl Pts',(-265.570339198242,2.5446236688761,2.20282114488778));
#7245=CARTESIAN_POINT('Ctrl Pts',(-263.4294725464,3.71011914479981,3.58977489817068));
#7246=CARTESIAN_POINT('Ctrl Pts',(-261.021594734004,4.90680039058451,4.54007730088765));
#7247=CARTESIAN_POINT('Ctrl Pts',(-258.987291976954,5.83920708495873,5.07867512615783));
#7248=CARTESIAN_POINT('Ctrl Pts',(-257.50379218016,6.48319712658673,5.39482584721425));
#7249=CARTESIAN_POINT('Ctrl Pts',(-256.658889249736,6.84014576378607,5.55677463428519));
#7250=CARTESIAN_POINT('Ctrl Pts',(-256.026681233726,7.10258944857542,5.67095550813498));
#7251=CARTESIAN_POINT('Ctrl Pts',(-255.397988805581,7.35973977898146,5.77997183054193));
#7252=CARTESIAN_POINT('Ctrl Pts',(-254.216159155524,7.83411938219246,5.97310281610952));
#7253=CARTESIAN_POINT('Ctrl Pts',(-251.400216285868,8.92717345621892,6.41632978608973));
#7254=CARTESIAN_POINT('Ctrl Pts',(-247.114717388536,10.4481430403007,7.03408556866228));
#7255=CARTESIAN_POINT('Ctrl Pts',(-242.466391165625,11.9185097550149,7.53133936586772));
#7256=CARTESIAN_POINT('Ctrl Pts',(-239.147030288891,12.9260281824802,7.86894542708265));
#7257=CARTESIAN_POINT('Ctrl Pts',(-233.246993081382,14.6119535232437,8.41367282481387));
#7258=CARTESIAN_POINT('Ctrl Pts',(-224.462696670169,16.8514063814957,9.13468687076552));
#7259=CARTESIAN_POINT('Ctrl Pts',(-214.04962069525,19.1645108204274,9.80091171957818));
#7260=CARTESIAN_POINT('Ctrl Pts',(-205.209392489116,20.867366797557,10.2906269125248));
#7261=CARTESIAN_POINT('Ctrl Pts',(-198.943319136066,21.9217731168609,10.7451570518371));
#7262=CARTESIAN_POINT('Ctrl Pts',(-195.803441221348,22.4094283352669,11.0039042969533));
#7263=CARTESIAN_POINT('Ctrl Pts',(-194.012502893537,22.6755230582359,11.1620868170983));
#7264=CARTESIAN_POINT('Ctrl Pts',(-191.917791254761,22.9770171987861,11.3554149193741));
#7265=CARTESIAN_POINT('Ctrl Pts',(-189.094402928869,23.3596255488503,11.6369983730391));
#7266=CARTESIAN_POINT('Ctrl Pts',(-185.47496615764,23.8018546502993,12.0420432452325));
#7267=CARTESIAN_POINT('Ctrl Pts',(-181.973345572436,24.1809973935074,12.480186178074));
#7268=CARTESIAN_POINT('Ctrl Pts',(-178.753153442441,24.4861969017903,12.9282769878951));
#7269=CARTESIAN_POINT('Ctrl Pts',(-175.752692769819,24.733695304113,13.3902968654141));
#7270=CARTESIAN_POINT('Ctrl Pts',(-172.0682459921,24.9945668532406,14.0234731919243));
#7271=CARTESIAN_POINT('Ctrl Pts',(-168.096816184493,25.2119160154728,14.8359276061795));
#7272=CARTESIAN_POINT('Ctrl Pts',(-164.377417607795,25.3609421564637,15.8352340455428));
#7273=CARTESIAN_POINT('Ctrl Pts',(-159.791512754259,25.4999056218829,17.4414820805449));
#7274=CARTESIAN_POINT('Ctrl Pts',(-155.841445268308,25.5687888613375,19.6709237804103));
#7275=CARTESIAN_POINT('Ctrl Pts',(-151.036216609558,25.6273818267456,23.4322538385724));
#7276=CARTESIAN_POINT('Ctrl Pts',(-147.086279249689,25.6615352129877,27.0166106909079));
#7277=CARTESIAN_POINT('Ctrl Pts',(-143.397909441917,25.6966330642391,30.4065864069139));
#7278=CARTESIAN_POINT('Ctrl Pts',(-141.136522569543,25.7218707650498,32.4615927929877));
#7279=CARTESIAN_POINT('Ctrl Pts',(-137.710541647073,25.7654301463539,35.5339245940107));
#7280=CARTESIAN_POINT('Ctrl Pts',(-134.472567372046,25.8222161826515,38.2912185589738));
#7281=CARTESIAN_POINT('Ctrl Pts',(-131.071250554586,25.8996608148811,40.6877150427776));
#7282=CARTESIAN_POINT('Ctrl Pts',(-129.015452215253,25.9540801622374,41.8806532196056));
#7283=CARTESIAN_POINT('Ctrl Pts',(-127.293168582176,26.0043123779054,42.719539382811));
#7284=CARTESIAN_POINT('Ctrl Pts',(-125.593504349247,26.0568695759003,43.4495553867375));
#7285=CARTESIAN_POINT('Ctrl Pts',(-122.880603854286,26.1471335773399,44.4061291596113));
#7286=CARTESIAN_POINT('Ctrl Pts',(-119.048957781292,26.2913342925192,45.2580665992106));
#7287=CARTESIAN_POINT('Ctrl Pts',(-115.279318629005,26.4437653464494,45.7333350061515));
#7288=CARTESIAN_POINT('Ctrl Pts',(-112.010587107329,26.578943302631,45.9590497036381));
#7289=CARTESIAN_POINT('Ctrl Pts',(-108.719684945864,26.714620065334,46.0132002535694));
#7290=CARTESIAN_POINT('Ctrl Pts',(-104.379583423921,26.8879209072339,45.8840874284729));
#7291=CARTESIAN_POINT('Ctrl Pts',(-97.5942632627265,27.1359731683052,45.2436391587707));
#7292=CARTESIAN_POINT('Ctrl Pts',(-90.0790757172811,27.3345130989083,43.5921389681015));
#7293=CARTESIAN_POINT('Ctrl Pts',(-86.0826038778361,27.3968362820706,42.0614415062676));
#7294=CARTESIAN_POINT('Ctrl Pts',(-84.6322451093956,27.4171596352852,41.4615296232357));
#7295=CARTESIAN_POINT('Ctrl Pts',(-83.9444101161854,27.426164832739,41.1658759267232));
#7296=CARTESIAN_POINT('Ctrl Pts',(-81.2693873451157,27.4568776698011,39.9777016152017));
#7297=CARTESIAN_POINT('Ctrl Pts',(-77.1838893534835,27.4852276434769,37.8121589276087));
#7298=CARTESIAN_POINT('Ctrl Pts',(-68.2500555852367,27.4675376303706,33.6524787758196));
#7299=CARTESIAN_POINT('Ctrl Pts',(-56.1971260067643,27.291059131736,30.4928141894178));
#7300=CARTESIAN_POINT('Ctrl Pts',(-42.3848789481351,26.7909336029384,29.3073332486281));
#7301=CARTESIAN_POINT('Ctrl Pts',(-37.5101483799748,26.5827878450621,29.0758614915896));
#7302=CARTESIAN_POINT('Ctrl Pts',(-34.8805588160175,26.4635643558391,28.9777107054344));
#7303=CARTESIAN_POINT('Ctrl Pts',(-33.5188697176007,26.3994816083966,28.9338855581423));
#7304=CARTESIAN_POINT('Ctrl Pts',(-32.7226001342516,26.361412327279,28.9094802688153));
#7305=CARTESIAN_POINT('Ctrl Pts',(-31.5229406784301,26.3034366518693,28.8740093907058));
#7306=CARTESIAN_POINT('Ctrl Pts',(-29.6009992678575,26.2079828214235,28.8214467574015));
#7307=CARTESIAN_POINT('Ctrl Pts',(-27.7591099852307,26.1123767684424,28.7761075929923));
#7308=CARTESIAN_POINT('Ctrl Pts',(-26.6747237886644,26.0548428260186,28.7521917813213));
#7309=CARTESIAN_POINT('Ctrl Pts',(-25.9707690176854,26.0171877349163,28.737540311418));
#7310=CARTESIAN_POINT('Ctrl Pts',(-24.809238741268,25.9542753988111,28.7160081328419));
#7311=CARTESIAN_POINT('Ctrl Pts',(-22.7268297046314,25.8388628164562,28.6896948501261));
#7312=CARTESIAN_POINT('Ctrl Pts',(-20.3429179908857,25.7015309764878,28.7043419527099));
#7313=CARTESIAN_POINT('Ctrl Pts',(-18.8291456189744,25.6112490189352,28.7658489679868));
#7314=CARTESIAN_POINT('Ctrl Pts',(-18.1127417062559,25.5679335019471,28.8089676595188));
#7315=CARTESIAN_POINT('',(-3.06594583836276,24.5565407904187,9.));
#7316=CARTESIAN_POINT('Ctrl Pts',(-3.07371648972376,24.5576240308464,9.));
#7317=CARTESIAN_POINT('Ctrl Pts',(0.171476109423308,24.3154208904486,9.));
#7318=CARTESIAN_POINT('Ctrl Pts',(3.21224642434466,24.0707934305134,9.));
#7319=CARTESIAN_POINT('Ctrl Pts',(6.02720208045304,23.8269473612129,9.));
#7320=CARTESIAN_POINT('Ctrl Pts',(10.8096213900291,23.4126693785895,9.));
#7321=CARTESIAN_POINT('Ctrl Pts',(14.9567408899824,22.9984624684244,9.));
#7322=CARTESIAN_POINT('Ctrl Pts',(18.4675504889762,22.5846700387558,9.));
#7323=CARTESIAN_POINT('',(-3.06594583836276,24.5565407904187,7.));
#7324=CARTESIAN_POINT('',(-3.06594583836276,24.5565407904187,7.));
#7325=CARTESIAN_POINT('Ctrl Pts',(-3.07371648972848,24.5576240308467,6.99999999999999));
#7326=CARTESIAN_POINT('Ctrl Pts',(0.171476109420364,24.3154208904488,6.99999999999999));
#7327=CARTESIAN_POINT('Ctrl Pts',(3.2122464243433,24.0707934305135,6.99999999999999));
#7328=CARTESIAN_POINT('Ctrl Pts',(6.02720208045304,23.8269473612129,6.99999999999999));
#7329=CARTESIAN_POINT('Ctrl Pts',(10.8096213900291,23.4126693785895,6.99999999999999));
#7330=CARTESIAN_POINT('Ctrl Pts',(14.9567408899824,22.9984624684244,6.99999999999999));
#7331=CARTESIAN_POINT('Ctrl Pts',(18.4675504889762,22.5846700387558,6.99999999999999));
#7332=CARTESIAN_POINT('',(-3.06594583836276,24.5565407904187,-7.));
#7333=CARTESIAN_POINT('Ctrl Pts',(-3.07371648972848,24.5576240308467,-7.));
#7334=CARTESIAN_POINT('Ctrl Pts',(0.171476109420364,24.3154208904488,-7.));
#7335=CARTESIAN_POINT('Ctrl Pts',(3.2122464243433,24.0707934305135,-7.));
#7336=CARTESIAN_POINT('Ctrl Pts',(6.02720208045304,23.8269473612129,-7.));
#7337=CARTESIAN_POINT('Ctrl Pts',(10.8096213900291,23.4126693785895,-7.));
#7338=CARTESIAN_POINT('Ctrl Pts',(14.9567408899824,22.9984624684244,-7.));
#7339=CARTESIAN_POINT('Ctrl Pts',(18.4675504889762,22.5846700387558,-7.));
#7340=CARTESIAN_POINT('',(-3.06594583836276,24.5565407904187,-7.));
#7341=CARTESIAN_POINT('Ctrl Pts',(-266.96732606533,1.71088347160779,-1.346145417358E-14));
#7342=CARTESIAN_POINT('Ctrl Pts',(-266.622060025139,1.14058898107186,-1.346145417358E-14));
#7343=CARTESIAN_POINT('Ctrl Pts',(-266.276793984949,0.570294490535933,-1.346145417358E-14));
#7344=CARTESIAN_POINT('Ctrl Pts',(-265.931527944759,2.39391839684799E-15,
-1.346145417358E-14));
#7345=CARTESIAN_POINT('Ctrl Pts',(-266.615481409241,1.92389624515879,0.812203838332732));
#7346=CARTESIAN_POINT('Ctrl Pts',(-266.274435932777,1.35103997769362,0.812203838332732));
#7347=CARTESIAN_POINT('Ctrl Pts',(-265.933681047633,0.778027507626115,0.812203838332732));
#7348=CARTESIAN_POINT('Ctrl Pts',(-265.592635571168,0.20517124016094,0.812203838332732));
#7349=CARTESIAN_POINT('Ctrl Pts',(-265.570339198242,2.5446236688761,2.20282114488778));
#7350=CARTESIAN_POINT('Ctrl Pts',(-265.241819065811,1.96435468216412,2.20282114488778));
#7351=CARTESIAN_POINT('Ctrl Pts',(-264.913154344421,1.38416329370483,2.20282114488778));
#7352=CARTESIAN_POINT('Ctrl Pts',(-264.58463421199,0.803894306992848,2.20282114488778));
#7353=CARTESIAN_POINT('Ctrl Pts',(-263.4294725464,3.71011914479981,3.58977489817068));
#7354=CARTESIAN_POINT('Ctrl Pts',(-263.122417599506,3.11820969573866,3.58977489817068));
#7355=CARTESIAN_POINT('Ctrl Pts',(-262.815466091949,2.5262450492686,3.58977489817068));
#7356=CARTESIAN_POINT('Ctrl Pts',(-262.508411145054,1.93433560020744,3.58977489817068));
#7357=CARTESIAN_POINT('Ctrl Pts',(-261.021594734004,4.90680039058451,4.54007730088765));
#7358=CARTESIAN_POINT('Ctrl Pts',(-260.734893294613,4.30481062122967,4.54007730088765));
#7359=CARTESIAN_POINT('Ctrl Pts',(-260.448118507838,3.70285945434326,4.54007730088765));
#7360=CARTESIAN_POINT('Ctrl Pts',(-260.161417068447,3.10086968498842,4.54007730088765));
#7361=CARTESIAN_POINT('Ctrl Pts',(-258.987291976954,5.83920708495873,5.07867512615783));
#7362=CARTESIAN_POINT('Ctrl Pts',(-258.71510975532,5.23058487830743,5.07867512615783));
#7363=CARTESIAN_POINT('Ctrl Pts',(-258.442977285974,4.62193753253468,5.07867512615783));
#7364=CARTESIAN_POINT('Ctrl Pts',(-258.17079506434,4.01331532588338,5.07867512615783));
#7365=CARTESIAN_POINT('Ctrl Pts',(-257.50379218016,6.48319712658673,5.39482584721425));
#7366=CARTESIAN_POINT('Ctrl Pts',(-257.241136244742,5.8704392600053,5.39482584721425));
#7367=CARTESIAN_POINT('Ctrl Pts',(-256.978427737118,5.25770739289489,5.39482584721425));
#7368=CARTESIAN_POINT('Ctrl Pts',(-256.7157718017,4.64494952631346,5.39482584721425));
#7369=CARTESIAN_POINT('Ctrl Pts',(-256.658889249736,6.84014576378607,5.55677463428519));
#7370=CARTESIAN_POINT('Ctrl Pts',(-256.401311977707,6.22524482276252,5.55677463428519));
#7371=CARTESIAN_POINT('Ctrl Pts',(-256.14376386137,5.61032956179761,5.55677463428519));
#7372=CARTESIAN_POINT('Ctrl Pts',(-255.886186589341,4.99542862077406,5.55677463428519));
#7373=CARTESIAN_POINT('Ctrl Pts',(-256.026681233726,7.10258944857542,5.67095550813498));
#7374=CARTESIAN_POINT('Ctrl Pts',(-255.772798375042,6.48615421173543,5.67095550813498));
#7375=CARTESIAN_POINT('Ctrl Pts',(-255.518902364499,5.86972463222903,5.67095550813498));
#7376=CARTESIAN_POINT('Ctrl Pts',(-255.265019505814,5.25328939538904,5.67095550813498));
#7377=CARTESIAN_POINT('Ctrl Pts',(-255.397988805581,7.35973977898146,5.77997183054193));
#7378=CARTESIAN_POINT('Ctrl Pts',(-255.147651145707,6.74185428265688,5.77997183054193));
#7379=CARTESIAN_POINT('Ctrl Pts',(-254.897305090953,6.1239735914267,5.77997183054193));
#7380=CARTESIAN_POINT('Ctrl Pts',(-254.646967431079,5.50608809510213,5.77997183054193));
#7381=CARTESIAN_POINT('Ctrl Pts',(-254.216159155524,7.83411938219246,5.97310281610952));
#7382=CARTESIAN_POINT('Ctrl Pts',(-253.972207505929,7.21367298233085,5.97310281610952));
#7383=CARTESIAN_POINT('Ctrl Pts',(-253.728285229062,6.59321216544246,5.97310281610952));
#7384=CARTESIAN_POINT('Ctrl Pts',(-253.484333579467,5.97276576558085,5.97310281610952));
#7385=CARTESIAN_POINT('Ctrl Pts',(-251.400216285868,8.92717345621892,6.41632978608973));
#7386=CARTESIAN_POINT('Ctrl Pts',(-251.170466864023,8.30121747231292,6.41632978608973));
#7387=CARTESIAN_POINT('Ctrl Pts',(-250.940713333724,7.67526354429867,6.41632978608973));
#7388=CARTESIAN_POINT('Ctrl Pts',(-250.710963911879,7.04930756039267,6.41632978608973));
#7389=CARTESIAN_POINT('Ctrl Pts',(-247.114717388536,10.4481430403007,7.03408556866228));
#7390=CARTESIAN_POINT('Ctrl Pts',(-246.902588304782,9.81600236986475,7.03408556866228));
#7391=CARTESIAN_POINT('Ctrl Pts',(-246.690414250838,9.18388407297734,7.03408556866228));
#7392=CARTESIAN_POINT('Ctrl Pts',(-246.478285167083,8.55174340254137,7.03408556866228));
#7393=CARTESIAN_POINT('Ctrl Pts',(-242.466391165625,11.9185097550149,7.53133936586772));
#7394=CARTESIAN_POINT('Ctrl Pts',(-242.269118618757,11.2816857866021,7.53133936586772));
#7395=CARTESIAN_POINT('Ctrl Pts',(-242.071872111968,10.6448480807055,7.53133936586772));
#7396=CARTESIAN_POINT('Ctrl Pts',(-241.874599565101,10.0080241122928,7.53133936586772));
#7397=CARTESIAN_POINT('Ctrl Pts',(-239.147030288891,12.9260281824802,7.86894542708265));
#7398=CARTESIAN_POINT('Ctrl Pts',(-238.959497221997,12.286245580757,7.86894542708265));
#7399=CARTESIAN_POINT('Ctrl Pts',(-238.771959208288,11.6464679989345,7.86894542708265));
#7400=CARTESIAN_POINT('Ctrl Pts',(-238.584426141394,11.0066853972113,7.86894542708265));
#7401=CARTESIAN_POINT('Ctrl Pts',(-233.246993081382,14.6119535232437,8.41367282481387));
#7402=CARTESIAN_POINT('Ctrl Pts',(-233.07462823023,13.9678581730308,8.41367282481387));
#7403=CARTESIAN_POINT('Ctrl Pts',(-232.90226076193,13.3237616109743,8.41367282481387));
#7404=CARTESIAN_POINT('Ctrl Pts',(-232.729895910779,12.6796662607613,8.41367282481387));
#7405=CARTESIAN_POINT('Ctrl Pts',(-224.462696670169,16.8514063814957,9.13468687076552));
#7406=CARTESIAN_POINT('Ctrl Pts',(-224.308536148179,16.2027028828359,9.13468687076552));
#7407=CARTESIAN_POINT('Ctrl Pts',(-224.154378968594,15.5539999041193,9.13468687076552));
#7408=CARTESIAN_POINT('Ctrl Pts',(-224.000218446604,14.9052964054596,9.13468687076552));
#7409=CARTESIAN_POINT('Ctrl Pts',(-214.04962069525,19.1645108204274,9.80091171957818));
#7410=CARTESIAN_POINT('Ctrl Pts',(-213.91422863279,18.5116481600058,9.80091171957818));
#7411=CARTESIAN_POINT('Ctrl Pts',(-213.778834137269,17.858785602249,9.80091171957818));
#7412=CARTESIAN_POINT('Ctrl Pts',(-213.64344207481,17.2059229418274,9.80091171957818));
#7413=CARTESIAN_POINT('Ctrl Pts',(-205.209392489116,20.867366797557,10.2906269125248));
#7414=CARTESIAN_POINT('Ctrl Pts',(-205.08996051288,20.2114209433127,10.2906269125248));
#7415=CARTESIAN_POINT('Ctrl Pts',(-204.970526351029,19.5554749502081,10.2906269125248));
#7416=CARTESIAN_POINT('Ctrl Pts',(-204.851094374792,18.8995290959638,10.2906269125248));
#7417=CARTESIAN_POINT('Ctrl Pts',(-198.943319136066,21.9217731168609,10.7451570518371));
#7418=CARTESIAN_POINT('Ctrl Pts',(-198.836286999388,21.263735336294,10.7451570518371));
#7419=CARTESIAN_POINT('Ctrl Pts',(-198.729273636902,20.6056952013467,10.7451570518371));
#7420=CARTESIAN_POINT('Ctrl Pts',(-198.622241500224,19.9476574207798,10.7451570518371));
#7421=CARTESIAN_POINT('Ctrl Pts',(-195.803441221348,22.4094283352669,11.0039042969533));
#7422=CARTESIAN_POINT('Ctrl Pts',(-195.703041184984,21.7503602244667,11.0039042969533));
#7423=CARTESIAN_POINT('Ctrl Pts',(-195.602635009604,21.0912930037569,11.0039042969533));
#7424=CARTESIAN_POINT('Ctrl Pts',(-195.50223497324,20.4322248929568,11.0039042969533));
#7425=CARTESIAN_POINT('Ctrl Pts',(-194.012502893537,22.6755230582359,11.1620868170983));
#7426=CARTESIAN_POINT('Ctrl Pts',(-193.915994705044,22.0158762693031,11.1620868170983));
#7427=CARTESIAN_POINT('Ctrl Pts',(-193.819513861044,21.3562263089092,11.1620868170983));
#7428=CARTESIAN_POINT('Ctrl Pts',(-193.723005672552,20.6965795199764,11.1620868170983));
#7429=CARTESIAN_POINT('Ctrl Pts',(-191.917791254761,22.9770171987861,11.3554149193741));
#7430=CARTESIAN_POINT('Ctrl Pts',(-191.825967477649,22.3166965772822,11.3554149193741));
#7431=CARTESIAN_POINT('Ctrl Pts',(-191.734123314109,21.6563782274504,11.3554149193741));
#7432=CARTESIAN_POINT('Ctrl Pts',(-191.642299536996,20.9960576059465,11.3554149193741));
#7433=CARTESIAN_POINT('Ctrl Pts',(-189.094402928869,23.3596255488503,11.6369983730391));
#7434=CARTESIAN_POINT('Ctrl Pts',(-189.009115202629,22.6984176312826,11.6369983730391));
#7435=CARTESIAN_POINT('Ctrl Pts',(-188.92383930554,22.0372084794115,11.6369983730391));
#7436=CARTESIAN_POINT('Ctrl Pts',(-188.8385515793,21.3760005618439,11.6369983730391));
#7437=CARTESIAN_POINT('Ctrl Pts',(-185.47496615764,23.8018546502993,12.0420432452325));
#7438=CARTESIAN_POINT('Ctrl Pts',(-185.398565813087,23.1395595395194,12.0420432452325));
#7439=CARTESIAN_POINT('Ctrl Pts',(-185.3221463437,22.4772662795443,12.0420432452325));
#7440=CARTESIAN_POINT('Ctrl Pts',(-185.245745999146,21.8149711687645,12.0420432452325));
#7441=CARTESIAN_POINT('Ctrl Pts',(-181.973345572436,24.1809973935074,12.480186178074));
#7442=CARTESIAN_POINT('Ctrl Pts',(-181.905921886957,23.5177289585058,12.480186178074));
#7443=CARTESIAN_POINT('Ctrl Pts',(-181.838506509468,22.8544600020982,12.480186178074));
#7444=CARTESIAN_POINT('Ctrl Pts',(-181.77108282399,22.1911915670967,12.480186178074));
#7445=CARTESIAN_POINT('Ctrl Pts',(-178.753153442441,24.4861969017903,12.9282769878951));
#7446=CARTESIAN_POINT('Ctrl Pts',(-178.694234338003,23.8221222774734,12.9282769878951));
#7447=CARTESIAN_POINT('Ctrl Pts',(-178.635282693438,23.1580502277369,12.9282769878951));
#7448=CARTESIAN_POINT('Ctrl Pts',(-178.576363588999,22.4939756034199,12.9282769878951));
#7449=CARTESIAN_POINT('Ctrl Pts',(-175.752692769819,24.733695304113,13.3902968654141));
#7450=CARTESIAN_POINT('Ctrl Pts',(-175.701712097754,24.068965681508,13.3902968654141));
#7451=CARTESIAN_POINT('Ctrl Pts',(-175.650755668211,23.4042346385704,13.3902968654141));
#7452=CARTESIAN_POINT('Ctrl Pts',(-175.599774996147,22.7395050159654,13.3902968654141));
#7453=CARTESIAN_POINT('Ctrl Pts',(-172.0682459921,24.9945668532406,14.0234731919243));
#7454=CARTESIAN_POINT('Ctrl Pts',(-172.026939362785,24.3291532080653,14.0234731919243));
#7455=CARTESIAN_POINT('Ctrl Pts',(-171.985574636278,23.6637434026586,14.0234731919243));
#7456=CARTESIAN_POINT('Ctrl Pts',(-171.944268006963,22.9983297574833,14.0234731919243));
#7457=CARTESIAN_POINT('Ctrl Pts',(-168.096816184493,25.2119160154728,14.8359276061795));
#7458=CARTESIAN_POINT('Ctrl Pts',(-168.065289854613,24.5459719468952,14.8359276061795));
#7459=CARTESIAN_POINT('Ctrl Pts',(-168.033827687368,23.8800236431939,14.8359276061795));
#7460=CARTESIAN_POINT('Ctrl Pts',(-168.002301357488,23.2140795746163,14.8359276061795));
#7461=CARTESIAN_POINT('Ctrl Pts',(-164.377417607795,25.3609421564637,15.8352340455428));
#7462=CARTESIAN_POINT('Ctrl Pts',(-164.353988032248,24.6946762641615,15.8352340455428));
#7463=CARTESIAN_POINT('Ctrl Pts',(-164.330525503365,24.0284130975108,15.8352340455428));
#7464=CARTESIAN_POINT('Ctrl Pts',(-164.307095927818,23.3621472052086,15.8352340455428));
#7465=CARTESIAN_POINT('Ctrl Pts',(-159.791512754259,25.4999056218829,17.4414820805449));
#7466=CARTESIAN_POINT('Ctrl Pts',(-159.776566128457,24.8333873010329,17.4414820805449));
#7467=CARTESIAN_POINT('Ctrl Pts',(-159.761643976038,24.1668669131908,17.4414820805449));
#7468=CARTESIAN_POINT('Ctrl Pts',(-159.746697350236,23.5003485923408,17.4414820805449));
#7469=CARTESIAN_POINT('Ctrl Pts',(-155.841445268308,25.5687888613375,19.6709237804103));
#7470=CARTESIAN_POINT('Ctrl Pts',(-155.831515849779,24.9021943328141,19.6709237804103));
#7471=CARTESIAN_POINT('Ctrl Pts',(-155.82159491322,24.2355988476728,19.6709237804103));
#7472=CARTESIAN_POINT('Ctrl Pts',(-155.81166549469,23.5690043191495,19.6709237804103));
#7473=CARTESIAN_POINT('Ctrl Pts',(-151.036216609558,25.6273818267456,23.4322538385724));
#7474=CARTESIAN_POINT('Ctrl Pts',(-151.029726706682,24.9607444600626,23.4322538385724));
#7475=CARTESIAN_POINT('Ctrl Pts',(-151.023227754407,24.2941080462942,23.4322538385724));
#7476=CARTESIAN_POINT('Ctrl Pts',(-151.016737851532,23.6274706796112,23.4322538385724));
#7477=CARTESIAN_POINT('Ctrl Pts',(-147.086279249689,25.6615352129877,27.0166106909079));
#7478=CARTESIAN_POINT('Ctrl Pts',(-147.080575250829,24.9948940908786,27.0166106909079));
#7479=CARTESIAN_POINT('Ctrl Pts',(-147.074881873522,24.3282516465634,27.0166106909079));
#7480=CARTESIAN_POINT('Ctrl Pts',(-147.069177874662,23.6616105244544,27.0166106909079));
#7481=CARTESIAN_POINT('Ctrl Pts',(-143.397909441917,25.6966330642391,30.4065864069139));
#7482=CARTESIAN_POINT('Ctrl Pts',(-143.391155193548,25.0299998254922,30.4065864069139));
#7483=CARTESIAN_POINT('Ctrl Pts',(-143.384393464669,24.3633676416205,30.4065864069139));
#7484=CARTESIAN_POINT('Ctrl Pts',(-143.377639216299,23.6967344028736,30.4065864069139));
#7485=CARTESIAN_POINT('Ctrl Pts',(-141.136522569543,25.7218707650498,32.4615927929877));
#7486=CARTESIAN_POINT('Ctrl Pts',(-141.128612943092,25.0552509610737,32.4615927929877));
#7487=CARTESIAN_POINT('Ctrl Pts',(-141.120700463369,24.3886307443291,32.4615927929877));
#7488=CARTESIAN_POINT('Ctrl Pts',(-141.112790836918,23.7220109403529,32.4615927929877));
#7489=CARTESIAN_POINT('Ctrl Pts',(-137.710541647073,25.7654301463539,35.5339245940107));
#7490=CARTESIAN_POINT('Ctrl Pts',(-137.700408014355,25.0988378806305,35.5339245940107));
#7491=CARTESIAN_POINT('Ctrl Pts',(-137.690285530809,24.432246074996,35.5339245940107));
#7492=CARTESIAN_POINT('Ctrl Pts',(-137.680151898091,23.7656538092725,35.5339245940107));
#7493=CARTESIAN_POINT('Ctrl Pts',(-134.472567372046,25.8222161826515,38.2912185589738));
#7494=CARTESIAN_POINT('Ctrl Pts',(-134.459447963202,25.1556748397289,38.2912185589738));
#7495=CARTESIAN_POINT('Ctrl Pts',(-134.446328682264,24.4891332436557,38.2912185589738));
#7496=CARTESIAN_POINT('Ctrl Pts',(-134.433209273419,23.8225919007331,38.2912185589738));
#7497=CARTESIAN_POINT('Ctrl Pts',(-131.071250554586,25.8996608148811,40.6877150427776));
#7498=CARTESIAN_POINT('Ctrl Pts',(-131.054833931842,25.2331949040639,40.6877150427776));
#7499=CARTESIAN_POINT('Ctrl Pts',(-131.038414688309,24.5667291216481,40.6877150427776));
#7500=CARTESIAN_POINT('Ctrl Pts',(-131.021998065566,23.9002632108309,40.6877150427776));
#7501=CARTESIAN_POINT('Ctrl Pts',(-129.015452215253,25.9540801622374,41.8806532196056));
#7502=CARTESIAN_POINT('Ctrl Pts',(-128.99701801623,25.2876674895368,41.8806532196056));
#7503=CARTESIAN_POINT('Ctrl Pts',(-128.978588583604,24.6212547018387,41.8806532196056));
#7504=CARTESIAN_POINT('Ctrl Pts',(-128.960154384581,23.954842029138,41.8806532196056));
#7505=CARTESIAN_POINT('Ctrl Pts',(-127.293168582176,26.0043123779054,42.719539382811));
#7506=CARTESIAN_POINT('Ctrl Pts',(-127.273123880762,25.3379468107976,42.719539382811));
#7507=CARTESIAN_POINT('Ctrl Pts',(-127.253084016473,24.6715810936839,42.719539382811));
#7508=CARTESIAN_POINT('Ctrl Pts',(-127.23303931506,24.0052155265761,42.719539382811));
#7509=CARTESIAN_POINT('Ctrl Pts',(-125.593504349247,26.0568695759003,43.4495553867375));
#7510=CARTESIAN_POINT('Ctrl Pts',(-125.57194004251,25.3905509538594,43.4495553867375));
#7511=CARTESIAN_POINT('Ctrl Pts',(-125.550368917341,24.7242325246788,43.4495553867375));
#7512=CARTESIAN_POINT('Ctrl Pts',(-125.528804610604,24.0579139026379,43.4495553867375));
#7513=CARTESIAN_POINT('Ctrl Pts',(-122.880603854286,26.1471335773399,44.4061291596113));
#7514=CARTESIAN_POINT('Ctrl Pts',(-122.856779148364,25.4808905787769,44.4061291596113));
#7515=CARTESIAN_POINT('Ctrl Pts',(-122.832952704918,24.8146478067275,44.4061291596113));
#7516=CARTESIAN_POINT('Ctrl Pts',(-122.809127998996,24.1484048081645,44.4061291596113));
#7517=CARTESIAN_POINT('Ctrl Pts',(-119.048957781292,26.2913342925192,45.2580665992106));
#7518=CARTESIAN_POINT('Ctrl Pts',(-119.022784863373,25.6251808361848,45.2580665992106));
#7519=CARTESIAN_POINT('Ctrl Pts',(-118.996618827731,24.9590271026347,45.2580665992106));
#7520=CARTESIAN_POINT('Ctrl Pts',(-118.970445909812,24.2928736463003,45.2580665992106));
#7521=CARTESIAN_POINT('Ctrl Pts',(-115.279318629005,26.4437653464494,45.7333350061515));
#7522=CARTESIAN_POINT('Ctrl Pts',(-115.251966092826,25.7776599883501,45.7333350061515));
#7523=CARTESIAN_POINT('Ctrl Pts',(-115.224608016468,25.1115547991989,45.7333350061515));
#7524=CARTESIAN_POINT('Ctrl Pts',(-115.197255480288,24.4454494410996,45.7333350061515));
#7525=CARTESIAN_POINT('Ctrl Pts',(-112.010587107329,26.578943302631,45.9590497036381));
#7526=CARTESIAN_POINT('Ctrl Pts',(-111.98294479772,25.9128500364226,45.9590497036381));
#7527=CARTESIAN_POINT('Ctrl Pts',(-111.955312946468,25.2467561503016,45.9590497036381));
#7528=CARTESIAN_POINT('Ctrl Pts',(-111.927670636858,24.5806628840933,45.9590497036381));
#7529=CARTESIAN_POINT('Ctrl Pts',(-108.719684945864,26.714620065334,46.0132002535694));
#7530=CARTESIAN_POINT('Ctrl Pts',(-108.692544234533,26.0485058052572,46.0132002535694));
#7531=CARTESIAN_POINT('Ctrl Pts',(-108.665386694476,25.3823925462177,46.0132002535694));
#7532=CARTESIAN_POINT('Ctrl Pts',(-108.638245983145,24.7162782861408,46.0132002535694));
#7533=CARTESIAN_POINT('Ctrl Pts',(-104.379583423921,26.8879209072339,45.8840874284729));
#7534=CARTESIAN_POINT('Ctrl Pts',(-104.353982326196,26.2217451849766,45.8840874284729));
#7535=CARTESIAN_POINT('Ctrl Pts',(-104.328407882745,25.555567804464,45.8840874284729));
#7536=CARTESIAN_POINT('Ctrl Pts',(-104.302806785021,24.8893920822066,45.8840874284729));
#7537=CARTESIAN_POINT('Ctrl Pts',(-97.5942632627265,27.1359731683052,45.2436391587707));
#7538=CARTESIAN_POINT('Ctrl Pts',(-97.5729700019357,26.4696361554044,45.2436391587707));
#7539=CARTESIAN_POINT('Ctrl Pts',(-97.5516355479467,25.8033015877002,45.2436391587707));
#7540=CARTESIAN_POINT('Ctrl Pts',(-97.5303422871559,25.1369645747995,45.2436391587707));
#7541=CARTESIAN_POINT('Ctrl Pts',(-90.0790757172811,27.3345130989083,43.5921389681015));
#7542=CARTESIAN_POINT('Ctrl Pts',(-90.0647430594528,26.6679870904063,43.5921389681015));
#7543=CARTESIAN_POINT('Ctrl Pts',(-90.0504423098342,26.0014596623985,43.5921389681015));
#7544=CARTESIAN_POINT('Ctrl Pts',(-90.0361096520058,25.3349336538965,43.5921389681015));
#7545=CARTESIAN_POINT('Ctrl Pts',(-86.0826038778361,27.3968362820706,42.0614415062676));
#7546=CARTESIAN_POINT('Ctrl Pts',(-86.0722147392218,26.7302503518813,42.0614415062676));
#7547=CARTESIAN_POINT('Ctrl Pts',(-86.0618294014314,26.0636634650193,42.0614415062676));
#7548=CARTESIAN_POINT('Ctrl Pts',(-86.0514402628171,25.3970775348299,42.0614415062676));
#7549=CARTESIAN_POINT('Ctrl Pts',(-84.6322451093956,27.4171596352852,41.4615296232357));
#7550=CARTESIAN_POINT('Ctrl Pts',(-84.623297300364,26.7505527398191,41.4615296232357));
#7551=CARTESIAN_POINT('Ctrl Pts',(-84.61434990103,26.0839462344031,41.4615296232357));
#7552=CARTESIAN_POINT('Ctrl Pts',(-84.6054020919985,25.4173393389371,41.4615296232357));
#7553=CARTESIAN_POINT('Ctrl Pts',(-83.9444101161854,27.426164832739,41.1658759267232));
#7554=CARTESIAN_POINT('Ctrl Pts',(-83.9361461907729,26.7595492851474,41.1658759267232));
#7555=CARTESIAN_POINT('Ctrl Pts',(-83.9278763042346,26.0929337881673,41.1658759267232));
#7556=CARTESIAN_POINT('Ctrl Pts',(-83.9196123788221,25.4263182405757,41.1658759267232));
#7557=CARTESIAN_POINT('Ctrl Pts',(-81.2693873451157,27.4568776698011,39.9777016152017));
#7558=CARTESIAN_POINT('Ctrl Pts',(-81.263772824096,26.7902307724826,39.9777016152017));
#7559=CARTESIAN_POINT('Ctrl Pts',(-81.2581649771585,26.1235837093041,39.9777016152017));
#7560=CARTESIAN_POINT('Ctrl Pts',(-81.2525504561387,25.4569368119856,39.9777016152017));
#7561=CARTESIAN_POINT('Ctrl Pts',(-77.1838893534835,27.4852276434769,37.8121589276087));
#7562=CARTESIAN_POINT('Ctrl Pts',(-77.1823218947689,26.8185552487234,37.8121589276087));
#7563=CARTESIAN_POINT('Ctrl Pts',(-77.1807512468807,26.1518830369874,37.8121589276087));
#7564=CARTESIAN_POINT('Ctrl Pts',(-77.1791837881661,25.4852106422339,37.8121589276087));
#7565=CARTESIAN_POINT('Ctrl Pts',(-68.2500555852367,27.4675376303706,33.6524787758196));
#7566=CARTESIAN_POINT('Ctrl Pts',(-68.2569166007544,26.8008780438691,33.6524787758196));
#7567=CARTESIAN_POINT('Ctrl Pts',(-68.2637792839563,26.1342180579148,33.6524787758196));
#7568=CARTESIAN_POINT('Ctrl Pts',(-68.2706402994741,25.4675584714133,33.6524787758196));
#7569=CARTESIAN_POINT('Ctrl Pts',(-56.1971260067643,27.291059131736,30.4928141894178));
#7570=CARTESIAN_POINT('Ctrl Pts',(-56.2142083052753,26.6245674475879,30.4928141894178));
#7571=CARTESIAN_POINT('Ctrl Pts',(-56.2312918097852,25.9580762839787,30.4928141894178));
#7572=CARTESIAN_POINT('Ctrl Pts',(-56.2483741082963,25.2915845998306,30.4928141894178));
#7573=CARTESIAN_POINT('Ctrl Pts',(-42.3848789481351,26.7909336029384,29.3073332486281));
#7574=CARTESIAN_POINT('Ctrl Pts',(-42.4110698489292,26.1247783060799,29.3073332486281));
#7575=CARTESIAN_POINT('Ctrl Pts',(-42.4372582158764,25.4586225408545,29.3073332486281));
#7576=CARTESIAN_POINT('Ctrl Pts',(-42.4634491166705,24.792467243996,29.3073332486281));
#7577=CARTESIAN_POINT('Ctrl Pts',(-37.5101483799748,26.5827878450621,29.0758614915896));
#7578=CARTESIAN_POINT('Ctrl Pts',(-37.5393295725963,25.916758846611,29.0758614915896));
#7579=CARTESIAN_POINT('Ctrl Pts',(-37.5685176399549,25.2507306733458,29.0758614915896));
#7580=CARTESIAN_POINT('Ctrl Pts',(-37.5976988325764,24.5847016748947,29.0758614915896));
#7581=CARTESIAN_POINT('Ctrl Pts',(-34.8805588160175,26.4635643558391,28.9777107054344));
#7582=CARTESIAN_POINT('Ctrl Pts',(-34.9113138124922,25.7976073196917,28.9777107054344));
#7583=CARTESIAN_POINT('Ctrl Pts',(-34.9420593040651,25.1316495033869,28.9777107054344));
#7584=CARTESIAN_POINT('Ctrl Pts',(-34.9728143005398,24.4656924672395,28.9777107054344));
#7585=CARTESIAN_POINT('Ctrl Pts',(-33.5188697176007,26.3994816083966,28.9338855581423));
#7586=CARTESIAN_POINT('Ctrl Pts',(-33.5504196490703,25.7335617885459,28.9338855581423));
#7587=CARTESIAN_POINT('Ctrl Pts',(-33.5819727182379,25.0676422499231,28.9338855581423));
#7588=CARTESIAN_POINT('Ctrl Pts',(-33.6135226497075,24.4017224300723,28.9338855581423));
#7589=CARTESIAN_POINT('Ctrl Pts',(-32.7226001342516,26.361412327279,28.9094802688153));
#7590=CARTESIAN_POINT('Ctrl Pts',(-32.7546178992786,25.6955149487777,28.9094802688153));
#7591=CARTESIAN_POINT('Ctrl Pts',(-32.7866275667028,25.0296171138033,28.9094802688153));
#7592=CARTESIAN_POINT('Ctrl Pts',(-32.8186453317298,24.363719735302,28.9094802688153));
#7593=CARTESIAN_POINT('Ctrl Pts',(-31.5229406784301,26.3034366518693,28.8740093907058));
#7594=CARTESIAN_POINT('Ctrl Pts',(-31.5556481612829,25.6375725570868,28.8740093907058));
#7595=CARTESIAN_POINT('Ctrl Pts',(-31.5883664705824,24.9717090573004,28.8740093907058));
#7596=CARTESIAN_POINT('Ctrl Pts',(-31.6210739534352,24.3058449625179,28.8740093907058));
#7597=CARTESIAN_POINT('Ctrl Pts',(-29.6009992678575,26.2079828214235,28.8214467574015));
#7598=CARTESIAN_POINT('Ctrl Pts',(-29.6348127886852,25.5421737028724,28.8214467574015));
#7599=CARTESIAN_POINT('Ctrl Pts',(-29.6686258703456,24.8763645273312,28.8214467574015));
#7600=CARTESIAN_POINT('Ctrl Pts',(-29.7024393911733,24.21055540878,28.8214467574015));
#7601=CARTESIAN_POINT('Ctrl Pts',(-27.7591099852307,26.1123767684424,28.7761075929923));
#7602=CARTESIAN_POINT('Ctrl Pts',(-27.7939665884521,25.4466217801493,28.7761075929923));
#7603=CARTESIAN_POINT('Ctrl Pts',(-27.8288130801935,24.7808662884117,28.7761075929923));
#7604=CARTESIAN_POINT('Ctrl Pts',(-27.8636696834148,24.1151113001185,28.7761075929923));
#7605=CARTESIAN_POINT('Ctrl Pts',(-26.6747237886644,26.0548428260186,28.7521917813213));
#7606=CARTESIAN_POINT('Ctrl Pts',(-26.7101832130222,25.3891198382919,28.7521917813213));
#7607=CARTESIAN_POINT('Ctrl Pts',(-26.7456499444549,24.7233972210153,28.7521917813213));
#7608=CARTESIAN_POINT('Ctrl Pts',(-26.7811093688127,24.0576742332886,28.7521917813213));
#7609=CARTESIAN_POINT('Ctrl Pts',(-25.9707690176854,26.0171877349163,28.737540311418));
#7610=CARTESIAN_POINT('Ctrl Pts',(-26.0066254670261,25.3514859777774,28.737540311418));
#7611=CARTESIAN_POINT('Ctrl Pts',(-26.0424810089251,24.6857841717627,28.737540311418));
#7612=CARTESIAN_POINT('Ctrl Pts',(-26.0783374582657,24.0200824146238,28.737540311418));
#7613=CARTESIAN_POINT('Ctrl Pts',(-24.809238741268,25.9542753988111,28.7160081328419));
#7614=CARTESIAN_POINT('Ctrl Pts',(-24.8457421512991,25.2886086853817,28.7160081328419));
#7615=CARTESIAN_POINT('Ctrl Pts',(-24.8822499712212,24.6229422062057,28.7160081328419));
#7616=CARTESIAN_POINT('Ctrl Pts',(-24.9187533812522,23.9572754927764,28.7160081328419));
#7617=CARTESIAN_POINT('Ctrl Pts',(-22.7268297046314,25.8388628164562,28.6896948501261));
#7618=CARTESIAN_POINT('Ctrl Pts',(-22.7644934899546,25.1732604137329,28.6896948501261));
#7619=CARTESIAN_POINT('Ctrl Pts',(-22.8021555607797,24.5076579124408,28.6896948501261));
#7620=CARTESIAN_POINT('Ctrl Pts',(-22.8398193461029,23.8420555097176,28.6896948501261));
#7621=CARTESIAN_POINT('Ctrl Pts',(-20.3429179908857,25.7015309764878,28.7043419527099));
#7622=CARTESIAN_POINT('Ctrl Pts',(-20.3819038267559,25.0360047365046,28.7043419527099));
#7623=CARTESIAN_POINT('Ctrl Pts',(-20.4208919914701,24.3704786211138,28.7043419527099));
#7624=CARTESIAN_POINT('Ctrl Pts',(-20.4598778273404,23.7049523811306,28.7043419527099));
#7625=CARTESIAN_POINT('Ctrl Pts',(-18.8291456189744,25.6112490189352,28.7658489679868));
#7626=CARTESIAN_POINT('Ctrl Pts',(-18.8689785626003,24.9457732889621,28.7658489679868));
#7627=CARTESIAN_POINT('Ctrl Pts',(-18.9088098986141,24.2802974709237,28.7658489679868));
#7628=CARTESIAN_POINT('Ctrl Pts',(-18.9486428422399,23.6148217409506,28.7658489679868));
#7629=CARTESIAN_POINT('Ctrl Pts',(-18.1127417062559,25.5679335019471,28.8089676595188));
#7630=CARTESIAN_POINT('Ctrl Pts',(-18.1529765125996,24.9024820726129,28.8089676595188));
#7631=CARTESIAN_POINT('Ctrl Pts',(-18.1932113189434,24.2370306432787,28.8089676595188));
#7632=CARTESIAN_POINT('Ctrl Pts',(-18.2334461252871,23.5715792139445,28.8089676595188));
#7633=CARTESIAN_POINT('',(-265.931527944759,0.,0.));
#7634=CARTESIAN_POINT('Ctrl Pts',(-75.633814477258,25.4779908859947,37.1220638245906));
#7635=CARTESIAN_POINT('Ctrl Pts',(-76.1009394770201,25.4779484285545,37.3458618594531));
#7636=CARTESIAN_POINT('Ctrl Pts',(-76.5574153954548,25.4774218719796,37.5693822829036));
#7637=CARTESIAN_POINT('Ctrl Pts',(-77.0056235446886,25.476479390824,37.7919395288489));
#7638=CARTESIAN_POINT('Ctrl Pts',(-79.0591991733842,25.4721611821193,38.8116401680362));
#7639=CARTESIAN_POINT('Ctrl Pts',(-80.9392145586023,25.4591117220047,39.8111214084637));
#7640=CARTESIAN_POINT('Ctrl Pts',(-83.0366306463307,25.4362519215929,40.7686525421396));
#7641=CARTESIAN_POINT('Ctrl Pts',(-83.3861999942854,25.4324419548577,40.9282410644189));
#7642=CARTESIAN_POINT('Ctrl Pts',(-83.7418082506432,25.4283594786697,41.0866643059551));
#7643=CARTESIAN_POINT('Ctrl Pts',(-84.0889409071546,25.4240056860608,41.2380232853046));
#7644=CARTESIAN_POINT('Ctrl Pts',(-84.2625072354103,25.4218287897564,41.3137027749794));
#7645=CARTESIAN_POINT('Ctrl Pts',(-84.4339546637044,25.4195840643467,41.3876161991076));
#7646=CARTESIAN_POINT('Ctrl Pts',(-84.640181558753,25.4167732179663,41.474565568091));
#7647=CARTESIAN_POINT('Ctrl Pts',(-84.8464084538016,25.4139623715859,41.5615149370743));
#7648=CARTESIAN_POINT('Ctrl Pts',(-85.0874148156047,25.4105854042347,41.661500250913));
#7649=CARTESIAN_POINT('Ctrl Pts',(-85.3687681136958,25.4065028552219,41.7755040011358));
#7650=CARTESIAN_POINT('Ctrl Pts',(-86.4941813060603,25.3901726591707,42.2315190020269));
#7651=CARTESIAN_POINT('Ctrl Pts',(-88.2651454790331,25.3625531565336,42.9118289850642));
#7652=CARTESIAN_POINT('Ctrl Pts',(-90.6494740925495,25.3091495893957,43.5822840147167));
#7653=CARTESIAN_POINT('Ctrl Pts',(-93.0338027060659,25.2557460222577,44.2527390443692));
#7654=CARTESIAN_POINT('Ctrl Pts',(-96.0314957601259,25.1765583906189,44.9133391206369));
#7655=CARTESIAN_POINT('Ctrl Pts',(-99.6107132535231,25.0558491828944,45.3775194392793));
#7656=CARTESIAN_POINT('Ctrl Pts',(-101.400322000222,24.9954945790321,45.6096095986005));
#7657=CARTESIAN_POINT('Ctrl Pts',(-103.335311856754,24.9247595811485,45.7925948185155));
#7658=CARTESIAN_POINT('Ctrl Pts',(-105.425454874973,24.843476649832,45.8966275001859));
#7659=CARTESIAN_POINT('Ctrl Pts',(-106.072425133431,24.8183168217132,45.928829148763));
#7660=CARTESIAN_POINT('Ctrl Pts',(-106.734260814327,24.7921463826303,45.9534662538867));
#7661=CARTESIAN_POINT('Ctrl Pts',(-107.40325570578,24.7653624118348,45.9692514569672));
#7662=CARTESIAN_POINT('Ctrl Pts',(-18.2334461252871,23.5715792139445,28.8089676595188));
#7663=CARTESIAN_POINT('Ctrl Pts',(-18.7604256215969,23.6034416715882,28.7771964477578));
#7664=CARTESIAN_POINT('Ctrl Pts',(-19.3093503942596,23.6362937613548,28.7521385504666));
#7665=CARTESIAN_POINT('Ctrl Pts',(-19.9033263301633,23.6713616782714,28.7338268307854));
#7666=CARTESIAN_POINT('Ctrl Pts',(-18.1127417062559,25.5679335019471,-28.8089676595188));
#7667=CARTESIAN_POINT('Ctrl Pts',(-18.1529765125996,24.9024820726129,-28.8089676595188));
#7668=CARTESIAN_POINT('Ctrl Pts',(-18.1932113189434,24.2370306432787,-28.8089676595188));
#7669=CARTESIAN_POINT('Ctrl Pts',(-18.2334461252871,23.5715792139445,-28.8089676595188));
#7670=CARTESIAN_POINT('Ctrl Pts',(-18.912268898434,25.6162748538862,-28.7608459704005));
#7671=CARTESIAN_POINT('Ctrl Pts',(-18.9520527249337,24.9507962199912,-28.7608459704005));
#7672=CARTESIAN_POINT('Ctrl Pts',(-18.9918422260722,24.2853177408776,-28.7608459704005));
#7673=CARTESIAN_POINT('Ctrl Pts',(-19.031626052572,23.6198391069826,-28.7608459704005));
#7674=CARTESIAN_POINT('Ctrl Pts',(-20.6335380059017,25.7190051448825,-28.691596462302));
#7675=CARTESIAN_POINT('Ctrl Pts',(-20.6723638667402,25.0534692376971,-28.691596462302));
#7676=CARTESIAN_POINT('Ctrl Pts',(-20.7111871903924,24.387933263189,-28.691596462302));
#7677=CARTESIAN_POINT('Ctrl Pts',(-20.7500130512309,23.7223973560037,-28.691596462302));
#7678=CARTESIAN_POINT('Ctrl Pts',(-24.370203774566,25.9324262752219,-28.6939531860515));
#7679=CARTESIAN_POINT('Ctrl Pts',(-24.4069544008781,25.2667719095576,-28.6939531860515));
#7680=CARTESIAN_POINT('Ctrl Pts',(-24.4437046100544,24.6011175248429,-28.6939531860515));
#7681=CARTESIAN_POINT('Ctrl Pts',(-24.4804552363665,23.9354631591786,-28.6939531860515));
#7682=CARTESIAN_POINT('Ctrl Pts',(-29.0348387327689,26.1822697482413,-28.8041196789458));
#7683=CARTESIAN_POINT('Ctrl Pts',(-29.0689855777287,25.5164758390471,-28.8041196789458));
#7684=CARTESIAN_POINT('Ctrl Pts',(-29.1031352299569,24.8506820254793,-28.8041196789458));
#7685=CARTESIAN_POINT('Ctrl Pts',(-29.1372820749167,24.184888116285,-28.8041196789458));
#7686=CARTESIAN_POINT('Ctrl Pts',(-33.516692358521,26.4007983861854,-28.930152320836));
#7687=CARTESIAN_POINT('Ctrl Pts',(-33.5482540240603,25.7348783134721,-28.930152320836));
#7688=CARTESIAN_POINT('Ctrl Pts',(-33.5798116046122,25.0689581116584,-28.930152320836));
#7689=CARTESIAN_POINT('Ctrl Pts',(-33.6113732701515,24.4030380389451,-28.930152320836));
#7690=CARTESIAN_POINT('Ctrl Pts',(-36.2534537575301,26.5262048577042,-29.027387075647));
#7691=CARTESIAN_POINT('Ctrl Pts',(-36.2833879750833,25.8602102283873,-29.027387075647));
#7692=CARTESIAN_POINT('Ctrl Pts',(-36.3133247731509,25.1942156683096,-29.027387075647));
#7693=CARTESIAN_POINT('Ctrl Pts',(-36.3432589907041,24.5282210389927,-29.027387075647));
#7694=CARTESIAN_POINT('Ctrl Pts',(-38.3241548409689,26.6174208252088,-29.1146913025106));
#7695=CARTESIAN_POINT('Ctrl Pts',(-38.3528374629186,25.9513710365598,-29.1146913025106));
#7696=CARTESIAN_POINT('Ctrl Pts',(-38.3815205746387,25.2853212770607,-29.1146913025106));
#7697=CARTESIAN_POINT('Ctrl Pts',(-38.4102031965884,24.6192714884117,-29.1146913025106));
#7698=CARTESIAN_POINT('Ctrl Pts',(-40.3851229529444,26.7040798009536,-29.220815259752));
#7699=CARTESIAN_POINT('Ctrl Pts',(-40.4125339582878,26.0379765170033,-29.220815259752));
#7700=CARTESIAN_POINT('Ctrl Pts',(-40.4399384711939,25.3718729887037,-29.220815259752));
#7701=CARTESIAN_POINT('Ctrl Pts',(-40.4673494765374,24.7057697047534,-29.220815259752));
#7702=CARTESIAN_POINT('Ctrl Pts',(-42.9851507060868,26.8087883287188,-29.3808500356695));
#7703=CARTESIAN_POINT('Ctrl Pts',(-43.0109166220092,26.1426188177991,-29.3808500356695));
#7704=CARTESIAN_POINT('Ctrl Pts',(-43.0366909095087,25.4764495904192,-29.3808500356695));
#7705=CARTESIAN_POINT('Ctrl Pts',(-43.0624568254311,24.8102800794995,-29.3808500356695));
#7706=CARTESIAN_POINT('Ctrl Pts',(-46.9134217192656,26.9560530223083,-29.6905906836632));
#7707=CARTESIAN_POINT('Ctrl Pts',(-46.9366348600709,26.2897876113482,-29.6905906836632));
#7708=CARTESIAN_POINT('Ctrl Pts',(-46.9598378873633,25.6235219253306,-29.6905906836632));
#7709=CARTESIAN_POINT('Ctrl Pts',(-46.9830510281686,24.9572565143705,-29.6905906836632));
#7710=CARTESIAN_POINT('Ctrl Pts',(-51.4498381452509,27.1021681585602,-30.226688953527));
#7711=CARTESIAN_POINT('Ctrl Pts',(-51.4698962885264,26.4358008870385,-30.226688953527));
#7712=CARTESIAN_POINT('Ctrl Pts',(-51.4899635870544,25.7694337268756,-30.226688953527));
#7713=CARTESIAN_POINT('Ctrl Pts',(-51.5100217303299,25.1030664553539,-30.226688953527));
#7714=CARTESIAN_POINT('Ctrl Pts',(-54.8509354275279,27.195722864896,-30.7623650818866));
#7715=CARTESIAN_POINT('Ctrl Pts',(-54.8685022554968,26.5292868456464,-30.7623650818866));
#7716=CARTESIAN_POINT('Ctrl Pts',(-54.8860585243539,25.8628507745513,-30.7623650818866));
#7717=CARTESIAN_POINT('Ctrl Pts',(-54.9036253523228,25.1964147553017,-30.7623650818866));
#7718=CARTESIAN_POINT('Ctrl Pts',(-56.8510784248625,27.2455215099857,-31.1234950699345));
#7719=CARTESIAN_POINT('Ctrl Pts',(-56.8671233845083,26.5790477569338,-31.1234950699345));
#7720=CARTESIAN_POINT('Ctrl Pts',(-56.883180648535,25.9125740374409,-31.1234950699345));
#7721=CARTESIAN_POINT('Ctrl Pts',(-56.8992256081809,25.246100284389,-31.1234950699345));
#7722=CARTESIAN_POINT('Ctrl Pts',(-58.8487585904831,27.292093425354,-31.5133519439369));
#7723=CARTESIAN_POINT('Ctrl Pts',(-58.8632725185056,26.6255837515983,-31.5133519439369));
#7724=CARTESIAN_POINT('Ctrl Pts',(-58.8777717892138,25.9590740825384,-31.5133519439369));
#7725=CARTESIAN_POINT('Ctrl Pts',(-58.8922857172363,25.2925644087826,-31.5133519439369));
#7726=CARTESIAN_POINT('Ctrl Pts',(-61.4720690664079,27.3457101495477,-32.0963270286346));
#7727=CARTESIAN_POINT('Ctrl Pts',(-61.4844850290623,26.6791577807842,-32.0963270286346));
#7728=CARTESIAN_POINT('Ctrl Pts',(-61.4969168265717,26.0126053220415,-32.0963270286346));
#7729=CARTESIAN_POINT('Ctrl Pts',(-61.5093327892261,25.346052953278,-32.0963270286346));
#7730=CARTESIAN_POINT('Ctrl Pts',(-65.3266621775053,27.4104832537709,-33.1009065098848));
#7731=CARTESIAN_POINT('Ctrl Pts',(-65.3358996128531,26.7438770707183,-33.1009065098848));
#7732=CARTESIAN_POINT('Ctrl Pts',(-65.3451221628717,26.0772710291133,-33.1009065098848));
#7733=CARTESIAN_POINT('Ctrl Pts',(-65.3543595982195,25.4106648460607,-33.1009065098848));
#7734=CARTESIAN_POINT('Ctrl Pts',(-71.0498543352279,27.4738251454536,-34.9647526319409));
#7735=CARTESIAN_POINT('Ctrl Pts',(-71.0540747929255,26.807163080145,-34.9647526319409));
#7736=CARTESIAN_POINT('Ctrl Pts',(-71.0583067813407,26.1405009061924,-34.9647526319409));
#7737=CARTESIAN_POINT('Ctrl Pts',(-71.0625272390383,25.4738388408838,-34.9647526319409));
#7738=CARTESIAN_POINT('Ctrl Pts',(-76.0411901886417,27.4833447646645,-37.2701323927539));
#7739=CARTESIAN_POINT('Ctrl Pts',(-76.0407010226326,26.8166726010999,-37.2701323927539));
#7740=CARTESIAN_POINT('Ctrl Pts',(-76.0402064269444,26.1500004282184,-37.2701323927539));
#7741=CARTESIAN_POINT('Ctrl Pts',(-76.0397172609353,25.4833282646539,-37.2701323927539));
#7742=CARTESIAN_POINT('Ctrl Pts',(-80.083462111162,27.4654601948619,-39.3529413535574));
#7743=CARTESIAN_POINT('Ctrl Pts',(-80.0790290540932,26.7988056107003,-39.3529413535574));
#7744=CARTESIAN_POINT('Ctrl Pts',(-80.0745913487919,26.1321512412389,-39.3529413535574));
#7745=CARTESIAN_POINT('Ctrl Pts',(-80.0701582917231,25.4654966570773,-39.3529413535574));
#7746=CARTESIAN_POINT('Ctrl Pts',(-82.5238947471965,27.4426521664778,-40.5305283657753));
#7747=CARTESIAN_POINT('Ctrl Pts',(-82.5170330049913,26.7760202766936,-40.5305283657753));
#7748=CARTESIAN_POINT('Ctrl Pts',(-82.5101837621392,26.1093880065268,-40.5305283657753));
#7749=CARTESIAN_POINT('Ctrl Pts',(-82.503322019934,25.4427561167426,-40.5305283657753));
#7750=CARTESIAN_POINT('Ctrl Pts',(-83.8040946546894,27.4278213350565,-41.1050512911256));
#7751=CARTESIAN_POINT('Ctrl Pts',(-83.7959762449212,26.7612037990987,-41.1050512911256));
#7752=CARTESIAN_POINT('Ctrl Pts',(-83.787840218123,26.0945867808163,-41.1050512911256));
#7753=CARTESIAN_POINT('Ctrl Pts',(-83.7797218083548,25.4279692448586,-41.1050512911256));
#7754=CARTESIAN_POINT('Ctrl Pts',(-84.5403038043321,27.4183861511949,-41.4223691568448));
#7755=CARTESIAN_POINT('Ctrl Pts',(-84.5314345706744,26.751778556154,-41.4223691568448));
#7756=CARTESIAN_POINT('Ctrl Pts',(-84.5225994694838,26.085170060248,-41.4223691568448));
#7757=CARTESIAN_POINT('Ctrl Pts',(-84.5137302358261,25.418562465207,-41.4223691568448));
#7758=CARTESIAN_POINT('Ctrl Pts',(-86.733622208381,27.3878566100139,-42.3376485375754));
#7759=CARTESIAN_POINT('Ctrl Pts',(-86.7226643463721,26.7212766800721,-42.3376485375754));
#7760=CARTESIAN_POINT('Ctrl Pts',(-86.7115690281559,26.0547004955106,-42.3376485375754));
#7761=CARTESIAN_POINT('Ctrl Pts',(-86.700611166147,25.3881205655688,-42.3376485375754));
#7762=CARTESIAN_POINT('Ctrl Pts',(-91.0568297223608,27.3185459560772,-43.9305443207535));
#7763=CARTESIAN_POINT('Ctrl Pts',(-91.0413728082986,26.6520428243795,-43.9305443207535));
#7764=CARTESIAN_POINT('Ctrl Pts',(-91.0259210654951,25.9855393200841,-43.9305443207535));
#7765=CARTESIAN_POINT('Ctrl Pts',(-91.0104641514329,25.3190361883865,-43.9305443207535));
#7766=CARTESIAN_POINT('Ctrl Pts',(-97.6000523722129,27.1240686601607,-45.0991878412878));
#7767=CARTESIAN_POINT('Ctrl Pts',(-97.5790784479146,26.4577306786629,-45.0991878412878));
#7768=CARTESIAN_POINT('Ctrl Pts',(-97.5581266149439,25.7913921503171,-45.0991878412878));
#7769=CARTESIAN_POINT('Ctrl Pts',(-97.5371526906456,25.1250541688194,-45.0991878412878));
#7770=CARTESIAN_POINT('Ctrl Pts',(-99.8965166168093,27.0476616364557,-45.4109130563039));
#7771=CARTESIAN_POINT('Ctrl Pts',(-99.8738711974923,26.3813794478593,-45.4109130563039));
#7772=CARTESIAN_POINT('Ctrl Pts',(-99.8512115212795,25.7150976248694,-45.4109130563039));
#7773=CARTESIAN_POINT('Ctrl Pts',(-99.8285661019625,25.048815436273,-45.4109130563039));
#7774=CARTESIAN_POINT('Ctrl Pts',(-101.098358618342,27.00577609649,-45.5479329662126));
#7775=CARTESIAN_POINT('Ctrl Pts',(-101.074895483159,26.3395223546303,-45.5479329662126));
#7776=CARTESIAN_POINT('Ctrl Pts',(-101.051438860907,25.6732684538602,-45.5479329662126));
#7777=CARTESIAN_POINT('Ctrl Pts',(-101.027975725724,25.0070147120006,-45.5479329662126));
#7778=CARTESIAN_POINT('Ctrl Pts',(-101.713128746523,26.9838665580964,-45.611404226078));
#7779=CARTESIAN_POINT('Ctrl Pts',(-101.689275432552,26.3176267583164,-45.611404226078));
#7780=CARTESIAN_POINT('Ctrl Pts',(-101.665419341374,25.6513870258978,-45.611404226078));
#7781=CARTESIAN_POINT('Ctrl Pts',(-101.641566027403,24.9851472261177,-45.611404226078));
#7782=CARTESIAN_POINT('Ctrl Pts',(-102.067793525241,26.9710958231398,-45.6461112975512));
#7783=CARTESIAN_POINT('Ctrl Pts',(-102.043718838732,26.3048639807323,-45.6461112975512));
#7784=CARTESIAN_POINT('Ctrl Pts',(-102.019643133655,25.638632184833,-45.6461112975512));
#7785=CARTESIAN_POINT('Ctrl Pts',(-101.995568447146,24.9724003424255,-45.6461112975512));
#7786=CARTESIAN_POINT('Ctrl Pts',(-102.964244194217,26.9385859683774,-45.7304865870729));
#7787=CARTESIAN_POINT('Ctrl Pts',(-102.939620833163,26.2723740314955,-45.7304865870729));
#7788=CARTESIAN_POINT('Ctrl Pts',(-102.915002331912,25.6061619044527,-45.7304865870729));
#7789=CARTESIAN_POINT('Ctrl Pts',(-102.890378970858,24.9399499675707,-45.7304865870729));
#7790=CARTESIAN_POINT('Ctrl Pts',(-104.510175105051,26.8808961678072,-45.8519721636685));
#7791=CARTESIAN_POINT('Ctrl Pts',(-104.484691665817,26.2147164061561,-45.8519721636685));
#7792=CARTESIAN_POINT('Ctrl Pts',(-104.4592098214,25.5485365678205,-45.8519721636685));
#7793=CARTESIAN_POINT('Ctrl Pts',(-104.433726382165,24.8823568061695,-45.8519721636685));
#7794=CARTESIAN_POINT('Ctrl Pts',(-106.232002251913,26.8136940412239,-45.9355772331328));
#7795=CARTESIAN_POINT('Ctrl Pts',(-106.205765502302,26.1475437614399,-45.9355772331328));
#7796=CARTESIAN_POINT('Ctrl Pts',(-106.1795218162,25.4813937714709,-45.9355772331328));
#7797=CARTESIAN_POINT('Ctrl Pts',(-106.153285066588,24.8152434916869,-45.9355772331328));
#7798=CARTESIAN_POINT('Ctrl Pts',(-107.330424877495,26.7698905428109,-45.9660948803055));
#7799=CARTESIAN_POINT('Ctrl Pts',(-107.303801742734,26.1037556834305,-45.9660948803055));
#7800=CARTESIAN_POINT('Ctrl Pts',(-107.277181343279,25.4376206992073,-45.9660948803055));
#7801=CARTESIAN_POINT('Ctrl Pts',(-107.250558208517,24.7714858398269,-45.9660948803055));
#7802=CARTESIAN_POINT('Ctrl Pts',(-107.774394323311,26.7521105212748,-45.9763844265089));
#7803=CARTESIAN_POINT('Ctrl Pts',(-107.747627103833,26.0859814094783,-45.9763844265089));
#7804=CARTESIAN_POINT('Ctrl Pts',(-107.720857452566,25.4198524460341,-45.9763844265089));
#7805=CARTESIAN_POINT('Ctrl Pts',(-107.694090233088,24.7537233342376,-45.9763844265089));
#7806=CARTESIAN_POINT('Ctrl Pts',(-108.567502116862,26.7201577363996,-45.9893372872663));
#7807=CARTESIAN_POINT('Ctrl Pts',(-108.540495234081,26.0540383464081,-45.9893372872663));
#7808=CARTESIAN_POINT('Ctrl Pts',(-108.513494695805,25.3879185750934,-45.9893372872663));
#7809=CARTESIAN_POINT('Ctrl Pts',(-108.486487813024,24.7217991851019,-45.9893372872663));
#7810=CARTESIAN_POINT('Ctrl Pts',(-110.208490996226,26.6533522481057,-45.9929829802213));
#7811=CARTESIAN_POINT('Ctrl Pts',(-110.181105867911,25.9872481288031,-45.9929829802213));
#7812=CARTESIAN_POINT('Ctrl Pts',(-110.153710853727,25.3211446453953,-45.9929829802213));
#7813=CARTESIAN_POINT('Ctrl Pts',(-110.126325725411,24.6550405260927,-45.9929829802213));
#7814=CARTESIAN_POINT('Ctrl Pts',(-113.688726402437,26.5095180399944,-45.8940559368081));
#7815=CARTESIAN_POINT('Ctrl Pts',(-113.660993575285,25.843428748797,-45.8940559368081));
#7816=CARTESIAN_POINT('Ctrl Pts',(-113.633273145737,25.17733870181,-45.8940559368081));
#7817=CARTESIAN_POINT('Ctrl Pts',(-113.605540318585,24.5112494106126,-45.8940559368081));
#7818=CARTESIAN_POINT('Ctrl Pts',(-117.932803634801,26.3343999193665,-45.4696183053126));
#7819=CARTESIAN_POINT('Ctrl Pts',(-117.906064931307,25.6682684121965,-45.4696183053126));
#7820=CARTESIAN_POINT('Ctrl Pts',(-117.879328108152,25.0021367656379,-45.4696183053126));
#7821=CARTESIAN_POINT('Ctrl Pts',(-117.852589404658,24.3360052584679,-45.4696183053126));
#7822=CARTESIAN_POINT('Ctrl Pts',(-122.195439996452,26.1727675175169,-44.5626283277293));
#7823=CARTESIAN_POINT('Ctrl Pts',(-122.171174307581,25.5065413651995,-44.5626283277293));
#7824=CARTESIAN_POINT('Ctrl Pts',(-122.146909490454,24.84031520781,-44.5626283277293));
#7825=CARTESIAN_POINT('Ctrl Pts',(-122.122643801583,24.1740890554926,-44.5626283277293));
#7826=CARTESIAN_POINT('Ctrl Pts',(-126.301351218354,26.030881665064,-43.2755132983942));
#7827=CARTESIAN_POINT('Ctrl Pts',(-126.280277658,25.3645445898948,-43.2755132983942));
#7828=CARTESIAN_POINT('Ctrl Pts',(-126.259207843543,24.6982073417556,-43.2755132983942));
#7829=CARTESIAN_POINT('Ctrl Pts',(-126.238134283189,24.0318702665864,-43.2755132983942));
#7830=CARTESIAN_POINT('Ctrl Pts',(-129.651598984763,25.9347049957089,-41.6009429173171));
#7831=CARTESIAN_POINT('Ctrl Pts',(-129.63379691358,25.268272812387,-41.6009429173171));
#7832=CARTESIAN_POINT('Ctrl Pts',(-129.615981055159,24.6018411712619,-41.6009429173171));
#7833=CARTESIAN_POINT('Ctrl Pts',(-129.598178983976,23.9354089879399,-41.6009429173171));
#7834=CARTESIAN_POINT('Ctrl Pts',(-132.723359445471,25.861287232647,-39.5469666701699));
#7835=CARTESIAN_POINT('Ctrl Pts',(-132.708546513324,25.1947840795615,-39.5469666701699));
#7836=CARTESIAN_POINT('Ctrl Pts',(-132.693742986939,24.5282806951565,-39.5469666701699));
#7837=CARTESIAN_POINT('Ctrl Pts',(-132.678930054792,23.861777542071,-39.5469666701699));
#7838=CARTESIAN_POINT('Ctrl Pts',(-135.16604667819,25.8108222323453,-37.6742032112808));
#7839=CARTESIAN_POINT('Ctrl Pts',(-135.153573315511,25.1442706445299,-37.6742032112808));
#7840=CARTESIAN_POINT('Ctrl Pts',(-135.141088797122,24.4777192815725,-37.6742032112808));
#7841=CARTESIAN_POINT('Ctrl Pts',(-135.128615434444,23.8111676937571,-37.6742032112808));
#7842=CARTESIAN_POINT('Ctrl Pts',(-137.743074273459,25.7667380574729,-35.4910238952484));
#7843=CARTESIAN_POINT('Ctrl Pts',(-137.732846333356,25.100148545708,-35.4910238952484));
#7844=CARTESIAN_POINT('Ctrl Pts',(-137.722624861975,24.4335589054046,-35.4910238952484));
#7845=CARTESIAN_POINT('Ctrl Pts',(-137.712396921872,23.7669693936397,-35.4910238952484));
#7846=CARTESIAN_POINT('Ctrl Pts',(-140.452957287974,25.7299087645961,-33.0801616347341));
#7847=CARTESIAN_POINT('Ctrl Pts',(-140.444661269283,25.0632932271076,-33.0801616347341));
#7848=CARTESIAN_POINT('Ctrl Pts',(-140.436357150992,24.3966777985258,-33.0801616347341));
#7849=CARTESIAN_POINT('Ctrl Pts',(-140.428061132301,23.7300622610374,-33.0801616347341));
#7850=CARTESIAN_POINT('Ctrl Pts',(-142.74854824909,25.7035381481038,-30.9985757163494));
#7851=CARTESIAN_POINT('Ctrl Pts',(-142.741489913861,25.0369086252506,-30.9985757163494));
#7852=CARTESIAN_POINT('Ctrl Pts',(-142.734449117673,24.37027876295,-30.9985757163494));
#7853=CARTESIAN_POINT('Ctrl Pts',(-142.727390782443,23.7036492400968,-30.9985757163494));
#7854=CARTESIAN_POINT('Ctrl Pts',(-146.166524133998,25.6697838165777,-27.8667906817542));
#7855=CARTESIAN_POINT('Ctrl Pts',(-146.160680466994,25.003142367296,-27.8667906817542));
#7856=CARTESIAN_POINT('Ctrl Pts',(-146.154811724571,24.3365013582006,-27.8667906817542));
#7857=CARTESIAN_POINT('Ctrl Pts',(-146.148968057567,23.6698599089188,-27.8667906817542));
#7858=CARTESIAN_POINT('Ctrl Pts',(-150.851154094654,25.6293911518064,-23.5626928412039));
#7859=CARTESIAN_POINT('Ctrl Pts',(-150.84498616005,24.9627535222338,-23.5626928412039));
#7860=CARTESIAN_POINT('Ctrl Pts',(-150.838853985949,24.2961151417574,-23.5626928412039));
#7861=CARTESIAN_POINT('Ctrl Pts',(-150.832686051344,23.6294775121848,-23.5626928412039));
#7862=CARTESIAN_POINT('Ctrl Pts',(-155.411722555134,25.5772716432948,-19.9327503451563));
#7863=CARTESIAN_POINT('Ctrl Pts',(-155.402254606042,24.9106648046071,-19.9327503451563));
#7864=CARTESIAN_POINT('Ctrl Pts',(-155.392792392426,24.2440576387004,-19.9327503451563));
#7865=CARTESIAN_POINT('Ctrl Pts',(-155.383324443334,23.5774508000126,-19.9327503451563));
#7866=CARTESIAN_POINT('Ctrl Pts',(-159.972340093549,25.4899424474524,-17.4379069944822));
#7867=CARTESIAN_POINT('Ctrl Pts',(-159.956907377306,24.8234462581843,-17.4379069944822));
#7868=CARTESIAN_POINT('Ctrl Pts',(-159.941439115884,24.1569513783308,-17.4379069944822));
#7869=CARTESIAN_POINT('Ctrl Pts',(-159.926006399641,23.4904551890627,-17.4379069944822));
#7870=CARTESIAN_POINT('Ctrl Pts',(-164.043736901836,25.3770767052641,-15.8921293565254));
#7871=CARTESIAN_POINT('Ctrl Pts',(-164.021113839394,24.7107752907397,-15.8921293565254));
#7872=CARTESIAN_POINT('Ctrl Pts',(-163.998532984573,24.0444716015637,-15.8921293565254));
#7873=CARTESIAN_POINT('Ctrl Pts',(-163.975909922131,23.3781701870393,-15.8921293565254));
#7874=CARTESIAN_POINT('Ctrl Pts',(-167.910286882213,25.219793669193,-14.8916016040094));
#7875=CARTESIAN_POINT('Ctrl Pts',(-167.879186342301,24.5538302406953,-14.8916016040094));
#7876=CARTESIAN_POINT('Ctrl Pts',(-167.84801817359,23.8878696014096,-14.8916016040094));
#7877=CARTESIAN_POINT('Ctrl Pts',(-167.816917633678,23.2219061729119,-14.8916016040094));
#7878=CARTESIAN_POINT('Ctrl Pts',(-171.987138237884,24.9955844712582,-14.043482128286));
#7879=CARTESIAN_POINT('Ctrl Pts',(-171.945981249503,24.3301727356576,-14.043482128286));
#7880=CARTESIAN_POINT('Ctrl Pts',(-171.904886238652,23.6647578268241,-14.043482128286));
#7881=CARTESIAN_POINT('Ctrl Pts',(-171.863729250272,22.9993460912236,-14.043482128286));
#7882=CARTESIAN_POINT('Ctrl Pts',(-175.327927800869,24.7735045416142,-13.4492159032888));
#7883=CARTESIAN_POINT('Ctrl Pts',(-175.278116283321,24.1086647218708,-13.4492159032888));
#7884=CARTESIAN_POINT('Ctrl Pts',(-175.228254647251,23.4438318370023,-13.4492159032888));
#7885=CARTESIAN_POINT('Ctrl Pts',(-175.178443129704,22.7789920172589,-13.4492159032888));
#7886=CARTESIAN_POINT('Ctrl Pts',(-179.636188120582,24.4099732378264,-12.7965415690953));
#7887=CARTESIAN_POINT('Ctrl Pts',(-179.57488437629,23.7461065162918,-12.7965415690953));
#7888=CARTESIAN_POINT('Ctrl Pts',(-179.513640931586,23.0822301266543,-12.7965415690953));
#7889=CARTESIAN_POINT('Ctrl Pts',(-179.452337187294,22.4183634051197,-12.7965415690953));
#7890=CARTESIAN_POINT('Ctrl Pts',(-184.898596546672,23.8832211308617,-12.0969052476302));
#7891=CARTESIAN_POINT('Ctrl Pts',(-184.823572571504,23.220722782692,-12.0969052476302));
#7892=CARTESIAN_POINT('Ctrl Pts',(-184.748467685566,22.5582409749452,-12.0969052476302));
#7893=CARTESIAN_POINT('Ctrl Pts',(-184.673443710398,21.8957426267755,-12.0969052476302));
#7894=CARTESIAN_POINT('Ctrl Pts',(-194.099328219581,22.7479457817682,-11.0718083808065));
#7895=CARTESIAN_POINT('Ctrl Pts',(-194.001640758984,22.088277137029,-11.0718083808065));
#7896=CARTESIAN_POINT('Ctrl Pts',(-193.90403032134,21.4285915267451,-11.0718083808065));
#7897=CARTESIAN_POINT('Ctrl Pts',(-193.806342860744,20.7689228820059,-11.0718083808065));
#7898=CARTESIAN_POINT('Ctrl Pts',(-207.294258092287,20.5639211389142,-10.1394864097407));
#7899=CARTESIAN_POINT('Ctrl Pts',(-207.170545998193,19.9086369167489,-10.1394864097407));
#7900=CARTESIAN_POINT('Ctrl Pts',(-207.046800693087,19.2533627815685,-10.1394864097407));
#7901=CARTESIAN_POINT('Ctrl Pts',(-206.923088598993,18.5980785594032,-10.1394864097407));
#7902=CARTESIAN_POINT('Ctrl Pts',(-220.039704725325,17.8853603182992,-9.46141773592153));
#7903=CARTESIAN_POINT('Ctrl Pts',(-219.893886702861,17.2347171952263,-9.46141773592153));
#7904=CARTESIAN_POINT('Ctrl Pts',(-219.748089131913,16.5840602246841,-9.46141773592153));
#7905=CARTESIAN_POINT('Ctrl Pts',(-219.602271109449,15.9334171016111,-9.46141773592153));
#7906=CARTESIAN_POINT('Ctrl Pts',(-228.925238826311,15.7182270334971,-8.76474417949926));
#7907=CARTESIAN_POINT('Ctrl Pts',(-228.761907901774,15.0718297532582,-8.76474417949926));
#7908=CARTESIAN_POINT('Ctrl Pts',(-228.598579652394,14.4254411878874,-8.76474417949926));
#7909=CARTESIAN_POINT('Ctrl Pts',(-228.435248727857,13.7790439076485,-8.76474417949926));
#7910=CARTESIAN_POINT('Ctrl Pts',(-233.960363430638,14.3870105290003,-8.34262527902927));
#7911=CARTESIAN_POINT('Ctrl Pts',(-233.785814601048,13.743581081042,-8.34262527902927));
#7912=CARTESIAN_POINT('Ctrl Pts',(-233.611290619856,13.1001375624998,-8.34262527902927));
#7913=CARTESIAN_POINT('Ctrl Pts',(-233.436741790266,12.4567081145415,-8.34262527902927));
#7914=CARTESIAN_POINT('Ctrl Pts',(-238.902933596003,13.0101969851484,-7.89500395953385));
#7915=CARTESIAN_POINT('Ctrl Pts',(-238.716270412089,12.3701356197417,-7.89500395953385));
#7916=CARTESIAN_POINT('Ctrl Pts',(-238.529618201342,11.7300720585306,-7.89500395953385));
#7917=CARTESIAN_POINT('Ctrl Pts',(-238.342955017428,11.0900106931239,-7.89500395953385));
#7918=CARTESIAN_POINT('Ctrl Pts',(-243.913870704524,11.4889802116703,-7.39514100329301));
#7919=CARTESIAN_POINT('Ctrl Pts',(-243.712621799678,10.853314170061,-7.39514100329301));
#7920=CARTESIAN_POINT('Ctrl Pts',(-243.511371865011,10.2176416534228,-7.39514100329301));
#7921=CARTESIAN_POINT('Ctrl Pts',(-243.310122960165,9.58197561181355,-7.39514100329301));
#7922=CARTESIAN_POINT('Ctrl Pts',(-248.044912874696,10.1037626744138,-6.89104159278114));
#7923=CARTESIAN_POINT('Ctrl Pts',(-247.828592781046,9.47313248756576,-6.89104159278114));
#7924=CARTESIAN_POINT('Ctrl Pts',(-247.612361834718,8.84246801655971,-6.89104159278114));
#7925=CARTESIAN_POINT('Ctrl Pts',(-247.396041741068,8.21183782971165,-6.89104159278114));
#7926=CARTESIAN_POINT('Ctrl Pts',(-250.464328415036,9.24799795209269,-6.54801964883806));
#7927=CARTESIAN_POINT('Ctrl Pts',(-250.238103610219,8.620869500298,-6.54801964883806));
#7928=CARTESIAN_POINT('Ctrl Pts',(-250.011890963248,7.99373160900208,-6.54801964883806));
#7929=CARTESIAN_POINT('Ctrl Pts',(-249.78566615843,7.36660315720739,-6.54801964883806));
#7930=CARTESIAN_POINT('Ctrl Pts',(-252.190493679204,8.61251822306203,-6.28663530391744));
#7931=CARTESIAN_POINT('Ctrl Pts',(-251.956520981088,7.98823875477842,-6.28663530391744));
#7932=CARTESIAN_POINT('Ctrl Pts',(-251.722587142831,7.3639413963578,-6.28663530391744));
#7933=CARTESIAN_POINT('Ctrl Pts',(-251.488614444715,6.73966192807419,-6.28663530391744));
#7934=CARTESIAN_POINT('Ctrl Pts',(-253.412761671525,8.14501101396016,-6.0988881016044));
#7935=CARTESIAN_POINT('Ctrl Pts',(-253.172826159559,7.52301144236886,-6.0988881016044));
#7936=CARTESIAN_POINT('Ctrl Pts',(-252.932935658734,6.90098958032211,-6.0988881016044));
#7937=CARTESIAN_POINT('Ctrl Pts',(-252.693000146768,6.2789900087308,-6.0988881016044));
#7938=CARTESIAN_POINT('Ctrl Pts',(-254.565964746707,7.6946121888365,-5.91748604832134));
#7939=CARTESIAN_POINT('Ctrl Pts',(-254.3201710967,7.07490054865523,-5.91748604832134));
#7940=CARTESIAN_POINT('Ctrl Pts',(-254.07433374708,6.45520159523379,-5.91748604832134));
#7941=CARTESIAN_POINT('Ctrl Pts',(-253.828540097073,5.83548995505252,-5.91748604832134));
#7942=CARTESIAN_POINT('Ctrl Pts',(-255.600079889715,7.28076458331927,-5.74977321108989));
#7943=CARTESIAN_POINT('Ctrl Pts',(-255.348719603127,6.66327801614109,-5.74977321108989));
#7944=CARTESIAN_POINT('Ctrl Pts',(-255.097327381092,6.04579876259993,-5.74977321108989));
#7945=CARTESIAN_POINT('Ctrl Pts',(-254.845967094504,5.42831219542176,-5.74977321108989));
#7946=CARTESIAN_POINT('Ctrl Pts',(-256.942263650125,6.7224144471621,-5.50593702612712));
#7947=CARTESIAN_POINT('Ctrl Pts',(-256.683023269149,6.10820391711477,-5.50593702612712));
#7948=CARTESIAN_POINT('Ctrl Pts',(-256.423845631309,5.49396346265663,-5.50593702612712));
#7949=CARTESIAN_POINT('Ctrl Pts',(-256.164605250333,4.87975293260931,-5.50593702612712));
#7950=CARTESIAN_POINT('Ctrl Pts',(-258.31540739479,6.13469993012062,-5.22983612838321));
#7951=CARTESIAN_POINT('Ctrl Pts',(-258.047659279767,5.52413029125452,-5.22983612838321));
#7952=CARTESIAN_POINT('Ctrl Pts',(-257.779910807965,4.91355454424687,-5.22983612838321));
#7953=CARTESIAN_POINT('Ctrl Pts',(-257.512162692942,4.30298490538076,-5.22983612838321));
#7954=CARTESIAN_POINT('Ctrl Pts',(-260.087613186158,5.34139714763913,-4.80425491999818));
#7955=CARTESIAN_POINT('Ctrl Pts',(-259.807766632572,4.73623159109138,-4.80425491999818));
#7956=CARTESIAN_POINT('Ctrl Pts',(-259.527963925239,4.13104129879751,-4.80425491999818));
#7957=CARTESIAN_POINT('Ctrl Pts',(-259.248117371653,3.52587574224976,-4.80425491999818));
#7958=CARTESIAN_POINT('Ctrl Pts',(-262.130459936472,4.36360542354163,-4.13439361755962));
#7959=CARTESIAN_POINT('Ctrl Pts',(-261.834649191894,3.76606335971766,-4.13439361755962));
#7960=CARTESIAN_POINT('Ctrl Pts',(-261.538852316828,3.16850990969642,-4.13439361755962));
#7961=CARTESIAN_POINT('Ctrl Pts',(-261.24304157225,2.57096784587245,-4.13439361755962));
#7962=CARTESIAN_POINT('Ctrl Pts',(-264.102244526587,3.35056827693145,-3.20434266346037));
#7963=CARTESIAN_POINT('Ctrl Pts',(-263.788657771612,2.76213421797787,-3.20434266346037));
#7964=CARTESIAN_POINT('Ctrl Pts',(-263.475166074422,2.17364595466041,-3.20434266346037));
#7965=CARTESIAN_POINT('Ctrl Pts',(-263.161579319447,1.58521189570684,-3.20434266346037));
#7966=CARTESIAN_POINT('Ctrl Pts',(-265.832845807414,2.38947481872983,-1.8949159011689));
#7967=CARTESIAN_POINT('Ctrl Pts',(-265.501210212298,1.81103647520123,-1.8949159011689));
#7968=CARTESIAN_POINT('Ctrl Pts',(-265.169534380447,1.23262070396998,-1.8949159011689));
#7969=CARTESIAN_POINT('Ctrl Pts',(-264.837898785331,0.654182360441382,-1.8949159011689));
#7970=CARTESIAN_POINT('Ctrl Pts',(-266.66805345621,1.89206822861152,-0.690845683254697));
#7971=CARTESIAN_POINT('Ctrl Pts',(-266.326388223428,1.31959054270419,-0.690845683254697));
#7972=CARTESIAN_POINT('Ctrl Pts',(-265.984937542276,0.746992578479318,-0.690845683254697));
#7973=CARTESIAN_POINT('Ctrl Pts',(-265.643272309494,0.174514892571988,-0.690845683254697));
#7974=CARTESIAN_POINT('Ctrl Pts',(-266.96732606533,1.71088347160779,0.));
#7975=CARTESIAN_POINT('Ctrl Pts',(-266.622060025139,1.14058898107186,0.));
#7976=CARTESIAN_POINT('Ctrl Pts',(-266.276793984949,0.570294490535931,0.));
#7977=CARTESIAN_POINT('Ctrl Pts',(-265.931527944759,0.,0.));
#7978=CARTESIAN_POINT('',(-18.2334461252871,23.5715792139445,-28.8089676595188));
#7979=CARTESIAN_POINT('Ctrl Pts',(-265.931527944759,0.,0.));
#7980=CARTESIAN_POINT('Ctrl Pts',(-265.316270912168,0.,0.256716240803176));
#7981=CARTESIAN_POINT('Ctrl Pts',(-264.701013879577,0.,0.513432481606352));
#7982=CARTESIAN_POINT('Ctrl Pts',(-264.085756846986,0.,0.770148722409527));
#7983=CARTESIAN_POINT('Ctrl Pts',(-265.633634466738,0.180349807444143,-0.713944146040184));
#7984=CARTESIAN_POINT('Ctrl Pts',(-265.050240956325,0.180234823201034,-0.379738010022039));
#7985=CARTESIAN_POINT('Ctrl Pts',(-264.467436666774,0.180148455936326,-0.0474930012393557));
#7986=CARTESIAN_POINT('Ctrl Pts',(-263.884043156361,0.180033471693217,0.286713134778789));
#7987=CARTESIAN_POINT('Ctrl Pts',(-265.220952609903,0.42614443415563,-1.32677440787031));
#7988=CARTESIAN_POINT('Ctrl Pts',(-264.686696087182,0.425891456242541,-0.920766736234649));
#7989=CARTESIAN_POINT('Ctrl Pts',(-264.152491178553,0.425540189587048,-0.515514586670102));
#7990=CARTESIAN_POINT('Ctrl Pts',(-263.618234655832,0.425287211673959,-0.109506915034436));
#7991=CARTESIAN_POINT('Ctrl Pts',(-264.309448228625,0.946724580050263,-2.2890807914056));
#7992=CARTESIAN_POINT('Ctrl Pts',(-263.866635361331,0.945997308847957,-1.78752221869903));
#7993=CARTESIAN_POINT('Ctrl Pts',(-263.423740304462,0.945393371057196,-1.28603477498251));
#7994=CARTESIAN_POINT('Ctrl Pts',(-262.980927437168,0.94466609985489,-0.784476202275946));
#7995=CARTESIAN_POINT('Ctrl Pts',(-263.854206059512,1.19991424538742,-2.65694938812114));
#7996=CARTESIAN_POINT('Ctrl Pts',(-263.451299560058,1.19913166230177,-2.12404625387382));
#7997=CARTESIAN_POINT('Ctrl Pts',(-263.047956777968,1.19820501410752,-1.59206426945061));
#7998=CARTESIAN_POINT('Ctrl Pts',(-262.645050278514,1.19742243102187,-1.05916113520328));
#7999=CARTESIAN_POINT('Ctrl Pts',(-262.474716258323,1.94327317087194,-3.5771049854927));
#8000=CARTESIAN_POINT('Ctrl Pts',(-262.170981593446,1.94173939958894,-2.97894279209229));
#8001=CARTESIAN_POINT('Ctrl Pts',(-261.867778999542,1.94056494615124,-2.38019284560475));
#8002=CARTESIAN_POINT('Ctrl Pts',(-261.564044334665,1.93903117486824,-1.78203065220434));
#8003=CARTESIAN_POINT('Ctrl Pts',(-261.449117251939,2.4658978325702,-4.03468276608271));
#8004=CARTESIAN_POINT('Ctrl Pts',(-261.195791985647,2.46416737511041,-3.41726973752523));
#8005=CARTESIAN_POINT('Ctrl Pts',(-260.939665520221,2.46262555955979,-2.80046231416091));
#8006=CARTESIAN_POINT('Ctrl Pts',(-260.686340253929,2.4608951021,-2.18304928560343));
#8007=CARTESIAN_POINT('Ctrl Pts',(-259.889137421921,3.21747983452918,-4.58514156927149));
#8008=CARTESIAN_POINT('Ctrl Pts',(-259.689010498489,3.21543174514354,-3.9487488666621));
#8009=CARTESIAN_POINT('Ctrl Pts',(-259.49043105741,3.21335791690502,-3.31242024421988));
#8010=CARTESIAN_POINT('Ctrl Pts',(-259.290304133979,3.21130982751937,-2.67602754161048));
#8011=CARTESIAN_POINT('Ctrl Pts',(-259.330141228112,3.47932797028688,-4.75538876770815));
#8012=CARTESIAN_POINT('Ctrl Pts',(-259.148975374492,3.47728524177161,-4.11369904534982));
#8013=CARTESIAN_POINT('Ctrl Pts',(-258.963189200146,3.47492765974986,-3.47343239394738));
#8014=CARTESIAN_POINT('Ctrl Pts',(-258.782023346526,3.47288493123459,-2.83174267158904));
#8015=CARTESIAN_POINT('Ctrl Pts',(-256.953610621698,4.56411944914012,-5.39628815007472));
#8016=CARTESIAN_POINT('Ctrl Pts',(-256.822582972667,4.56088711696177,-4.74147315348811));
#8017=CARTESIAN_POINT('Ctrl Pts',(-256.699025650299,4.55816548972578,-4.08490342112704));
#8018=CARTESIAN_POINT('Ctrl Pts',(-256.567998001268,4.55493315754742,-3.43008842454043));
#8019=CARTESIAN_POINT('Ctrl Pts',(-255.095145711181,5.33430328872932,-5.70916514604431));
#8020=CARTESIAN_POINT('Ctrl Pts',(-254.985327810724,5.33137121123392,-5.05175496326603));
#8021=CARTESIAN_POINT('Ctrl Pts',(-254.873787633673,5.32902755985082,-4.39483541007787));
#8022=CARTESIAN_POINT('Ctrl Pts',(-254.763969733216,5.32609548235541,-3.73742522729959));
#8023=CARTESIAN_POINT('Ctrl Pts',(-252.86625830364,6.21321317100017,-6.07212075797537));
#8024=CARTESIAN_POINT('Ctrl Pts',(-252.769316596924,6.2104953611861,-5.41242541873573));
#8025=CARTESIAN_POINT('Ctrl Pts',(-252.673358886021,6.20720132389447,-4.75280572845608));
#8026=CARTESIAN_POINT('Ctrl Pts',(-252.576417179305,6.20448351408039,-4.09311038921644));
#8027=CARTESIAN_POINT('Ctrl Pts',(-251.24610638872,6.83524528802423,-6.32483623310335));
#8028=CARTESIAN_POINT('Ctrl Pts',(-251.142219260382,6.83108430077537,-5.66637988147682));
#8029=CARTESIAN_POINT('Ctrl Pts',(-251.042638615627,6.82718247118238,-5.00720421256391));
#8030=CARTESIAN_POINT('Ctrl Pts',(-250.938751487289,6.82302148393353,-4.34874786093738));
#8031=CARTESIAN_POINT('Ctrl Pts',(-249.579158714717,7.43881498616751,-6.57756534038689));
#8032=CARTESIAN_POINT('Ctrl Pts',(-249.492850941878,7.43537826214437,-5.91634064507647));
#8033=CARTESIAN_POINT('Ctrl Pts',(-249.407774936283,7.43164201328889,-5.25510415984061));
#8034=CARTESIAN_POINT('Ctrl Pts',(-249.321467163444,7.42820528926576,-4.5938794645302));
#8035=CARTESIAN_POINT('Ctrl Pts',(-247.630480406846,8.12717505202034,-6.85488768497728));
#8036=CARTESIAN_POINT('Ctrl Pts',(-247.55124635738,8.12354057395124,-6.19290814290859));
#8037=CARTESIAN_POINT('Ctrl Pts',(-247.478535377075,8.11974946570368,-5.52993140064198));
#8038=CARTESIAN_POINT('Ctrl Pts',(-247.399301327609,8.11611498763458,-4.8679518585733));
#8039=CARTESIAN_POINT('Ctrl Pts',(-246.503533098595,8.51098213811836,-7.00085330553057));
#8040=CARTESIAN_POINT('Ctrl Pts',(-246.432157110862,8.50725003083556,-6.33785299074246));
#8041=CARTESIAN_POINT('Ctrl Pts',(-246.363933787489,8.50328083779753,-5.67449802697388));
#8042=CARTESIAN_POINT('Ctrl Pts',(-246.292557799757,8.49954873051473,-5.01149771218576));
#8043=CARTESIAN_POINT('Ctrl Pts',(-243.778547358147,9.41050008933416,-7.32746874648598));
#8044=CARTESIAN_POINT('Ctrl Pts',(-243.716385726901,9.40628840468865,-6.66363051351122));
#8045=CARTESIAN_POINT('Ctrl Pts',(-243.659154902682,9.40189896252376,-5.99906955754612));
#8046=CARTESIAN_POINT('Ctrl Pts',(-243.596993271436,9.39768727787825,-5.33523132457136));
#8047=CARTESIAN_POINT('Ctrl Pts',(-240.522766750959,10.4376092830481,-7.6798861914699));
#8048=CARTESIAN_POINT('Ctrl Pts',(-240.456311609564,10.4326468265225,-7.01651555549792));
#8049=CARTESIAN_POINT('Ctrl Pts',(-240.39313002839,10.4275345803604,-6.35271335215131));
#8050=CARTESIAN_POINT('Ctrl Pts',(-240.326674886995,10.4225721238348,-5.68934271617932));
#8051=CARTESIAN_POINT('Ctrl Pts',(-237.208839269062,11.4003546609285,-7.99696485399038));
#8052=CARTESIAN_POINT('Ctrl Pts',(-237.16268992292,11.3954051590432,-7.33164723417432));
#8053=CARTESIAN_POINT('Ctrl Pts',(-237.120334428077,11.3903031386068,-6.66585054649851));
#8054=CARTESIAN_POINT('Ctrl Pts',(-237.074185081935,11.3853536367215,-6.00053292668245));
#8055=CARTESIAN_POINT('Ctrl Pts',(-233.032506274752,12.5704006426884,-8.37912082087918));
#8056=CARTESIAN_POINT('Ctrl Pts',(-232.99418997602,12.5650568634173,-7.71331884420468));
#8057=CARTESIAN_POINT('Ctrl Pts',(-232.959059678932,12.5595012704256,-7.0470222288524));
#8058=CARTESIAN_POINT('Ctrl Pts',(-232.9207433802,12.5541574911545,-6.38122025217791));
#8059=CARTESIAN_POINT('Ctrl Pts',(-227.874804936889,13.9345500676619,-8.82010729350907));
#8060=CARTESIAN_POINT('Ctrl Pts',(-227.819605391367,13.9287386895199,-8.15567671188135));
#8061=CARTESIAN_POINT('Ctrl Pts',(-227.768440279535,13.9228154424499,-7.49078088880057));
#8062=CARTESIAN_POINT('Ctrl Pts',(-227.713240734014,13.9170040643079,-6.82635030717285));
#8063=CARTESIAN_POINT('Ctrl Pts',(-222.649527842869,15.1778886705126,-9.2062836295612));
#8064=CARTESIAN_POINT('Ctrl Pts',(-222.626842073148,15.1717195824091,-8.53947265574272));
#8065=CARTESIAN_POINT('Ctrl Pts',(-222.607694868691,15.1654429373461,-7.87227668737053));
#8066=CARTESIAN_POINT('Ctrl Pts',(-222.58500909897,15.1592738492425,-7.20546571355205));
#8067=CARTESIAN_POINT('Ctrl Pts',(-217.189364974947,16.4131445022856,-9.57486051642853));
#8068=CARTESIAN_POINT('Ctrl Pts',(-217.176556196853,16.4067023423937,-8.90769281926736));
#8069=CARTESIAN_POINT('Ctrl Pts',(-217.163262989281,16.4001123943665,-8.24032373122485));
#8070=CARTESIAN_POINT('Ctrl Pts',(-217.150454211188,16.3936702344746,-7.57315603406369));
#8071=CARTESIAN_POINT('Ctrl Pts',(-214.309714716963,17.028021497003,-9.74716330905466));
#8072=CARTESIAN_POINT('Ctrl Pts',(-214.299376949864,17.0214186274927,-9.07993005827375));
#8073=CARTESIAN_POINT('Ctrl Pts',(-214.293159024302,17.0147087933968,-8.41229424795082));
#8074=CARTESIAN_POINT('Ctrl Pts',(-214.282821257203,17.0081059238866,-7.7450609971699));
#8075=CARTESIAN_POINT('Ctrl Pts',(-208.793110987753,18.1364856504627,-10.0708671750512));
#8076=CARTESIAN_POINT('Ctrl Pts',(-208.79110963738,18.129691593662,-9.40319186997363));
#8077=CARTESIAN_POINT('Ctrl Pts',(-208.786844098985,18.1227992695671,-8.7354780452246));
#8078=CARTESIAN_POINT('Ctrl Pts',(-208.784842748612,18.1160052127663,-8.06780274014701));
#8079=CARTESIAN_POINT('Ctrl Pts',(-203.52732616719,19.1354484015998,-10.3812345703404));
#8080=CARTESIAN_POINT('Ctrl Pts',(-203.543235757674,19.1289052271125,-9.71218683768524));
#8081=CARTESIAN_POINT('Ctrl Pts',(-203.563174146789,19.122256162465,-9.04262133404935));
#8082=CARTESIAN_POINT('Ctrl Pts',(-203.579083737274,19.1157129879776,-8.37357360139421));
#8083=CARTESIAN_POINT('Ctrl Pts',(-198.198574920242,20.0189090359924,-10.7751251168661));
#8084=CARTESIAN_POINT('Ctrl Pts',(-198.18901905358,20.0121072349395,-10.1070531883282));
#8085=CARTESIAN_POINT('Ctrl Pts',(-198.178897838157,20.0052864113047,-9.43908221820782));
#8086=CARTESIAN_POINT('Ctrl Pts',(-198.169341971495,19.9984846102518,-8.77101028966991));
#8087=CARTESIAN_POINT('Ctrl Pts',(-190.708756567371,21.1603710321467,-11.4167528315634));
#8088=CARTESIAN_POINT('Ctrl Pts',(-190.687715019373,21.1539520450388,-10.7490533429019));
#8089=CARTESIAN_POINT('Ctrl Pts',(-190.669955009437,21.1477026298422,-10.0805716369409));
#8090=CARTESIAN_POINT('Ctrl Pts',(-190.648913461439,21.1412836427343,-9.41287214827941));
#8091=CARTESIAN_POINT('Ctrl Pts',(-185.903978872175,21.7749155436739,-11.925993976049));
#8092=CARTESIAN_POINT('Ctrl Pts',(-185.879991454655,21.7688361550441,-11.2574170337024));
#8093=CARTESIAN_POINT('Ctrl Pts',(-185.857278511681,21.762824042353,-10.5887532276395));
#8094=CARTESIAN_POINT('Ctrl Pts',(-185.833291094161,21.7567446537232,-9.92017628529291));
#8095=CARTESIAN_POINT('Ctrl Pts',(-176.311196127364,22.7251836702282,-13.229591022169));
#8096=CARTESIAN_POINT('Ctrl Pts',(-176.256240350149,22.7209657000339,-12.5633879634385));
#8097=CARTESIAN_POINT('Ctrl Pts',(-176.201267889498,22.7171224713958,-11.8970532991456));
#8098=CARTESIAN_POINT('Ctrl Pts',(-176.146312112283,22.7129045012015,-11.2308502404151));
#8099=CARTESIAN_POINT('Ctrl Pts',(-172.045652851055,23.0045572512579,-13.9523119414414));
#8100=CARTESIAN_POINT('Ctrl Pts',(-171.970635381432,23.0011883981257,-13.287608175451));
#8101=CARTESIAN_POINT('Ctrl Pts',(-171.902262380958,22.9986341770053,-12.621865907951));
#8102=CARTESIAN_POINT('Ctrl Pts',(-171.827244911334,22.9952653238731,-11.9571621419606));
#8103=CARTESIAN_POINT('Ctrl Pts',(-165.807117095647,23.3117881712984,-15.3825676272482));
#8104=CARTESIAN_POINT('Ctrl Pts',(-165.679529571546,23.3105045443929,-14.7264325736212));
#8105=CARTESIAN_POINT('Ctrl Pts',(-165.547343992501,23.3090898504026,-14.0710831063593));
#8106=CARTESIAN_POINT('Ctrl Pts',(-165.4197564684,23.3078062234971,-13.4149480527324));
#8107=CARTESIAN_POINT('Ctrl Pts',(-163.643766347482,23.3842694080884,-16.0286718233158));
#8108=CARTESIAN_POINT('Ctrl Pts',(-163.474423620872,23.3827009464851,-15.380795599091));
#8109=CARTESIAN_POINT('Ctrl Pts',(-163.312665886938,23.3824109793515,-14.7325599173944));
#8110=CARTESIAN_POINT('Ctrl Pts',(-163.143323160328,23.3808425177482,-14.0846836931696));
#8111=CARTESIAN_POINT('Ctrl Pts',(-158.113878825299,23.5387567992276,-18.1883656446588));
#8112=CARTESIAN_POINT('Ctrl Pts',(-157.840477741936,23.538877482532,-17.5770389743416));
#8113=CARTESIAN_POINT('Ctrl Pts',(-157.558653337844,23.5374924211306,-16.9654748076285));
#8114=CARTESIAN_POINT('Ctrl Pts',(-157.285252254482,23.537613104435,-16.3541481373113));
#8115=CARTESIAN_POINT('Ctrl Pts',(-153.831682930345,23.5988032002533,-20.9625159692644));
#8116=CARTESIAN_POINT('Ctrl Pts',(-153.509829689058,23.6007755942188,-20.3656277896675));
#8117=CARTESIAN_POINT('Ctrl Pts',(-153.187654590771,23.6023366088325,-19.7684820865574));
#8118=CARTESIAN_POINT('Ctrl Pts',(-152.865801349483,23.6043090027979,-19.1715939069606));
#8119=CARTESIAN_POINT('Ctrl Pts',(-148.214491417504,23.6524965611937,-25.9680241727853));
#8120=CARTESIAN_POINT('Ctrl Pts',(-147.842082322786,23.6515445691522,-25.4043476734246));
#8121=CARTESIAN_POINT('Ctrl Pts',(-147.471440095234,23.650614574584,-24.8393930134388));
#8122=CARTESIAN_POINT('Ctrl Pts',(-147.099031000516,23.6496625825425,-24.2757165140781));
#8123=CARTESIAN_POINT('Ctrl Pts',(-144.472085365957,23.6858302034627,-29.404050097238));
#8124=CARTESIAN_POINT('Ctrl Pts',(-144.079354089994,23.6850686418224,-28.8600943888625));
#8125=CARTESIAN_POINT('Ctrl Pts',(-143.68630263773,23.6839648344885,-28.3157473963751));
#8126=CARTESIAN_POINT('Ctrl Pts',(-143.293571361767,23.6832032728482,-27.7717916879996));
#8127=CARTESIAN_POINT('Ctrl Pts',(-142.345427911896,23.7080095847295,-31.3461408718924));
#8128=CARTESIAN_POINT('Ctrl Pts',(-141.954515722901,23.7071160542522,-30.800248425213));
#8129=CARTESIAN_POINT('Ctrl Pts',(-141.566471548706,23.7062249614032,-30.2525615083453));
#8130=CARTESIAN_POINT('Ctrl Pts',(-141.175559359711,23.7053314309259,-29.7066690616659));
#8131=CARTESIAN_POINT('Ctrl Pts',(-139.637517958359,23.7399371262046,-33.7893011614991));
#8132=CARTESIAN_POINT('Ctrl Pts',(-139.249027973039,23.7390403188959,-33.242736669227));
#8133=CARTESIAN_POINT('Ctrl Pts',(-138.856424291124,23.738002831793,-32.6997095040827));
#8134=CARTESIAN_POINT('Ctrl Pts',(-138.467934305804,23.7371060244842,-32.1531450118107));
#8135=CARTESIAN_POINT('Ctrl Pts',(-136.860297784562,23.7794877151921,-36.2459698691087));
#8136=CARTESIAN_POINT('Ctrl Pts',(-136.469437773428,23.7783834999647,-35.702300952045));
#8137=CARTESIAN_POINT('Ctrl Pts',(-136.079674240606,23.777356271071,-35.1593498740543));
#8138=CARTESIAN_POINT('Ctrl Pts',(-135.688814229472,23.7762520558437,-34.6156809569906));
#8139=CARTESIAN_POINT('Ctrl Pts',(-134.626676215536,23.8216929509613,-38.0579794539104));
#8140=CARTESIAN_POINT('Ctrl Pts',(-134.253413209214,23.8206678691547,-37.5031590703583));
#8141=CARTESIAN_POINT('Ctrl Pts',(-133.878774063167,23.8195237915453,-36.9495398203411));
#8142=CARTESIAN_POINT('Ctrl Pts',(-133.505511056845,23.8184987097388,-36.3947194367889));
#8143=CARTESIAN_POINT('Ctrl Pts',(-130.525390905641,23.9078223905468,-41.1518054725437));
#8144=CARTESIAN_POINT('Ctrl Pts',(-130.203806565327,23.906357666205,-40.5622222723954));
#8145=CARTESIAN_POINT('Ctrl Pts',(-129.886981525756,23.905000946585,-39.9717651180517));
#8146=CARTESIAN_POINT('Ctrl Pts',(-129.565397185442,23.9035362222432,-39.3821819179034));
#8147=CARTESIAN_POINT('Ctrl Pts',(-127.340845521362,23.991752487864,-43.000534733963));
#8148=CARTESIAN_POINT('Ctrl Pts',(-127.120816475968,23.9896857805027,-42.3586432329318));
#8149=CARTESIAN_POINT('Ctrl Pts',(-126.908040517613,23.987625808965,-41.7175612287225));
#8150=CARTESIAN_POINT('Ctrl Pts',(-126.688011472219,23.9855591016036,-41.0756697276913));
#8151=CARTESIAN_POINT('Ctrl Pts',(-120.236522440578,24.2413493719294,-45.0756037319339));
#8152=CARTESIAN_POINT('Ctrl Pts',(-120.174888792749,24.2384948452074,-44.4064961763584));
#8153=CARTESIAN_POINT('Ctrl Pts',(-120.114008156343,24.2359045519296,-43.7375468268896));
#8154=CARTESIAN_POINT('Ctrl Pts',(-120.052374508514,24.2330500252076,-43.0684392713141));
#8155=CARTESIAN_POINT('Ctrl Pts',(-114.313528771027,24.4797540693547,-45.995232662428));
#8156=CARTESIAN_POINT('Ctrl Pts',(-114.310014383035,24.4752814917517,-45.3261199013035));
#8157=CARTESIAN_POINT('Ctrl Pts',(-114.306386569686,24.4706943567149,-44.657406245965));
#8158=CARTESIAN_POINT('Ctrl Pts',(-114.302872181694,24.4662217791119,-43.9882934848405));
#8159=CARTESIAN_POINT('Ctrl Pts',(-108.88837063142,24.7067696807274,-46.0262918616557));
#8160=CARTESIAN_POINT('Ctrl Pts',(-108.937977788234,24.7026827711141,-45.3589551544633));
#8161=CARTESIAN_POINT('Ctrl Pts',(-108.998248480047,24.6992314488396,-44.6925815698984));
#8162=CARTESIAN_POINT('Ctrl Pts',(-109.047855636861,24.6951445392262,-44.025244862706));
#8163=CARTESIAN_POINT('Ctrl Pts',(-106.557026772423,24.7990645665886,-45.9449009735816));
#8164=CARTESIAN_POINT('Ctrl Pts',(-106.635505987303,24.7959576760492,-45.2805042923913));
#8165=CARTESIAN_POINT('Ctrl Pts',(-106.713985202182,24.7928507855097,-44.6161076112009));
#8166=CARTESIAN_POINT('Ctrl Pts',(-106.792464417062,24.7897438949702,-43.9517109300106));
#8167=CARTESIAN_POINT('',(-263.661476739071,0.378040220572653,7.1912829567311E-5));
#8168=CARTESIAN_POINT('Ctrl Pts',(-263.66147673907,0.378040220572715,7.1912829528531E-5));
#8169=CARTESIAN_POINT('Ctrl Pts',(-264.045140856402,0.266996038448923,4.86263001435589E-6));
#8170=CARTESIAN_POINT('Ctrl Pts',(-264.439200827043,0.188833515207304,-1.22405661693039E-5));
#8171=CARTESIAN_POINT('Ctrl Pts',(-265.191654849575,0.0741815983661547,
-1.26893819521254E-5));
#8172=CARTESIAN_POINT('Ctrl Pts',(-265.568550264044,0.0325854570278837,
-9.64844221337439E-14));
#8173=CARTESIAN_POINT('Ctrl Pts',(-265.931527944759,8.19656842399041E-15,
-9.01567893013848E-14));
#8174=CARTESIAN_POINT('Ctrl Pts',(-263.661472691635,0.378040220572653,7.47618342940015E-5));
#8175=CARTESIAN_POINT('Ctrl Pts',(-263.616980397961,0.416911240847949,-0.0631331651135236));
#8176=CARTESIAN_POINT('Ctrl Pts',(-263.57049079482,0.45706650823538,-0.12521289365724));
#8177=CARTESIAN_POINT('Ctrl Pts',(-263.521972965296,0.498424110981373,-0.186348093820021));
#8178=CARTESIAN_POINT('Ctrl Pts',(-263.473047813912,0.540128923318416,-0.247996542489437));
#8179=CARTESIAN_POINT('Ctrl Pts',(-263.422060191245,0.58305634369434,-0.308684555129093));
#8180=CARTESIAN_POINT('Ctrl Pts',(-263.368927320316,0.627122379965532,-0.368586026101886));
#8181=CARTESIAN_POINT('Ctrl Pts',(-263.334474791559,0.655695772581382,-0.407427464842577));
#8182=CARTESIAN_POINT('Ctrl Pts',(-263.299119257676,0.684747897667332,-0.445937907935146));
#8183=CARTESIAN_POINT('Ctrl Pts',(-263.262826924715,0.714255856454772,-0.484161495865789));
#8184=CARTESIAN_POINT('Ctrl Pts',(-263.161901446601,0.796314644244344,-0.590457607811418));
#8185=CARTESIAN_POINT('Ctrl Pts',(-263.054408952117,0.881207747123449,-0.693808076686108));
#8186=CARTESIAN_POINT('Ctrl Pts',(-262.940857189263,0.968148532409304,-0.794173973691904));
#8187=CARTESIAN_POINT('Ctrl Pts',(-262.824968687215,1.0568784395494,-0.896605262897271));
#8188=CARTESIAN_POINT('Ctrl Pts',(-262.702769047613,1.1477411732269,-0.995927826715586));
#8189=CARTESIAN_POINT('Ctrl Pts',(-262.574848813156,1.23990053107661,-1.09212111083048));
#8190=CARTESIAN_POINT('Ctrl Pts',(-262.476169262764,1.3109936152599,-1.16632602506826));
#8191=CARTESIAN_POINT('Ctrl Pts',(-262.374086565753,1.38285829540188,-1.23866919347542));
#8192=CARTESIAN_POINT('Ctrl Pts',(-262.26889118594,1.45511070948853,-1.30914960442151));
#8193=CARTESIAN_POINT('Ctrl Pts',(-262.030277759804,1.61899999913613,-1.46901948046711));
#8194=CARTESIAN_POINT('Ctrl Pts',(-261.773547732932,1.78724130113797,-1.62071560691802));
#8195=CARTESIAN_POINT('Ctrl Pts',(-261.500422936098,1.9571144243431,-1.76440542270304));
#8196=CARTESIAN_POINT('Ctrl Pts',(-261.452094655127,1.98717275710075,-1.78983072963365));
#8197=CARTESIAN_POINT('Ctrl Pts',(-261.403253135365,2.01728218187029,-1.81500546649245));
#8198=CARTESIAN_POINT('Ctrl Pts',(-261.35390801339,2.04742762841506,-1.83993069713925));
#8199=CARTESIAN_POINT('Ctrl Pts',(-261.198854582338,2.14215137678641,-1.918251357355));
#8200=CARTESIAN_POINT('Ctrl Pts',(-261.039773565142,2.23723078875769,-1.99351730731077));
#8201=CARTESIAN_POINT('Ctrl Pts',(-260.877609752034,2.33219831058971,-2.065892303326));
#8202=CARTESIAN_POINT('Ctrl Pts',(-260.716110791121,2.42677647696716,-2.13797057053406));
#8203=CARTESIAN_POINT('Ctrl Pts',(-260.551554301732,2.5212436687969,-2.20718155269815));
#8204=CARTESIAN_POINT('Ctrl Pts',(-260.384822020761,2.61513805953744,-2.27368320954243));
#8205=CARTESIAN_POINT('Ctrl Pts',(-260.218880789465,2.70858697489142,-2.33986935391513));
#8206=CARTESIAN_POINT('Ctrl Pts',(-260.050784385075,2.80146851149228,-2.4033718307284));
#8207=CARTESIAN_POINT('Ctrl Pts',(-259.881350497369,2.89332738497266,-2.4643424309753));
#8208=CARTESIAN_POINT('Ctrl Pts',(-259.846006720091,2.91248907458068,-2.47706085079562));
#8209=CARTESIAN_POINT('Ctrl Pts',(-259.810604563857,2.9316062643982,-2.48966908546353));
#8210=CARTESIAN_POINT('Ctrl Pts',(-259.775151164981,2.95067482184975,-2.50216849044494));
#8211=CARTESIAN_POINT('Ctrl Pts',(-259.583976745188,3.0534976970209,-2.56956869947401));
#8212=CARTESIAN_POINT('Ctrl Pts',(-259.388825719739,3.15646688661774,-2.63467967126349));
#8213=CARTESIAN_POINT('Ctrl Pts',(-259.190494511983,3.25923296342016,-2.69754519317417));
#8214=CARTESIAN_POINT('Ctrl Pts',(-258.999356990305,3.35827160416067,-2.75813051503528));
#8215=CARTESIAN_POINT('Ctrl Pts',(-258.805265677089,3.45712159913215,-2.81663028206969));
#8216=CARTESIAN_POINT('Ctrl Pts',(-258.608981497793,3.5554701809812,-2.87308339275719));
#8217=CARTESIAN_POINT('Ctrl Pts',(-258.492671386337,3.61374759568425,-2.9065352359964));
#8218=CARTESIAN_POINT('Ctrl Pts',(-258.375592225158,3.67184895065119,-2.9392684399158));
#8219=CARTESIAN_POINT('Ctrl Pts',(-258.257911055445,3.72970917031789,-2.97129113261015));
#8220=CARTESIAN_POINT('Ctrl Pts',(-258.09774172776,3.8084595133536,-3.0148754475183));
#8221=CARTESIAN_POINT('Ctrl Pts',(-257.935634620595,3.88671753283067,-3.05736474830356));
#8222=CARTESIAN_POINT('Ctrl Pts',(-257.772287147363,3.96436624397766,-3.09867510068937));
#8223=CARTESIAN_POINT('Ctrl Pts',(-257.601657751653,4.04547648338569,-3.14182704130176));
#8224=CARTESIAN_POINT('Ctrl Pts',(-257.429675462014,4.12592187844864,-3.18369245626181));
#8225=CARTESIAN_POINT('Ctrl Pts',(-257.257189365724,4.2055690912618,-3.22419980597092));
#8226=CARTESIAN_POINT('Ctrl Pts',(-257.068032940824,4.29291399820247,-3.26862208473986));
#8227=CARTESIAN_POINT('Ctrl Pts',(-256.878271300385,4.37929898286012,-3.31141073023982));
#8228=CARTESIAN_POINT('Ctrl Pts',(-256.689079218541,4.46454819026845,-3.35250410418638));
#8229=CARTESIAN_POINT('Ctrl Pts',(-256.621418670319,4.49503576698162,-3.36720028059302));
#8230=CARTESIAN_POINT('Ctrl Pts',(-256.553831383437,4.52537807960156,-3.38167994403273));
#8231=CARTESIAN_POINT('Ctrl Pts',(-256.486372239399,4.55556708449415,-3.39594128986826));
#8232=CARTESIAN_POINT('Ctrl Pts',(-256.286970131614,4.64480259575712,-3.4380963225187));
#8233=CARTESIAN_POINT('Ctrl Pts',(-256.089099420069,4.73269860959692,-3.47862799191283));
#8234=CARTESIAN_POINT('Ctrl Pts',(-255.893243807337,4.81904738652332,-3.51760044093735));
#8235=CARTESIAN_POINT('Ctrl Pts',(-255.695001531235,4.9064483950402,-3.55704780163384));
#8236=CARTESIAN_POINT('Ctrl Pts',(-255.498823983647,4.9922642281529,-3.59489811274067));
#8237=CARTESIAN_POINT('Ctrl Pts',(-255.305171875967,5.07627945901589,-3.63125237305886));
#8238=CARTESIAN_POINT('Ctrl Pts',(-255.108270198194,5.1617045035123,-3.66821667433394));
#8239=CARTESIAN_POINT('Ctrl Pts',(-254.913979673427,5.24526800889605,-3.70363475810327));
#8240=CARTESIAN_POINT('Ctrl Pts',(-254.722738972316,5.32674352044155,-3.73764164610581));
#8241=CARTESIAN_POINT('Ctrl Pts',(-254.530172183066,5.40878399388548,-3.77188434233639));
#8242=CARTESIAN_POINT('Ctrl Pts',(-254.340697810033,5.48870741624882,-3.80469676847363));
#8243=CARTESIAN_POINT('Ctrl Pts',(-254.154714929151,5.56628258926471,-3.83623789886132));
#8244=CARTESIAN_POINT('Ctrl Pts',(-253.967632286877,5.64431648288836,-3.86796553951948));
#8245=CARTESIAN_POINT('Ctrl Pts',(-253.784082661343,5.71997427353129,-3.89840740198867));
#8246=CARTESIAN_POINT('Ctrl Pts',(-253.604421093685,5.79302063723388,-3.92773780023751));
#8247=CARTESIAN_POINT('Ctrl Pts',(-253.507788984903,5.83230908526091,-3.94351334016588));
#8248=CARTESIAN_POINT('Ctrl Pts',(-253.412280764663,5.87084207511369,-3.9589675046791));
#8249=CARTESIAN_POINT('Ctrl Pts',(-253.317945468208,5.90858299129261,-3.97412797565909));
#8250=CARTESIAN_POINT('Ctrl Pts',(-253.197482626262,5.95677680836249,-3.99348736168033));
#8251=CARTESIAN_POINT('Ctrl Pts',(-253.074179339573,6.00532525311591,-4.01312886585103));
#8252=CARTESIAN_POINT('Ctrl Pts',(-252.948918866999,6.05415614248525,-4.03295973152354));
#8253=CARTESIAN_POINT('Ctrl Pts',(-252.826976661473,6.10169345593419,-4.05226525902086));
#8254=CARTESIAN_POINT('Ctrl Pts',(-252.703179983881,6.14949844776612,-4.07175049671297));
#8255=CARTESIAN_POINT('Ctrl Pts',(-252.578308873063,6.19750452087855,-4.09136410047529));
#8256=CARTESIAN_POINT('Ctrl Pts',(-252.467492323073,6.24010738847593,-4.10877014329484));
#8257=CARTESIAN_POINT('Ctrl Pts',(-252.355829321953,6.28286862024829,-4.12627787211065));
#8258=CARTESIAN_POINT('Ctrl Pts',(-252.24383752209,6.32574167009705,-4.14387214776014));
#8259=CARTESIAN_POINT('Ctrl Pts',(-252.137574842606,6.36642148022736,-4.16056635998265));
#8260=CARTESIAN_POINT('Ctrl Pts',(-252.030803378935,6.40720196059524,-4.17733349991622));
#8261=CARTESIAN_POINT('Ctrl Pts',(-251.923699934302,6.44804334932163,-4.19413434354898));
#8262=CARTESIAN_POINT('Ctrl Pts',(-251.811744104288,6.49073508150166,-4.21169635941414));
#8263=CARTESIAN_POINT('Ctrl Pts',(-251.69942526782,6.53349336603948,-4.22929521169584));
#8264=CARTESIAN_POINT('Ctrl Pts',(-251.586887920607,6.57627278820619,-4.24689376009648));
#8265=CARTESIAN_POINT('Ctrl Pts',(-251.466403443855,6.62207319512115,-4.26573507765148));
#8266=CARTESIAN_POINT('Ctrl Pts',(-251.345668045748,6.66789783045722,-4.28457606463274));
#8267=CARTESIAN_POINT('Ctrl Pts',(-251.224799850288,6.71369096280926,-4.30337958364651));
#8268=CARTESIAN_POINT('Ctrl Pts',(-251.084638602379,6.7667936218809,-4.32518453142468));
#8269=CARTESIAN_POINT('Ctrl Pts',(-250.944298000529,6.81985391826271,-4.34693907861625));
#8270=CARTESIAN_POINT('Ctrl Pts',(-250.803893360743,6.87278494635816,-4.36859655572806));
#8271=CARTESIAN_POINT('Ctrl Pts',(-250.613038718584,6.94473507878765,-4.39803596777713));
#8272=CARTESIAN_POINT('Ctrl Pts',(-250.422059514479,7.0164463561121,-4.42729610007336));
#8273=CARTESIAN_POINT('Ctrl Pts',(-250.231170777127,7.0877004995356,-4.45628052532859));
#8274=CARTESIAN_POINT('Ctrl Pts',(-250.088004224113,7.14114110710323,-4.47801884427002));
#8275=CARTESIAN_POINT('Ctrl Pts',(-249.944885124058,7.19432457685159,-4.49960275265137));
#8276=CARTESIAN_POINT('Ctrl Pts',(-249.801940935511,7.24715882241364,-4.52099316384812));
#8277=CARTESIAN_POINT('Ctrl Pts',(-249.686040295986,7.28999737997743,-4.53833673242976));
#8278=CARTESIAN_POINT('Ctrl Pts',(-249.570254660202,7.33260635282583,-4.55555318345092));
#8279=CARTESIAN_POINT('Ctrl Pts',(-249.454692416242,7.37493665544678,-4.57261961079754));
#8280=CARTESIAN_POINT('Ctrl Pts',(-249.344367678872,7.41534846608202,-4.58891255432614));
#8281=CARTESIAN_POINT('Ctrl Pts',(-249.23424606301,7.45550629383695,-4.60506883368937));
#8282=CARTESIAN_POINT('Ctrl Pts',(-249.124466915839,7.49536742924632,-4.62106536419));
#8283=CARTESIAN_POINT('Ctrl Pts',(-249.019717027917,7.5334024256384,-4.63632905333555));
#8284=CARTESIAN_POINT('Ctrl Pts',(-248.915278771048,7.57116729143826,-4.65144732983281));
#8285=CARTESIAN_POINT('Ctrl Pts',(-248.811319670577,7.60862492225757,-4.6663964843799));
#8286=CARTESIAN_POINT('Ctrl Pts',(-248.716097801467,7.64293443054403,-4.68008923884916));
#8287=CARTESIAN_POINT('Ctrl Pts',(-248.621278230121,7.67698617674363,-4.69364009050943));
#8288=CARTESIAN_POINT('Ctrl Pts',(-248.527028052264,7.71075164753271,-4.70702760525686));
#8289=CARTESIAN_POINT('Ctrl Pts',(-248.390633298978,7.75961556654621,-4.72640143364198));
#8290=CARTESIAN_POINT('Ctrl Pts',(-248.254921308902,7.80816083234314,-4.74550592392755));
#8291=CARTESIAN_POINT('Ctrl Pts',(-248.11959483588,7.8564130769749,-4.76438999277465));
#8292=CARTESIAN_POINT('Ctrl Pts',(-248.08226929347,7.86972193785903,-4.76959856798458));
#8293=CARTESIAN_POINT('Ctrl Pts',(-248.044973389128,7.88300850691329,-4.77479033326303));
#8294=CARTESIAN_POINT('Ctrl Pts',(-248.007701547183,7.89627332197812,-4.77996622605932));
#8295=CARTESIAN_POINT('Ctrl Pts',(-247.849127658113,7.95270877573788,-4.80198717826579));
#8296=CARTESIAN_POINT('Ctrl Pts',(-247.690494358529,8.0087504613736,-4.82370572833729));
#8297=CARTESIAN_POINT('Ctrl Pts',(-247.53187574544,8.06443979848751,-4.84513779940391));
#8298=CARTESIAN_POINT('Ctrl Pts',(-247.372849996869,8.12027207661358,-4.86662488139523));
#8299=CARTESIAN_POINT('Ctrl Pts',(-247.213838997106,8.17575019511022,-4.88782403701428));
#8300=CARTESIAN_POINT('Ctrl Pts',(-247.05486511388,8.23091589334117,-4.90875543927744));
#8301=CARTESIAN_POINT('Ctrl Pts',(-246.894937416292,8.28641257571986,-4.92981242614409));
#8302=CARTESIAN_POINT('Ctrl Pts',(-246.73504727857,8.34159307765697,-4.95059845785328));
#8303=CARTESIAN_POINT('Ctrl Pts',(-246.575164698502,8.39649989431862,-4.97113790081854));
#8304=CARTESIAN_POINT('Ctrl Pts',(-246.414676743471,8.45161460862655,-4.99175511376042));
#8305=CARTESIAN_POINT('Ctrl Pts',(-246.254196368592,8.50645356118665,-5.01212388708127));
#8306=CARTESIAN_POINT('Ctrl Pts',(-246.093640537729,8.56105973170259,-5.03227240086541));
#8307=CARTESIAN_POINT('Ctrl Pts',(-245.932067059404,8.61601201129797,-5.05254862152759));
#8308=CARTESIAN_POINT('Ctrl Pts',(-245.770417148504,8.67072854862293,-5.07260179825201));
#8309=CARTESIAN_POINT('Ctrl Pts',(-245.608553284917,8.72525314582399,-5.09246395027401));
#8310=CARTESIAN_POINT('Ctrl Pts',(-245.459241663031,8.77554946187797,-5.11078582933214));
#8311=CARTESIAN_POINT('Ctrl Pts',(-245.309747383496,8.82568245273455,-5.12894520752294));
#8312=CARTESIAN_POINT('Ctrl Pts',(-245.15992325384,8.87568650002869,-5.1469695065546));
#8313=CARTESIAN_POINT('Ctrl Pts',(-244.920916553176,8.95545537565017,-5.17572274045112));
#8314=CARTESIAN_POINT('Ctrl Pts',(-244.680466234264,9.03500104428153,-5.20420456083854));
#8315=CARTESIAN_POINT('Ctrl Pts',(-244.438735205119,9.11430221091434,-5.23242230287133));
#8316=CARTESIAN_POINT('Ctrl Pts',(-244.197676324493,9.19338287560361,-5.26056158367557));
#8317=CARTESIAN_POINT('Ctrl Pts',(-243.955343881393,9.2722203961107,-5.28843827833232));
#8318=CARTESIAN_POINT('Ctrl Pts',(-243.711847857878,9.35079365457008,-5.31606370652708));
#8319=CARTESIAN_POINT('Ctrl Pts',(-243.468865773623,9.42920107096891,-5.34363082661518));
#8320=CARTESIAN_POINT('Ctrl Pts',(-243.224725029279,9.50734533968166,-5.3709477623747));
#8321=CARTESIAN_POINT('Ctrl Pts',(-242.979483119259,9.58520547627916,-5.39802943619955));
#8322=CARTESIAN_POINT('Ctrl Pts',(-242.843574464577,9.62835416329393,-5.41303761263963));
#8323=CARTESIAN_POINT('Ctrl Pts',(-242.70732670167,9.67141558830683,-5.42797359916714));
#8324=CARTESIAN_POINT('Ctrl Pts',(-242.570742733159,9.71438617978683,-5.44284038599275));
#8325=CARTESIAN_POINT('Ctrl Pts',(-242.37417169958,9.77622926190584,-5.46423659877073));
#8326=CARTESIAN_POINT('Ctrl Pts',(-242.177071787994,9.83788420200849,-5.48547197214504));
#8327=CARTESIAN_POINT('Ctrl Pts',(-241.979654878048,9.89934035342431,-5.50654387274586));
#8328=CARTESIAN_POINT('Ctrl Pts',(-241.776450094736,9.96259827765709,-5.52823355979815));
#8329=CARTESIAN_POINT('Ctrl Pts',(-241.57290926237,10.0256455861526,-5.5497500656449));
#8330=CARTESIAN_POINT('Ctrl Pts',(-241.369207634628,10.0884706681002,-5.57109372497381));
#8331=CARTESIAN_POINT('Ctrl Pts',(-241.159208377604,10.1532380471226,-5.59309724380142));
#8332=CARTESIAN_POINT('Ctrl Pts',(-240.949038028841,10.2177692465043,-5.61491708228386));
#8333=CARTESIAN_POINT('Ctrl Pts',(-240.738833157551,10.2820515449211,-5.63655668518371));
#8334=CARTESIAN_POINT('Ctrl Pts',(-240.517598273351,10.3497069078016,-5.65933177603819));
#8335=CARTESIAN_POINT('Ctrl Pts',(-240.296325098804,10.4170865633964,-5.68190723268865));
#8336=CARTESIAN_POINT('Ctrl Pts',(-240.075114067041,10.4841756808975,-5.70429019695641));
#8337=CARTESIAN_POINT('Ctrl Pts',(-239.846452424469,10.5535244275865,-5.72742704205095));
#8338=CARTESIAN_POINT('Ctrl Pts',(-239.617856913026,10.6225627353599,-5.75035823568343));
#8339=CARTESIAN_POINT('Ctrl Pts',(-239.38937997902,10.6912742238207,-5.77309460625942));
#8340=CARTESIAN_POINT('Ctrl Pts',(-239.152405394011,10.7625412711232,-5.79667660155051));
#8341=CARTESIAN_POINT('Ctrl Pts',(-238.91555808717,10.833456736508,-5.82004904139377));
#8342=CARTESIAN_POINT('Ctrl Pts',(-238.678838965153,10.9040023430703,-5.84322669161653));
#8343=CARTESIAN_POINT('Ctrl Pts',(-238.432378666371,10.9774509564437,-5.86735812024934));
#8344=CARTESIAN_POINT('Ctrl Pts',(-238.186057005652,11.0504986447215,-5.89127843201035));
#8345=CARTESIAN_POINT('Ctrl Pts',(-237.939818315019,11.123124780549,-5.9150066557002));
#8346=CARTESIAN_POINT('Ctrl Pts',(-237.675919491214,11.2009596316566,-5.9404366574056));
#8347=CARTESIAN_POINT('Ctrl Pts',(-237.412115798226,11.2783102948543,-5.96564606803207));
#8348=CARTESIAN_POINT('Ctrl Pts',(-237.148278341793,11.3551513787199,-5.99066041453476));
#8349=CARTESIAN_POINT('Ctrl Pts',(-236.859468912047,11.4392654007107,-6.01804234599593));
#8350=CARTESIAN_POINT('Ctrl Pts',(-236.57061883226,11.5227688158959,-6.04519060362237));
#8351=CARTESIAN_POINT('Ctrl Pts',(-236.281491643507,11.6056283190962,-6.07214030281765));
#8352=CARTESIAN_POINT('Ctrl Pts',(-236.000625284571,11.6861203927319,-6.0983200056677));
#8353=CARTESIAN_POINT('Ctrl Pts',(-235.719496087597,11.7660048239401,-6.12431242001877));
#8354=CARTESIAN_POINT('Ctrl Pts',(-235.437840319143,11.8452510815014,-6.15015002361684));
#8355=CARTESIAN_POINT('Ctrl Pts',(-234.849023454321,12.0109197386073,-6.20416495407106));
#8356=CARTESIAN_POINT('Ctrl Pts',(-234.255471673145,12.175087436191,-6.25772666312309));
#8357=CARTESIAN_POINT('Ctrl Pts',(-233.658633306569,12.3377202108419,-6.31072947770996));
#8358=CARTESIAN_POINT('Ctrl Pts',(-233.118857084994,12.4848040940527,-6.3586648327285));
#8359=CARTESIAN_POINT('Ctrl Pts',(-232.576385460474,12.6306325238368,-6.40614342954381));
#8360=CARTESIAN_POINT('Ctrl Pts',(-232.032299331174,12.7751803765669,-6.45307405801636));
#8361=CARTESIAN_POINT('Ctrl Pts',(-231.620970625759,12.8844584447483,-6.48855357792035));
#8362=CARTESIAN_POINT('Ctrl Pts',(-231.208718722292,12.9930046184957,-6.52371971618002));
#8363=CARTESIAN_POINT('Ctrl Pts',(-230.796049005449,13.1008080423939,-6.55852547958379));
#8364=CARTESIAN_POINT('Ctrl Pts',(-230.662858766593,13.1356018816133,-6.56975913146596));
#8365=CARTESIAN_POINT('Ctrl Pts',(-230.52962538095,13.1703183491276,-6.58095518260542));
#8366=CARTESIAN_POINT('Ctrl Pts',(-230.396367059728,13.2049570799679,-6.59211186730119));
#8367=CARTESIAN_POINT('Ctrl Pts',(-229.952299525796,13.3203865378941,-6.62929019443513));
#8368=CARTESIAN_POINT('Ctrl Pts',(-229.508777082346,13.4349527483287,-6.66598150824313));
#8369=CARTESIAN_POINT('Ctrl Pts',(-229.065533577331,13.5486422054852,-6.7022099860156));
#8370=CARTESIAN_POINT('Ctrl Pts',(-228.637407269665,13.6584541868501,-6.7372028606896));
#8371=CARTESIAN_POINT('Ctrl Pts',(-228.20954095927,13.7674481999244,-6.77176391123153));
#8372=CARTESIAN_POINT('Ctrl Pts',(-227.781741214226,13.8756120742061,-6.80590772699996));
#8373=CARTESIAN_POINT('Ctrl Pts',(-227.367338063466,13.9803887853195,-6.83898232556471));
#8374=CARTESIAN_POINT('Ctrl Pts',(-226.952997156706,14.0843865353447,-6.87166539752904));
#8375=CARTESIAN_POINT('Ctrl Pts',(-226.538590285779,14.1875942617108,-6.90396357551589));
#8376=CARTESIAN_POINT('Ctrl Pts',(-226.1362753666,14.2877904963888,-6.93531932702002));
#8377=CARTESIAN_POINT('Ctrl Pts',(-225.733898073953,14.3872421388736,-6.96631230863018));
#8378=CARTESIAN_POINT('Ctrl Pts',(-225.331389748433,14.485939066995,-6.99694241014968));
#8379=CARTESIAN_POINT('Ctrl Pts',(-224.945484942502,14.5805647342865,-7.02630901608826));
#8380=CARTESIAN_POINT('Ctrl Pts',(-224.559459624618,14.6744966671397,-7.05534204215481));
#8381=CARTESIAN_POINT('Ctrl Pts',(-224.173300423383,14.7677259450465,-7.08403586000131));
#8382=CARTESIAN_POINT('Ctrl Pts',(-223.795558260446,14.8589231222026,-7.11210424418477));
#8383=CARTESIAN_POINT('Ctrl Pts',(-223.417687780732,14.9494479418514,-7.13984804566643));
#8384=CARTESIAN_POINT('Ctrl Pts',(-223.039724744782,15.0392920541784,-7.16725671111286));
#8385=CARTESIAN_POINT('Ctrl Pts',(-222.674460793636,15.1261175168148,-7.19374447971555));
#8386=CARTESIAN_POINT('Ctrl Pts',(-222.309110313751,15.2123072455228,-7.2199192438679));
#8387=CARTESIAN_POINT('Ctrl Pts',(-221.94375313111,15.297853704157,-7.24576658441997));
#8388=CARTESIAN_POINT('Ctrl Pts',(-221.622439711206,15.3730875478869,-7.26849803129662));
#8389=CARTESIAN_POINT('Ctrl Pts',(-221.301121624811,15.4478238656211,-7.29097617600628));
#8390=CARTESIAN_POINT('Ctrl Pts',(-220.979886409139,15.5220575313086,-7.31318796932567));
#8391=CARTESIAN_POINT('Ctrl Pts',(-220.652277335064,15.5977641204203,-7.33584048277344));
#8392=CARTESIAN_POINT('Ctrl Pts',(-220.324387727217,15.6729479126345,-7.35823104379877));
#8393=CARTESIAN_POINT('Ctrl Pts',(-219.995805408368,15.7476034706769,-7.38039810542484));
#8394=CARTESIAN_POINT('Ctrl Pts',(-219.679188853638,15.8195403468354,-7.40175792388719));
#8395=CARTESIAN_POINT('Ctrl Pts',(-219.362084292709,15.8910850638973,-7.42289948250636));
#8396=CARTESIAN_POINT('Ctrl Pts',(-219.044627340248,15.9622370399962,-7.44382679614074));
#8397=CARTESIAN_POINT('Ctrl Pts',(-218.712836901938,16.036601596052,-7.46569899805536));
#8398=CARTESIAN_POINT('Ctrl Pts',(-218.380661509021,16.1105371452371,-7.48733716777783));
#8399=CARTESIAN_POINT('Ctrl Pts',(-218.048198734919,16.1840430232575,-7.50875477931393));
#8400=CARTESIAN_POINT('Ctrl Pts',(-217.703016030848,16.2603612149972,-7.53099182249793));
#8401=CARTESIAN_POINT('Ctrl Pts',(-217.357523289066,16.3362162284272,-7.55299113553496));
#8402=CARTESIAN_POINT('Ctrl Pts',(-217.011771471453,16.4116073200518,-7.57477698056479));
#8403=CARTESIAN_POINT('Ctrl Pts',(-216.648157686735,16.4908932088403,-7.59768830933023));
#8404=CARTESIAN_POINT('Ctrl Pts',(-216.284257003587,16.5696660041201,-7.62036358538059));
#8405=CARTESIAN_POINT('Ctrl Pts',(-215.920070000466,16.6479248411105,-7.64284049331225));
#8406=CARTESIAN_POINT('Ctrl Pts',(-215.526576807075,16.732481180064,-7.66712612185957));
#8407=CARTESIAN_POINT('Ctrl Pts',(-215.132748813679,16.8164375159952,-7.69118022978996));
#8408=CARTESIAN_POINT('Ctrl Pts',(-214.738526620879,16.8997927581061,-7.71506042847745));
#8409=CARTESIAN_POINT('Ctrl Pts',(-214.251554787591,17.0027591963389,-7.7445589811884));
#8410=CARTESIAN_POINT('Ctrl Pts',(-213.763980779112,17.1048084266252,-7.77379215332898));
#8411=CARTESIAN_POINT('Ctrl Pts',(-213.275610597873,17.2059383929196,-7.80288357040986));
#8412=CARTESIAN_POINT('Ctrl Pts',(-212.649286606166,17.3356353453627,-7.84019267151898));
#8413=CARTESIAN_POINT('Ctrl Pts',(-212.021643804433,17.4638203386246,-7.8772696218177));
#8414=CARTESIAN_POINT('Ctrl Pts',(-211.392222001569,17.5904890357752,-7.91439137535879));
#8415=CARTESIAN_POINT('Ctrl Pts',(-210.978412571727,17.6737665789237,-7.93879684018006));
#8416=CARTESIAN_POINT('Ctrl Pts',(-210.565456501146,17.7563996872086,-7.96312650670124));
#8417=CARTESIAN_POINT('Ctrl Pts',(-210.152580323554,17.8383741469559,-7.98749568228709));
#8418=CARTESIAN_POINT('Ctrl Pts',(-209.928898386318,17.8827850550085,-8.00069805311816));
#8419=CARTESIAN_POINT('Ctrl Pts',(-209.705240798591,17.9270026434504,-8.01391189093245));
#8420=CARTESIAN_POINT('Ctrl Pts',(-209.481490881021,17.9710246521193,-8.02715462437133));
#8421=CARTESIAN_POINT('Ctrl Pts',(-208.824282257097,18.1003281354631,-8.06605179454638));
#8422=CARTESIAN_POINT('Ctrl Pts',(-208.164972618461,18.2279442707448,-8.1053721191835));
#8423=CARTESIAN_POINT('Ctrl Pts',(-207.50359735867,18.3538157835397,-8.14545975444003));
#8424=CARTESIAN_POINT('Ctrl Pts',(-206.836303811607,18.4808136520017,-8.1859061121283));
#8425=CARTESIAN_POINT('Ctrl Pts',(-206.166907561415,18.606035534922,-8.22713353325492));
#8426=CARTESIAN_POINT('Ctrl Pts',(-205.495479734588,18.7294226065232,-8.26945528138188));
#8427=CARTESIAN_POINT('Ctrl Pts',(-204.814350422179,18.8545925025001,-8.31238853801784));
#8428=CARTESIAN_POINT('Ctrl Pts',(-204.131130426739,18.9778741815819,-8.35644796411227));
#8429=CARTESIAN_POINT('Ctrl Pts',(-203.445929082236,19.0992062310423,-8.4019197333804));
#8430=CARTESIAN_POINT('Ctrl Pts',(-202.754859725969,19.2215773588689,-8.44778091939316));
#8431=CARTESIAN_POINT('Ctrl Pts',(-202.061775005221,19.3419653211294,-8.49507868786344));
#8432=CARTESIAN_POINT('Ctrl Pts',(-201.366821761998,19.4603071137451,-8.54406590548799));
#8433=CARTESIAN_POINT('Ctrl Pts',(-200.662216897461,19.5802924560227,-8.59373346539218));
#8434=CARTESIAN_POINT('Ctrl Pts',(-199.955691292288,19.6981743989285,-8.64513770183387));
#8435=CARTESIAN_POINT('Ctrl Pts',(-199.247432700241,19.8138872767259,-8.69850103558951));
#8436=CARTESIAN_POINT('Ctrl Pts',(-198.826125577263,19.8827190003134,-8.73024417696406));
#8437=CARTESIAN_POINT('Ctrl Pts',(-198.404205901422,19.9507832095788,-8.76267975601449));
#8438=CARTESIAN_POINT('Ctrl Pts',(-197.981718783695,20.0180660828791,-8.79584790525521));
#8439=CARTESIAN_POINT('Ctrl Pts',(-197.479047675852,20.0981185981905,-8.83531105010472));
#8440=CARTESIAN_POINT('Ctrl Pts',(-196.975865964978,20.1770650534147,-8.87586073651607));
#8441=CARTESIAN_POINT('Ctrl Pts',(-196.472937509724,20.2548821691921,-8.91745174052278));
#8442=CARTESIAN_POINT('Ctrl Pts',(-196.141911739613,20.3061011257036,-8.94482679553743));
#8443=CARTESIAN_POINT('Ctrl Pts',(-195.81099459559,20.3568308267444,-8.97265296090817));
#8444=CARTESIAN_POINT('Ctrl Pts',(-195.480391590632,20.4070646343059,-9.00091721043557));
#8445=CARTESIAN_POINT('Ctrl Pts',(-194.988844514448,20.4817532513547,-9.04294105476669));
#8446=CARTESIAN_POINT('Ctrl Pts',(-194.49742116336,20.5552129573404,-9.08598148779895));
#8447=CARTESIAN_POINT('Ctrl Pts',(-194.006185390847,20.6274210232923,-9.13005648086668));
#8448=CARTESIAN_POINT('Ctrl Pts',(-193.486753483454,20.7037737148617,-9.17666130689621));
#8449=CARTESIAN_POINT('Ctrl Pts',(-192.967530846675,20.7787269585703,-9.2244227469436));
#8450=CARTESIAN_POINT('Ctrl Pts',(-192.448531383677,20.8522538826849,-9.27337509406924));
#8451=CARTESIAN_POINT('Ctrl Pts',(-191.891395905867,20.9311835558715,-9.32592445346199));
#8452=CARTESIAN_POINT('Ctrl Pts',(-191.334516959039,21.008469596782,-9.37984596204956));
#8453=CARTESIAN_POINT('Ctrl Pts',(-190.777851261658,21.0840787641623,-9.43519929460504));
#8454=CARTESIAN_POINT('Ctrl Pts',(-190.159304814632,21.168092889814,-9.49670588167219));
#8455=CARTESIAN_POINT('Ctrl Pts',(-189.541020594408,21.2500366070601,-9.55997986154632));
#8456=CARTESIAN_POINT('Ctrl Pts',(-188.922880318467,21.329864311057,-9.62512921808785));
#8457=CARTESIAN_POINT('Ctrl Pts',(-188.205314465477,21.4225320059805,-9.700757607659));
#8458=CARTESIAN_POINT('Ctrl Pts',(-187.487939665858,21.51234823734,-9.77891202574737));
#8459=CARTESIAN_POINT('Ctrl Pts',(-186.770526765245,21.5992416648018,-9.85980870492202));
#8460=CARTESIAN_POINT('Ctrl Pts',(-186.145131571801,21.6749898592238,-9.93032931345611));
#8461=CARTESIAN_POINT('Ctrl Pts',(-185.519704698265,21.7485169419852,-10.00293455264));
#8462=CARTESIAN_POINT('Ctrl Pts',(-184.894106556094,21.8197756533592,-10.0778000748778));
#8463=CARTESIAN_POINT('Ctrl Pts',(-184.541247022642,21.8599680931299,-10.1200268838592));
#8464=CARTESIAN_POINT('Ctrl Pts',(-184.188333439435,21.8994388823106,-10.162973321213));
#8465=CARTESIAN_POINT('Ctrl Pts',(-183.835347087362,21.9381795406168,-10.2066752769029));
#8466=CARTESIAN_POINT('Ctrl Pts',(-183.312944038143,21.9955138763751,-10.2713520973384));
#8467=CARTESIAN_POINT('Ctrl Pts',(-182.791008830229,22.0512490360287,-10.337423685397));
#8468=CARTESIAN_POINT('Ctrl Pts',(-182.269428778838,22.1053575309036,-10.4050395620606));
#8469=CARTESIAN_POINT('Ctrl Pts',(-181.852924479548,22.1485655115067,-10.459033773027));
#8470=CARTESIAN_POINT('Ctrl Pts',(-181.436647198507,22.1907362142815,-10.5140129804805));
#8471=CARTESIAN_POINT('Ctrl Pts',(-181.020562674004,22.2318556417646,-10.5700601716912));
#8472=CARTESIAN_POINT('Ctrl Pts',(-180.408270333319,22.2923652474303,-10.6525368413924));
#8473=CARTESIAN_POINT('Ctrl Pts',(-179.80431469302,22.3497311466514,-10.736261821568));
#8474=CARTESIAN_POINT('Ctrl Pts',(-179.20916264928,22.4041392733166,-10.8212497650073));
#8475=CARTESIAN_POINT('Ctrl Pts',(-178.596850639308,22.4601161446853,-10.9086881583021));
#8476=CARTESIAN_POINT('Ctrl Pts',(-177.993856995913,22.5129622222039,-10.9974633644887));
#8477=CARTESIAN_POINT('Ctrl Pts',(-177.400633728208,22.5628799909848,-11.0875915020517));
#8478=CARTESIAN_POINT('Ctrl Pts',(-176.788597025806,22.6143808478445,-11.1805779560745));
#8479=CARTESIAN_POINT('Ctrl Pts',(-176.186960000915,22.6627647144611,-11.2750044802281));
#8480=CARTESIAN_POINT('Ctrl Pts',(-175.59616329499,22.708253958157,-11.3708894550685));
#8481=CARTESIAN_POINT('Ctrl Pts',(-174.973069062043,22.7562299964858,-11.4720162458074));
#8482=CARTESIAN_POINT('Ctrl Pts',(-174.362032660408,22.8009862760828,-11.5747652562115));
#8483=CARTESIAN_POINT('Ctrl Pts',(-173.763512472571,22.8427836632404,-11.6791594712826));
#8484=CARTESIAN_POINT('Ctrl Pts',(-173.142980995599,22.8861181988394,-11.7873929073166));
#8485=CARTESIAN_POINT('Ctrl Pts',(-172.535902878844,22.9262722065818,-11.8973947245954));
#8486=CARTESIAN_POINT('Ctrl Pts',(-171.942731790531,22.9635364051923,-12.0091928664038));
#8487=CARTESIAN_POINT('Ctrl Pts',(-171.312813894772,23.003109112019,-12.1279168764328));
#8488=CARTESIAN_POINT('Ctrl Pts',(-170.698579164077,23.0394228733094,-12.2486665790921));
#8489=CARTESIAN_POINT('Ctrl Pts',(-170.10051271134,23.0728258539102,-12.3714791935846));
#8490=CARTESIAN_POINT('Ctrl Pts',(-170.000291259274,23.0784233844252,-12.3920596132021));
#8491=CARTESIAN_POINT('Ctrl Pts',(-169.900523720972,23.0839391754391,-12.4126979726763));
#8492=CARTESIAN_POINT('Ctrl Pts',(-169.801212242876,23.0893748653473,-12.4333944594908));
#8493=CARTESIAN_POINT('Ctrl Pts',(-169.320560583368,23.1156827345387,-12.5335621432695));
#8494=CARTESIAN_POINT('Ctrl Pts',(-168.850482620774,23.1401143113608,-12.6352545679719));
#8495=CARTESIAN_POINT('Ctrl Pts',(-168.390207775306,23.162855338476,-12.7389402550551));
#8496=CARTESIAN_POINT('Ctrl Pts',(-168.325402144069,23.1660572223758,-12.7535389594331));
#8497=CARTESIAN_POINT('Ctrl Pts',(-168.260790923445,23.1692255928398,-12.7681771374981));
#8498=CARTESIAN_POINT('Ctrl Pts',(-168.19637203428,23.1723609683077,-12.7828560578626));
#8499=CARTESIAN_POINT('Ctrl Pts',(-167.848517647642,23.1892916252063,-12.8621204926589));
#8500=CARTESIAN_POINT('Ctrl Pts',(-167.508912101733,23.2052471420904,-12.9419713423213));
#8501=CARTESIAN_POINT('Ctrl Pts',(-167.176814404916,23.2203139496143,-13.0225885265007));
#8502=CARTESIAN_POINT('Ctrl Pts',(-166.841915968051,23.2355078227928,-13.1038855942758));
#8503=CARTESIAN_POINT('Ctrl Pts',(-166.514652845204,23.2497979335737,-13.185961681383));
#8504=CARTESIAN_POINT('Ctrl Pts',(-166.194321008641,23.2632729178394,-13.2689886734062));
#8505=CARTESIAN_POINT('Ctrl Pts',(-165.866048541327,23.277081930329,-13.3540738020577));
#8506=CARTESIAN_POINT('Ctrl Pts',(-165.545055407774,23.2900349034622,-13.4401572868934));
#8507=CARTESIAN_POINT('Ctrl Pts',(-165.230639113717,23.3022272293894,-13.5274152531065));
#8508=CARTESIAN_POINT('Ctrl Pts',(-164.908481479426,23.3147197463215,-13.6168216245307));
#8509=CARTESIAN_POINT('Ctrl Pts',(-164.593228696615,23.3264136986793,-13.707460722454));
#8510=CARTESIAN_POINT('Ctrl Pts',(-164.284179889541,23.3374116995581,-13.7995172770767));
#8511=CARTESIAN_POINT('Ctrl Pts',(-163.963993556703,23.3488060472771,-13.8948913732188));
#8512=CARTESIAN_POINT('Ctrl Pts',(-163.650466496798,23.3594533781441,-13.9917865882535));
#8513=CARTESIAN_POINT('Ctrl Pts',(-163.342875632479,23.3694678037985,-14.0904083441216));
#8514=CARTESIAN_POINT('Ctrl Pts',(-163.029458620402,23.379671914942,-14.1908981168541));
#8515=CARTESIAN_POINT('Ctrl Pts',(-162.722205056641,23.3892189178054,-14.2931800816899));
#8516=CARTESIAN_POINT('Ctrl Pts',(-162.420404706067,23.3982295318655,-14.3974770870693));
#8517=CARTESIAN_POINT('Ctrl Pts',(-162.111160201957,23.4074624001224,-14.5043466637526));
#8518=CARTESIAN_POINT('Ctrl Pts',(-161.807641450337,23.4161320922949,-14.6133314915196));
#8519=CARTESIAN_POINT('Ctrl Pts',(-161.509137859731,23.4243684829447,-14.7246831945861));
#8520=CARTESIAN_POINT('Ctrl Pts',(-161.36866113532,23.4282445541742,-14.7770856547126));
#8521=CARTESIAN_POINT('Ctrl Pts',(-161.229295843237,23.4320246632823,-14.8300125085141));
#8522=CARTESIAN_POINT('Ctrl Pts',(-161.09097167152,23.4357223462125,-14.8834912652021));
#8523=CARTESIAN_POINT('Ctrl Pts',(-160.786693863661,23.44385630315,-15.001130855232));
#8524=CARTESIAN_POINT('Ctrl Pts',(-160.48827339435,23.4516242871578,-15.1211219881239));
#8525=CARTESIAN_POINT('Ctrl Pts',(-160.194993916994,23.4590492232367,-15.2436973860602));
#8526=CARTESIAN_POINT('Ctrl Pts',(-159.898067930344,23.4665664777371,-15.3677968331109));
#8527=CARTESIAN_POINT('Ctrl Pts',(-159.606411905295,23.4737321006586,-15.4945447834536));
#8528=CARTESIAN_POINT('Ctrl Pts',(-159.319333350116,23.4805698827967,-15.6242020026943));
#8529=CARTESIAN_POINT('Ctrl Pts',(-159.02878284005,23.4874903617113,-15.7554273084673));
#8530=CARTESIAN_POINT('Ctrl Pts',(-158.742921518976,23.4940750220161,-15.8896322355287));
#8531=CARTESIAN_POINT('Ctrl Pts',(-158.461078247691,23.5003485281725,-16.0271133223994));
#8532=CARTESIAN_POINT('Ctrl Pts',(-158.19623054941,23.5062437324755,-16.1563040930315));
#8533=CARTESIAN_POINT('Ctrl Pts',(-157.934931592973,23.5118641773151,-16.2883877850658));
#8534=CARTESIAN_POINT('Ctrl Pts',(-157.67665749473,23.5172303288923,-16.4236363099143));
#8535=CARTESIAN_POINT('Ctrl Pts',(-157.412761777159,23.5227132806504,-16.5618286674069));
#8536=CARTESIAN_POINT('Ctrl Pts',(-157.151922649518,23.5279307487272,-16.7034334381016));
#8537=CARTESIAN_POINT('Ctrl Pts',(-156.893579627744,23.5329045650308,-16.8484142241268));
#8538=CARTESIAN_POINT('Ctrl Pts',(-156.627092046617,23.5380351865844,-16.9979656953165));
#8539=CARTESIAN_POINT('Ctrl Pts',(-156.363260668901,23.5429065513982,-17.1511095034775));
#8540=CARTESIAN_POINT('Ctrl Pts',(-156.101498523331,23.5475426219881,-17.3078538853638));
#8541=CARTESIAN_POINT('Ctrl Pts',(-155.830710192438,23.5523385553887,-17.4700031887153));
#8542=CARTESIAN_POINT('Ctrl Pts',(-155.562136538563,23.5568826877764,-17.6360057655514));
#8543=CARTESIAN_POINT('Ctrl Pts',(-155.295153522328,23.5612015469811,-17.8059199385706));
#8544=CARTESIAN_POINT('Ctrl Pts',(-155.012251608946,23.565777918729,-17.9859652663065));
#8545=CARTESIAN_POINT('Ctrl Pts',(-154.731135979064,23.570101352527,-18.1704025070531));
#8546=CARTESIAN_POINT('Ctrl Pts',(-154.451088159822,23.5742034099361,-18.3593552067633));
#8547=CARTESIAN_POINT('Ctrl Pts',(-154.158990119759,23.5784819754065,-18.5564383813421));
#8548=CARTESIAN_POINT('Ctrl Pts',(-153.86805430204,23.5825197033303,-18.7584341376236));
#8549=CARTESIAN_POINT('Ctrl Pts',(-153.57748404691,23.5863524072945,-18.9655387908212));
#8550=CARTESIAN_POINT('Ctrl Pts',(-153.273173234786,23.5903663530973,-19.1824370593005));
#8551=CARTESIAN_POINT('Ctrl Pts',(-152.969264158604,23.5941554260247,-19.4049390831534));
#8552=CARTESIAN_POINT('Ctrl Pts',(-152.664851364252,23.5977607643922,-19.6333274244303));
#8553=CARTESIAN_POINT('Ctrl Pts',(-152.341897643135,23.6015856937752,-19.8756262569479));
#8554=CARTESIAN_POINT('Ctrl Pts',(-152.018378209678,23.6052038254908,-20.1245506331821));
#8555=CARTESIAN_POINT('Ctrl Pts',(-151.693206654643,23.6086642818375,-20.3804961955679));
#8556=CARTESIAN_POINT('Ctrl Pts',(-151.368101989126,23.61212402635,-20.6363891085907));
#8557=CARTESIAN_POINT('Ctrl Pts',(-151.041347277112,23.6154261603562,-20.899301358715));
#8558=CARTESIAN_POINT('Ctrl Pts',(-150.711831624238,23.6186197758467,-21.1696733416006));
#8559=CARTESIAN_POINT('Ctrl Pts',(-150.402421800644,23.6216185287039,-21.4235482237187));
#8560=CARTESIAN_POINT('Ctrl Pts',(-150.090578515551,23.6245216018309,-21.6840014345558));
#8561=CARTESIAN_POINT('Ctrl Pts',(-149.775344548596,23.6273696381369,-21.9514209623558));
#8562=CARTESIAN_POINT('Ctrl Pts',(-149.591817600699,23.6290277443867,-22.1071106877347));
#8563=CARTESIAN_POINT('Ctrl Pts',(-149.407140620972,23.6306671959906,-22.2651619948891));
#8564=CARTESIAN_POINT('Ctrl Pts',(-149.221116574613,23.6322960131502,-22.4256531985659));
#8565=CARTESIAN_POINT('Ctrl Pts',(-148.884406333889,23.6352442310213,-22.7161480721163));
#8566=CARTESIAN_POINT('Ctrl Pts',(-148.542904880803,23.6381576079999,-23.0139672476992));
#8567=CARTESIAN_POINT('Ctrl Pts',(-148.195921883754,23.6410837046511,-23.3194106866916));
#8568=CARTESIAN_POINT('Ctrl Pts',(-147.882457665865,23.6437271384967,-23.595348094367));
#8569=CARTESIAN_POINT('Ctrl Pts',(-147.564519745213,23.6463809532539,-23.8775085643684));
#8570=CARTESIAN_POINT('Ctrl Pts',(-147.241597894851,23.6490802149323,-24.1660770257928));
#8571=CARTESIAN_POINT('Ctrl Pts',(-146.941571196722,23.6515880990158,-24.43418598952));
#8572=CARTESIAN_POINT('Ctrl Pts',(-146.637242208808,23.6541352141018,-24.7078269824517));
#8573=CARTESIAN_POINT('Ctrl Pts',(-146.328201075309,23.6567496839745,-24.9871076160504));
#8574=CARTESIAN_POINT('Ctrl Pts',(-146.036884380959,23.6592142061311,-25.2503706647418));
#8575=CARTESIAN_POINT('Ctrl Pts',(-145.741380533251,23.6617385786295,-25.5186453881518));
#8576=CARTESIAN_POINT('Ctrl Pts',(-145.441345957566,23.6643463585257,-25.7919783591057));
#8577=CARTESIAN_POINT('Ctrl Pts',(-145.155976284156,23.6668266769876,-26.0519515321151));
#8578=CARTESIAN_POINT('Ctrl Pts',(-144.866507944344,23.6693824486381,-26.3165008961378));
#8579=CARTESIAN_POINT('Ctrl Pts',(-144.572645303913,23.6720339423944,-26.5856208845737));
#8580=CARTESIAN_POINT('Ctrl Pts',(-144.291424559623,23.674571369563,-26.8431633994726));
#8581=CARTESIAN_POINT('Ctrl Pts',(-144.00617945363,23.6771964601088,-27.104892032524));
#8582=CARTESIAN_POINT('Ctrl Pts',(-143.716651060652,23.6799269779794,-27.3707546374236));
#8583=CARTESIAN_POINT('Ctrl Pts',(-143.429951487999,23.6826308174839,-27.6340196472033));
#8584=CARTESIAN_POINT('Ctrl Pts',(-143.139051905632,23.6854380342343,-27.9013388058363));
#8585=CARTESIAN_POINT('Ctrl Pts',(-142.843701260572,23.6883658765641,-28.1726074708876));
#8586=CARTESIAN_POINT('Ctrl Pts',(-142.571668451306,23.6910625667098,-28.4224595645048));
#8587=CARTESIAN_POINT('Ctrl Pts',(-142.295859650125,23.6938615876008,-28.6756620139985));
#8588=CARTESIAN_POINT('Ctrl Pts',(-142.016079118937,23.6967764163614,-28.9320852271765));
#8589=CARTESIAN_POINT('Ctrl Pts',(-141.743866583505,23.6996123997083,-29.181572254406));
#8590=CARTESIAN_POINT('Ctrl Pts',(-141.467894272746,23.7025580105104,-29.4341084152273));
#8591=CARTESIAN_POINT('Ctrl Pts',(-141.187982424829,23.7056256615492,-29.6895257249608));
#8592=CARTESIAN_POINT('Ctrl Pts',(-140.918293910505,23.7085812715289,-29.9356143250224));
#8593=CARTESIAN_POINT('Ctrl Pts',(-140.644948368439,23.7116501698922,-30.1843775993552));
#8594=CARTESIAN_POINT('Ctrl Pts',(-140.367785608952,23.7148434584193,-30.43561682951));
#8595=CARTESIAN_POINT('Ctrl Pts',(-140.265252390287,23.7160247792845,-30.5285599325822));
#8596=CARTESIAN_POINT('Ctrl Pts',(-140.162196774209,23.7172231235168,-30.621841380211));
#8597=CARTESIAN_POINT('Ctrl Pts',(-140.058610674707,23.7184390531753,-30.7154492746708));
#8598=CARTESIAN_POINT('Ctrl Pts',(-140.025822519443,23.718823931944,-30.7450790241482));
#8599=CARTESIAN_POINT('Ctrl Pts',(-139.993114421975,23.7192091958802,-30.7746210950939));
#8600=CARTESIAN_POINT('Ctrl Pts',(-139.960486019342,23.7195948438367,-30.8040755695046));
#8601=CARTESIAN_POINT('Ctrl Pts',(-139.7049090533,23.7226156087757,-31.0347912833905));
#8602=CARTESIAN_POINT('Ctrl Pts',(-139.454861100984,23.7256599353786,-31.2603212854088));
#8603=CARTESIAN_POINT('Ctrl Pts',(-139.209976546093,23.7287272722919,-31.4807056698348));
#8604=CARTESIAN_POINT('Ctrl Pts',(-138.954843214274,23.7319229817431,-31.7103134632062));
#8605=CARTESIAN_POINT('Ctrl Pts',(-138.705314626664,23.7351436678384,-31.9343361885738));
#8606=CARTESIAN_POINT('Ctrl Pts',(-138.461012817291,23.738388707062,-32.1528646775087));
#8607=CARTESIAN_POINT('Ctrl Pts',(-138.205463770188,23.7417831423448,-32.3814538445552));
#8608=CARTESIAN_POINT('Ctrl Pts',(-137.955633963119,23.7452042247255,-32.6040315374353));
#8609=CARTESIAN_POINT('Ctrl Pts',(-137.711127057968,23.7486512405458,-32.8207460780129));
#8610=CARTESIAN_POINT('Ctrl Pts',(-137.446581692588,23.7523807550931,-33.0552213673103));
#8611=CARTESIAN_POINT('Ctrl Pts',(-137.188267411753,23.7561406279913,-33.2828332652014));
#8612=CARTESIAN_POINT('Ctrl Pts',(-136.935723391831,23.7599299553466,-33.5038170084623));
#8613=CARTESIAN_POINT('Ctrl Pts',(-136.668464665579,23.7639400712965,-33.7376765699145));
#8614=CARTESIAN_POINT('Ctrl Pts',(-136.407668382889,23.76798317408,-33.9641135605615));
#8615=CARTESIAN_POINT('Ctrl Pts',(-136.152831454928,23.77205819242,-34.1834523968822));
#8616=CARTESIAN_POINT('Ctrl Pts',(-135.880781043252,23.7764084662435,-34.417606925408));
#8617=CARTESIAN_POINT('Ctrl Pts',(-135.615522444694,23.7807951128451,-34.6436725820023));
#8618=CARTESIAN_POINT('Ctrl Pts',(-135.356488429882,23.7852168288689,-34.8620861360327));
#8619=CARTESIAN_POINT('Ctrl Pts',(-135.063259106692,23.7902222595184,-35.1093326556469));
#8620=CARTESIAN_POINT('Ctrl Pts',(-134.778006145156,23.7952726298311,-35.3467740161659));
#8621=CARTESIAN_POINT('Ctrl Pts',(-134.499962369285,23.800366049141,-35.5750865911577));
#8622=CARTESIAN_POINT('Ctrl Pts',(-134.19667796904,23.8059218455827,-35.8241252260201));
#8623=CARTESIAN_POINT('Ctrl Pts',(-133.901971516654,23.8115288617008,-36.0623039008329));
#8624=CARTESIAN_POINT('Ctrl Pts',(-133.614906512456,23.8171846437723,-36.2905307048385));
#8625=CARTESIAN_POINT('Ctrl Pts',(-133.294461838425,23.8234980752802,-36.5452955237655));
#8626=CARTESIAN_POINT('Ctrl Pts',(-132.983539658456,23.8298722730238,-36.7876618816071));
#8627=CARTESIAN_POINT('Ctrl Pts',(-132.68089909774,23.8363038239433,-37.0188974177735));
#8628=CARTESIAN_POINT('Ctrl Pts',(-132.618859745299,23.8376222501757,-37.0662992032156));
#8629=CARTESIAN_POINT('Ctrl Pts',(-132.557168571518,23.8389430865228,-37.1132331869187));
#8630=CARTESIAN_POINT('Ctrl Pts',(-132.495815119406,23.8402663035835,-37.1597101652041));
#8631=CARTESIAN_POINT('Ctrl Pts',(-132.404547084089,23.8422346919508,-37.2288482878294));
#8632=CARTESIAN_POINT('Ctrl Pts',(-132.313365684413,23.844221231164,-37.2974756042446));
#8633=CARTESIAN_POINT('Ctrl Pts',(-132.222259532105,23.8462273625894,-37.3655908662863));
#8634=CARTESIAN_POINT('Ctrl Pts',(-131.935265761768,23.8525468833569,-37.5801609625472));
#8635=CARTESIAN_POINT('Ctrl Pts',(-131.648424211041,23.8590608205721,-37.7895390650647));
#8636=CARTESIAN_POINT('Ctrl Pts',(-131.360590763262,23.8658142298198,-37.9938276569325));
#8637=CARTESIAN_POINT('Ctrl Pts',(-131.03625378224,23.8734241180517,-38.2240244796261));
#8638=CARTESIAN_POINT('Ctrl Pts',(-130.710657693764,23.8813380704347,-38.4477596559702));
#8639=CARTESIAN_POINT('Ctrl Pts',(-130.382232155263,23.8896205505252,-38.6651578078354));
#8640=CARTESIAN_POINT('Ctrl Pts',(-130.025505894072,23.8986167393402,-38.9012893530821));
#8641=CARTESIAN_POINT('Ctrl Pts',(-129.665443158651,23.9080477050618,-39.1299455258807));
#8642=CARTESIAN_POINT('Ctrl Pts',(-129.30008964204,23.917996053148,-39.351249467461));
#8643=CARTESIAN_POINT('Ctrl Pts',(-128.927261754281,23.9281479236928,-39.577080826243));
#8644=CARTESIAN_POINT('Ctrl Pts',(-128.548927076672,23.9388385622691,-39.7952566405333));
#8645=CARTESIAN_POINT('Ctrl Pts',(-128.163032119064,23.9501557485664,-40.0058605572056));
#8646=CARTESIAN_POINT('Ctrl Pts',(-127.804921129504,23.9606581112018,-40.2013012477816));
#8647=CARTESIAN_POINT('Ctrl Pts',(-127.440301282271,23.9717000481228,-40.3902209277975));
#8648=CARTESIAN_POINT('Ctrl Pts',(-127.067518120546,23.9833517112676,-40.5726447340719));
#8649=CARTESIAN_POINT('Ctrl Pts',(-126.73533442351,23.9937344027019,-40.7352009346133));
#8650=CARTESIAN_POINT('Ctrl Pts',(-126.396669398573,24.0046012430119,-40.8925987318043));
#8651=CARTESIAN_POINT('Ctrl Pts',(-126.050325150893,24.0160018692239,-41.0448259753798));
#8652=CARTESIAN_POINT('Ctrl Pts',(-125.720061079125,24.0268731836999,-41.189985566261));
#8653=CARTESIAN_POINT('Ctrl Pts',(-125.382814895586,24.0382298691522,-41.3304435191833));
#8654=CARTESIAN_POINT('Ctrl Pts',(-125.037512600179,24.0501149649413,-41.466163085994));
#8655=CARTESIAN_POINT('Ctrl Pts',(-124.705613936526,24.0615387158467,-41.5966144135847));
#8656=CARTESIAN_POINT('Ctrl Pts',(-124.366272899617,24.0734506505725,-41.7226880432385));
#8657=CARTESIAN_POINT('Ctrl Pts',(-124.018494920798,24.0858889885239,-41.8443271461468));
#8658=CARTESIAN_POINT('Ctrl Pts',(-123.686644967034,24.0977576579781,-41.9603952503235));
#8659=CARTESIAN_POINT('Ctrl Pts',(-123.347113434397,24.1101056169232,-42.0724256584643));
#8660=CARTESIAN_POINT('Ctrl Pts',(-122.998993535925,24.12296607032,-42.1803472726818));
#8661=CARTESIAN_POINT('Ctrl Pts',(-122.898771555254,24.1266685306431,-42.2114173665821));
#8662=CARTESIAN_POINT('Ctrl Pts',(-122.797837446613,24.130413468318,-42.2421467692045));
#8663=CARTESIAN_POINT('Ctrl Pts',(-122.696168829733,24.1342016756735,-42.2725334389772));
#8664=CARTESIAN_POINT('Ctrl Pts',(-122.650414181663,24.1359065094727,-42.2862085672925));
#8665=CARTESIAN_POINT('Ctrl Pts',(-122.604597126361,24.1376166194364,-42.299788465685));
#8666=CARTESIAN_POINT('Ctrl Pts',(-122.558717674683,24.1393319091171,-42.3132736176695));
#8667=CARTESIAN_POINT('Ctrl Pts',(-122.237569622878,24.1513386336769,-42.4076672978391));
#8668=CARTESIAN_POINT('Ctrl Pts',(-121.913064396723,24.1635991515571,-42.4972805506468));
#8669=CARTESIAN_POINT('Ctrl Pts',(-121.585969067894,24.1760803838038,-42.5822889316237));
#8670=CARTESIAN_POINT('Ctrl Pts',(-121.242458961244,24.1891879675639,-42.6715633279289));
#8671=CARTESIAN_POINT('Ctrl Pts',(-120.896092554148,24.2025389739579,-42.7557590856975));
#8672=CARTESIAN_POINT('Ctrl Pts',(-120.547698061699,24.2160950898855,-42.8350862830166));
#8673=CARTESIAN_POINT('Ctrl Pts',(-120.205911185524,24.2293941018286,-42.9129089683775));
#8674=CARTESIAN_POINT('Ctrl Pts',(-119.86217205704,24.2428905169091,-42.986046092548));
#8675=CARTESIAN_POINT('Ctrl Pts',(-119.517207773261,24.2565481608716,-43.0547015835692));
#8676=CARTESIAN_POINT('Ctrl Pts',(-119.168190799317,24.2703662568055,-43.124163649202));
#8677=CARTESIAN_POINT('Ctrl Pts',(-118.817919632188,24.2843493921543,-43.1890382101087));
#8678=CARTESIAN_POINT('Ctrl Pts',(-118.467093533005,24.2984601026847,-43.2495413274059));
#8679=CARTESIAN_POINT('Ctrl Pts',(-118.112019664904,24.3127416643511,-43.3107770106715));
#8680=CARTESIAN_POINT('Ctrl Pts',(-117.756377260134,24.3271539092381,-43.3675348028336));
#8681=CARTESIAN_POINT('Ctrl Pts',(-117.400837803692,24.3416579957285,-43.420042897371));
#8682=CARTESIAN_POINT('Ctrl Pts',(-117.038271228957,24.3564487506314,-43.4735887968132));
#8683=CARTESIAN_POINT('Ctrl Pts',(-116.675811685758,24.3713350134521,-43.5227154023958));
#8684=CARTESIAN_POINT('Ctrl Pts',(-116.314116736883,24.3862755936796,-43.5676682566272));
#8685=CARTESIAN_POINT('Ctrl Pts',(-115.948358434339,24.4013840193849,-43.6131261202476));
#8686=CARTESIAN_POINT('Ctrl Pts',(-115.583381891979,24.4165479897776,-43.6543159883817));
#8687=CARTESIAN_POINT('Ctrl Pts',(-115.219813018351,24.4317249104653,-43.6914945065392));
#8688=CARTESIAN_POINT('Ctrl Pts',(-114.849355386116,24.4471893974179,-43.7293774684914));
#8689=CARTESIAN_POINT('Ctrl Pts',(-114.480359221045,24.4626673300689,-43.7630956918546));
#8690=CARTESIAN_POINT('Ctrl Pts',(-114.113431996553,24.4781136466757,-43.7929225794498));
#8691=CARTESIAN_POINT('Ctrl Pts',(-113.798536346034,24.4913696211342,-43.8185199092344));
#8692=CARTESIAN_POINT('Ctrl Pts',(-113.485163501991,24.5046023103386,-43.8412513205558));
#8693=CARTESIAN_POINT('Ctrl Pts',(-113.173666875273,24.5177832324409,-43.8612901631451));
#8694=CARTESIAN_POINT('Ctrl Pts',(-112.869584515033,24.5306504212295,-43.880852039674));
#8695=CARTESIAN_POINT('Ctrl Pts',(-112.567557389403,24.543468277917,-43.8978084766294));
#8696=CARTESIAN_POINT('Ctrl Pts',(-112.2680333482,24.5562103064128,-43.9123809991715));
#8697=CARTESIAN_POINT('Ctrl Pts',(-111.964069398596,24.5691412126999,-43.9271695333064));
#8698=CARTESIAN_POINT('Ctrl Pts',(-111.662683179627,24.581994026099,-43.9395029562446));
#8699=CARTESIAN_POINT('Ctrl Pts',(-111.364289180321,24.5947410546959,-43.9496019309802));
#8700=CARTESIAN_POINT('Ctrl Pts',(-111.061266622842,24.6076858096665,-43.9598575566276));
#8701=CARTESIAN_POINT('Ctrl Pts',(-110.761329715956,24.6205214726061,-43.9678088792515));
#8702=CARTESIAN_POINT('Ctrl Pts',(-110.464859429707,24.6332190428738,-43.9736758408894));
#8703=CARTESIAN_POINT('Ctrl Pts',(-110.163565925096,24.6461231874827,-43.9796382510035));
#8704=CARTESIAN_POINT('Ctrl Pts',(-109.865852630749,24.6588847096635,-43.9834479316915));
#8705=CARTESIAN_POINT('Ctrl Pts',(-109.572066814303,24.6714731702053,-43.9853242620069));
#8706=CARTESIAN_POINT('Ctrl Pts',(-109.270804553708,24.6843819897193,-43.9872483423431));
#8707=CARTESIAN_POINT('Ctrl Pts',(-108.973672149245,24.6971088271536,-43.9871394389437));
#8708=CARTESIAN_POINT('Ctrl Pts',(-108.680990516522,24.7096208597475,-43.9852219297755));
#8709=CARTESIAN_POINT('Ctrl Pts',(-108.383679244632,24.7223308077201,-43.9832740894401));
#8710=CARTESIAN_POINT('Ctrl Pts',(-108.090960499081,24.7348191015386,-43.9794599751889));
#8711=CARTESIAN_POINT('Ctrl Pts',(-107.803117966993,24.7470513361032,-43.9740022268167));
#8712=CARTESIAN_POINT('Ctrl Pts',(-107.508547292195,24.7595694916511,-43.9684169069225));
#8713=CARTESIAN_POINT('Ctrl Pts',(-107.219083332232,24.7718194775879,-43.9611102340285));
#8714=CARTESIAN_POINT('Ctrl Pts',(-106.934977459903,24.7837644193869,-43.9523076173894));
#8715=CARTESIAN_POINT('Ctrl Pts',(-106.889725522523,24.7856669909666,-43.9509055504287));
#8716=CARTESIAN_POINT('Ctrl Pts',(-106.844609413892,24.7875618236928,-43.9494655050248));
#8717=CARTESIAN_POINT('Ctrl Pts',(-106.799630033476,24.789448768562,-43.9479883616044));
#8718=CARTESIAN_POINT('Ctrl Pts',(-76.1140478632454,25.4776615870706,-37.3546504007022));
#8719=CARTESIAN_POINT('Ctrl Pts',(-76.4295112659519,25.4773826461166,-36.7667732906986));
#8720=CARTESIAN_POINT('Ctrl Pts',(-76.7449746686584,25.4771037051627,-36.1788961806949));
#8721=CARTESIAN_POINT('Ctrl Pts',(-77.0604380713649,25.4768247642087,-35.5910190706913));
#8722=CARTESIAN_POINT('Ctrl Pts',(-75.2970549366379,25.4783839934872,-36.9566936688051));
#8723=CARTESIAN_POINT('Ctrl Pts',(-75.6087772385086,25.4780133912463,-36.3667702370368));
#8724=CARTESIAN_POINT('Ctrl Pts',(-75.9194675297509,25.477598451333,-35.7762759758318));
#8725=CARTESIAN_POINT('Ctrl Pts',(-76.2311898316216,25.4772278490921,-35.1863525440635));
#8726=CARTESIAN_POINT('Ctrl Pts',(-74.452001081788,25.4777115902099,-36.5581099468747));
#8727=CARTESIAN_POINT('Ctrl Pts',(-74.7568080405131,25.4771904176209,-35.9644693423516));
#8728=CARTESIAN_POINT('Ctrl Pts',(-75.0625222897059,25.4767233015344,-35.371386127002));
#8729=CARTESIAN_POINT('Ctrl Pts',(-75.3673292484309,25.4762021289454,-34.7777455224789));
#8730=CARTESIAN_POINT('Ctrl Pts',(-71.9678839943259,25.4708389999684,-35.4531111680725));
#8731=CARTESIAN_POINT('Ctrl Pts',(-72.2548775561088,25.4704539452935,-34.8504789185848));
#8732=CARTESIAN_POINT('Ctrl Pts',(-72.5412585489129,25.4699699181799,-34.2471013611486));
#8733=CARTESIAN_POINT('Ctrl Pts',(-72.8282521106957,25.469584863505,-33.6444691116609));
#8734=CARTESIAN_POINT('Ctrl Pts',(-68.3862909322598,25.4510210837469,-34.0020367857953));
#8735=CARTESIAN_POINT('Ctrl Pts',(-68.6508554790287,25.4513539794802,-33.3873293757899));
#8736=CARTESIAN_POINT('Ctrl Pts',(-68.9160794317774,25.4516872699536,-32.77292191711));
#8737=CARTESIAN_POINT('Ctrl Pts',(-69.1806439785464,25.4520201656869,-32.1582145071047));
#8738=CARTESIAN_POINT('Ctrl Pts',(-63.6027241797125,25.3851540942314,-32.6017786219721));
#8739=CARTESIAN_POINT('Ctrl Pts',(-63.8282706850369,25.3853374815701,-31.9717439841868));
#8740=CARTESIAN_POINT('Ctrl Pts',(-64.0573254823836,25.3855317929142,-31.3425837448627));
#8741=CARTESIAN_POINT('Ctrl Pts',(-64.2828719877079,25.3857151802529,-30.7125491070774));
#8742=CARTESIAN_POINT('Ctrl Pts',(-58.955690227159,25.2949530476148,-31.5160657604897));
#8743=CARTESIAN_POINT('Ctrl Pts',(-59.1513909486403,25.2955005348271,-30.8758916519975));
#8744=CARTESIAN_POINT('Ctrl Pts',(-59.3415399945453,25.2959280381732,-30.2343360408707));
#8745=CARTESIAN_POINT('Ctrl Pts',(-59.5372407160266,25.2964755253854,-29.5941619323785));
#8746=CARTESIAN_POINT('Ctrl Pts',(-55.2270898476193,25.2094291854765,-30.7773523405954));
#8747=CARTESIAN_POINT('Ctrl Pts',(-55.3789749982874,25.209871146063,-30.126023264087));
#8748=CARTESIAN_POINT('Ctrl Pts',(-55.5294228085764,25.2102558391997,-29.4743730348466));
#8749=CARTESIAN_POINT('Ctrl Pts',(-55.6813079592444,25.2106977997862,-28.8230439583382));
#8750=CARTESIAN_POINT('Ctrl Pts',(-49.9624069908375,25.0563045981972,-30.0189665737754));
#8751=CARTESIAN_POINT('Ctrl Pts',(-50.0658011373744,25.056778859701,-29.3598724939093));
#8752=CARTESIAN_POINT('Ctrl Pts',(-50.1652504490096,25.0571466048161,-28.6999175139971));
#8753=CARTESIAN_POINT('Ctrl Pts',(-50.2686445955465,25.0576208663199,-28.0408234341309));
#8754=CARTESIAN_POINT('Ctrl Pts',(-45.2106846976244,24.8927386709045,-29.5371769108956));
#8755=CARTESIAN_POINT('Ctrl Pts',(-45.3038344919282,24.8936409089427,-28.8761194287655));
#8756=CARTESIAN_POINT('Ctrl Pts',(-45.3970278525983,24.8945582779804,-28.2147983932066));
#8757=CARTESIAN_POINT('Ctrl Pts',(-45.4901776469021,24.8954605160186,-27.5537409110765));
#8758=CARTESIAN_POINT('Ctrl Pts',(-42.5315858173856,24.7887569114435,-29.3491151328769));
#8759=CARTESIAN_POINT('Ctrl Pts',(-42.6229223887442,24.789733510083,-28.6871567520184));
#8760=CARTESIAN_POINT('Ctrl Pts',(-42.7097621728667,24.7905393581102,-28.0244414444422));
#8761=CARTESIAN_POINT('Ctrl Pts',(-42.8010987442253,24.7915159567497,-27.3624830635837));
#8762=CARTESIAN_POINT('Ctrl Pts',(-39.4096529019168,24.6628802643842,-29.1569163652386));
#8763=CARTESIAN_POINT('Ctrl Pts',(-39.4878158296417,24.6638777145087,-28.4932519604974));
#8764=CARTESIAN_POINT('Ctrl Pts',(-39.5743243913937,24.6652606635648,-27.82998242464));
#8765=CARTESIAN_POINT('Ctrl Pts',(-39.6524873191186,24.6662581136892,-27.1663180198988));
#8766=CARTESIAN_POINT('Ctrl Pts',(-35.2875925863855,24.485179837177,-28.9735488549179));
#8767=CARTESIAN_POINT('Ctrl Pts',(-35.3488349267475,24.4860893525103,-28.3085569470291));
#8768=CARTESIAN_POINT('Ctrl Pts',(-35.4042957273878,24.4867586382464,-27.6430188800665));
#8769=CARTESIAN_POINT('Ctrl Pts',(-35.4655380677498,24.4876681535797,-26.9780269721777));
#8770=CARTESIAN_POINT('Ctrl Pts',(-31.4693535473015,24.2990895471754,-28.8698816273175));
#8771=CARTESIAN_POINT('Ctrl Pts',(-31.5330095042191,24.3003935287896,-28.2047030035114));
#8772=CARTESIAN_POINT('Ctrl Pts',(-31.602434088415,24.3019688318485,-27.539785459869));
#8773=CARTESIAN_POINT('Ctrl Pts',(-31.6660900453326,24.3032728134627,-26.8746068360629));
#8774=CARTESIAN_POINT('Ctrl Pts',(-27.3709028585622,24.0914223570431,-28.7620189917899));
#8775=CARTESIAN_POINT('Ctrl Pts',(-27.4270529746368,24.0925740185759,-28.0965506648704));
#8776=CARTESIAN_POINT('Ctrl Pts',(-27.4796586085301,24.0935885760677,-27.4308908955586));
#8777=CARTESIAN_POINT('Ctrl Pts',(-27.5358087246047,24.0947402376005,-26.7654225686391));
#8778=CARTESIAN_POINT('Ctrl Pts',(-23.4849549982945,23.8803717610079,-28.6768548624357));
#8779=CARTESIAN_POINT('Ctrl Pts',(-23.5460589476626,23.8823976394551,-28.0109443473712));
#8780=CARTESIAN_POINT('Ctrl Pts',(-23.6092073190664,23.8845011314035,-27.3450520014264));
#8781=CARTESIAN_POINT('Ctrl Pts',(-23.6703112684345,23.8865270098507,-26.6791414863619));
#8782=CARTESIAN_POINT('Ctrl Pts',(-21.0258508013012,23.7375808051398,-28.7004477559484));
#8783=CARTESIAN_POINT('Ctrl Pts',(-21.0554998717397,23.7387341401035,-28.0330505260709));
#8784=CARTESIAN_POINT('Ctrl Pts',(-21.0832137137567,23.7397909198349,-27.3658800934603));
#8785=CARTESIAN_POINT('Ctrl Pts',(-21.1128627841952,23.7409442547986,-26.6984828635829));
#8786=CARTESIAN_POINT('Ctrl Pts',(-19.9796036815709,23.6758661135471,-28.7315924381446));
#8787=CARTESIAN_POINT('Ctrl Pts',(-19.9901261326154,23.6764867984778,-28.0643372736145));
#8788=CARTESIAN_POINT('Ctrl Pts',(-20.00064858366,23.6771074834085,-27.3970821090844));
#8789=CARTESIAN_POINT('Ctrl Pts',(-20.0111710347046,23.6777281683392,-26.7298269445544));
#8790=CARTESIAN_POINT('Ctrl Pts',(-76.6908074525319,25.4769101089232,-35.4137187759994));
#8791=CARTESIAN_POINT('Ctrl Pts',(-76.3861567978279,25.4769041829154,-35.2671568202288));
#8792=CARTESIAN_POINT('Ctrl Pts',(-76.0766186474972,25.4767118728755,-35.1201596543265));
#8793=CARTESIAN_POINT('Ctrl Pts',(-75.7615071870679,25.4763365438055,-34.9728409135365));
#8794=CARTESIAN_POINT('Ctrl Pts',(-75.4593130529379,25.475976600555,-34.8315611922166));
#8795=CARTESIAN_POINT('Ctrl Pts',(-75.1519932488727,25.4754483356805,-34.6899855151183));
#8796=CARTESIAN_POINT('Ctrl Pts',(-74.8388995124741,25.4747547170925,-34.5482345828643));
#8797=CARTESIAN_POINT('Ctrl Pts',(-74.7105139455161,25.474470295511,-34.4901089428768));
#8798=CARTESIAN_POINT('Ctrl Pts',(-74.5811569948593,25.4741580705492,-34.4319540971595));
#8799=CARTESIAN_POINT('Ctrl Pts',(-74.4507816736142,25.4738182468403,-34.3737795483717));
#8800=CARTESIAN_POINT('Ctrl Pts',(-74.1741167365144,25.4730971187608,-34.2503293606562));
#8801=CARTESIAN_POINT('Ctrl Pts',(-73.8918972801586,25.4722439942249,-34.1263549964549));
#8802=CARTESIAN_POINT('Ctrl Pts',(-73.6035301936791,25.4712211293653,-34.0019530577521));
#8803=CARTESIAN_POINT('Ctrl Pts',(-73.3138184339704,25.4701934948248,-33.8769710252574));
#8804=CARTESIAN_POINT('Ctrl Pts',(-73.0179019588043,25.4689945332508,-33.7515571012605));
#8805=CARTESIAN_POINT('Ctrl Pts',(-72.7151317649286,25.467585970304,-33.6258378118498));
#8806=CARTESIAN_POINT('Ctrl Pts',(-72.4324044257796,25.4662706517488,-33.508440918451));
#8807=CARTESIAN_POINT('Ctrl Pts',(-72.1437005492033,25.4647725637891,-33.3907777999614));
#8808=CARTESIAN_POINT('Ctrl Pts',(-71.8484499393767,25.4630605410924,-33.2729776626606));
#8809=CARTESIAN_POINT('Ctrl Pts',(-71.5591622646549,25.4613830947181,-33.1575566383935));
#8810=CARTESIAN_POINT('Ctrl Pts',(-71.2635897576834,25.4595002676758,-33.0420039270568));
#8811=CARTESIAN_POINT('Ctrl Pts',(-70.9611545274184,25.4573827450163,-32.9264680895755));
#8812=CARTESIAN_POINT('Ctrl Pts',(-70.6671019553176,25.4553239141586,-32.8141345821616));
#8813=CARTESIAN_POINT('Ctrl Pts',(-70.3665618882547,25.4530432175918,-32.7018169261717));
#8814=CARTESIAN_POINT('Ctrl Pts',(-70.0589620981311,25.4505137110129,-32.5896792169716));
#8815=CARTESIAN_POINT('Ctrl Pts',(-69.9684809178435,25.4497696508797,-32.556693653883));
#8816=CARTESIAN_POINT('Ctrl Pts',(-69.877388610087,25.4490040623196,-32.5237238521126));
#8817=CARTESIAN_POINT('Ctrl Pts',(-69.7856698923393,25.4482162595544,-32.4907744804439));
#8818=CARTESIAN_POINT('Ctrl Pts',(-69.392673307153,25.4448406803477,-32.3495929324698));
#8819=CARTESIAN_POINT('Ctrl Pts',(-68.9884094087594,25.4410572587349,-32.2087934933249));
#8820=CARTESIAN_POINT('Ctrl Pts',(-68.572454148953,25.4368120466317,-32.0685477986323));
#8821=CARTESIAN_POINT('Ctrl Pts',(-68.1749528212015,25.4327551741488,-31.9345241301308));
#8822=CARTESIAN_POINT('Ctrl Pts',(-67.7667739402864,25.4282765770885,-31.8010061880175));
#8823=CARTESIAN_POINT('Ctrl Pts',(-67.3475730852776,25.4233291737746,-31.6681828580082));
#8824=CARTESIAN_POINT('Ctrl Pts',(-66.9461299501928,25.4185913468518,-31.5409860420326));
#8825=CARTESIAN_POINT('Ctrl Pts',(-66.5345784047002,25.4134235905257,-31.414426259037));
#8826=CARTESIAN_POINT('Ctrl Pts',(-66.112647248845,25.4077845565071,-31.2887057379804));
#8827=CARTESIAN_POINT('Ctrl Pts',(-65.7152647253884,25.4024736105457,-31.1702998387845));
#8828=CARTESIAN_POINT('Ctrl Pts',(-65.3086750105157,25.3967446309564,-31.0526385061999));
#8829=CARTESIAN_POINT('Ctrl Pts',(-64.8926846726713,25.3905630748191,-30.9359224346904));
#8830=CARTESIAN_POINT('Ctrl Pts',(-64.4894351633653,25.3845708455475,-30.82278110836));
#8831=CARTESIAN_POINT('Ctrl Pts',(-64.0773517024427,25.3781533379459,-30.7105280045997));
#8832=CARTESIAN_POINT('Ctrl Pts',(-63.6562946751506,25.3712790867879,-30.5993762024721));
#8833=CARTESIAN_POINT('Ctrl Pts',(-63.2540186376066,25.364711457375,-30.493182258119));
#8834=CARTESIAN_POINT('Ctrl Pts',(-62.8435515033506,25.357726921222,-30.3879936153181));
#8835=CARTESIAN_POINT('Ctrl Pts',(-62.4248091757159,25.3502980385509,-30.2840238056281));
#8836=CARTESIAN_POINT('Ctrl Pts',(-62.1093736792957,25.3447019162138,-30.2057041174382));
#8837=CARTESIAN_POINT('Ctrl Pts',(-61.7892431251503,25.3388536495604,-30.1280765928019));
#8838=CARTESIAN_POINT('Ctrl Pts',(-61.4643978892978,25.3327415093016,-30.0512434775789));
#8839=CARTESIAN_POINT('Ctrl Pts',(-60.9587782795593,25.3232280006174,-29.9316532067471));
#8840=CARTESIAN_POINT('Ctrl Pts',(-60.4532593168274,25.3132587391582,-29.8167151966398));
#8841=CARTESIAN_POINT('Ctrl Pts',(-59.9488535750529,25.3028798383764,-29.7064452492842));
#8842=CARTESIAN_POINT('Ctrl Pts',(-59.4544403343486,25.2927065482144,-29.5983597984078));
#8843=CARTESIAN_POINT('Ctrl Pts',(-58.9610967563703,25.2821396882379,-29.4947592302451));
#8844=CARTESIAN_POINT('Ctrl Pts',(-58.469731435879,25.2712226852492,-29.3956368305955));
#8845=CARTESIAN_POINT('Ctrl Pts',(-58.1734795425377,25.2646406521464,-29.3358743741419));
#8846=CARTESIAN_POINT('Ctrl Pts',(-57.8779458823962,25.2579313394648,-29.2777393515336));
#8847=CARTESIAN_POINT('Ctrl Pts',(-57.5833211957305,25.2511042648111,-29.2212265131551));
#8848=CARTESIAN_POINT('Ctrl Pts',(-57.0960913216878,25.2398141222188,-29.1277695003143));
#8849=CARTESIAN_POINT('Ctrl Pts',(-56.6120598991698,25.2282019212343,-29.0387869806007));
#8850=CARTESIAN_POINT('Ctrl Pts',(-56.1319997719301,25.2163107067941,-28.9540103638741));
#8851=CARTESIAN_POINT('Ctrl Pts',(-55.6570669616577,25.2045464973313,-28.8701392099442));
#8852=CARTESIAN_POINT('Ctrl Pts',(-55.1860211331268,25.1925092026315,-28.7903845270294));
#8853=CARTESIAN_POINT('Ctrl Pts',(-54.7195597415324,25.1802405030762,-28.7144894407276));
#8854=CARTESIAN_POINT('Ctrl Pts',(-54.2570130006295,25.1680747652539,-28.6392312833495));
#8855=CARTESIAN_POINT('Ctrl Pts',(-53.7989741209894,25.1556814902834,-28.567768152846));
#8856=CARTESIAN_POINT('Ctrl Pts',(-53.346071969869,25.1431013179545,-28.4998537112526));
#8857=CARTESIAN_POINT('Ctrl Pts',(-52.8920112675475,25.130488964781,-28.431765540394));
#8858=CARTESIAN_POINT('Ctrl Pts',(-52.4431137214347,25.1176887568365,-28.367244174409));
#8859=CARTESIAN_POINT('Ctrl Pts',(-51.9999600246502,25.1047416465865,-28.3060464750853));
#8860=CARTESIAN_POINT('Ctrl Pts',(-51.5632458590887,25.0919826726902,-28.2457380484866));
#8861=CARTESIAN_POINT('Ctrl Pts',(-51.1321097586691,25.0790810347871,-28.1886573582683));
#8862=CARTESIAN_POINT('Ctrl Pts',(-50.7070559458422,25.0660759258999,-28.1345773834378));
#8863=CARTESIAN_POINT('Ctrl Pts',(-50.2827172380968,25.0530926966411,-28.0805883920633));
#8864=CARTESIAN_POINT('Ctrl Pts',(-49.8644403848488,25.0400063442618,-28.0295899835268));
#8865=CARTESIAN_POINT('Ctrl Pts',(-49.452675566818,25.026855864304,-27.981362610104));
#8866=CARTESIAN_POINT('Ctrl Pts',(-49.0409666148259,25.0137071685327,-27.9331417799122));
#8867=CARTESIAN_POINT('Ctrl Pts',(-48.6357679317483,25.0004943625826,-27.8876911923181));
#8868=CARTESIAN_POINT('Ctrl Pts',(-48.2374778460831,24.9872564261256,-27.8447983610591));
#8869=CARTESIAN_POINT('Ctrl Pts',(-47.8278168727157,24.9736405563625,-27.8006809711555));
#8870=CARTESIAN_POINT('Ctrl Pts',(-47.4254648320191,24.9599981006949,-27.7592693886207));
#8871=CARTESIAN_POINT('Ctrl Pts',(-47.0307983376409,24.9463714735365,-27.7203407353502));
#8872=CARTESIAN_POINT('Ctrl Pts',(-46.6445922602692,24.9330369587053,-27.6822465908228));
#8873=CARTESIAN_POINT('Ctrl Pts',(-46.2657455016904,24.9197176010296,-27.6465300622136));
#8874=CARTESIAN_POINT('Ctrl Pts',(-45.8945582028149,24.9064531452809,-27.6129906514016));
#8875=CARTESIAN_POINT('Ctrl Pts',(-45.5111737913613,24.8927528231636,-27.5783491447724));
#8876=CARTESIAN_POINT('Ctrl Pts',(-45.1359606925461,24.8791110703788,-27.5460301051007));
#8877=CARTESIAN_POINT('Ctrl Pts',(-44.7691923787953,24.8655716798596,-27.5158223526413));
#8878=CARTESIAN_POINT('Ctrl Pts',(-44.4024240650444,24.8520322893405,-27.4856146001819));
#8879=CARTESIAN_POINT('Ctrl Pts',(-44.0441004007289,24.8385952610871,-27.4575181109186));
#8880=CARTESIAN_POINT('Ctrl Pts',(-43.6944384544952,24.8253043880325,-27.4313320062128));
#8881=CARTESIAN_POINT('Ctrl Pts',(-43.2282200753724,24.8075831308029,-27.3964170163977));
#8882=CARTESIAN_POINT('Ctrl Pts',(-42.7772315884809,24.7901217077697,-27.3645659063856));
#8883=CARTESIAN_POINT('Ctrl Pts',(-42.3413684006467,24.7730239260413,-27.3353241997366));
#8884=CARTESIAN_POINT('Ctrl Pts',(-42.0840067030699,24.7629282945376,-27.3180580128383));
#8885=CARTESIAN_POINT('Ctrl Pts',(-41.8319182198316,24.7529594459249,-27.301702571506));
#8886=CARTESIAN_POINT('Ctrl Pts',(-41.5850802159082,24.7431387503871,-27.2861727500736));
#8887=CARTESIAN_POINT('Ctrl Pts',(-41.2782289010431,24.7309303655728,-27.2668671891371));
#8888=CARTESIAN_POINT('Ctrl Pts',(-40.9672044890233,24.7184089361488,-27.2480677508224));
#8889=CARTESIAN_POINT('Ctrl Pts',(-40.6531469462345,24.7056183609569,-27.2298606603995));
#8890=CARTESIAN_POINT('Ctrl Pts',(-40.3425051185441,24.6929668970898,-27.2118515917566));
#8891=CARTESIAN_POINT('Ctrl Pts',(-40.0288959755114,24.6800521101199,-27.1944219248933));
#8892=CARTESIAN_POINT('Ctrl Pts',(-39.7133819612831,24.6669164820691,-27.1776247333908));
#8893=CARTESIAN_POINT('Ctrl Pts',(-39.4000657837802,24.6538723553921,-27.1609445493197));
#8894=CARTESIAN_POINT('Ctrl Pts',(-39.0848713488032,24.6406104536286,-27.1448878933539));
#8895=CARTESIAN_POINT('Ctrl Pts',(-38.768795924854,24.6271723771947,-27.1294788214115));
#8896=CARTESIAN_POINT('Ctrl Pts',(-38.4539586082877,24.6137869394047,-27.1141301087515));
#8897=CARTESIAN_POINT('Ctrl Pts',(-38.1382473331337,24.6002267044379,-27.0994237182992));
#8898=CARTESIAN_POINT('Ctrl Pts',(-37.8226024150264,24.5865327857606,-27.0853583392355));
#8899=CARTESIAN_POINT('Ctrl Pts',(-37.492559429119,24.5722142222428,-27.0706513712541));
#8900=CARTESIAN_POINT('Ctrl Pts',(-37.1625895462799,24.5577495009566,-27.0566451524852));
#8901=CARTESIAN_POINT('Ctrl Pts',(-36.8337122144195,24.5431856220485,-27.0433125240131));
#8902=CARTESIAN_POINT('Ctrl Pts',(-36.5191544589958,24.529255865827,-27.0305604086199));
#8903=CARTESIAN_POINT('Ctrl Pts',(-36.2055958963039,24.5152353988016,-27.0184240865717));
#8904=CARTESIAN_POINT('Ctrl Pts',(-35.8938782747089,24.5011653452781,-27.0068611050665));
#8905=CARTESIAN_POINT('Ctrl Pts',(-35.5813735149393,24.4870597625594,-26.9952689251344));
#8906=CARTESIAN_POINT('Ctrl Pts',(-35.2707190713011,24.4729043425984,-26.9842527085519));
#8907=CARTESIAN_POINT('Ctrl Pts',(-34.962712509267,24.4587405220252,-26.9737553747562));
#8908=CARTESIAN_POINT('Ctrl Pts',(-34.6535734341934,24.4445246223294,-26.9632194431874));
#8909=CARTESIAN_POINT('Ctrl Pts',(-34.3471017823146,24.4303002601314,-26.9532059234266));
#8910=CARTESIAN_POINT('Ctrl Pts',(-34.0440522973798,24.4161093308203,-26.9436470091765));
#8911=CARTESIAN_POINT('Ctrl Pts',(-33.7395532970233,24.4018505249018,-26.9340423737016));
#8912=CARTESIAN_POINT('Ctrl Pts',(-33.4385092780879,24.3876254724609,-26.9248963985032));
#8913=CARTESIAN_POINT('Ctrl Pts',(-33.141633549542,24.373476672936,-26.9161346462163));
#8914=CARTESIAN_POINT('Ctrl Pts',(-32.8419751801629,24.3591952555394,-26.9072907692984));
#8915=CARTESIAN_POINT('Ctrl Pts',(-32.5465635978566,24.3449915272079,-26.8988380407279));
#8916=CARTESIAN_POINT('Ctrl Pts',(-32.2560791924896,24.3309091936688,-26.8906988290319));
#8917=CARTESIAN_POINT('Ctrl Pts',(-31.9636440539817,24.3167322909404,-26.8825049588767));
#8918=CARTESIAN_POINT('Ctrl Pts',(-31.6762024055268,24.3026784189199,-26.8746285225474));
#8919=CARTESIAN_POINT('Ctrl Pts',(-31.3943955486067,24.2887921697717,-26.866993923311));
#8920=CARTESIAN_POINT('Ctrl Pts',(-31.1091994878331,24.2747389150026,-26.8592675051123));
#8921=CARTESIAN_POINT('Ctrl Pts',(-30.8297744686996,24.2608573392477,-26.8517884727264));
#8922=CARTESIAN_POINT('Ctrl Pts',(-30.556732558788,24.2471936629871,-26.8444868144153));
#8923=CARTESIAN_POINT('Ctrl Pts',(-30.5012328723537,24.2444163247086,-26.8430026475823));
#8924=CARTESIAN_POINT('Ctrl Pts',(-30.4459967444192,24.2416479892521,-26.8415258450029));
#8925=CARTESIAN_POINT('Ctrl Pts',(-30.391029060611,24.2388890447838,-26.8400558770837));
#8926=CARTESIAN_POINT('Ctrl Pts',(-30.2685232279555,24.2327402175837,-26.836779776811));
#8927=CARTESIAN_POINT('Ctrl Pts',(-30.1472959410869,24.2266380359058,-26.8335383777443));
#8928=CARTESIAN_POINT('Ctrl Pts',(-30.027402187161,24.2205867967575,-26.8303380875344));
#8929=CARTESIAN_POINT('Ctrl Pts',(-29.6740649799509,24.2027532744029,-26.8209065569667));
#8930=CARTESIAN_POINT('Ctrl Pts',(-29.332127579586,24.1853563181554,-26.8118294223096));
#8931=CARTESIAN_POINT('Ctrl Pts',(-29.0008069476203,24.1683786196069,-26.8031907925591));
#8932=CARTESIAN_POINT('Ctrl Pts',(-28.6619719487929,24.1510158660904,-26.7943562382968));
#8933=CARTESIAN_POINT('Ctrl Pts',(-28.3342407738718,24.1340916034995,-26.7859800319209));
#8934=CARTESIAN_POINT('Ctrl Pts',(-28.0168238843057,24.1175873188483,-26.778123858238));
#8935=CARTESIAN_POINT('Ctrl Pts',(-27.6922885704676,24.100712907388,-26.7700915011847));
#8936=CARTESIAN_POINT('Ctrl Pts',(-27.3785353761383,24.0842775220252,-26.7626024881017));
#8937=CARTESIAN_POINT('Ctrl Pts',(-27.0747697070889,24.0682613761102,-26.755697748081));
#8938=CARTESIAN_POINT('Ctrl Pts',(-26.7642887700393,24.0518911654569,-26.7486403667831));
#8939=CARTESIAN_POINT('Ctrl Pts',(-26.4642418633569,24.0359589351701,-26.7421931028913));
#8940=CARTESIAN_POINT('Ctrl Pts',(-26.1738308836264,24.0204435571222,-26.7363780670769));
#8941=CARTESIAN_POINT('Ctrl Pts',(-25.8771070842051,24.0045909129553,-26.7304366267008));
#8942=CARTESIAN_POINT('Ctrl Pts',(-25.5904427418119,23.9891734406813,-26.7251549291476));
#8943=CARTESIAN_POINT('Ctrl Pts',(-25.3130378342578,23.9741686041844,-26.7205384591364));
#8944=CARTESIAN_POINT('Ctrl Pts',(-25.0265938632446,23.9586748445806,-26.7157715643698));
#8945=CARTESIAN_POINT('Ctrl Pts',(-24.7500225584599,23.9436210498179,-26.7117137086559));
#8946=CARTESIAN_POINT('Ctrl Pts',(-24.4824971002992,23.9289824082433,-26.7083558132142));
#8947=CARTESIAN_POINT('Ctrl Pts',(-24.20979286537,23.9140603908083,-26.7049329153948));
#8948=CARTESIAN_POINT('Ctrl Pts',(-23.9464881881522,23.8995697552634,-26.7022370701224));
#8949=CARTESIAN_POINT('Ctrl Pts',(-23.6917617457718,23.8854842209649,-26.7002472452163));
#8950=CARTESIAN_POINT('Ctrl Pts',(-23.4322036831914,23.8711315139639,-26.6982196775532));
#8951=CARTESIAN_POINT('Ctrl Pts',(-23.1815524763283,23.8571994217792,-26.6969249137503));
#8952=CARTESIAN_POINT('Ctrl Pts',(-22.9389935213814,23.843660139758,-26.6963329877279));
#8953=CARTESIAN_POINT('Ctrl Pts',(-22.6919318039658,23.8298695201973,-26.6957300734395));
#8954=CARTESIAN_POINT('Ctrl Pts',(-22.4532656923105,23.8164864300904,-26.6958560968978));
#8955=CARTESIAN_POINT('Ctrl Pts',(-22.2221884106289,23.8034814873999,-26.6966752316797));
#8956=CARTESIAN_POINT('Ctrl Pts',(-21.9848633282734,23.7901249208323,-26.6975165139908));
#8957=CARTESIAN_POINT('Ctrl Pts',(-21.7555430492808,23.777167226602,-26.6990886705196));
#8958=CARTESIAN_POINT('Ctrl Pts',(-21.5334087728755,23.7645765743836,-26.7013520944189));
#8959=CARTESIAN_POINT('Ctrl Pts',(-21.3079520086778,23.7517976023391,-26.7036493726084));
#8960=CARTESIAN_POINT('Ctrl Pts',(-21.0898979839581,23.7393967341982,-26.7066585454529));
#8961=CARTESIAN_POINT('Ctrl Pts',(-20.87844484725,23.7273406898966,-26.710340700987));
#8962=CARTESIAN_POINT('Ctrl Pts',(-20.6625439367592,23.7150310548533,-26.7141003081735));
#8963=CARTESIAN_POINT('Ctrl Pts',(-20.4535246356232,23.7030809024869,-26.7185613125381));
#8964=CARTESIAN_POINT('Ctrl Pts',(-20.2505875062193,23.6914548081789,-26.723687960478));
#8965=CARTESIAN_POINT('Ctrl Pts',(-20.1699279691281,23.6868338923917,-26.7257256016474));
#8966=CARTESIAN_POINT('Ctrl Pts',(-20.0902298444246,23.6822641696835,-26.7278684757152));
#8967=CARTESIAN_POINT('Ctrl Pts',(-20.0114451772111,23.6777434157827,-26.7301146780239));
#8968=CARTESIAN_POINT('Ctrl Pts',(-107.401385239803,24.7654427287129,45.9695342801178));
#8969=CARTESIAN_POINT('Ctrl Pts',(-107.458743872923,24.7631461206752,45.3039910127215));
#8970=CARTESIAN_POINT('Ctrl Pts',(-107.516102506043,24.7608495126375,44.6384477453251));
#8971=CARTESIAN_POINT('Ctrl Pts',(-107.573461139163,24.7585529045998,43.9729044779288));
#8972=CARTESIAN_POINT('Ctrl Pts',(-109.355714703963,24.6871924547518,46.0152923328572));
#8973=CARTESIAN_POINT('Ctrl Pts',(-109.395043394543,24.6849782699933,45.3486282299172));
#8974=CARTESIAN_POINT('Ctrl Pts',(-109.435291074839,24.6823826531572,44.6807229713113));
#8975=CARTESIAN_POINT('Ctrl Pts',(-109.474619765419,24.6801684683987,44.0140588683712));
#8976=CARTESIAN_POINT('Ctrl Pts',(-111.336215947511,24.6050391939472,45.983248177335));
#8977=CARTESIAN_POINT('Ctrl Pts',(-111.356595137844,24.6025164643436,45.3146468852507));
#8978=CARTESIAN_POINT('Ctrl Pts',(-111.375933597813,24.600453410855,44.6474280244856));
#8979=CARTESIAN_POINT('Ctrl Pts',(-111.396312788147,24.5979306812515,43.9788267324013));
#8980=CARTESIAN_POINT('Ctrl Pts',(-116.388598026132,24.3961729581687,45.6592959791078));
#8981=CARTESIAN_POINT('Ctrl Pts',(-116.350296201596,24.3943394075913,44.9925818406836));
#8982=CARTESIAN_POINT('Ctrl Pts',(-116.316547354785,24.3917589034178,44.3228592814452));
#8983=CARTESIAN_POINT('Ctrl Pts',(-116.278245530249,24.3899253528404,43.6561451430211));
#8984=CARTESIAN_POINT('Ctrl Pts',(-121.516031989453,24.1914730014951,44.8530004158436));
#8985=CARTESIAN_POINT('Ctrl Pts',(-121.409683244296,24.1910013367976,44.1878110205892));
#8986=CARTESIAN_POINT('Ctrl Pts',(-121.301210544543,24.1906118826538,43.5252522567705));
#8987=CARTESIAN_POINT('Ctrl Pts',(-121.194861799386,24.1901402179564,42.8600628615162));
#8988=CARTESIAN_POINT('Ctrl Pts',(-124.801753873825,24.0818444901382,43.7211471790915));
#8989=CARTESIAN_POINT('Ctrl Pts',(-124.594931663767,24.080717598626,43.0863475970568));
#8990=CARTESIAN_POINT('Ctrl Pts',(-124.395995789777,24.0790291976895,42.4468478652283));
#8991=CARTESIAN_POINT('Ctrl Pts',(-124.18917357972,24.0779023061774,41.8120482831935));
#8992=CARTESIAN_POINT('Ctrl Pts',(-128.467325463074,23.9659505545923,42.2334112309867));
#8993=CARTESIAN_POINT('Ctrl Pts',(-128.179568507221,23.964944809442,41.6281506962391));
#8994=CARTESIAN_POINT('Ctrl Pts',(-127.882783947751,23.9641195000949,41.0278047365185));
#8995=CARTESIAN_POINT('Ctrl Pts',(-127.595026991898,23.9631137549447,40.4225442017709));
#8996=CARTESIAN_POINT('Ctrl Pts',(-132.717980407963,23.8514868716641,39.8168768115586));
#8997=CARTESIAN_POINT('Ctrl Pts',(-132.325080520051,23.8491272027578,39.2724804822745));
#8998=CARTESIAN_POINT('Ctrl Pts',(-131.933668004184,23.8466633434786,38.7273759185184));
#8999=CARTESIAN_POINT('Ctrl Pts',(-131.540768116272,23.8443036745723,38.1829795892343));
#9000=CARTESIAN_POINT('Ctrl Pts',(-137.658087721674,23.7647064481919,35.5622934976741));
#9001=CARTESIAN_POINT('Ctrl Pts',(-137.231190528799,23.7640018337963,35.0504491486856));
#9002=CARTESIAN_POINT('Ctrl Pts',(-136.803738023089,23.7633488098134,34.5376229383881));
#9003=CARTESIAN_POINT('Ctrl Pts',(-136.376840830214,23.7626441954179,34.0257785893996));
#9004=CARTESIAN_POINT('Ctrl Pts',(-142.608630527659,23.7040677389222,31.1140600680231));
#9005=CARTESIAN_POINT('Ctrl Pts',(-142.17816820817,23.7034446246112,30.604231675442));
#9006=CARTESIAN_POINT('Ctrl Pts',(-141.743096712299,23.702796035254,30.0984784019006));
#9007=CARTESIAN_POINT('Ctrl Pts',(-141.31263439281,23.702172920943,29.5886500093195));
#9008=CARTESIAN_POINT('Ctrl Pts',(-146.117978924701,23.6702952465261,27.885558944999));
#9009=CARTESIAN_POINT('Ctrl Pts',(-145.682559325733,23.6693925042624,27.3802359177004));
#9010=CARTESIAN_POINT('Ctrl Pts',(-145.248656541497,23.6686252525031,26.8730305701146));
#9011=CARTESIAN_POINT('Ctrl Pts',(-144.813236942529,23.6677225102394,26.367707542816));
#9012=CARTESIAN_POINT('Ctrl Pts',(-149.140715456635,23.643712506012,25.1355573995371));
#9013=CARTESIAN_POINT('Ctrl Pts',(-148.709501395742,23.643223008358,24.6267913139881));
#9014=CARTESIAN_POINT('Ctrl Pts',(-148.275698590685,23.6426067208854,24.1198759758108));
#9015=CARTESIAN_POINT('Ctrl Pts',(-147.844484529793,23.6421172232313,23.6111098902618));
#9016=CARTESIAN_POINT('Ctrl Pts',(-152.530319240551,23.609851983136,22.2130678322379));
#9017=CARTESIAN_POINT('Ctrl Pts',(-152.118993584646,23.6092171969494,21.6877503179455));
#9018=CARTESIAN_POINT('Ctrl Pts',(-151.707842333623,23.6088785306656,21.1622187818128));
#9019=CARTESIAN_POINT('Ctrl Pts',(-151.296516677718,23.608243744479,20.6369012675203));
#9020=CARTESIAN_POINT('Ctrl Pts',(-156.109583311467,23.5669193995365,19.4053515302599));
#9021=CARTESIAN_POINT('Ctrl Pts',(-155.761008694962,23.5684171267111,18.8310735164064));
#9022=CARTESIAN_POINT('Ctrl Pts',(-155.410896041906,23.5695006079128,18.2582196613844));
#9023=CARTESIAN_POINT('Ctrl Pts',(-155.062321425402,23.5709983350874,17.6839416475308));
#9024=CARTESIAN_POINT('Ctrl Pts',(-159.869194473925,23.4922027810011,17.4803617646019));
#9025=CARTESIAN_POINT('Ctrl Pts',(-159.603031201157,23.491534504928,16.8675273582294));
#9026=CARTESIAN_POINT('Ctrl Pts',(-159.336109170649,23.4913433863079,16.2547433869045));
#9027=CARTESIAN_POINT('Ctrl Pts',(-159.069945897881,23.4906751102348,15.641908980532));
#9028=CARTESIAN_POINT('Ctrl Pts',(-164.309666301679,23.3624496272156,15.7967653826386));
#9029=CARTESIAN_POINT('Ctrl Pts',(-164.128572481097,23.3622994604159,15.1531790150174));
#9030=CARTESIAN_POINT('Ctrl Pts',(-163.947956255756,23.3619919108079,14.5097945824232));
#9031=CARTESIAN_POINT('Ctrl Pts',(-163.766862435173,23.3618417440082,13.866208214802));
#9032=CARTESIAN_POINT('Ctrl Pts',(-167.085217910102,23.2726732247847,15.0130680732525));
#9033=CARTESIAN_POINT('Ctrl Pts',(-166.948075376783,23.2723780701004,14.3599470598537));
#9034=CARTESIAN_POINT('Ctrl Pts',(-166.807066336138,23.2717068603429,13.707702538344));
#9035=CARTESIAN_POINT('Ctrl Pts',(-166.669923802818,23.2714117056586,13.0545815249452));
#9036=CARTESIAN_POINT('Ctrl Pts',(-174.846032775267,22.8201866381656,13.4608743805816));
#9037=CARTESIAN_POINT('Ctrl Pts',(-174.754065512854,22.8182353424533,12.8000479486407));
#9038=CARTESIAN_POINT('Ctrl Pts',(-174.664792032819,22.8165081135149,12.1386413419164));
#9039=CARTESIAN_POINT('Ctrl Pts',(-174.572824770406,22.8145568178026,11.4778149099755));
#9040=CARTESIAN_POINT('Ctrl Pts',(-179.606017448952,22.4569328886081,12.7243877667782));
#9041=CARTESIAN_POINT('Ctrl Pts',(-179.529256955185,22.4548380351591,12.0618090740967));
#9042=CARTESIAN_POINT('Ctrl Pts',(-179.455722345739,22.4524823875528,11.3988016333047));
#9043=CARTESIAN_POINT('Ctrl Pts',(-179.378961851972,22.4503875341038,10.7362229406232));
#9044=CARTESIAN_POINT('Ctrl Pts',(-189.69860655705,21.2934667622718,11.5178141383831));
#9045=CARTESIAN_POINT('Ctrl Pts',(-189.655606214377,21.2902096989379,10.8518410518599));
#9046=CARTESIAN_POINT('Ctrl Pts',(-189.60873017395,21.2870191330054,10.1863867859738));
#9047=CARTESIAN_POINT('Ctrl Pts',(-189.565729831277,21.2837620696714,9.52041369945057));
#9048=CARTESIAN_POINT('Ctrl Pts',(-194.140951850781,20.6664978803781,11.0988594441112));
#9049=CARTESIAN_POINT('Ctrl Pts',(-194.100835337814,20.6633362441353,10.4332334585968));
#9050=CARTESIAN_POINT('Ctrl Pts',(-194.062662125682,20.6599130403208,9.76722117250668));
#9051=CARTESIAN_POINT('Ctrl Pts',(-194.022545612715,20.6567514040781,9.10159518699228));
#9052=CARTESIAN_POINT('Ctrl Pts',(-201.169726282664,19.5249866947254,10.5548141689732));
#9053=CARTESIAN_POINT('Ctrl Pts',(-201.142988543631,19.5214136420412,9.88826897033363));
#9054=CARTESIAN_POINT('Ctrl Pts',(-201.112893131449,19.5179237050387,9.22209679335468));
#9055=CARTESIAN_POINT('Ctrl Pts',(-201.086155392416,19.5143506523544,8.55555159471512));
#9056=CARTESIAN_POINT('Ctrl Pts',(-206.304731020828,18.6274382340137,10.2097637435533));
#9057=CARTESIAN_POINT('Ctrl Pts',(-206.310337871497,18.6241113454654,9.54154002277787));
#9058=CARTESIAN_POINT('Ctrl Pts',(-206.315810240085,18.6206459120607,8.87333866841073));
#9059=CARTESIAN_POINT('Ctrl Pts',(-206.321417090754,18.6173190235124,8.20511494763529));
#9060=CARTESIAN_POINT('Ctrl Pts',(-211.381280537294,17.6257287155151,9.92032028970512));
#9061=CARTESIAN_POINT('Ctrl Pts',(-211.362198530639,17.6220156257275,9.25366805532666));
#9062=CARTESIAN_POINT('Ctrl Pts',(-211.338944535494,17.6183199763232,8.58731788251295));
#9063=CARTESIAN_POINT('Ctrl Pts',(-211.319862528839,17.6146068865357,7.92066564813449));
#9064=CARTESIAN_POINT('Ctrl Pts',(-215.456606389489,16.7774627497941,9.67678989136251));
#9065=CARTESIAN_POINT('Ctrl Pts',(-215.431545777137,16.7737316421062,9.01039018918605));
#9066=CARTESIAN_POINT('Ctrl Pts',(-215.408294800146,16.7699728104906,8.34402615985284));
#9067=CARTESIAN_POINT('Ctrl Pts',(-215.383234187795,16.7662417028027,7.67762645767638));
#9068=CARTESIAN_POINT('Ctrl Pts',(-217.003831583093,16.4449180253934,9.58155001378467));
#9069=CARTESIAN_POINT('Ctrl Pts',(-216.978812236361,16.4411880941968,8.91517179604348));
#9070=CARTESIAN_POINT('Ctrl Pts',(-216.95153942687,16.4374109472579,8.24893304942386));
#9071=CARTESIAN_POINT('Ctrl Pts',(-216.926520080138,16.4336810160613,7.58255483168266));
#9072=CARTESIAN_POINT('Ctrl Pts',(-220.852663704386,15.59145703602,9.33088921639506));
#9073=CARTESIAN_POINT('Ctrl Pts',(-220.821526720732,15.5876760126414,8.66470978727038));
#9074=CARTESIAN_POINT('Ctrl Pts',(-220.792413569574,15.5839573205628,7.99868777900079));
#9075=CARTESIAN_POINT('Ctrl Pts',(-220.76127658592,15.5801762971843,7.33250834987611));
#9076=CARTESIAN_POINT('Ctrl Pts',(-225.507235136753,14.5117994351464,9.00197924593812));
#9077=CARTESIAN_POINT('Ctrl Pts',(-225.450389814378,14.5079597905442,8.33773869784623));
#9078=CARTESIAN_POINT('Ctrl Pts',(-225.396179485928,14.5041451819633,7.67333936275456));
#9079=CARTESIAN_POINT('Ctrl Pts',(-225.339334163553,14.500305537361,7.00909881466267));
#9080=CARTESIAN_POINT('Ctrl Pts',(-230.143209057276,13.3312355209298,8.62388392629008));
#9081=CARTESIAN_POINT('Ctrl Pts',(-230.102242427023,13.3273980482065,7.95833054481236));
#9082=CARTESIAN_POINT('Ctrl Pts',(-230.060831901032,13.3236182125833,7.2930555317885));
#9083=CARTESIAN_POINT('Ctrl Pts',(-230.019865270779,13.31978073986,6.62750215031078));
#9084=CARTESIAN_POINT('Ctrl Pts',(-235.414269239913,11.9206373166743,8.16760730061371));
#9085=CARTESIAN_POINT('Ctrl Pts',(-235.365528743271,11.9168466159765,7.5026154755026));
#9086=CARTESIAN_POINT('Ctrl Pts',(-235.316286595483,11.9130530615836,6.83792082891649));
#9087=CARTESIAN_POINT('Ctrl Pts',(-235.267546098841,11.9092623608859,6.17292900380538));
#9088=CARTESIAN_POINT('Ctrl Pts',(-238.347471953536,11.0845807889173,7.89523700720633));
#9089=CARTESIAN_POINT('Ctrl Pts',(-238.293981557181,11.0807703627262,7.23058281601046));
#9090=CARTESIAN_POINT('Ctrl Pts',(-238.242485535356,11.0771324409076,6.56609177150097));
#9091=CARTESIAN_POINT('Ctrl Pts',(-238.188995139001,11.0733220147165,5.9014375803051));
#9092=CARTESIAN_POINT('Ctrl Pts',(-242.689279866044,9.75469570189076,7.4448833498502));
#9093=CARTESIAN_POINT('Ctrl Pts',(-242.629308837459,9.75108854581771,6.78086833883809));
#9094=CARTESIAN_POINT('Ctrl Pts',(-242.565698512098,9.7473688555541,6.11736918151095));
#9095=CARTESIAN_POINT('Ctrl Pts',(-242.505727483513,9.74376169948104,5.45335417049884));
#9096=CARTESIAN_POINT('Ctrl Pts',(-245.5026343939,8.85721030716536,7.13417176158487));
#9097=CARTESIAN_POINT('Ctrl Pts',(-245.448258571199,8.85389646395016,6.46917861992236));
#9098=CARTESIAN_POINT('Ctrl Pts',(-245.395709893701,8.85031598266507,5.80417589603329));
#9099=CARTESIAN_POINT('Ctrl Pts',(-245.341334071001,8.84700213944987,5.13918275437079));
#9100=CARTESIAN_POINT('Ctrl Pts',(-247.867171071375,8.04481998893504,6.82227842028358));
#9101=CARTESIAN_POINT('Ctrl Pts',(-247.787294024639,8.04194888023775,6.16027020539146));
#9102=CARTESIAN_POINT('Ctrl Pts',(-247.703373188696,8.0389635652492,5.49890853303515));
#9103=CARTESIAN_POINT('Ctrl Pts',(-247.623496141961,8.03609245655191,4.83690031814303));
#9104=CARTESIAN_POINT('Ctrl Pts',(-249.825266261994,7.35083370624289,6.54116804854014));
#9105=CARTESIAN_POINT('Ctrl Pts',(-249.732050921292,7.34835515384875,5.88099701687105));
#9106=CARTESIAN_POINT('Ctrl Pts',(-249.643651393071,7.34563173609189,5.22012105599984));
#9107=CARTESIAN_POINT('Ctrl Pts',(-249.550436052369,7.34315318369776,4.55995002433074));
#9108=CARTESIAN_POINT('Ctrl Pts',(-251.446778916221,6.75817388338439,6.29344099213628));
#9109=CARTESIAN_POINT('Ctrl Pts',(-251.333067744242,6.75589744087065,5.63643467476392));
#9110=CARTESIAN_POINT('Ctrl Pts',(-251.219614995521,6.7535298394404,4.97940035188331));
#9111=CARTESIAN_POINT('Ctrl Pts',(-251.105903823542,6.75125339692666,4.32239403451094));
#9112=CARTESIAN_POINT('Ctrl Pts',(-252.731792761723,6.26408727770496,6.09256452815583));
#9113=CARTESIAN_POINT('Ctrl Pts',(-252.631445188671,6.26230636922889,5.43348426832842));
#9114=CARTESIAN_POINT('Ctrl Pts',(-252.534726414104,6.26022959924533,4.77390965150156));
#9115=CARTESIAN_POINT('Ctrl Pts',(-252.434378841052,6.25844869076926,4.11482939167415));
#9116=CARTESIAN_POINT('Ctrl Pts',(-254.009494148082,5.76392501523327,5.88790885728452));
#9117=CARTESIAN_POINT('Ctrl Pts',(-253.905748465102,5.76243620531789,5.22937589941448));
#9118=CARTESIAN_POINT('Ctrl Pts',(-253.801497836738,5.76097897038234,4.5708896410082));
#9119=CARTESIAN_POINT('Ctrl Pts',(-253.697752153758,5.75949016046696,3.91235668313815));
#9120=CARTESIAN_POINT('Ctrl Pts',(-254.584445500718,5.5313894270895,5.79079113767223));
#9121=CARTESIAN_POINT('Ctrl Pts',(-254.474518405563,5.53041208528511,5.13314291082821));
#9122=CARTESIAN_POINT('Ctrl Pts',(-254.367654916393,5.52870924146578,4.47527685826383));
#9123=CARTESIAN_POINT('Ctrl Pts',(-254.257727821237,5.52773189966139,3.81762863141982));
#9124=CARTESIAN_POINT('Ctrl Pts',(-256.62239094881,4.69805874954092,5.4315711290465));
#9125=CARTESIAN_POINT('Ctrl Pts',(-256.494898052271,4.69699169615703,4.77747546816114));
#9126=CARTESIAN_POINT('Ctrl Pts',(-256.363521111895,4.69806324102609,4.12321510444418));
#9127=CARTESIAN_POINT('Ctrl Pts',(-256.236028215356,4.6969961876422,3.46911944355882));
#9128=CARTESIAN_POINT('Ctrl Pts',(-258.256953639934,3.98457439359483,5.09331227313023));
#9129=CARTESIAN_POINT('Ctrl Pts',(-258.103103896657,3.98381749428585,4.44274206464916));
#9130=CARTESIAN_POINT('Ctrl Pts',(-257.949268981566,3.98309240646322,3.79241169126555));
#9131=CARTESIAN_POINT('Ctrl Pts',(-257.795419238289,3.98233550715425,3.14184148278449));
#9132=CARTESIAN_POINT('Ctrl Pts',(-261.014667349985,2.68492914410254,4.22084543289652));
#9133=CARTESIAN_POINT('Ctrl Pts',(-260.777631305873,2.68426060502444,3.59685364844764));
#9134=CARTESIAN_POINT('Ctrl Pts',(-260.540553028288,2.68390814873371,2.97280991440736));
#9135=CARTESIAN_POINT('Ctrl Pts',(-260.303516984176,2.68323960965561,2.34881812995848));
#9136=CARTESIAN_POINT('Ctrl Pts',(-262.272075546009,2.05195942148583,3.70665110495098));
#9137=CARTESIAN_POINT('Ctrl Pts',(-261.981272604748,2.05118179278722,3.10077769100264));
#9138=CARTESIAN_POINT('Ctrl Pts',(-261.689708025683,2.05113081767945,2.49370746822443));
#9139=CARTESIAN_POINT('Ctrl Pts',(-261.398905084423,2.05035318898084,1.88783405427609));
#9140=CARTESIAN_POINT('Ctrl Pts',(-263.957551073508,1.14463112504762,2.59124794022335));
#9141=CARTESIAN_POINT('Ctrl Pts',(-263.546603953916,1.14450006926891,2.06331102515588));
#9142=CARTESIAN_POINT('Ctrl Pts',(-263.136047662843,1.1440814325633,1.53633442465354));
#9143=CARTESIAN_POINT('Ctrl Pts',(-262.725100543251,1.14395037678459,1.00839750958608));
#9144=CARTESIAN_POINT('Ctrl Pts',(-264.530297638562,0.823304433965372,2.10933255773815));
#9145=CARTESIAN_POINT('Ctrl Pts',(-264.067120080305,0.822996440597785,1.62368570587288));
#9146=CARTESIAN_POINT('Ctrl Pts',(-263.603174316363,0.82299787660065,1.13823367391459));
#9147=CARTESIAN_POINT('Ctrl Pts',(-263.139996758105,0.822689883233063,0.652586822049313));
#9148=CARTESIAN_POINT('Ctrl Pts',(-265.385895953518,0.327819345871357,1.07141871508941));
#9149=CARTESIAN_POINT('Ctrl Pts',(-264.831738380288,0.327819418078691,0.695151787015194));
#9150=CARTESIAN_POINT('Ctrl Pts',(-264.278217077691,0.327642119942522,0.318985575169625));
#9151=CARTESIAN_POINT('Ctrl Pts',(-263.724059504461,0.327642192149856,-0.0572813529045899));
#9152=CARTESIAN_POINT('Ctrl Pts',(-265.695222740762,0.143063212803492,0.566339075944768));
#9153=CARTESIAN_POINT('Ctrl Pts',(-265.105347782423,0.142996603450442,0.248536312319762));
#9154=CARTESIAN_POINT('Ctrl Pts',(-264.51542068961,0.143045575942457,-0.0683772027180959));
#9155=CARTESIAN_POINT('Ctrl Pts',(-263.925545731271,0.142978966589407,-0.386179966343102));
#9156=CARTESIAN_POINT('Ctrl Pts',(-265.931527944759,3.30985239216375E-14,
2.48412401759879E-14));
#9157=CARTESIAN_POINT('Ctrl Pts',(-265.316270912168,2.94787342684323E-14,
-0.256716240803158));
#9158=CARTESIAN_POINT('Ctrl Pts',(-264.701013879577,2.58589446152271E-14,
-0.51343248160634));
#9159=CARTESIAN_POINT('Ctrl Pts',(-264.085756846986,2.22391549620219E-14,
-0.770148722409522));
#9160=CARTESIAN_POINT('Ctrl Pts',(-263.661575301541,0.37802528332645,0.000287085019277031));
#9161=CARTESIAN_POINT('Ctrl Pts',(-263.661592163853,0.378030261678239,0.000311042193183141));
#9162=CARTESIAN_POINT('Ctrl Pts',(-263.661609025863,0.378035240085699,0.000334999487029576));
#9163=CARTESIAN_POINT('Ctrl Pts',(-263.66162588757,0.378040218548842,0.000358956900837863));
#9164=CARTESIAN_POINT('Ctrl Pts',(-109.082061793668,24.6975238234291,45.9893424497133));
#9165=CARTESIAN_POINT('Ctrl Pts',(-110.485472453688,24.6403514011848,45.9893648879871));
#9166=CARTESIAN_POINT('Ctrl Pts',(-111.894483919519,24.5819603119358,45.9474527576859));
#9167=CARTESIAN_POINT('Ctrl Pts',(-113.289727578637,24.5242807290106,45.8579915405015));
#9168=CARTESIAN_POINT('Ctrl Pts',(-116.388598026132,24.3961729581687,45.6592959791078));
#9169=CARTESIAN_POINT('Ctrl Pts',(-118.952315007793,24.2938229798319,45.2561481974757));
#9170=CARTESIAN_POINT('Ctrl Pts',(-121.055603969716,24.2152408628242,44.7716109974716));
#9171=CARTESIAN_POINT('Ctrl Pts',(-123.158892931639,24.1366587458166,44.2870737974676));
#9172=CARTESIAN_POINT('Ctrl Pts',(-124.801753873825,24.0818444901382,43.7211471790915));
#9173=CARTESIAN_POINT('Ctrl Pts',(-126.080122104196,24.0414264757338,43.2022992109282));
#9174=CARTESIAN_POINT('Ctrl Pts',(-128.467325463074,23.9659505545923,42.2334112309867));
#9175=CARTESIAN_POINT('Ctrl Pts',(-130.592652935518,23.9087187131282,41.0251440212727));
#9176=CARTESIAN_POINT('Ctrl Pts',(-132.890343500169,23.8584076865281,39.3573645879445));
#9177=CARTESIAN_POINT('Ctrl Pts',(-135.188034064819,23.808096659928,37.6895851546164));
#9178=CARTESIAN_POINT('Ctrl Pts',(-137.658087721674,23.7647064481919,35.5622934976741));
#9179=CARTESIAN_POINT('Ctrl Pts',(-140.736695445906,23.7269968866223,32.7960582922827));
#9180=CARTESIAN_POINT('Ctrl Pts',(-142.608630527659,23.7040677389222,31.1140600680231));
#9181=CARTESIAN_POINT('Ctrl Pts',(-144.36330472618,23.6871814927241,29.499809506511));
#9182=CARTESIAN_POINT('Ctrl Pts',(-145.996325958424,23.6720926844966,28.0051838393895));
#9183=CARTESIAN_POINT('Ctrl Pts',(-147.629347190668,23.6570038762691,26.510558172268));
#9184=CARTESIAN_POINT('Ctrl Pts',(-149.140715456635,23.643712506012,25.1355573995371));
#9185=CARTESIAN_POINT('Ctrl Pts',(-150.543720443957,23.6296971562848,23.9258975986557));
#9186=CARTESIAN_POINT('Ctrl Pts',(-152.530319240551,23.609851983136,22.2130678322379));
#9187=CARTESIAN_POINT('Ctrl Pts',(-154.319951276009,23.5883856913363,20.8092096812489));
#9188=CARTESIAN_POINT('Ctrl Pts',(-156.154670084352,23.5589733908025,19.6260331643399));
#9189=CARTESIAN_POINT('Ctrl Pts',(-157.989388892696,23.5295610902688,18.4428566474309));
#9190=CARTESIAN_POINT('Ctrl Pts',(-159.869194473925,23.4922027810011,17.4803617646019));
#9191=CARTESIAN_POINT('Ctrl Pts',(-162.038209256832,23.4288229151655,16.6579839672465));
#9192=CARTESIAN_POINT('Ctrl Pts',(-164.309666301679,23.3624496272156,15.7967653826386));
#9193=CARTESIAN_POINT('Ctrl Pts',(-167.085217910102,23.2726732247847,15.0130680732525));
#9194=CARTESIAN_POINT('Ctrl Pts',(-170.985728602569,23.0452578309157,14.2329504953655));
#9195=CARTESIAN_POINT('Ctrl Pts',(-174.846032775267,22.8201866381656,13.4608743805816));
#9196=CARTESIAN_POINT('Ctrl Pts',(-179.606017448952,22.4569328886081,12.7243877667782));
#9197=CARTESIAN_POINT('Ctrl Pts',(-185.252025849699,21.8060652615877,12.0494048888393));
#9198=CARTESIAN_POINT('Ctrl Pts',(-189.69860655705,21.2934667622718,11.5178141383831));
#9199=CARTESIAN_POINT('Ctrl Pts',(-194.140951850781,20.6664978803781,11.0988594441112));
#9200=CARTESIAN_POINT('Ctrl Pts',(-198.590111119633,19.9439302234753,10.7544830379521));
#9201=CARTESIAN_POINT('Ctrl Pts',(-201.169726282664,19.5249866947255,10.5548141689732));
#9202=CARTESIAN_POINT('Ctrl Pts',(-203.737228651746,19.0762124643696,10.3822889562633));
#9203=CARTESIAN_POINT('Ctrl Pts',(-206.290117215404,18.601397969567,10.2236654864462));
#9204=CARTESIAN_POINT('Ctrl Pts',(-208.843005779061,18.1265834747644,10.0650420166292));
#9205=CARTESIAN_POINT('Ctrl Pts',(-211.381280537294,17.6257287155151,9.92032028970512));
#9206=CARTESIAN_POINT('Ctrl Pts',(-213.903006374515,17.1008395949454,9.76962880639258));
#9207=CARTESIAN_POINT('Ctrl Pts',(-215.456606389489,16.7774627497941,9.67678989136251));
#9208=CARTESIAN_POINT('Ctrl Pts',(-217.003831583093,16.4449180253934,9.58155001378467));
#9209=CARTESIAN_POINT('Ctrl Pts',(-218.544213557608,16.1033453398223,9.48123039426156));
#9210=CARTESIAN_POINT('Ctrl Pts',(-220.852663704386,15.59145703602,9.33088921639506));
#9211=CARTESIAN_POINT('Ctrl Pts',(-223.179949420569,15.0516282355832,9.16643423116659));
#9212=CARTESIAN_POINT('Ctrl Pts',(-225.502585758792,14.4865728568107,8.98968290864035));
#9213=CARTESIAN_POINT('Ctrl Pts',(-227.825222097015,13.9215174780381,8.8129315861141));
#9214=CARTESIAN_POINT('Ctrl Pts',(-230.143209057276,13.3312355209298,8.62388392629008));
#9215=CARTESIAN_POINT('Ctrl Pts',(-232.432357390357,12.7186322843825,8.42572931585107));
#9216=CARTESIAN_POINT('Ctrl Pts',(-235.414269239913,11.9206373166743,8.16760730061371));
#9217=CARTESIAN_POINT('Ctrl Pts',(-238.347471953536,11.0845807889173,7.89523700720633));
#9218=CARTESIAN_POINT('Ctrl Pts',(-241.177882903876,10.2176328748536,7.60165287152072));
#9219=CARTESIAN_POINT('Ctrl Pts',(-242.689279866044,9.75469570189076,7.4448833498502));
#9220=CARTESIAN_POINT('Ctrl Pts',(-244.095957129972,9.30595300452807,7.28952755571754));
#9221=CARTESIAN_POINT('Ctrl Pts',(-245.390429931305,8.87848407628914,7.13387632332588));
#9222=CARTESIAN_POINT('Ctrl Pts',(-246.684902732637,8.4510151480502,6.97822509093422));
#9223=CARTESIAN_POINT('Ctrl Pts',(-247.867171071375,8.04481998893504,6.82227842028358));
#9224=CARTESIAN_POINT('Ctrl Pts',(-248.932418025436,7.66727615074985,6.66934818038032));
#9225=CARTESIAN_POINT('Ctrl Pts',(-249.825266261994,7.35083370624289,6.54116804854015));
#9226=CARTESIAN_POINT('Ctrl Pts',(-250.636022589108,7.05450379481363,6.41730452033821));
#9227=CARTESIAN_POINT('Ctrl Pts',(-251.36265421404,6.78281718767915,6.30515364024213));
#9228=CARTESIAN_POINT('Ctrl Pts',(-252.089285838972,6.51113058054467,6.19300276014605));
#9229=CARTESIAN_POINT('Ctrl Pts',(-252.731792761723,6.26408727770496,6.09256452815583));
#9230=CARTESIAN_POINT('Ctrl Pts',(-253.287139588309,6.04669413075579,6.00361191483422));
#9231=CARTESIAN_POINT('Ctrl Pts',(-254.009494148082,5.76392501523327,5.88790885728452));
#9232=CARTESIAN_POINT('Ctrl Pts',(-254.584445500718,5.5313894270895,5.79079113767222));
#9233=CARTESIAN_POINT('Ctrl Pts',(-255.005077377207,5.35939000141234,5.71664813917237));
#9234=CARTESIAN_POINT('Ctrl Pts',(-256.62239094881,4.69805874954091,5.4315711290465));
#9235=CARTESIAN_POINT('Ctrl Pts',(-258.256953639934,3.98457439359483,5.09331227313023));
#9236=CARTESIAN_POINT('Ctrl Pts',(-259.785305691188,3.26429821854287,4.60978257239943));
#9237=CARTESIAN_POINT('Ctrl Pts',(-261.014667349985,2.68492914410254,4.22084543289652));
#9238=CARTESIAN_POINT('Ctrl Pts',(-262.272075546009,2.05195942148582,3.70665110495097));
#9239=CARTESIAN_POINT('Ctrl Pts',(-263.346532370439,1.47355584089327,2.99560397149848));
#9240=CARTESIAN_POINT('Ctrl Pts',(-263.957551073508,1.14463112504761,2.59124794022334));
#9241=CARTESIAN_POINT('Ctrl Pts',(-264.530297638562,0.82330443396537,2.10933255773815));
#9242=CARTESIAN_POINT('Ctrl Pts',(-265.010325343524,0.545315843381488,1.52701794686801));
#9243=CARTESIAN_POINT('Ctrl Pts',(-265.385895953518,0.327819345871357,1.07141871508941));
#9244=CARTESIAN_POINT('Ctrl Pts',(-265.695222740762,0.143063212803492,0.566339075944768));
#9245=CARTESIAN_POINT('Ctrl Pts',(-265.931527944759,3.30985239216375E-14,
2.4980018054066E-14));
#9246=CARTESIAN_POINT('Ctrl Pts',(-107.401385239803,24.7654427287129,45.9695342801178));
#9247=CARTESIAN_POINT('Ctrl Pts',(-107.95988692938,24.7430806290677,45.9826108622578));
#9248=CARTESIAN_POINT('Ctrl Pts',(-108.520526023235,24.7203997791897,45.9893334716617));
#9249=CARTESIAN_POINT('Ctrl Pts',(-109.082061793668,24.6975238234291,45.9893424497133));
#9250=CARTESIAN_POINT('Origin',(18.2334461252871,20.598418507126,0.));
#9251=CARTESIAN_POINT('',(16.2334461252871,20.598418507126,26.8089676595188));
#9252=CARTESIAN_POINT('',(16.2334461252871,20.598418507126,0.));
#9253=CARTESIAN_POINT('',(0.,20.598418507126,26.8089676595188));
#9254=CARTESIAN_POINT('Origin',(16.2334461252871,0.,28.8089676595188));
#9255=CARTESIAN_POINT('',(16.2334461252871,0.,26.8089676595188));
#9256=CARTESIAN_POINT('Origin',(-18.2334461252871,0.,26.8089676595188));
#9257=CARTESIAN_POINT('Origin',(18.2334461252871,0.,-28.8089676595188));
#9258=CARTESIAN_POINT('Ctrl Pts',(-265.931527944759,0.,0.));
#9259=CARTESIAN_POINT('Ctrl Pts',(-265.931527944759,30.,0.));
#9260=CARTESIAN_POINT('Ctrl Pts',(-265.711150102733,0.,0.528166884608279));
#9261=CARTESIAN_POINT('Ctrl Pts',(-265.711150102733,30.,0.528166884608279));
#9262=CARTESIAN_POINT('Ctrl Pts',(-265.158807188644,0.,1.50992009655037));
#9263=CARTESIAN_POINT('Ctrl Pts',(-265.158807188644,30.,1.50992009655037));
#9264=CARTESIAN_POINT('Ctrl Pts',(-263.995589201531,0.,2.75881538352495));
#9265=CARTESIAN_POINT('Ctrl Pts',(-263.995589201531,30.,2.75881538352495));
#9266=CARTESIAN_POINT('Ctrl Pts',(-261.872539835864,0.,4.00132033853669));
#9267=CARTESIAN_POINT('Ctrl Pts',(-261.872539835864,30.,4.00132033853669));
#9268=CARTESIAN_POINT('Ctrl Pts',(-258.777713969188,0.,4.99300842055464));
#9269=CARTESIAN_POINT('Ctrl Pts',(-258.777713969188,30.,4.99300842055464));
#9270=CARTESIAN_POINT('Ctrl Pts',(-255.792045793721,0.,5.60288825799132));
#9271=CARTESIAN_POINT('Ctrl Pts',(-255.792045793721,30.,5.60288825799132));
#9272=CARTESIAN_POINT('Ctrl Pts',(-253.299132826092,0.,6.00605303178184));
#9273=CARTESIAN_POINT('Ctrl Pts',(-253.299132826092,30.,6.00605303178184));
#9274=CARTESIAN_POINT('Ctrl Pts',(-251.245842095611,0.,6.32385446972462));
#9275=CARTESIAN_POINT('Ctrl Pts',(-251.245842095611,30.,6.32385446972462));
#9276=CARTESIAN_POINT('Ctrl Pts',(-249.281441154866,0.,6.62628015221961));
#9277=CARTESIAN_POINT('Ctrl Pts',(-249.281441154866,30.,6.62628015221961));
#9278=CARTESIAN_POINT('Ctrl Pts',(-246.983254905914,0.,6.9473101622819));
#9279=CARTESIAN_POINT('Ctrl Pts',(-246.983254905914,30.,6.9473101622819));
#9280=CARTESIAN_POINT('Ctrl Pts',(-244.091622685838,0.,7.29678946735919));
#9281=CARTESIAN_POINT('Ctrl Pts',(-244.091622685838,30.,7.29678946735919));
#9282=CARTESIAN_POINT('Ctrl Pts',(-240.60344369841,0.,7.67031745510255));
#9283=CARTESIAN_POINT('Ctrl Pts',(-240.60344369841,30.,7.67031745510255));
#9284=CARTESIAN_POINT('Ctrl Pts',(-236.661855283117,0.,8.05334429412772));
#9285=CARTESIAN_POINT('Ctrl Pts',(-236.661855283117,30.,8.05334429412772));
#9286=CARTESIAN_POINT('Ctrl Pts',(-232.497819128548,0.,8.42692925969324));
#9287=CARTESIAN_POINT('Ctrl Pts',(-232.497819128548,30.,8.42692925969324));
#9288=CARTESIAN_POINT('Ctrl Pts',(-228.352656875102,0.,8.77266857608855));
#9289=CARTESIAN_POINT('Ctrl Pts',(-228.352656875102,30.,8.77266857608855));
#9290=CARTESIAN_POINT('Ctrl Pts',(-224.404171486582,0.,9.07830777904852));
#9291=CARTESIAN_POINT('Ctrl Pts',(-224.404171486582,30.,9.07830777904852));
#9292=CARTESIAN_POINT('Ctrl Pts',(-220.704809139215,0.,9.34209071580335));
#9293=CARTESIAN_POINT('Ctrl Pts',(-220.704809139215,30.,9.34209071580335));
#9294=CARTESIAN_POINT('Ctrl Pts',(-217.222299201766,0.,9.56997471015256));
#9295=CARTESIAN_POINT('Ctrl Pts',(-217.222299201766,30.,9.56997471015256));
#9296=CARTESIAN_POINT('Ctrl Pts',(-213.867945427058,0.,9.77364422511467));
#9297=CARTESIAN_POINT('Ctrl Pts',(-213.867945427058,30.,9.77364422511467));
#9298=CARTESIAN_POINT('Ctrl Pts',(-210.530203317788,0.,9.96820299953805));
#9299=CARTESIAN_POINT('Ctrl Pts',(-210.530203317788,30.,9.96820299953805));
#9300=CARTESIAN_POINT('Ctrl Pts',(-207.104648742851,0.,10.1700599696608));
#9301=CARTESIAN_POINT('Ctrl Pts',(-207.104648742851,30.,10.1700599696608));
#9302=CARTESIAN_POINT('Ctrl Pts',(-203.528970676436,0.,10.3945970037851));
#9303=CARTESIAN_POINT('Ctrl Pts',(-203.528970676436,30.,10.3945970037851));
#9304=CARTESIAN_POINT('Ctrl Pts',(-199.780942671358,0.,10.6553453715681));
#9305=CARTESIAN_POINT('Ctrl Pts',(-199.780942671358,30.,10.6553453715681));
#9306=CARTESIAN_POINT('Ctrl Pts',(-195.870559353899,0.,10.9634274795914));
#9307=CARTESIAN_POINT('Ctrl Pts',(-195.870559353899,30.,10.9634274795914));
#9308=CARTESIAN_POINT('Ctrl Pts',(-191.834267854722,0.,11.3268420000766));
#9309=CARTESIAN_POINT('Ctrl Pts',(-191.834267854722,30.,11.3268420000766));
#9310=CARTESIAN_POINT('Ctrl Pts',(-187.728302334648,0.,11.7499496814441));
#9311=CARTESIAN_POINT('Ctrl Pts',(-187.728302334648,30.,11.7499496814441));
#9312=CARTESIAN_POINT('Ctrl Pts',(-183.622556254702,0.,12.232535869508));
#9313=CARTESIAN_POINT('Ctrl Pts',(-183.622556254702,30.,12.232535869508));
#9314=CARTESIAN_POINT('Ctrl Pts',(-179.593838231133,0.,12.7701016534032));
#9315=CARTESIAN_POINT('Ctrl Pts',(-179.593838231133,30.,12.7701016534032));
#9316=CARTESIAN_POINT('Ctrl Pts',(-175.717424611867,0.,13.3582808172573));
#9317=CARTESIAN_POINT('Ctrl Pts',(-175.717424611867,30.,13.3582808172573));
#9318=CARTESIAN_POINT('Ctrl Pts',(-172.05912708989,0.,13.9963761760793));
#9319=CARTESIAN_POINT('Ctrl Pts',(-172.05912708989,30.,13.9963761760793));
#9320=CARTESIAN_POINT('Ctrl Pts',(-168.666638843661,0.,14.691624449336));
#9321=CARTESIAN_POINT('Ctrl Pts',(-168.666638843661,30.,14.691624449336));
#9322=CARTESIAN_POINT('Ctrl Pts',(-165.562343348475,0.,15.4622853739768));
#9323=CARTESIAN_POINT('Ctrl Pts',(-165.562343348475,30.,15.4622853739768));
#9324=CARTESIAN_POINT('Ctrl Pts',(-162.732501843298,0.,16.3434530674032));
#9325=CARTESIAN_POINT('Ctrl Pts',(-162.732501843298,30.,16.3434530674032));
#9326=CARTESIAN_POINT('Ctrl Pts',(-160.132356746942,0.,17.3808750168635));
#9327=CARTESIAN_POINT('Ctrl Pts',(-160.132356746942,30.,17.3808750168635));
#9328=CARTESIAN_POINT('Ctrl Pts',(-157.700861675899,0.,18.6171226173774));
#9329=CARTESIAN_POINT('Ctrl Pts',(-157.700861675899,30.,18.6171226173774));
#9330=CARTESIAN_POINT('Ctrl Pts',(-155.371789724574,0.,20.0812473942153));
#9331=CARTESIAN_POINT('Ctrl Pts',(-155.371789724574,30.,20.0812473942153));
#9332=CARTESIAN_POINT('Ctrl Pts',(-153.087837544016,0.,21.7743329108438));
#9333=CARTESIAN_POINT('Ctrl Pts',(-153.087837544016,30.,21.7743329108438));
#9334=CARTESIAN_POINT('Ctrl Pts',(-150.808220541881,0.,23.6659507913731));
#9335=CARTESIAN_POINT('Ctrl Pts',(-150.808220541881,30.,23.6659507913731));
#9336=CARTESIAN_POINT('Ctrl Pts',(-148.506696050445,0.,25.7075589939595));
#9337=CARTESIAN_POINT('Ctrl Pts',(-148.506696050445,30.,25.7075589939595));
#9338=CARTESIAN_POINT('Ctrl Pts',(-146.171792943974,0.,27.8420385834987));
#9339=CARTESIAN_POINT('Ctrl Pts',(-146.171792943974,30.,27.8420385834987));
#9340=CARTESIAN_POINT('Ctrl Pts',(-143.806129047885,0.,30.0146654464028));
#9341=CARTESIAN_POINT('Ctrl Pts',(-143.806129047885,30.,30.0146654464028));
#9342=CARTESIAN_POINT('Ctrl Pts',(-141.426280922625,0.,32.1837521044101));
#9343=CARTESIAN_POINT('Ctrl Pts',(-141.426280922625,30.,32.1837521044101));
#9344=CARTESIAN_POINT('Ctrl Pts',(-139.049263822129,0.,34.3163340930896));
#9345=CARTESIAN_POINT('Ctrl Pts',(-139.049263822129,30.,34.3163340930896));
#9346=CARTESIAN_POINT('Ctrl Pts',(-136.677837688508,0.,36.3831506210936));
#9347=CARTESIAN_POINT('Ctrl Pts',(-136.677837688508,30.,36.3831506210936));
#9348=CARTESIAN_POINT('Ctrl Pts',(-134.287971159079,0.,38.3542701926926));
#9349=CARTESIAN_POINT('Ctrl Pts',(-134.287971159079,30.,38.3542701926926));
#9350=CARTESIAN_POINT('Ctrl Pts',(-131.811280985158,0.,40.1935729351776));
#9351=CARTESIAN_POINT('Ctrl Pts',(-131.811280985158,30.,40.1935729351776));
#9352=CARTESIAN_POINT('Ctrl Pts',(-129.132584615479,0.,41.856502380112));
#9353=CARTESIAN_POINT('Ctrl Pts',(-129.132584615479,30.,41.856502380112));
#9354=CARTESIAN_POINT('Ctrl Pts',(-126.125834719625,0.,43.2961659157867));
#9355=CARTESIAN_POINT('Ctrl Pts',(-126.125834719625,30.,43.2961659157867));
#9356=CARTESIAN_POINT('Ctrl Pts',(-122.684160015558,0.,44.4680035500677));
#9357=CARTESIAN_POINT('Ctrl Pts',(-122.684160015558,30.,44.4680035500677));
#9358=CARTESIAN_POINT('Ctrl Pts',(-118.749462792814,0.,45.3347428138172));
#9359=CARTESIAN_POINT('Ctrl Pts',(-118.749462792814,30.,45.3347428138172));
#9360=CARTESIAN_POINT('Ctrl Pts',(-114.348921409892,0.,45.8719163369931));
#9361=CARTESIAN_POINT('Ctrl Pts',(-114.348921409892,30.,45.8719163369931));
#9362=CARTESIAN_POINT('Ctrl Pts',(-109.606417231432,0.,46.0708970949204));
#9363=CARTESIAN_POINT('Ctrl Pts',(-109.606417231432,30.,46.0708970949204));
#9364=CARTESIAN_POINT('Ctrl Pts',(-104.701303421147,0.,45.9365250978288));
#9365=CARTESIAN_POINT('Ctrl Pts',(-104.701303421147,30.,45.9365250978288));
#9366=CARTESIAN_POINT('Ctrl Pts',(-99.8379936924452,0.,45.48590469743));
#9367=CARTESIAN_POINT('Ctrl Pts',(-99.8379936924452,30.,45.48590469743));
#9368=CARTESIAN_POINT('Ctrl Pts',(-95.2120581028856,0.,44.746738122081));
#9369=CARTESIAN_POINT('Ctrl Pts',(-95.2120581028856,30.,44.746738122081));
#9370=CARTESIAN_POINT('Ctrl Pts',(-90.9759997876149,0.,43.7559014029665));
#9371=CARTESIAN_POINT('Ctrl Pts',(-90.9759997876149,30.,43.7559014029665));
#9372=CARTESIAN_POINT('Ctrl Pts',(-87.209370953483,0.,42.5578625161953));
#9373=CARTESIAN_POINT('Ctrl Pts',(-87.209370953483,30.,42.5578625161953));
#9374=CARTESIAN_POINT('Ctrl Pts',(-83.8761763849865,0.,41.2033489619732));
#9375=CARTESIAN_POINT('Ctrl Pts',(-83.8761763849865,30.,41.2033489619732));
#9376=CARTESIAN_POINT('Ctrl Pts',(-80.8435205255394,0.,39.7470387930955));
#9377=CARTESIAN_POINT('Ctrl Pts',(-80.8435205255394,30.,39.7470387930955));
#9378=CARTESIAN_POINT('Ctrl Pts',(-77.9290821066398,0.,38.2448207360575));
#9379=CARTESIAN_POINT('Ctrl Pts',(-77.9290821066398,30.,38.2448207360575));
#9380=CARTESIAN_POINT('Ctrl Pts',(-74.941057190925,0.,36.7511465592463));
#9381=CARTESIAN_POINT('Ctrl Pts',(-74.941057190925,30.,36.7511465592463));
#9382=CARTESIAN_POINT('Ctrl Pts',(-71.7175794026494,0.,35.3164457502471));
#9383=CARTESIAN_POINT('Ctrl Pts',(-71.7175794026494,30.,35.3164457502471));
#9384=CARTESIAN_POINT('Ctrl Pts',(-68.175315624739,0.,33.9842610786415));
#9385=CARTESIAN_POINT('Ctrl Pts',(-68.175315624739,30.,33.9842610786415));
#9386=CARTESIAN_POINT('Ctrl Pts',(-64.3177853852115,0.,32.789496870946));
#9387=CARTESIAN_POINT('Ctrl Pts',(-64.3177853852115,30.,32.789496870946));
#9388=CARTESIAN_POINT('Ctrl Pts',(-60.2058801166209,0.,31.7576317713745));
#9389=CARTESIAN_POINT('Ctrl Pts',(-60.2058801166209,30.,31.7576317713745));
#9390=CARTESIAN_POINT('Ctrl Pts',(-55.9393474006754,0.,30.9037394745495));
#9391=CARTESIAN_POINT('Ctrl Pts',(-55.9393474006754,30.,30.9037394745495));
#9392=CARTESIAN_POINT('Ctrl Pts',(-51.6330913920576,0.,30.2313844837282));
#9393=CARTESIAN_POINT('Ctrl Pts',(-51.6330913920576,30.,30.2313844837282));
#9394=CARTESIAN_POINT('Ctrl Pts',(-47.3974458566345,0.,29.7319974973826));
#9395=CARTESIAN_POINT('Ctrl Pts',(-47.3974458566345,30.,29.7319974973826));
#9396=CARTESIAN_POINT('Ctrl Pts',(-43.3124751125691,0.,29.3829374470003));
#9397=CARTESIAN_POINT('Ctrl Pts',(-43.3124751125691,30.,29.3829374470003));
#9398=CARTESIAN_POINT('Ctrl Pts',(-39.4220071269276,0.,29.1504963328335));
#9399=CARTESIAN_POINT('Ctrl Pts',(-39.4220071269276,30.,29.1504963328335));
#9400=CARTESIAN_POINT('Ctrl Pts',(-35.7457357275481,0.,28.997548978101));
#9401=CARTESIAN_POINT('Ctrl Pts',(-35.7457357275481,30.,28.997548978101));
#9402=CARTESIAN_POINT('Ctrl Pts',(-32.2863565853986,0.,28.8899433809297));
#9403=CARTESIAN_POINT('Ctrl Pts',(-32.2863565853986,30.,28.8899433809297));
#9404=CARTESIAN_POINT('Ctrl Pts',(-29.0386701651126,0.,28.8033490745273));
#9405=CARTESIAN_POINT('Ctrl Pts',(-29.0386701651126,30.,28.8033490745273));
#9406=CARTESIAN_POINT('Ctrl Pts',(-25.9979218222151,0.,28.7300557348971));
#9407=CARTESIAN_POINT('Ctrl Pts',(-25.9979218222151,30.,28.7300557348971));
#9408=CARTESIAN_POINT('Ctrl Pts',(-23.1682032792611,0.,28.6854273343654));
#9409=CARTESIAN_POINT('Ctrl Pts',(-23.1682032792611,30.,28.6854273343654));
#9410=CARTESIAN_POINT('Ctrl Pts',(-21.0799570303246,0.,28.6936193901857));
#9411=CARTESIAN_POINT('Ctrl Pts',(-21.0799570303246,30.,28.6936193901857));
#9412=CARTESIAN_POINT('Ctrl Pts',(-19.6163244914334,0.,28.7358251482358));
#9413=CARTESIAN_POINT('Ctrl Pts',(-19.6163244914334,30.,28.7358251482358));
#9414=CARTESIAN_POINT('Ctrl Pts',(-18.686714676439,0.,28.7816404271994));
#9415=CARTESIAN_POINT('Ctrl Pts',(-18.686714676439,30.,28.7816404271994));
#9416=CARTESIAN_POINT('Ctrl Pts',(-18.2334461252871,0.,28.8089676595188));
#9417=CARTESIAN_POINT('Ctrl Pts',(-18.2334461252871,30.,28.8089676595188));
#9418=CARTESIAN_POINT('Ctrl Pts',(-19.9032490719935,23.6713597498708,28.7339093383154));
#9419=CARTESIAN_POINT('Ctrl Pts',(-20.6820798934991,23.717350520442,28.7098258570116));
#9420=CARTESIAN_POINT('Ctrl Pts',(-21.5389570334833,23.7672906161877,28.6972891213247));
#9421=CARTESIAN_POINT('Ctrl Pts',(-22.5258148893564,23.8233739437742,28.6972530676574));
#9422=CARTESIAN_POINT('Ctrl Pts',(-22.5258148893564,23.8233739437742,28.6972530676574));
#9423=CARTESIAN_POINT('Ctrl Pts',(-22.9353599506263,23.8466484707954,28.6972381054201));
#9424=CARTESIAN_POINT('Ctrl Pts',(-23.3672908369541,23.8709810110176,28.699376063167));
#9425=CARTESIAN_POINT('Ctrl Pts',(-23.8253194491995,23.8965283692647,28.7037351214784));
#9426=CARTESIAN_POINT('Ctrl Pts',(-25.3870340217304,23.9836357695392,28.7185979590946));
#9427=CARTESIAN_POINT('Ctrl Pts',(-27.2521522255853,24.0848662471004,28.7592825858935));
#9428=CARTESIAN_POINT('Ctrl Pts',(-29.5760533751367,24.2031428052368,28.8195046361056));
#9429=CARTESIAN_POINT('Ctrl Pts',(-31.0520088411568,24.2782625806701,28.8577528482564));
#9430=CARTESIAN_POINT('Ctrl Pts',(-32.4731392583718,24.3477686814247,28.8975874277193));
#9431=CARTESIAN_POINT('Ctrl Pts',(-33.8307175983509,24.4118316134023,28.9412000548892));
#9432=CARTESIAN_POINT('Ctrl Pts',(-35.18829593833,24.4758945453798,28.9848126820591));
#9433=CARTESIAN_POINT('Ctrl Pts',(-36.4823222010731,24.5345143085803,29.0322033569362));
#9434=CARTESIAN_POINT('Ctrl Pts',(-37.728241514989,24.5889419765341,29.0870574248519));
#9435=CARTESIAN_POINT('Ctrl Pts',(-40.2200801428208,24.6977973124417,29.1967655606835));
#9436=CARTESIAN_POINT('Ctrl Pts',(-42.5194909753438,24.7898842673626,29.33632726867));
#9437=CARTESIAN_POINT('Ctrl Pts',(-44.7111298315004,24.8711030910671,29.5174731226605));
#9438=CARTESIAN_POINT('Ctrl Pts',(-47.7891270867848,24.985169017457,29.7718792899095));
#9439=CARTESIAN_POINT('Ctrl Pts',(-50.6179359164308,25.0761004859754,30.1068266821339));
#9440=CARTESIAN_POINT('Ctrl Pts',(-53.2236018161883,25.1495831292435,30.502747088231));
#9441=CARTESIAN_POINT('Ctrl Pts',(-55.8292677159458,25.2230657725116,30.8986674943281));
#9442=CARTESIAN_POINT('Ctrl Pts',(-58.2117906858149,25.2790995905295,31.3555609142979));
#9443=CARTESIAN_POINT('Ctrl Pts',(-60.401259359714,25.3228384792983,31.8555328129644));
#9444=CARTESIAN_POINT('Ctrl Pts',(-64.7801967075122,25.4103162568358,32.8554766102973));
#9445=CARTESIAN_POINT('Ctrl Pts',(-68.3869168714307,25.4486143173769,34.0277343224166));
#9446=CARTESIAN_POINT('Ctrl Pts',(-71.4445149301526,25.4662289446712,35.2630776323101));
#9447=CARTESIAN_POINT('Ctrl Pts',(-72.9665321079013,25.474997188504,35.8780092557495));
#9448=CARTESIAN_POINT('Ctrl Pts',(-74.3392371986425,25.4781685371418,36.5003454099505));
#9449=CARTESIAN_POINT('Ctrl Pts',(-75.6324396911702,25.4779205711219,37.1216344964534));
#9450=CARTESIAN_POINT('Ctrl Pts',(-16.4133290521759,0.,-26.9150696985024));
#9451=CARTESIAN_POINT('Ctrl Pts',(-16.4133290521759,25.4858700840673,-26.9150696985024));
#9452=CARTESIAN_POINT('Ctrl Pts',(-16.9799147411158,0.,-26.8809106581032));
#9453=CARTESIAN_POINT('Ctrl Pts',(-16.9799147411158,25.4858700840673,-26.8809106581032));
#9454=CARTESIAN_POINT('Ctrl Pts',(-17.5465004300558,0.,-26.8467516177039));
#9455=CARTESIAN_POINT('Ctrl Pts',(-17.5465004300558,25.4858700840673,-26.8467516177039));
#9456=CARTESIAN_POINT('Ctrl Pts',(-18.1130861189956,0.,-26.8125925773046));
#9457=CARTESIAN_POINT('Ctrl Pts',(-18.1130861189956,25.4858700840673,-26.8125925773046));
#9458=CARTESIAN_POINT('Ctrl Pts',(-21.5621027657824,0.,-26.6046538642818));
#9459=CARTESIAN_POINT('Ctrl Pts',(-21.5621027657824,25.4858700840673,-26.6046538642818));
#9460=CARTESIAN_POINT('Ctrl Pts',(-25.6580679686915,0.,-26.7134851270413));
#9461=CARTESIAN_POINT('Ctrl Pts',(-25.6580679686915,25.4858700840673,-26.7134851270413));
#9462=CARTESIAN_POINT('Ctrl Pts',(-30.391029060611,0.,-26.8400558770837));
#9463=CARTESIAN_POINT('Ctrl Pts',(-30.391029060611,25.4858700840673,-26.8400558770837));
#9464=CARTESIAN_POINT('Ctrl Pts',(-34.3297842166122,0.,-26.9453876524029));
#9465=CARTESIAN_POINT('Ctrl Pts',(-34.3297842166122,25.4858700840673,-26.9453876524029));
#9466=CARTESIAN_POINT('Ctrl Pts',(-38.7664890777289,0.,-27.0622789829861));
#9467=CARTESIAN_POINT('Ctrl Pts',(-38.7664890777289,25.4858700840673,-27.0622789829861));
#9468=CARTESIAN_POINT('Ctrl Pts',(-43.6944384544952,0.,-27.4313320062128));
#9469=CARTESIAN_POINT('Ctrl Pts',(-43.6944384544952,25.4858700840673,-27.4313320062128));
#9470=CARTESIAN_POINT('Ctrl Pts',(-48.080818637923,0.,-27.759827034053));
#9471=CARTESIAN_POINT('Ctrl Pts',(-48.080818637923,25.4858700840673,-27.759827034053));
#9472=CARTESIAN_POINT('Ctrl Pts',(-52.8707000942009,0.,-28.3172846280952));
#9473=CARTESIAN_POINT('Ctrl Pts',(-52.8707000942009,25.4858700840673,-28.3172846280952));
#9474=CARTESIAN_POINT('Ctrl Pts',(-57.5833211957305,0.,-29.2212265131551));
#9475=CARTESIAN_POINT('Ctrl Pts',(-57.5833211957305,25.4858700840673,-29.2212265131551));
#9476=CARTESIAN_POINT('Ctrl Pts',(-61.8974182302144,0.,-30.0487263103311));
#9477=CARTESIAN_POINT('Ctrl Pts',(-61.8974182302144,25.4858700840673,-30.0487263103311));
#9478=CARTESIAN_POINT('Ctrl Pts',(-66.0911233580116,0.,-31.1635319077596));
#9479=CARTESIAN_POINT('Ctrl Pts',(-66.0911233580116,25.4858700840673,-31.1635319077596));
#9480=CARTESIAN_POINT('Ctrl Pts',(-69.7856698923393,0.,-32.4907744804439));
#9481=CARTESIAN_POINT('Ctrl Pts',(-69.7856698923393,25.4858700840673,-32.4907744804439));
#9482=CARTESIAN_POINT('Ctrl Pts',(-72.9385828956946,0.,-33.6234386185569));
#9483=CARTESIAN_POINT('Ctrl Pts',(-72.9385828956946,25.4858700840673,-33.6234386185569));
#9484=CARTESIAN_POINT('Ctrl Pts',(-75.712796993709,0.,-34.9101578764123));
#9485=CARTESIAN_POINT('Ctrl Pts',(-75.712796993709,25.4858700840673,-34.9101578764123));
#9486=CARTESIAN_POINT('Ctrl Pts',(-78.2657088098986,0.,-36.1871537114804));
#9487=CARTESIAN_POINT('Ctrl Pts',(-78.2657088098986,25.4858700840673,-36.1871537114804));
#9488=CARTESIAN_POINT('Ctrl Pts',(-81.6696524256911,0.,-37.8898454349498));
#9489=CARTESIAN_POINT('Ctrl Pts',(-81.6696524256911,25.4858700840673,-37.8898454349498));
#9490=CARTESIAN_POINT('Ctrl Pts',(-84.7533596622561,0.,-39.5419923755056));
#9491=CARTESIAN_POINT('Ctrl Pts',(-84.7533596622561,25.4858700840673,-39.5419923755056));
#9492=CARTESIAN_POINT('Ctrl Pts',(-88.7053268943386,0.,-40.884841773026));
#9493=CARTESIAN_POINT('Ctrl Pts',(-88.7053268943386,25.4858700840673,-40.884841773026));
#9494=CARTESIAN_POINT('Ctrl Pts',(-91.3913442729602,0.,-41.7975307217931));
#9495=CARTESIAN_POINT('Ctrl Pts',(-91.3913442729602,25.4858700840673,-41.7975307217931));
#9496=CARTESIAN_POINT('Ctrl Pts',(-94.4964542362097,0.,-42.5712798082437));
#9497=CARTESIAN_POINT('Ctrl Pts',(-94.4964542362097,25.4858700840673,-42.5712798082437));
#9498=CARTESIAN_POINT('Ctrl Pts',(-97.9230306705738,0.,-43.1144877181073));
#9499=CARTESIAN_POINT('Ctrl Pts',(-97.9230306705738,25.4858700840673,-43.1144877181073));
#9500=CARTESIAN_POINT('Ctrl Pts',(-102.804092324605,0.,-43.8882720914577));
#9501=CARTESIAN_POINT('Ctrl Pts',(-102.804092324605,25.4858700840673,-43.8882720914577));
#9502=CARTESIAN_POINT('Ctrl Pts',(-108.282843809493,0.,-44.1759209653457));
#9503=CARTESIAN_POINT('Ctrl Pts',(-108.282843809493,25.4858700840673,-44.1759209653457));
#9504=CARTESIAN_POINT('Ctrl Pts',(-113.173666875273,0.,-43.8612901631451));
#9505=CARTESIAN_POINT('Ctrl Pts',(-113.173666875273,25.4858700840673,-43.8612901631451));
#9506=CARTESIAN_POINT('Ctrl Pts',(-116.696529490066,0.,-43.6346614187339));
#9507=CARTESIAN_POINT('Ctrl Pts',(-116.696529490066,25.4858700840673,-43.6346614187339));
#9508=CARTESIAN_POINT('Ctrl Pts',(-119.878785482805,0.,-43.1009746819451));
#9509=CARTESIAN_POINT('Ctrl Pts',(-119.878785482805,25.4858700840673,-43.1009746819451));
#9510=CARTESIAN_POINT('Ctrl Pts',(-122.558717674683,0.,-42.3132736176695));
#9511=CARTESIAN_POINT('Ctrl Pts',(-122.558717674683,25.4858700840673,-42.3132736176695));
#9512=CARTESIAN_POINT('Ctrl Pts',(-126.530747814774,0.,-41.1457917022067));
#9513=CARTESIAN_POINT('Ctrl Pts',(-126.530747814774,25.4858700840673,-41.1457917022067));
#9514=CARTESIAN_POINT('Ctrl Pts',(-129.445864712329,0.,-39.4413547514696));
#9515=CARTESIAN_POINT('Ctrl Pts',(-129.445864712329,25.4858700840673,-39.4413547514696));
#9516=CARTESIAN_POINT('Ctrl Pts',(-132.222259532105,0.,-37.3655908662863));
#9517=CARTESIAN_POINT('Ctrl Pts',(-132.222259532105,25.4858700840673,-37.3655908662863));
#9518=CARTESIAN_POINT('Ctrl Pts',(-134.831075543217,0.,-35.4151168125298));
#9519=CARTESIAN_POINT('Ctrl Pts',(-134.831075543217,25.4858700840673,-35.4151168125298));
#9520=CARTESIAN_POINT('Ctrl Pts',(-137.366166075145,0.,-33.1460330128595));
#9521=CARTESIAN_POINT('Ctrl Pts',(-137.366166075145,25.4858700840673,-33.1460330128595));
#9522=CARTESIAN_POINT('Ctrl Pts',(-139.960486019342,0.,-30.8040755695046));
#9523=CARTESIAN_POINT('Ctrl Pts',(-139.960486019342,25.4858700840673,-30.8040755695046));
#9524=CARTESIAN_POINT('Ctrl Pts',(-143.060983850376,0.,-28.0051786987716));
#9525=CARTESIAN_POINT('Ctrl Pts',(-143.060983850376,25.4858700840673,-28.0051786987716));
#9526=CARTESIAN_POINT('Ctrl Pts',(-146.151577602446,0.,-25.0738807477445));
#9527=CARTESIAN_POINT('Ctrl Pts',(-146.151577602446,25.4858700840673,-25.0738807477445));
#9528=CARTESIAN_POINT('Ctrl Pts',(-149.221116574613,0.,-22.4256531985659));
#9529=CARTESIAN_POINT('Ctrl Pts',(-149.221116574613,25.4858700840673,-22.4256531985659));
#9530=CARTESIAN_POINT('Ctrl Pts',(-151.940943154549,0.,-20.0791380562973));
#9531=CARTESIAN_POINT('Ctrl Pts',(-151.940943154549,25.4858700840673,-20.0791380562973));
#9532=CARTESIAN_POINT('Ctrl Pts',(-154.668783400753,0.,-17.9987479332198));
#9533=CARTESIAN_POINT('Ctrl Pts',(-154.668783400753,25.4858700840673,-17.9987479332198));
#9534=CARTESIAN_POINT('Ctrl Pts',(-157.67665749473,0.,-16.4236363099143));
#9535=CARTESIAN_POINT('Ctrl Pts',(-157.67665749473,25.4858700840673,-16.4236363099143));
#9536=CARTESIAN_POINT('Ctrl Pts',(-161.197580653642,0.,-14.5798600017667));
#9537=CARTESIAN_POINT('Ctrl Pts',(-161.197580653642,25.4858700840673,-14.5798600017667));
#9538=CARTESIAN_POINT('Ctrl Pts',(-165.120294855575,0.,-13.4088964542723));
#9539=CARTESIAN_POINT('Ctrl Pts',(-165.120294855575,25.4858700840673,-13.4088964542723));
#9540=CARTESIAN_POINT('Ctrl Pts',(-169.801212242876,0.,-12.4333944594908));
#9541=CARTESIAN_POINT('Ctrl Pts',(-169.801212242876,25.4858700840673,-12.4333944594908));
#9542=CARTESIAN_POINT('Ctrl Pts',(-174.005217430975,0.,-11.55728084591));
#9543=CARTESIAN_POINT('Ctrl Pts',(-174.005217430975,25.4858700840673,-11.55728084591));
#9544=CARTESIAN_POINT('Ctrl Pts',(-178.828843036433,0.,-10.8265123241707));
#9545=CARTESIAN_POINT('Ctrl Pts',(-178.828843036433,25.4858700840673,-10.8265123241707));
#9546=CARTESIAN_POINT('Ctrl Pts',(-183.835347087362,0.,-10.2066752769029));
#9547=CARTESIAN_POINT('Ctrl Pts',(-183.835347087362,25.4858700840673,-10.2066752769029));
#9548=CARTESIAN_POINT('Ctrl Pts',(-188.586303125214,0.,-9.61847669916371));
#9549=CARTESIAN_POINT('Ctrl Pts',(-188.586303125214,25.4858700840673,-9.61847669916371));
#9550=CARTESIAN_POINT('Ctrl Pts',(-193.449866498721,0.,-9.15162952939891));
#9551=CARTESIAN_POINT('Ctrl Pts',(-193.449866498721,25.4858700840673,-9.15162952939891));
#9552=CARTESIAN_POINT('Ctrl Pts',(-197.981718783695,0.,-8.79584790525521));
#9553=CARTESIAN_POINT('Ctrl Pts',(-197.981718783695,25.4858700840673,-8.79584790525521));
#9554=CARTESIAN_POINT('Ctrl Pts',(-202.084891012572,0.,-8.47372061867712));
#9555=CARTESIAN_POINT('Ctrl Pts',(-202.084891012572,25.4858700840673,-8.47372061867712));
#9556=CARTESIAN_POINT('Ctrl Pts',(-205.896963426442,0.,-8.23930639676486));
#9557=CARTESIAN_POINT('Ctrl Pts',(-205.896963426442,25.4858700840673,-8.23930639676486));
#9558=CARTESIAN_POINT('Ctrl Pts',(-209.481490881021,0.,-8.02715462437133));
#9559=CARTESIAN_POINT('Ctrl Pts',(-209.481490881021,25.4858700840673,-8.02715462437133));
#9560=CARTESIAN_POINT('Ctrl Pts',(-213.315467308621,0.,-7.80023910908047));
#9561=CARTESIAN_POINT('Ctrl Pts',(-213.315467308621,25.4858700840673,-7.80023910908047));
#9562=CARTESIAN_POINT('Ctrl Pts',(-216.933529580226,0.,-7.59297311489983));
#9563=CARTESIAN_POINT('Ctrl Pts',(-216.933529580226,25.4858700840673,-7.59297311489983));
#9564=CARTESIAN_POINT('Ctrl Pts',(-220.979886409139,0.,-7.31318796932567));
#9565=CARTESIAN_POINT('Ctrl Pts',(-220.979886409139,25.4858700840673,-7.31318796932567));
#9566=CARTESIAN_POINT('Ctrl Pts',(-223.901061425942,0.,-7.11120346526911));
#9567=CARTESIAN_POINT('Ctrl Pts',(-223.901061425942,25.4858700840673,-7.11120346526911));
#9568=CARTESIAN_POINT('Ctrl Pts',(-227.074992306872,0.,-6.87018479013473));
#9569=CARTESIAN_POINT('Ctrl Pts',(-227.074992306872,25.4858700840673,-6.87018479013473));
#9570=CARTESIAN_POINT('Ctrl Pts',(-230.396367059728,0.,-6.59211186730119));
#9571=CARTESIAN_POINT('Ctrl Pts',(-230.396367059728,25.4858700840673,-6.59211186730119));
#9572=CARTESIAN_POINT('Ctrl Pts',(-234.656128566304,0.,-6.23547510666806));
#9573=CARTESIAN_POINT('Ctrl Pts',(-234.656128566304,25.4858700840673,-6.23547510666806));
#9574=CARTESIAN_POINT('Ctrl Pts',(-239.082476272198,0.,-5.82252853264443));
#9575=CARTESIAN_POINT('Ctrl Pts',(-239.082476272198,25.4858700840673,-5.82252853264443));
#9576=CARTESIAN_POINT('Ctrl Pts',(-242.570742733159,0.,-5.44284038599275));
#9577=CARTESIAN_POINT('Ctrl Pts',(-242.570742733159,25.4858700840673,-5.44284038599275));
#9578=CARTESIAN_POINT('Ctrl Pts',(-244.743296083876,0.,-5.20636396870434));
#9579=CARTESIAN_POINT('Ctrl Pts',(-244.743296083876,25.4858700840673,-5.20636396870434));
#9580=CARTESIAN_POINT('Ctrl Pts',(-246.531954714615,0.,-4.98490129235139));
#9581=CARTESIAN_POINT('Ctrl Pts',(-246.531954714615,25.4858700840673,-4.98490129235139));
#9582=CARTESIAN_POINT('Ctrl Pts',(-248.007701547183,0.,-4.77996622605932));
#9583=CARTESIAN_POINT('Ctrl Pts',(-248.007701547183,25.4858700840673,-4.77996622605932));
#9584=CARTESIAN_POINT('Ctrl Pts',(-249.548274815274,0.,-4.56602879596863));
#9585=CARTESIAN_POINT('Ctrl Pts',(-249.548274815274,25.4858700840673,-4.56602879596863));
#9586=CARTESIAN_POINT('Ctrl Pts',(-250.795004092368,0.,-4.3714885872132));
#9587=CARTESIAN_POINT('Ctrl Pts',(-250.795004092368,25.4858700840673,-4.3714885872132));
#9588=CARTESIAN_POINT('Ctrl Pts',(-252.24383752209,0.,-4.14387214776014));
#9589=CARTESIAN_POINT('Ctrl Pts',(-252.24383752209,25.4858700840673,-4.14387214776014));
#9590=CARTESIAN_POINT('Ctrl Pts',(-253.485740912283,0.,-3.94876508988756));
#9591=CARTESIAN_POINT('Ctrl Pts',(-253.485740912283,25.4858700840673,-3.94876508988756));
#9592=CARTESIAN_POINT('Ctrl Pts',(-254.905528403684,0.,-3.73014299039091));
#9593=CARTESIAN_POINT('Ctrl Pts',(-254.905528403684,25.4858700840673,-3.73014299039091));
#9594=CARTESIAN_POINT('Ctrl Pts',(-256.486372239399,0.,-3.39594128986826));
#9595=CARTESIAN_POINT('Ctrl Pts',(-256.486372239399,25.4858700840673,-3.39594128986826));
#9596=CARTESIAN_POINT('Ctrl Pts',(-258.145307740516,0.,-3.04523045239976));
#9597=CARTESIAN_POINT('Ctrl Pts',(-258.145307740516,25.4858700840673,-3.04523045239976));
#9598=CARTESIAN_POINT('Ctrl Pts',(-259.953343986045,0.,-2.54738424107201));
#9599=CARTESIAN_POINT('Ctrl Pts',(-259.953343986045,25.4858700840673,-2.54738424107201));
#9600=CARTESIAN_POINT('Ctrl Pts',(-261.35390801339,0.,-1.83993069713926));
#9601=CARTESIAN_POINT('Ctrl Pts',(-261.35390801339,25.4858700840673,-1.83993069713926));
#9602=CARTESIAN_POINT('Ctrl Pts',(-262.408444925544,0.,-1.30726252835455));
#9603=CARTESIAN_POINT('Ctrl Pts',(-262.408444925544,25.4858700840673,-1.30726252835455));
#9604=CARTESIAN_POINT('Ctrl Pts',(-263.188479052258,0.,-0.683126488560493));
#9605=CARTESIAN_POINT('Ctrl Pts',(-263.188479052258,25.4858700840673,-0.683126488560493));
#9606=CARTESIAN_POINT('Ctrl Pts',(-263.678567713078,0.,0.0245589693889024));
#9607=CARTESIAN_POINT('Ctrl Pts',(-263.678567713078,25.4858700840673,0.0245589693889024));
#9608=CARTESIAN_POINT('Ctrl Pts',(-263.839381396826,0.,0.256773085987449));
#9609=CARTESIAN_POINT('Ctrl Pts',(-263.839381396826,25.4858700840673,0.256773085987449));
#9610=CARTESIAN_POINT('Ctrl Pts',(-263.973531517226,0.,0.501184736517269));
#9611=CARTESIAN_POINT('Ctrl Pts',(-263.973531517226,25.4858700840673,0.501184736517269));
#9612=CARTESIAN_POINT('Ctrl Pts',(-264.085756846986,0.,0.770148722409465));
#9613=CARTESIAN_POINT('Ctrl Pts',(-264.085756846986,25.4858700840673,0.770148722409465));
#9614=CARTESIAN_POINT('Ctrl Pts',(-19.9032490718964,23.6713597498651,28.7339093383184));
#9615=CARTESIAN_POINT('Ctrl Pts',(-19.9101525785332,23.6717674091168,28.0667272331135));
#9616=CARTESIAN_POINT('Ctrl Pts',(-19.91705608517,23.6721750683684,27.3995451279086));
#9617=CARTESIAN_POINT('Ctrl Pts',(-19.9239595918067,23.6725827276201,26.7323630227037));
#9618=CARTESIAN_POINT('Ctrl Pts',(-21.005293935462,23.7364366460022,28.6998312354287));
#9619=CARTESIAN_POINT('Ctrl Pts',(-21.0315342199748,23.7373165639585,28.0325174212607));
#9620=CARTESIAN_POINT('Ctrl Pts',(-21.0529720154053,23.7379341843228,27.3653523547659));
#9621=CARTESIAN_POINT('Ctrl Pts',(-21.0792122999181,23.7388141022792,26.6980385405978));
#9622=CARTESIAN_POINT('Ctrl Pts',(-23.5219158178754,23.882405291978,28.6779133322957));
#9623=CARTESIAN_POINT('Ctrl Pts',(-23.5757689135853,23.883854352924,28.0118755774415));
#9624=CARTESIAN_POINT('Ctrl Pts',(-23.6349780179768,23.8855891671182,27.3458832629905));
#9625=CARTESIAN_POINT('Ctrl Pts',(-23.6888311136867,23.8870382280642,26.6798455081363));
#9626=CARTESIAN_POINT('Ctrl Pts',(-27.2521522255853,24.0848662471004,28.7592825858935));
#9627=CARTESIAN_POINT('Ctrl Pts',(-27.3092238606589,24.0859362813694,28.0937893247496));
#9628=CARTESIAN_POINT('Ctrl Pts',(-27.3579272807926,24.0865747831386,27.4281083173817));
#9629=CARTESIAN_POINT('Ctrl Pts',(-27.4149989158661,24.0876448174076,26.7626150562378));
#9630=CARTESIAN_POINT('Ctrl Pts',(-31.0520088411568,24.2782625806701,28.8577528482564));
#9631=CARTESIAN_POINT('Ctrl Pts',(-31.1138079643313,24.279298308894,28.1925448969221));
#9632=CARTESIAN_POINT('Ctrl Pts',(-31.18000110348,24.2805569160676,27.5275058217295));
#9633=CARTESIAN_POINT('Ctrl Pts',(-31.2418002266545,24.2815926442915,26.8622978703952));
#9634=CARTESIAN_POINT('Ctrl Pts',(-33.8942696755868,24.4172747821793,28.9374220071821));
#9635=CARTESIAN_POINT('Ctrl Pts',(-33.9601298248852,24.4181210864716,28.272404080775));
#9636=CARTESIAN_POINT('Ctrl Pts',(-34.0266517013549,24.4189953499771,27.6075228961277));
#9637=CARTESIAN_POINT('Ctrl Pts',(-34.0925118506533,24.4198416542693,26.9425049697206));
#9638=CARTESIAN_POINT('Ctrl Pts',(-39.0703747265594,24.6517538349812,29.1269847066902));
#9639=CARTESIAN_POINT('Ctrl Pts',(-39.1513219700593,24.6524721995315,28.463472077419));
#9640=CARTESIAN_POINT('Ctrl Pts',(-39.2351748508438,24.6533448093956,27.7998661713401));
#9641=CARTESIAN_POINT('Ctrl Pts',(-39.3161220943438,24.6540631739459,27.1363535420689));
#9642=CARTESIAN_POINT('Ctrl Pts',(-42.5194909753438,24.7898842673626,29.33632726867));
#9643=CARTESIAN_POINT('Ctrl Pts',(-42.596720909345,24.7900557161148,28.6733552711986));
#9644=CARTESIAN_POINT('Ctrl Pts',(-42.6754778575333,24.7903210924222,28.0105196087188));
#9645=CARTESIAN_POINT('Ctrl Pts',(-42.7527077915346,24.7904925411744,27.3475476112474));
#9646=CARTESIAN_POINT('Ctrl Pts',(-47.7891270867848,24.985169017457,29.7718792899095));
#9647=CARTESIAN_POINT('Ctrl Pts',(-47.8864275917878,24.985105068983,29.1116359611155));
#9648=CARTESIAN_POINT('Ctrl Pts',(-47.9859044695631,24.9851076282129,28.4513154250587));
#9649=CARTESIAN_POINT('Ctrl Pts',(-48.0832049745661,24.985043679739,27.7910720962647));
#9650=CARTESIAN_POINT('Ctrl Pts',(-53.4467447460767,25.1670319544938,30.4417740743582));
#9651=CARTESIAN_POINT('Ctrl Pts',(-53.625023659225,25.1674813251238,29.7916145339544));
#9652=CARTESIAN_POINT('Ctrl Pts',(-53.8037642453358,25.1679695775839,29.1412072896303));
#9653=CARTESIAN_POINT('Ctrl Pts',(-53.982043158484,25.168418948214,28.4910477492265));
#9654=CARTESIAN_POINT('Ctrl Pts',(-62.976836625553,25.3911672265653,32.2693477542376));
#9655=CARTESIAN_POINT('Ctrl Pts',(-63.2556231764569,25.3924009638367,31.6526032648907));
#9656=CARTESIAN_POINT('Ctrl Pts',(-63.537021164005,25.3936544533985,31.03541270978));
#9657=CARTESIAN_POINT('Ctrl Pts',(-63.8158077149088,25.39488819067,30.418668220433));
#9658=CARTESIAN_POINT('Ctrl Pts',(-68.3869168714307,25.4486143173769,34.0277343224166));
#9659=CARTESIAN_POINT('Ctrl Pts',(-68.6197656532261,25.4480316728714,33.4048244100145));
#9660=CARTESIAN_POINT('Ctrl Pts',(-68.8519261486615,25.4472379578157,32.7776629211664));
#9661=CARTESIAN_POINT('Ctrl Pts',(-69.084774930457,25.4466553133102,32.1547530087644));
#9662=CARTESIAN_POINT('Ctrl Pts',(-72.9665321079013,25.474997188504,35.8780092557495));
#9663=CARTESIAN_POINT('Ctrl Pts',(-73.243019477243,25.47415583434,35.2699316631481));
#9664=CARTESIAN_POINT('Ctrl Pts',(-73.5205195196584,25.4734776388018,34.6649186565287));
#9665=CARTESIAN_POINT('Ctrl Pts',(-73.797006889,25.4726362846378,34.0568410639273));
#9666=CARTESIAN_POINT('Ctrl Pts',(-74.3392371986425,25.4781685371418,36.5003454099505));
#9667=CARTESIAN_POINT('Ctrl Pts',(-74.6307770242843,25.4778970768699,35.9013321454312));
#9668=CARTESIAN_POINT('Ctrl Pts',(-74.9212264882866,25.4774409154917,35.2995588823716));
#9669=CARTESIAN_POINT('Ctrl Pts',(-75.2127663139285,25.4771694552198,34.7005456178522));
#9670=CARTESIAN_POINT('Ctrl Pts',(-75.6324396911702,25.4779205711219,37.1216344964534));
#9671=CARTESIAN_POINT('Ctrl Pts',(-75.9323977649717,25.4778630554504,36.5261326322431));
#9672=CARTESIAN_POINT('Ctrl Pts',(-76.2323558387732,25.4778055397789,35.9306307680327));
#9673=CARTESIAN_POINT('Ctrl Pts',(-76.5323139125747,25.4777480241075,35.3351289038224));
#9674=CARTESIAN_POINT('Ctrl Pts',(11.390361027552,42.7731314696419,-40.));
#9675=CARTESIAN_POINT('Ctrl Pts',(11.390361027552,42.7731314696419,40.));
#9676=CARTESIAN_POINT('Ctrl Pts',(11.673187609231,42.8067531008048,-40.));
#9677=CARTESIAN_POINT('Ctrl Pts',(11.673187609231,42.8067531008048,40.));
#9678=CARTESIAN_POINT('Ctrl Pts',(12.270509879566,42.8678051870691,-40.));
#9679=CARTESIAN_POINT('Ctrl Pts',(12.270509879566,42.8678051870691,40.));
#9680=CARTESIAN_POINT('Ctrl Pts',(13.2614762293547,42.940817168055,-40.));
#9681=CARTESIAN_POINT('Ctrl Pts',(13.2614762293547,42.940817168055,40.));
#9682=CARTESIAN_POINT('Ctrl Pts',(14.7743238315809,43.0007000364935,-40.));
#9683=CARTESIAN_POINT('Ctrl Pts',(14.7743238315809,43.0007000364935,40.));
#9684=CARTESIAN_POINT('Ctrl Pts',(16.9808489884008,43.0141562551588,-40.));
#9685=CARTESIAN_POINT('Ctrl Pts',(16.9808489884008,43.0141562551588,40.));
#9686=CARTESIAN_POINT('Ctrl Pts',(19.4805031681942,42.9710767162818,-40.));
#9687=CARTESIAN_POINT('Ctrl Pts',(19.4805031681942,42.9710767162818,40.));
#9688=CARTESIAN_POINT('Ctrl Pts',(22.2093385235634,42.8857055740859,-40.));
#9689=CARTESIAN_POINT('Ctrl Pts',(22.2093385235634,42.8857055740859,40.));
#9690=CARTESIAN_POINT('Ctrl Pts',(25.0617370721902,42.7800579851105,-40.));
#9691=CARTESIAN_POINT('Ctrl Pts',(25.0617370721902,42.7800579851105,40.));
#9692=CARTESIAN_POINT('Ctrl Pts',(27.8318752634892,42.6999899252422,-40.));
#9693=CARTESIAN_POINT('Ctrl Pts',(27.8318752634892,42.6999899252422,40.));
#9694=CARTESIAN_POINT('Ctrl Pts',(30.2937075602827,42.6887584141289,-40.));
#9695=CARTESIAN_POINT('Ctrl Pts',(30.2937075602827,42.6887584141289,40.));
#9696=CARTESIAN_POINT('Ctrl Pts',(32.3940697025037,42.7318615197626,-40.));
#9697=CARTESIAN_POINT('Ctrl Pts',(32.3940697025037,42.7318615197626,40.));
#9698=CARTESIAN_POINT('Ctrl Pts',(34.1443189646133,42.7933232949646,-40.));
#9699=CARTESIAN_POINT('Ctrl Pts',(34.1443189646133,42.7933232949646,40.));
#9700=CARTESIAN_POINT('Ctrl Pts',(35.6139068699485,42.8213471820722,-40.));
#9701=CARTESIAN_POINT('Ctrl Pts',(35.6139068699485,42.8213471820722,40.));
#9702=CARTESIAN_POINT('Ctrl Pts',(36.8864795418773,42.76500283388,-40.));
#9703=CARTESIAN_POINT('Ctrl Pts',(36.8864795418773,42.76500283388,40.));
#9704=CARTESIAN_POINT('Ctrl Pts',(38.0290317630321,42.5888458934468,-40.));
#9705=CARTESIAN_POINT('Ctrl Pts',(38.0290317630321,42.5888458934468,40.));
#9706=CARTESIAN_POINT('Ctrl Pts',(38.8645381100092,42.3412670527917,-40.));
#9707=CARTESIAN_POINT('Ctrl Pts',(38.8645381100092,42.3412670527917,40.));
#9708=CARTESIAN_POINT('Ctrl Pts',(39.4527819552865,42.0942797906483,-40.));
#9709=CARTESIAN_POINT('Ctrl Pts',(39.4527819552865,42.0942797906483,40.));
#9710=CARTESIAN_POINT('Ctrl Pts',(39.8279531631224,41.9026009359188,-40.));
#9711=CARTESIAN_POINT('Ctrl Pts',(39.8279531631224,41.9026009359188,40.));
#9712=CARTESIAN_POINT('Ctrl Pts',(40.0112940501052,41.8000046918149,-40.));
#9713=CARTESIAN_POINT('Ctrl Pts',(40.0112940501052,41.8000046918149,40.));
#9714=CARTESIAN_POINT('',(11.390361027552,42.7731314696419,-9.));
#9715=CARTESIAN_POINT('',(40.0112940501052,41.8000046918149,-9.));
#9716=CARTESIAN_POINT('Ctrl Pts',(11.390361027552,42.7731314696419,-9.));
#9717=CARTESIAN_POINT('Ctrl Pts',(11.673187609231,42.8067531008048,-9.));
#9718=CARTESIAN_POINT('Ctrl Pts',(12.270509879566,42.8678051870691,-9.));
#9719=CARTESIAN_POINT('Ctrl Pts',(13.2614762293547,42.940817168055,-9.));
#9720=CARTESIAN_POINT('Ctrl Pts',(14.7743238315809,43.0007000364935,-9.));
#9721=CARTESIAN_POINT('Ctrl Pts',(16.9808489884008,43.0141562551588,-9.));
#9722=CARTESIAN_POINT('Ctrl Pts',(19.4805031681942,42.9710767162818,-9.));
#9723=CARTESIAN_POINT('Ctrl Pts',(22.2093385235634,42.8857055740859,-9.));
#9724=CARTESIAN_POINT('Ctrl Pts',(25.0617370721902,42.7800579851105,-9.));
#9725=CARTESIAN_POINT('Ctrl Pts',(27.8318752634892,42.6999899252422,-9.));
#9726=CARTESIAN_POINT('Ctrl Pts',(30.2937075602827,42.6887584141289,-9.));
#9727=CARTESIAN_POINT('Ctrl Pts',(32.3940697025037,42.7318615197626,-9.));
#9728=CARTESIAN_POINT('Ctrl Pts',(34.1443189646133,42.7933232949646,-9.));
#9729=CARTESIAN_POINT('Ctrl Pts',(35.6139068699485,42.8213471820722,-9.));
#9730=CARTESIAN_POINT('Ctrl Pts',(36.8864795418773,42.76500283388,-9.));
#9731=CARTESIAN_POINT('Ctrl Pts',(38.0290317630321,42.5888458934468,-9.));
#9732=CARTESIAN_POINT('Ctrl Pts',(38.8645381100092,42.3412670527917,-9.));
#9733=CARTESIAN_POINT('Ctrl Pts',(39.4527819552865,42.0942797906483,-9.));
#9734=CARTESIAN_POINT('Ctrl Pts',(39.8279531631224,41.9026009359188,-9.));
#9735=CARTESIAN_POINT('Ctrl Pts',(40.0112940501052,41.8000046918149,-9.));
#9736=CARTESIAN_POINT('',(11.390361027552,42.7731314696419,-40.));
#9737=CARTESIAN_POINT('',(11.390361027552,42.7731314696419,0.));
#9738=CARTESIAN_POINT('',(40.0112940501052,41.8000046918149,-40.));
#9739=CARTESIAN_POINT('Ctrl Pts',(40.0112940501052,41.8000046918149,-40.));
#9740=CARTESIAN_POINT('Ctrl Pts',(39.8279531631224,41.9026009359188,-40.));
#9741=CARTESIAN_POINT('Ctrl Pts',(39.4527819552865,42.0942797906483,-40.));
#9742=CARTESIAN_POINT('Ctrl Pts',(38.8645381100092,42.3412670527917,-40.));
#9743=CARTESIAN_POINT('Ctrl Pts',(38.0290317630321,42.5888458934468,-40.));
#9744=CARTESIAN_POINT('Ctrl Pts',(36.8864795418773,42.76500283388,-40.));
#9745=CARTESIAN_POINT('Ctrl Pts',(35.6139068699485,42.8213471820722,-40.));
#9746=CARTESIAN_POINT('Ctrl Pts',(34.1443189646133,42.7933232949646,-40.));
#9747=CARTESIAN_POINT('Ctrl Pts',(32.3940697025037,42.7318615197626,-40.));
#9748=CARTESIAN_POINT('Ctrl Pts',(30.2937075602827,42.6887584141289,-40.));
#9749=CARTESIAN_POINT('Ctrl Pts',(27.8318752634892,42.6999899252422,-40.));
#9750=CARTESIAN_POINT('Ctrl Pts',(25.0617370721902,42.7800579851105,-40.));
#9751=CARTESIAN_POINT('Ctrl Pts',(22.2093385235634,42.8857055740859,-40.));
#9752=CARTESIAN_POINT('Ctrl Pts',(19.4805031681942,42.9710767162818,-40.));
#9753=CARTESIAN_POINT('Ctrl Pts',(16.9808489884008,43.0141562551588,-40.));
#9754=CARTESIAN_POINT('Ctrl Pts',(14.7743238315809,43.0007000364935,-40.));
#9755=CARTESIAN_POINT('Ctrl Pts',(13.2614762293547,42.940817168055,-40.));
#9756=CARTESIAN_POINT('Ctrl Pts',(12.270509879566,42.8678051870691,-40.));
#9757=CARTESIAN_POINT('Ctrl Pts',(11.673187609231,42.8067531008048,-40.));
#9758=CARTESIAN_POINT('Ctrl Pts',(11.390361027552,42.7731314696419,-40.));
#9759=CARTESIAN_POINT('',(40.0112940501052,41.8000046918149,0.));
#9760=CARTESIAN_POINT('Ctrl Pts',(11.390361027552,42.7731314696419,-40.));
#9761=CARTESIAN_POINT('Ctrl Pts',(11.390361027552,42.7731314696419,40.));
#9762=CARTESIAN_POINT('Ctrl Pts',(11.673187609231,42.8067531008048,-40.));
#9763=CARTESIAN_POINT('Ctrl Pts',(11.673187609231,42.8067531008048,40.));
#9764=CARTESIAN_POINT('Ctrl Pts',(12.270509879566,42.8678051870691,-40.));
#9765=CARTESIAN_POINT('Ctrl Pts',(12.270509879566,42.8678051870691,40.));
#9766=CARTESIAN_POINT('Ctrl Pts',(13.2614762293547,42.940817168055,-40.));
#9767=CARTESIAN_POINT('Ctrl Pts',(13.2614762293547,42.940817168055,40.));
#9768=CARTESIAN_POINT('Ctrl Pts',(14.7743238315809,43.0007000364935,-40.));
#9769=CARTESIAN_POINT('Ctrl Pts',(14.7743238315809,43.0007000364935,40.));
#9770=CARTESIAN_POINT('Ctrl Pts',(16.9808489884008,43.0141562551588,-40.));
#9771=CARTESIAN_POINT('Ctrl Pts',(16.9808489884008,43.0141562551588,40.));
#9772=CARTESIAN_POINT('Ctrl Pts',(19.4805031681942,42.9710767162818,-40.));
#9773=CARTESIAN_POINT('Ctrl Pts',(19.4805031681942,42.9710767162818,40.));
#9774=CARTESIAN_POINT('Ctrl Pts',(22.2093385235634,42.8857055740859,-40.));
#9775=CARTESIAN_POINT('Ctrl Pts',(22.2093385235634,42.8857055740859,40.));
#9776=CARTESIAN_POINT('Ctrl Pts',(25.0617370721902,42.7800579851105,-40.));
#9777=CARTESIAN_POINT('Ctrl Pts',(25.0617370721902,42.7800579851105,40.));
#9778=CARTESIAN_POINT('Ctrl Pts',(27.8318752634892,42.6999899252422,-40.));
#9779=CARTESIAN_POINT('Ctrl Pts',(27.8318752634892,42.6999899252422,40.));
#9780=CARTESIAN_POINT('Ctrl Pts',(30.2937075602827,42.6887584141289,-40.));
#9781=CARTESIAN_POINT('Ctrl Pts',(30.2937075602827,42.6887584141289,40.));
#9782=CARTESIAN_POINT('Ctrl Pts',(32.3940697025037,42.7318615197626,-40.));
#9783=CARTESIAN_POINT('Ctrl Pts',(32.3940697025037,42.7318615197626,40.));
#9784=CARTESIAN_POINT('Ctrl Pts',(34.1443189646133,42.7933232949646,-40.));
#9785=CARTESIAN_POINT('Ctrl Pts',(34.1443189646133,42.7933232949646,40.));
#9786=CARTESIAN_POINT('Ctrl Pts',(35.6139068699485,42.8213471820722,-40.));
#9787=CARTESIAN_POINT('Ctrl Pts',(35.6139068699485,42.8213471820722,40.));
#9788=CARTESIAN_POINT('Ctrl Pts',(36.8864795418773,42.76500283388,-40.));
#9789=CARTESIAN_POINT('Ctrl Pts',(36.8864795418773,42.76500283388,40.));
#9790=CARTESIAN_POINT('Ctrl Pts',(38.0290317630321,42.5888458934468,-40.));
#9791=CARTESIAN_POINT('Ctrl Pts',(38.0290317630321,42.5888458934468,40.));
#9792=CARTESIAN_POINT('Ctrl Pts',(38.8645381100092,42.3412670527917,-40.));
#9793=CARTESIAN_POINT('Ctrl Pts',(38.8645381100092,42.3412670527917,40.));
#9794=CARTESIAN_POINT('Ctrl Pts',(39.4527819552865,42.0942797906483,-40.));
#9795=CARTESIAN_POINT('Ctrl Pts',(39.4527819552865,42.0942797906483,40.));
#9796=CARTESIAN_POINT('Ctrl Pts',(39.8279531631224,41.9026009359188,-40.));
#9797=CARTESIAN_POINT('Ctrl Pts',(39.8279531631224,41.9026009359188,40.));
#9798=CARTESIAN_POINT('Ctrl Pts',(40.0112940501052,41.8000046918149,-40.));
#9799=CARTESIAN_POINT('Ctrl Pts',(40.0112940501052,41.8000046918149,40.));
#9800=CARTESIAN_POINT('',(11.390361027552,42.7731314696419,7.));
#9801=CARTESIAN_POINT('',(40.0112940501052,41.8000046918149,7.));
#9802=CARTESIAN_POINT('Ctrl Pts',(11.390361027552,42.7731314696419,7.));
#9803=CARTESIAN_POINT('Ctrl Pts',(11.673187609231,42.8067531008048,7.));
#9804=CARTESIAN_POINT('Ctrl Pts',(12.270509879566,42.8678051870691,7.));
#9805=CARTESIAN_POINT('Ctrl Pts',(13.2614762293547,42.940817168055,7.));
#9806=CARTESIAN_POINT('Ctrl Pts',(14.7743238315809,43.0007000364935,7.));
#9807=CARTESIAN_POINT('Ctrl Pts',(16.9808489884008,43.0141562551588,7.));
#9808=CARTESIAN_POINT('Ctrl Pts',(19.4805031681942,42.9710767162818,7.));
#9809=CARTESIAN_POINT('Ctrl Pts',(22.2093385235634,42.8857055740859,7.));
#9810=CARTESIAN_POINT('Ctrl Pts',(25.0617370721902,42.7800579851105,7.));
#9811=CARTESIAN_POINT('Ctrl Pts',(27.8318752634892,42.6999899252422,7.));
#9812=CARTESIAN_POINT('Ctrl Pts',(30.2937075602827,42.6887584141289,7.));
#9813=CARTESIAN_POINT('Ctrl Pts',(32.3940697025037,42.7318615197626,7.));
#9814=CARTESIAN_POINT('Ctrl Pts',(34.1443189646133,42.7933232949646,7.));
#9815=CARTESIAN_POINT('Ctrl Pts',(35.6139068699485,42.8213471820722,7.));
#9816=CARTESIAN_POINT('Ctrl Pts',(36.8864795418773,42.76500283388,7.));
#9817=CARTESIAN_POINT('Ctrl Pts',(38.0290317630321,42.5888458934468,7.));
#9818=CARTESIAN_POINT('Ctrl Pts',(38.8645381100092,42.3412670527917,7.));
#9819=CARTESIAN_POINT('Ctrl Pts',(39.4527819552865,42.0942797906483,7.));
#9820=CARTESIAN_POINT('Ctrl Pts',(39.8279531631224,41.9026009359188,7.));
#9821=CARTESIAN_POINT('Ctrl Pts',(40.0112940501052,41.8000046918149,7.));
#9822=CARTESIAN_POINT('',(11.390361027552,42.7731314696419,-7.));
#9823=CARTESIAN_POINT('',(11.390361027552,42.7731314696419,0.));
#9824=CARTESIAN_POINT('',(40.0112940501052,41.8000046918149,-7.));
#9825=CARTESIAN_POINT('Ctrl Pts',(11.390361027552,42.7731314696419,-7.));
#9826=CARTESIAN_POINT('Ctrl Pts',(11.673187609231,42.8067531008048,-7.));
#9827=CARTESIAN_POINT('Ctrl Pts',(12.270509879566,42.8678051870691,-7.));
#9828=CARTESIAN_POINT('Ctrl Pts',(13.2614762293547,42.940817168055,-7.));
#9829=CARTESIAN_POINT('Ctrl Pts',(14.7743238315809,43.0007000364935,-7.));
#9830=CARTESIAN_POINT('Ctrl Pts',(16.9808489884008,43.0141562551588,-7.));
#9831=CARTESIAN_POINT('Ctrl Pts',(19.4805031681942,42.9710767162818,-7.));
#9832=CARTESIAN_POINT('Ctrl Pts',(22.2093385235634,42.8857055740859,-7.));
#9833=CARTESIAN_POINT('Ctrl Pts',(25.0617370721902,42.7800579851105,-7.));
#9834=CARTESIAN_POINT('Ctrl Pts',(27.8318752634892,42.6999899252422,-7.));
#9835=CARTESIAN_POINT('Ctrl Pts',(30.2937075602827,42.6887584141289,-7.));
#9836=CARTESIAN_POINT('Ctrl Pts',(32.3940697025037,42.7318615197626,-7.));
#9837=CARTESIAN_POINT('Ctrl Pts',(34.1443189646133,42.7933232949646,-7.));
#9838=CARTESIAN_POINT('Ctrl Pts',(35.6139068699485,42.8213471820722,-7.));
#9839=CARTESIAN_POINT('Ctrl Pts',(36.8864795418773,42.76500283388,-7.));
#9840=CARTESIAN_POINT('Ctrl Pts',(38.0290317630321,42.5888458934468,-7.));
#9841=CARTESIAN_POINT('Ctrl Pts',(38.8645381100092,42.3412670527917,-7.));
#9842=CARTESIAN_POINT('Ctrl Pts',(39.4527819552865,42.0942797906483,-7.));
#9843=CARTESIAN_POINT('Ctrl Pts',(39.8279531631224,41.9026009359188,-7.));
#9844=CARTESIAN_POINT('Ctrl Pts',(40.0112940501052,41.8000046918149,-7.));
#9845=CARTESIAN_POINT('',(40.0112940501052,41.8000046918149,0.));
#9846=CARTESIAN_POINT('Origin',(27.0124454625411,43.2637455944003,-40.));
#9847=CARTESIAN_POINT('',(13.8034578276026,44.7206399658325,-40.));
#9848=CARTESIAN_POINT('Ctrl Pts',(11.3903610850195,42.7731314019146,-40.));
#9849=CARTESIAN_POINT('Ctrl Pts',(11.4712100243752,42.8416472918379,-40.));
#9850=CARTESIAN_POINT('Ctrl Pts',(11.9454535821442,43.2418552862745,-40.));
#9851=CARTESIAN_POINT('Ctrl Pts',(12.4243423555309,43.6361255742616,-40.));
#9852=CARTESIAN_POINT('Ctrl Pts',(12.9077840270501,44.0245761598214,-40.));
#9853=CARTESIAN_POINT('Ctrl Pts',(13.3957337086076,44.4072644207699,-40.));
#9854=CARTESIAN_POINT('Ctrl Pts',(13.8034578276026,44.7206399658325,-40.));
#9855=CARTESIAN_POINT('',(42.6345298975302,42.8603242829816,-40.));
#9856=CARTESIAN_POINT('Ctrl Pts',(13.8034578276026,44.7206399658325,-40.));
#9857=CARTESIAN_POINT('Ctrl Pts',(14.1383562493765,44.7163341794418,-40.));
#9858=CARTESIAN_POINT('Ctrl Pts',(14.8230557341727,44.7086215552042,-40.));
#9859=CARTESIAN_POINT('Ctrl Pts',(15.8948117108747,44.6997493173594,-40.));
#9860=CARTESIAN_POINT('Ctrl Pts',(17.4138935029331,44.6933535838496,-40.));
#9861=CARTESIAN_POINT('Ctrl Pts',(19.4640465033526,44.6941044271151,-40.));
#9862=CARTESIAN_POINT('Ctrl Pts',(21.6622823680307,44.7022647031405,-40.));
#9863=CARTESIAN_POINT('Ctrl Pts',(23.9961703576781,44.7147554165376,-40.));
#9864=CARTESIAN_POINT('Ctrl Pts',(26.4396265607654,44.7261174784271,-40.));
#9865=CARTESIAN_POINT('Ctrl Pts',(28.945595269297,44.7274864969857,-40.));
#9866=CARTESIAN_POINT('Ctrl Pts',(31.4455510622613,44.7065923140273,-40.));
#9867=CARTESIAN_POINT('Ctrl Pts',(33.8599895140704,44.649403751686,-40.));
#9868=CARTESIAN_POINT('Ctrl Pts',(36.1057078966065,44.5413435587134,-40.));
#9869=CARTESIAN_POINT('Ctrl Pts',(38.1049200928816,44.3688573416985,-40.));
#9870=CARTESIAN_POINT('Ctrl Pts',(39.7930391482421,44.1207928438627,-40.));
#9871=CARTESIAN_POINT('Ctrl Pts',(41.1309163927311,43.7906676749086,-40.));
#9872=CARTESIAN_POINT('Ctrl Pts',(41.9120575836806,43.4598111682868,-40.));
#9873=CARTESIAN_POINT('Ctrl Pts',(42.3358426060769,43.1744374368539,-40.));
#9874=CARTESIAN_POINT('Ctrl Pts',(42.5468824650195,42.9677659369467,-40.));
#9875=CARTESIAN_POINT('Ctrl Pts',(42.6345298975302,42.8603242829816,-40.));
#9876=CARTESIAN_POINT('Ctrl Pts',(42.6345298975302,42.8603242829816,-40.));
#9877=CARTESIAN_POINT('Ctrl Pts',(42.3748267680524,42.8626287259468,-40.));
#9878=CARTESIAN_POINT('Ctrl Pts',(41.8665106069573,42.8113413068146,-40.));
#9879=CARTESIAN_POINT('Ctrl Pts',(41.3471215654141,42.6521746704781,-40.));
#9880=CARTESIAN_POINT('Ctrl Pts',(40.8165724026638,42.3843445125189,-40.));
#9881=CARTESIAN_POINT('Ctrl Pts',(40.2752854056813,42.0075025122116,-40.));
#9882=CARTESIAN_POINT('Ctrl Pts',(40.0112940501052,41.8000046918149,-40.));
#9883=CARTESIAN_POINT('Ctrl Pts',(42.6345298975302,42.8603242829816,-40.));
#9884=CARTESIAN_POINT('Ctrl Pts',(42.6345298975302,42.8603242829816,40.));
#9885=CARTESIAN_POINT('Ctrl Pts',(42.5468824650195,42.9677659369467,-40.));
#9886=CARTESIAN_POINT('Ctrl Pts',(42.5468824650195,42.9677659369467,40.));
#9887=CARTESIAN_POINT('Ctrl Pts',(42.3358426060769,43.1744374368539,-40.));
#9888=CARTESIAN_POINT('Ctrl Pts',(42.3358426060769,43.1744374368539,40.));
#9889=CARTESIAN_POINT('Ctrl Pts',(41.9120575836806,43.4598111682868,-40.));
#9890=CARTESIAN_POINT('Ctrl Pts',(41.9120575836806,43.4598111682868,40.));
#9891=CARTESIAN_POINT('Ctrl Pts',(41.1309163927311,43.7906676749086,-40.));
#9892=CARTESIAN_POINT('Ctrl Pts',(41.1309163927311,43.7906676749086,40.));
#9893=CARTESIAN_POINT('Ctrl Pts',(39.7930391482421,44.1207928438627,-40.));
#9894=CARTESIAN_POINT('Ctrl Pts',(39.7930391482421,44.1207928438627,40.));
#9895=CARTESIAN_POINT('Ctrl Pts',(38.1049200928816,44.3688573416985,-40.));
#9896=CARTESIAN_POINT('Ctrl Pts',(38.1049200928816,44.3688573416985,40.));
#9897=CARTESIAN_POINT('Ctrl Pts',(36.1057078966065,44.5413435587134,-40.));
#9898=CARTESIAN_POINT('Ctrl Pts',(36.1057078966065,44.5413435587134,40.));
#9899=CARTESIAN_POINT('Ctrl Pts',(33.8599895140704,44.649403751686,-40.));
#9900=CARTESIAN_POINT('Ctrl Pts',(33.8599895140704,44.649403751686,40.));
#9901=CARTESIAN_POINT('Ctrl Pts',(31.4455510622613,44.7065923140273,-40.));
#9902=CARTESIAN_POINT('Ctrl Pts',(31.4455510622613,44.7065923140273,40.));
#9903=CARTESIAN_POINT('Ctrl Pts',(28.945595269297,44.7274864969857,-40.));
#9904=CARTESIAN_POINT('Ctrl Pts',(28.945595269297,44.7274864969857,40.));
#9905=CARTESIAN_POINT('Ctrl Pts',(26.4396265607654,44.7261174784271,-40.));
#9906=CARTESIAN_POINT('Ctrl Pts',(26.4396265607654,44.7261174784271,40.));
#9907=CARTESIAN_POINT('Ctrl Pts',(23.9961703576781,44.7147554165376,-40.));
#9908=CARTESIAN_POINT('Ctrl Pts',(23.9961703576781,44.7147554165376,40.));
#9909=CARTESIAN_POINT('Ctrl Pts',(21.6622823680307,44.7022647031405,-40.));
#9910=CARTESIAN_POINT('Ctrl Pts',(21.6622823680307,44.7022647031405,40.));
#9911=CARTESIAN_POINT('Ctrl Pts',(19.4640465033526,44.6941044271151,-40.));
#9912=CARTESIAN_POINT('Ctrl Pts',(19.4640465033526,44.6941044271151,40.));
#9913=CARTESIAN_POINT('Ctrl Pts',(17.4138935029331,44.6933535838496,-40.));
#9914=CARTESIAN_POINT('Ctrl Pts',(17.4138935029331,44.6933535838496,40.));
#9915=CARTESIAN_POINT('Ctrl Pts',(15.8948117108747,44.6997493173594,-40.));
#9916=CARTESIAN_POINT('Ctrl Pts',(15.8948117108747,44.6997493173594,40.));
#9917=CARTESIAN_POINT('Ctrl Pts',(14.8230557341727,44.7086215552042,-40.));
#9918=CARTESIAN_POINT('Ctrl Pts',(14.8230557341727,44.7086215552042,40.));
#9919=CARTESIAN_POINT('Ctrl Pts',(14.1383562493765,44.7163341794418,-40.));
#9920=CARTESIAN_POINT('Ctrl Pts',(14.1383562493765,44.7163341794418,40.));
#9921=CARTESIAN_POINT('Ctrl Pts',(13.8034578276026,44.7206399658325,-40.));
#9922=CARTESIAN_POINT('Ctrl Pts',(13.8034578276026,44.7206399658325,40.));
#9923=CARTESIAN_POINT('',(13.8034578276026,44.7206399658325,40.));
#9924=CARTESIAN_POINT('',(13.8034578276026,44.7206399658325,0.));
#9925=CARTESIAN_POINT('',(42.6345298975302,42.8603242829816,40.));
#9926=CARTESIAN_POINT('Ctrl Pts',(42.6345298975302,42.8603242829816,40.));
#9927=CARTESIAN_POINT('Ctrl Pts',(42.5468824650195,42.9677659369467,40.));
#9928=CARTESIAN_POINT('Ctrl Pts',(42.3358426060769,43.1744374368539,40.));
#9929=CARTESIAN_POINT('Ctrl Pts',(41.9120575836806,43.4598111682868,40.));
#9930=CARTESIAN_POINT('Ctrl Pts',(41.1309163927311,43.7906676749086,40.));
#9931=CARTESIAN_POINT('Ctrl Pts',(39.7930391482421,44.1207928438627,40.));
#9932=CARTESIAN_POINT('Ctrl Pts',(38.1049200928816,44.3688573416985,40.));
#9933=CARTESIAN_POINT('Ctrl Pts',(36.1057078966065,44.5413435587134,40.));
#9934=CARTESIAN_POINT('Ctrl Pts',(33.8599895140704,44.649403751686,40.));
#9935=CARTESIAN_POINT('Ctrl Pts',(31.4455510622613,44.7065923140273,40.));
#9936=CARTESIAN_POINT('Ctrl Pts',(28.945595269297,44.7274864969857,40.));
#9937=CARTESIAN_POINT('Ctrl Pts',(26.4396265607654,44.7261174784271,40.));
#9938=CARTESIAN_POINT('Ctrl Pts',(23.9961703576781,44.7147554165376,40.));
#9939=CARTESIAN_POINT('Ctrl Pts',(21.6622823680307,44.7022647031405,40.));
#9940=CARTESIAN_POINT('Ctrl Pts',(19.4640465033526,44.6941044271151,40.));
#9941=CARTESIAN_POINT('Ctrl Pts',(17.4138935029331,44.6933535838496,40.));
#9942=CARTESIAN_POINT('Ctrl Pts',(15.8948117108747,44.6997493173594,40.));
#9943=CARTESIAN_POINT('Ctrl Pts',(14.8230557341727,44.7086215552042,40.));
#9944=CARTESIAN_POINT('Ctrl Pts',(14.1383562493765,44.7163341794418,40.));
#9945=CARTESIAN_POINT('Ctrl Pts',(13.8034578276026,44.7206399658325,40.));
#9946=CARTESIAN_POINT('',(42.6345298975302,42.8603242829816,0.));
#9947=CARTESIAN_POINT('Ctrl Pts',(40.0112940501052,41.8000046918149,-40.));
#9948=CARTESIAN_POINT('Ctrl Pts',(40.0112940501052,41.8000046918149,40.));
#9949=CARTESIAN_POINT('Ctrl Pts',(40.2752854056813,42.0075025122115,-40.));
#9950=CARTESIAN_POINT('Ctrl Pts',(40.2752854056813,42.0075025122115,40.));
#9951=CARTESIAN_POINT('Ctrl Pts',(40.8165724026638,42.3843445125189,-40.));
#9952=CARTESIAN_POINT('Ctrl Pts',(40.8165724026638,42.3843445125189,40.));
#9953=CARTESIAN_POINT('Ctrl Pts',(41.3471215654141,42.6521746704781,-40.));
#9954=CARTESIAN_POINT('Ctrl Pts',(41.3471215654141,42.6521746704781,40.));
#9955=CARTESIAN_POINT('Ctrl Pts',(41.8665106069572,42.8113413068146,-40.));
#9956=CARTESIAN_POINT('Ctrl Pts',(41.8665106069572,42.8113413068146,40.));
#9957=CARTESIAN_POINT('Ctrl Pts',(42.3748267680524,42.8626287259468,-40.));
#9958=CARTESIAN_POINT('Ctrl Pts',(42.3748267680524,42.8626287259468,40.));
#9959=CARTESIAN_POINT('Ctrl Pts',(42.6345298975302,42.8603242829816,-40.));
#9960=CARTESIAN_POINT('Ctrl Pts',(42.6345298975302,42.8603242829816,40.));
#9961=CARTESIAN_POINT('',(40.0112940501052,41.8000046918149,40.));
#9962=CARTESIAN_POINT('Ctrl Pts',(40.0112940501052,41.8000046918149,40.));
#9963=CARTESIAN_POINT('Ctrl Pts',(40.2752854056813,42.0075025122116,40.));
#9964=CARTESIAN_POINT('Ctrl Pts',(40.8165724026638,42.3843445125189,40.));
#9965=CARTESIAN_POINT('Ctrl Pts',(41.3471215654141,42.6521746704781,40.));
#9966=CARTESIAN_POINT('Ctrl Pts',(41.8665106069573,42.8113413068146,40.));
#9967=CARTESIAN_POINT('Ctrl Pts',(42.3748267680524,42.8626287259468,40.));
#9968=CARTESIAN_POINT('Ctrl Pts',(42.6345298975302,42.8603242829816,40.));
#9969=CARTESIAN_POINT('',(40.0112940501052,41.8000046918149,9.));
#9970=CARTESIAN_POINT('',(40.0112940501052,41.8000046918149,0.));
#9971=CARTESIAN_POINT('',(40.0112940501052,41.8000046918149,7.));
#9972=CARTESIAN_POINT('',(40.0112940501052,41.8000046918149,-7.));
#9973=CARTESIAN_POINT('Ctrl Pts',(11.390361027552,42.7731314696419,-40.));
#9974=CARTESIAN_POINT('Ctrl Pts',(11.390361027552,42.7731314696419,40.));
#9975=CARTESIAN_POINT('Ctrl Pts',(11.673187609231,42.8067531008048,-40.));
#9976=CARTESIAN_POINT('Ctrl Pts',(11.673187609231,42.8067531008048,40.));
#9977=CARTESIAN_POINT('Ctrl Pts',(12.270509879566,42.8678051870691,-40.));
#9978=CARTESIAN_POINT('Ctrl Pts',(12.270509879566,42.8678051870691,40.));
#9979=CARTESIAN_POINT('Ctrl Pts',(13.2614762293547,42.940817168055,-40.));
#9980=CARTESIAN_POINT('Ctrl Pts',(13.2614762293547,42.940817168055,40.));
#9981=CARTESIAN_POINT('Ctrl Pts',(14.7743238315809,43.0007000364935,-40.));
#9982=CARTESIAN_POINT('Ctrl Pts',(14.7743238315809,43.0007000364935,40.));
#9983=CARTESIAN_POINT('Ctrl Pts',(16.9808489884008,43.0141562551588,-40.));
#9984=CARTESIAN_POINT('Ctrl Pts',(16.9808489884008,43.0141562551588,40.));
#9985=CARTESIAN_POINT('Ctrl Pts',(19.4805031681942,42.9710767162818,-40.));
#9986=CARTESIAN_POINT('Ctrl Pts',(19.4805031681942,42.9710767162818,40.));
#9987=CARTESIAN_POINT('Ctrl Pts',(22.2093385235634,42.8857055740859,-40.));
#9988=CARTESIAN_POINT('Ctrl Pts',(22.2093385235634,42.8857055740859,40.));
#9989=CARTESIAN_POINT('Ctrl Pts',(25.0617370721902,42.7800579851105,-40.));
#9990=CARTESIAN_POINT('Ctrl Pts',(25.0617370721902,42.7800579851105,40.));
#9991=CARTESIAN_POINT('Ctrl Pts',(27.8318752634892,42.6999899252422,-40.));
#9992=CARTESIAN_POINT('Ctrl Pts',(27.8318752634892,42.6999899252422,40.));
#9993=CARTESIAN_POINT('Ctrl Pts',(30.2937075602827,42.6887584141289,-40.));
#9994=CARTESIAN_POINT('Ctrl Pts',(30.2937075602827,42.6887584141289,40.));
#9995=CARTESIAN_POINT('Ctrl Pts',(32.3940697025037,42.7318615197626,-40.));
#9996=CARTESIAN_POINT('Ctrl Pts',(32.3940697025037,42.7318615197626,40.));
#9997=CARTESIAN_POINT('Ctrl Pts',(34.1443189646133,42.7933232949646,-40.));
#9998=CARTESIAN_POINT('Ctrl Pts',(34.1443189646133,42.7933232949646,40.));
#9999=CARTESIAN_POINT('Ctrl Pts',(35.6139068699485,42.8213471820722,-40.));
#10000=CARTESIAN_POINT('Ctrl Pts',(35.6139068699485,42.8213471820722,40.));
#10001=CARTESIAN_POINT('Ctrl Pts',(36.8864795418773,42.76500283388,-40.));
#10002=CARTESIAN_POINT('Ctrl Pts',(36.8864795418773,42.76500283388,40.));
#10003=CARTESIAN_POINT('Ctrl Pts',(38.0290317630321,42.5888458934468,-40.));
#10004=CARTESIAN_POINT('Ctrl Pts',(38.0290317630321,42.5888458934468,40.));
#10005=CARTESIAN_POINT('Ctrl Pts',(38.8645381100092,42.3412670527917,-40.));
#10006=CARTESIAN_POINT('Ctrl Pts',(38.8645381100092,42.3412670527917,40.));
#10007=CARTESIAN_POINT('Ctrl Pts',(39.4527819552865,42.0942797906483,-40.));
#10008=CARTESIAN_POINT('Ctrl Pts',(39.4527819552865,42.0942797906483,40.));
#10009=CARTESIAN_POINT('Ctrl Pts',(39.8279531631224,41.9026009359188,-40.));
#10010=CARTESIAN_POINT('Ctrl Pts',(39.8279531631224,41.9026009359188,40.));
#10011=CARTESIAN_POINT('Ctrl Pts',(40.0112940501052,41.8000046918149,-40.));
#10012=CARTESIAN_POINT('Ctrl Pts',(40.0112940501052,41.8000046918149,40.));
#10013=CARTESIAN_POINT('',(11.390361027552,42.7731314696419,9.));
#10014=CARTESIAN_POINT('Ctrl Pts',(40.0112940501052,41.8000046918149,9.));
#10015=CARTESIAN_POINT('Ctrl Pts',(39.8279531631224,41.9026009359188,9.));
#10016=CARTESIAN_POINT('Ctrl Pts',(39.4527819552865,42.0942797906483,9.));
#10017=CARTESIAN_POINT('Ctrl Pts',(38.8645381100092,42.3412670527917,9.));
#10018=CARTESIAN_POINT('Ctrl Pts',(38.0290317630321,42.5888458934468,9.));
#10019=CARTESIAN_POINT('Ctrl Pts',(36.8864795418773,42.76500283388,9.));
#10020=CARTESIAN_POINT('Ctrl Pts',(35.6139068699485,42.8213471820722,9.));
#10021=CARTESIAN_POINT('Ctrl Pts',(34.1443189646133,42.7933232949646,9.));
#10022=CARTESIAN_POINT('Ctrl Pts',(32.3940697025037,42.7318615197626,9.));
#10023=CARTESIAN_POINT('Ctrl Pts',(30.2937075602827,42.6887584141289,9.));
#10024=CARTESIAN_POINT('Ctrl Pts',(27.8318752634892,42.6999899252422,9.));
#10025=CARTESIAN_POINT('Ctrl Pts',(25.0617370721902,42.7800579851105,9.));
#10026=CARTESIAN_POINT('Ctrl Pts',(22.2093385235634,42.8857055740859,9.));
#10027=CARTESIAN_POINT('Ctrl Pts',(19.4805031681942,42.9710767162818,9.));
#10028=CARTESIAN_POINT('Ctrl Pts',(16.9808489884008,43.0141562551588,9.));
#10029=CARTESIAN_POINT('Ctrl Pts',(14.7743238315809,43.0007000364935,9.));
#10030=CARTESIAN_POINT('Ctrl Pts',(13.2614762293547,42.940817168055,9.));
#10031=CARTESIAN_POINT('Ctrl Pts',(12.270509879566,42.8678051870691,9.));
#10032=CARTESIAN_POINT('Ctrl Pts',(11.673187609231,42.8067531008048,9.));
#10033=CARTESIAN_POINT('Ctrl Pts',(11.390361027552,42.7731314696419,9.));
#10034=CARTESIAN_POINT('',(11.390361027552,42.7731314696419,40.));
#10035=CARTESIAN_POINT('Ctrl Pts',(11.390361027552,42.7731314696419,40.));
#10036=CARTESIAN_POINT('Ctrl Pts',(11.673187609231,42.8067531008048,40.));
#10037=CARTESIAN_POINT('Ctrl Pts',(12.270509879566,42.8678051870691,40.));
#10038=CARTESIAN_POINT('Ctrl Pts',(13.2614762293547,42.940817168055,40.));
#10039=CARTESIAN_POINT('Ctrl Pts',(14.7743238315809,43.0007000364935,40.));
#10040=CARTESIAN_POINT('Ctrl Pts',(16.9808489884008,43.0141562551588,40.));
#10041=CARTESIAN_POINT('Ctrl Pts',(19.4805031681942,42.9710767162818,40.));
#10042=CARTESIAN_POINT('Ctrl Pts',(22.2093385235634,42.8857055740859,40.));
#10043=CARTESIAN_POINT('Ctrl Pts',(25.0617370721902,42.7800579851105,40.));
#10044=CARTESIAN_POINT('Ctrl Pts',(27.8318752634892,42.6999899252422,40.));
#10045=CARTESIAN_POINT('Ctrl Pts',(30.2937075602827,42.6887584141289,40.));
#10046=CARTESIAN_POINT('Ctrl Pts',(32.3940697025037,42.7318615197626,40.));
#10047=CARTESIAN_POINT('Ctrl Pts',(34.1443189646133,42.7933232949646,40.));
#10048=CARTESIAN_POINT('Ctrl Pts',(35.6139068699485,42.8213471820722,40.));
#10049=CARTESIAN_POINT('Ctrl Pts',(36.8864795418773,42.76500283388,40.));
#10050=CARTESIAN_POINT('Ctrl Pts',(38.0290317630321,42.5888458934468,40.));
#10051=CARTESIAN_POINT('Ctrl Pts',(38.8645381100092,42.3412670527917,40.));
#10052=CARTESIAN_POINT('Ctrl Pts',(39.4527819552865,42.0942797906483,40.));
#10053=CARTESIAN_POINT('Ctrl Pts',(39.8279531631224,41.9026009359188,40.));
#10054=CARTESIAN_POINT('Ctrl Pts',(40.0112940501052,41.8000046918149,40.));
#10055=CARTESIAN_POINT('',(11.390361027552,42.7731314696419,0.));
#10056=CARTESIAN_POINT('Ctrl Pts',(13.8034578276026,44.7206399658325,-40.));
#10057=CARTESIAN_POINT('Ctrl Pts',(13.8034578276026,44.7206399658325,40.));
#10058=CARTESIAN_POINT('Ctrl Pts',(13.3957337086076,44.4072644207699,-40.));
#10059=CARTESIAN_POINT('Ctrl Pts',(13.3957337086076,44.4072644207699,40.));
#10060=CARTESIAN_POINT('Ctrl Pts',(12.9077840270501,44.0245761598214,-40.));
#10061=CARTESIAN_POINT('Ctrl Pts',(12.9077840270501,44.0245761598214,40.));
#10062=CARTESIAN_POINT('Ctrl Pts',(12.4243423555309,43.6361255742616,-40.));
#10063=CARTESIAN_POINT('Ctrl Pts',(12.4243423555309,43.6361255742616,40.));
#10064=CARTESIAN_POINT('Ctrl Pts',(11.9454535821442,43.2418552862745,-40.));
#10065=CARTESIAN_POINT('Ctrl Pts',(11.9454535821442,43.2418552862745,40.));
#10066=CARTESIAN_POINT('Ctrl Pts',(11.4712100243752,42.8416472918379,-40.));
#10067=CARTESIAN_POINT('Ctrl Pts',(11.4712100243752,42.8416472918379,40.));
#10068=CARTESIAN_POINT('Ctrl Pts',(11.3903610850195,42.7731314019146,-40.));
#10069=CARTESIAN_POINT('Ctrl Pts',(11.3903610850195,42.7731314019146,40.));
#10070=CARTESIAN_POINT('',(11.390361027552,42.7731314696419,-7.));
#10071=CARTESIAN_POINT('',(11.390361027552,42.7731314696419,7.));
#10072=CARTESIAN_POINT('Ctrl Pts',(13.8034578276026,44.7206399658325,40.));
#10073=CARTESIAN_POINT('Ctrl Pts',(13.3957337086076,44.4072644207699,40.));
#10074=CARTESIAN_POINT('Ctrl Pts',(12.9077840270501,44.0245761598214,40.));
#10075=CARTESIAN_POINT('Ctrl Pts',(12.4243423555309,43.6361255742616,40.));
#10076=CARTESIAN_POINT('Ctrl Pts',(11.9454535821442,43.2418552862745,40.));
#10077=CARTESIAN_POINT('Ctrl Pts',(11.4712100243752,42.8416472918379,40.));
#10078=CARTESIAN_POINT('Ctrl Pts',(11.3903610850195,42.7731314019146,40.));
#10079=CARTESIAN_POINT('Origin',(27.0124454625411,43.2637455944003,40.));
#10080=CARTESIAN_POINT('Ctrl Pts',(26.1947235815961,8.90701240219714,-7.));
#10081=CARTESIAN_POINT('Ctrl Pts',(26.1947235815961,8.90701240219714,-9.));
#10082=CARTESIAN_POINT('Ctrl Pts',(26.0778162629915,8.69268231808874,-7.));
#10083=CARTESIAN_POINT('Ctrl Pts',(26.0778162629915,8.69268231808874,-9.));
#10084=CARTESIAN_POINT('Ctrl Pts',(25.8313393265596,8.2984668493914,-7.));
#10085=CARTESIAN_POINT('Ctrl Pts',(25.8313393265596,8.2984668493914,-9.));
#10086=CARTESIAN_POINT('Ctrl Pts',(25.4236390751136,7.81047209518339,-7.));
#10087=CARTESIAN_POINT('Ctrl Pts',(25.4236390751136,7.81047209518339,-9.));
#10088=CARTESIAN_POINT('Ctrl Pts',(24.8097069914053,7.354320119617,-7.));
#10089=CARTESIAN_POINT('Ctrl Pts',(24.8097069914053,7.354320119617,-9.));
#10090=CARTESIAN_POINT('Ctrl Pts',(23.9560843342627,7.04240065780579,-7.));
#10091=CARTESIAN_POINT('Ctrl Pts',(23.9560843342627,7.04240065780579,-9.));
#10092=CARTESIAN_POINT('Ctrl Pts',(23.0553150716094,6.90659939905253,-7.));
#10093=CARTESIAN_POINT('Ctrl Pts',(23.0553150716094,6.90659939905253,-9.));
#10094=CARTESIAN_POINT('Ctrl Pts',(22.1467725754945,6.86431740470575,-7.));
#10095=CARTESIAN_POINT('Ctrl Pts',(22.1467725754945,6.86431740470575,-9.));
#10096=CARTESIAN_POINT('Ctrl Pts',(21.2637949287975,6.84481479122637,-7.));
#10097=CARTESIAN_POINT('Ctrl Pts',(21.2637949287975,6.84481479122637,-9.));
#10098=CARTESIAN_POINT('Ctrl Pts',(20.4251534334516,6.80413674276338,-7.));
#10099=CARTESIAN_POINT('Ctrl Pts',(20.4251534334516,6.80413674276338,-9.));
#10100=CARTESIAN_POINT('Ctrl Pts',(19.638115415285,6.72057186815376,-7.));
#10101=CARTESIAN_POINT('Ctrl Pts',(19.638115415285,6.72057186815376,-9.));
#10102=CARTESIAN_POINT('Ctrl Pts',(19.0507293836782,6.61274279406316,-7.));
#10103=CARTESIAN_POINT('Ctrl Pts',(19.0507293836782,6.61274279406316,-9.));
#10104=CARTESIAN_POINT('Ctrl Pts',(18.6332598311678,6.50848857212771,-7.));
#10105=CARTESIAN_POINT('Ctrl Pts',(18.6332598311678,6.50848857212771,-9.));
#10106=CARTESIAN_POINT('Ctrl Pts',(18.3650359131719,6.42875819013624,-7.));
#10107=CARTESIAN_POINT('Ctrl Pts',(18.3650359131719,6.42875819013624,-9.));
#10108=CARTESIAN_POINT('Ctrl Pts',(18.2334461252871,6.38633632986178,-7.));
#10109=CARTESIAN_POINT('Ctrl Pts',(18.2334461252871,6.38633632986178,-9.));
#10110=CARTESIAN_POINT('',(26.1947235815961,8.90701240219714,-7.));
#10111=CARTESIAN_POINT('Ctrl Pts',(26.1947235815961,8.90701240219714,-7.));
#10112=CARTESIAN_POINT('Ctrl Pts',(26.0778162629915,8.69268231808874,-7.));
#10113=CARTESIAN_POINT('Ctrl Pts',(25.8313393265596,8.2984668493914,-7.));
#10114=CARTESIAN_POINT('Ctrl Pts',(25.4236390751136,7.81047209518339,-7.));
#10115=CARTESIAN_POINT('Ctrl Pts',(24.8097069914053,7.354320119617,-7.));
#10116=CARTESIAN_POINT('Ctrl Pts',(23.9560843342627,7.04240065780579,-7.));
#10117=CARTESIAN_POINT('Ctrl Pts',(23.0553150716094,6.90659939905253,-7.));
#10118=CARTESIAN_POINT('Ctrl Pts',(22.1467725754945,6.86431740470575,-7.));
#10119=CARTESIAN_POINT('Ctrl Pts',(21.2637949287975,6.84481479122637,-7.));
#10120=CARTESIAN_POINT('Ctrl Pts',(20.4251534334516,6.80413674276338,-7.));
#10121=CARTESIAN_POINT('Ctrl Pts',(19.638115415285,6.72057186815376,-7.));
#10122=CARTESIAN_POINT('Ctrl Pts',(19.0507293836782,6.61274279406316,-7.));
#10123=CARTESIAN_POINT('Ctrl Pts',(18.6332598311678,6.50848857212771,-7.));
#10124=CARTESIAN_POINT('Ctrl Pts',(18.3650359131719,6.42875819013624,-7.));
#10125=CARTESIAN_POINT('Ctrl Pts',(18.2334461252871,6.38633632986178,-7.));
#10126=CARTESIAN_POINT('',(26.1947235815961,8.90701240219714,-9.));
#10127=CARTESIAN_POINT('Ctrl Pts',(26.1947235815961,8.90701240219714,-9.));
#10128=CARTESIAN_POINT('Ctrl Pts',(26.0778162629915,8.69268231808874,-9.));
#10129=CARTESIAN_POINT('Ctrl Pts',(25.8313393265596,8.2984668493914,-9.));
#10130=CARTESIAN_POINT('Ctrl Pts',(25.4236390751136,7.81047209518339,-9.));
#10131=CARTESIAN_POINT('Ctrl Pts',(24.8097069914053,7.354320119617,-9.));
#10132=CARTESIAN_POINT('Ctrl Pts',(23.9560843342627,7.04240065780579,-9.));
#10133=CARTESIAN_POINT('Ctrl Pts',(23.0553150716094,6.90659939905253,-9.));
#10134=CARTESIAN_POINT('Ctrl Pts',(22.1467725754945,6.86431740470575,-9.));
#10135=CARTESIAN_POINT('Ctrl Pts',(21.2637949287975,6.84481479122637,-9.));
#10136=CARTESIAN_POINT('Ctrl Pts',(20.4251534334516,6.80413674276338,-9.));
#10137=CARTESIAN_POINT('Ctrl Pts',(19.638115415285,6.72057186815376,-9.));
#10138=CARTESIAN_POINT('Ctrl Pts',(19.0507293836782,6.61274279406316,-9.));
#10139=CARTESIAN_POINT('Ctrl Pts',(18.6332598311678,6.50848857212771,-9.));
#10140=CARTESIAN_POINT('Ctrl Pts',(18.3650359131719,6.42875819013624,-9.));
#10141=CARTESIAN_POINT('Ctrl Pts',(18.2334461252871,6.38633632986178,-9.));
#10142=CARTESIAN_POINT('',(26.1947235815961,8.90701240219714,-7.));
#10143=CARTESIAN_POINT('Ctrl Pts',(40.0112940501053,41.8000046918149,-7.));
#10144=CARTESIAN_POINT('Ctrl Pts',(40.0112940501053,41.8000046918149,-9.));
#10145=CARTESIAN_POINT('Ctrl Pts',(39.9930205474229,41.7856416761422,-7.));
#10146=CARTESIAN_POINT('Ctrl Pts',(39.9930205474229,41.7856416761422,-9.));
#10147=CARTESIAN_POINT('Ctrl Pts',(39.6922929418507,41.5474178120178,-7.));
#10148=CARTESIAN_POINT('Ctrl Pts',(39.6922929418507,41.5474178120178,-9.));
#10149=CARTESIAN_POINT('Ctrl Pts',(39.1031055994298,41.0216815598149,-7.));
#10150=CARTESIAN_POINT('Ctrl Pts',(39.1031055994298,41.0216815598149,-9.));
#10151=CARTESIAN_POINT('Ctrl Pts',(38.212151198359,40.0584834865469,-7.));
#10152=CARTESIAN_POINT('Ctrl Pts',(38.212151198359,40.0584834865469,-9.));
#10153=CARTESIAN_POINT('Ctrl Pts',(37.0038293492237,38.4283582165237,-7.));
#10154=CARTESIAN_POINT('Ctrl Pts',(37.0038293492237,38.4283582165237,-9.));
#10155=CARTESIAN_POINT('Ctrl Pts',(35.504586008325,35.9158641797347,-7.));
#10156=CARTESIAN_POINT('Ctrl Pts',(35.504586008325,35.9158641797347,-9.));
#10157=CARTESIAN_POINT('Ctrl Pts',(34.0420437406353,33.0094566564045,-7.));
#10158=CARTESIAN_POINT('Ctrl Pts',(34.0420437406353,33.0094566564045,-9.));
#10159=CARTESIAN_POINT('Ctrl Pts',(32.6729639935839,29.8518064486468,-7.));
#10160=CARTESIAN_POINT('Ctrl Pts',(32.6729639935839,29.8518064486468,-9.));
#10161=CARTESIAN_POINT('Ctrl Pts',(31.4512667862105,26.5976504195643,-7.));
#10162=CARTESIAN_POINT('Ctrl Pts',(31.4512667862105,26.5976504195643,-9.));
#10163=CARTESIAN_POINT('Ctrl Pts',(30.4169946291283,23.3951873992386,-7.));
#10164=CARTESIAN_POINT('Ctrl Pts',(30.4169946291283,23.3951873992386,-9.));
#10165=CARTESIAN_POINT('Ctrl Pts',(29.584405787227,20.3679582250468,-7.));
#10166=CARTESIAN_POINT('Ctrl Pts',(29.584405787227,20.3679582250468,-9.));
#10167=CARTESIAN_POINT('Ctrl Pts',(28.9303804465631,17.5972643991788,-7.));
#10168=CARTESIAN_POINT('Ctrl Pts',(28.9303804465631,17.5972643991788,-9.));
#10169=CARTESIAN_POINT('Ctrl Pts',(28.3776647263987,15.0991189178252,-7.));
#10170=CARTESIAN_POINT('Ctrl Pts',(28.3776647263987,15.0991189178252,-9.));
#10171=CARTESIAN_POINT('Ctrl Pts',(27.8181267587433,12.844831073697,-7.));
#10172=CARTESIAN_POINT('Ctrl Pts',(27.8181267587433,12.844831073697,-9.));
#10173=CARTESIAN_POINT('Ctrl Pts',(27.2759520582675,11.1976135876748,-7.));
#10174=CARTESIAN_POINT('Ctrl Pts',(27.2759520582675,11.1976135876748,-9.));
#10175=CARTESIAN_POINT('Ctrl Pts',(26.7761380400632,10.0290031993439,-7.));
#10176=CARTESIAN_POINT('Ctrl Pts',(26.7761380400632,10.0290031993439,-9.));
#10177=CARTESIAN_POINT('Ctrl Pts',(26.3963002481431,9.27656962420007,-7.));
#10178=CARTESIAN_POINT('Ctrl Pts',(26.3963002481431,9.27656962420007,-9.));
#10179=CARTESIAN_POINT('Ctrl Pts',(26.1947235815961,8.90701240219714,-7.));
#10180=CARTESIAN_POINT('Ctrl Pts',(26.1947235815961,8.90701240219714,-9.));
#10181=CARTESIAN_POINT('Ctrl Pts',(40.0112940501052,41.8000046918149,-7.));
#10182=CARTESIAN_POINT('Ctrl Pts',(39.9930205474229,41.7856416761422,-7.));
#10183=CARTESIAN_POINT('Ctrl Pts',(39.6922929418507,41.5474178120178,-7.));
#10184=CARTESIAN_POINT('Ctrl Pts',(39.1031055994298,41.0216815598149,-7.));
#10185=CARTESIAN_POINT('Ctrl Pts',(38.212151198359,40.0584834865469,-7.));
#10186=CARTESIAN_POINT('Ctrl Pts',(37.0038293492237,38.4283582165237,-7.));
#10187=CARTESIAN_POINT('Ctrl Pts',(35.504586008325,35.9158641797347,-7.));
#10188=CARTESIAN_POINT('Ctrl Pts',(34.0420437406353,33.0094566564045,-7.));
#10189=CARTESIAN_POINT('Ctrl Pts',(32.6729639935839,29.8518064486468,-7.));
#10190=CARTESIAN_POINT('Ctrl Pts',(31.4512667862105,26.5976504195643,-7.));
#10191=CARTESIAN_POINT('Ctrl Pts',(30.4169946291283,23.3951873992386,-7.));
#10192=CARTESIAN_POINT('Ctrl Pts',(29.584405787227,20.3679582250468,-7.));
#10193=CARTESIAN_POINT('Ctrl Pts',(28.9303804465631,17.5972643991788,-7.));
#10194=CARTESIAN_POINT('Ctrl Pts',(28.3776647263987,15.0991189178252,-7.));
#10195=CARTESIAN_POINT('Ctrl Pts',(27.8181267587433,12.844831073697,-7.));
#10196=CARTESIAN_POINT('Ctrl Pts',(27.2759520582675,11.1976135876748,-7.));
#10197=CARTESIAN_POINT('Ctrl Pts',(26.7761380400632,10.0290031993439,-7.));
#10198=CARTESIAN_POINT('Ctrl Pts',(26.3963002481431,9.27656962420007,-7.));
#10199=CARTESIAN_POINT('Ctrl Pts',(26.1947235815961,8.90701240219714,-7.));
#10200=CARTESIAN_POINT('Ctrl Pts',(40.0112940501052,41.8000046918149,-9.));
#10201=CARTESIAN_POINT('Ctrl Pts',(39.9930205474229,41.7856416761422,-9.));
#10202=CARTESIAN_POINT('Ctrl Pts',(39.6922929418507,41.5474178120178,-9.));
#10203=CARTESIAN_POINT('Ctrl Pts',(39.1031055994298,41.0216815598149,-9.));
#10204=CARTESIAN_POINT('Ctrl Pts',(38.212151198359,40.0584834865469,-9.));
#10205=CARTESIAN_POINT('Ctrl Pts',(37.0038293492237,38.4283582165237,-9.));
#10206=CARTESIAN_POINT('Ctrl Pts',(35.504586008325,35.9158641797347,-9.));
#10207=CARTESIAN_POINT('Ctrl Pts',(34.0420437406353,33.0094566564045,-9.));
#10208=CARTESIAN_POINT('Ctrl Pts',(32.6729639935839,29.8518064486468,-9.));
#10209=CARTESIAN_POINT('Ctrl Pts',(31.4512667862105,26.5976504195643,-9.));
#10210=CARTESIAN_POINT('Ctrl Pts',(30.4169946291283,23.3951873992386,-9.));
#10211=CARTESIAN_POINT('Ctrl Pts',(29.584405787227,20.3679582250468,-9.));
#10212=CARTESIAN_POINT('Ctrl Pts',(28.9303804465631,17.5972643991788,-9.));
#10213=CARTESIAN_POINT('Ctrl Pts',(28.3776647263987,15.0991189178252,-9.));
#10214=CARTESIAN_POINT('Ctrl Pts',(27.8181267587433,12.844831073697,-9.));
#10215=CARTESIAN_POINT('Ctrl Pts',(27.2759520582675,11.1976135876748,-9.));
#10216=CARTESIAN_POINT('Ctrl Pts',(26.7761380400632,10.0290031993439,-9.));
#10217=CARTESIAN_POINT('Ctrl Pts',(26.3963002481431,9.27656962420007,-9.));
#10218=CARTESIAN_POINT('Ctrl Pts',(26.1947235815961,8.90701240219714,-9.));
#10219=CARTESIAN_POINT('Ctrl Pts',(-3.06594583836276,24.5565407904187,-7.));
#10220=CARTESIAN_POINT('Ctrl Pts',(-3.06594583836276,24.5565407904187,-9.));
#10221=CARTESIAN_POINT('Ctrl Pts',(-2.79796820155556,25.0485460604938,-7.));
#10222=CARTESIAN_POINT('Ctrl Pts',(-2.79796820155556,25.0485460604938,-9.));
#10223=CARTESIAN_POINT('Ctrl Pts',(-2.25600717847217,26.0248798036406,-7.));
#10224=CARTESIAN_POINT('Ctrl Pts',(-2.25600717847217,26.0248798036406,-9.));
#10225=CARTESIAN_POINT('Ctrl Pts',(-1.42504920184992,27.466351058137,-7.));
#10226=CARTESIAN_POINT('Ctrl Pts',(-1.42504920184992,27.466351058137,-9.));
#10227=CARTESIAN_POINT('Ctrl Pts',(-0.280472565799598,29.3414873426585,
-7.));
#10228=CARTESIAN_POINT('Ctrl Pts',(-0.280472565799598,29.3414873426585,
-9.));
#10229=CARTESIAN_POINT('Ctrl Pts',(1.21549481164427,31.6020068220708,-7.));
#10230=CARTESIAN_POINT('Ctrl Pts',(1.21549481164427,31.6020068220708,-9.));
#10231=CARTESIAN_POINT('Ctrl Pts',(2.78272489511104,33.7714353675303,-7.));
#10232=CARTESIAN_POINT('Ctrl Pts',(2.78272489511104,33.7714353675303,-9.));
#10233=CARTESIAN_POINT('Ctrl Pts',(4.42732859897461,35.8419617558958,-7.));
#10234=CARTESIAN_POINT('Ctrl Pts',(4.42732859897461,35.8419617558958,-9.));
#10235=CARTESIAN_POINT('Ctrl Pts',(6.15316472472761,37.8086535077241,-7.));
#10236=CARTESIAN_POINT('Ctrl Pts',(6.15316472472761,37.8086535077241,-9.));
#10237=CARTESIAN_POINT('Ctrl Pts',(7.8833922056006,39.5978717048045,-7.));
#10238=CARTESIAN_POINT('Ctrl Pts',(7.8833922056006,39.5978717048045,-9.));
#10239=CARTESIAN_POINT('Ctrl Pts',(9.30529378334717,40.9466594521661,-7.));
#10240=CARTESIAN_POINT('Ctrl Pts',(9.30529378334717,40.9466594521661,-9.));
#10241=CARTESIAN_POINT('Ctrl Pts',(10.3788307196867,41.9061959186723,-7.));
#10242=CARTESIAN_POINT('Ctrl Pts',(10.3788307196867,41.9061959186723,-9.));
#10243=CARTESIAN_POINT('Ctrl Pts',(11.0786115612633,42.5089375086665,-7.));
#10244=CARTESIAN_POINT('Ctrl Pts',(11.0786115612633,42.5089375086665,-9.));
#10245=CARTESIAN_POINT('Ctrl Pts',(11.3903610849778,42.7731314018793,-7.));
#10246=CARTESIAN_POINT('Ctrl Pts',(11.3903610849778,42.7731314018793,-9.));
#10247=CARTESIAN_POINT('Ctrl Pts',(-3.06594583836276,24.5565407904187,-7.));
#10248=CARTESIAN_POINT('Ctrl Pts',(-2.79796820155556,25.0485460604938,-7.));
#10249=CARTESIAN_POINT('Ctrl Pts',(-2.25600717847217,26.0248798036406,-7.));
#10250=CARTESIAN_POINT('Ctrl Pts',(-1.42504920184992,27.466351058137,-7.));
#10251=CARTESIAN_POINT('Ctrl Pts',(-0.280472565799598,29.3414873426585,
-7.));
#10252=CARTESIAN_POINT('Ctrl Pts',(1.21549481164427,31.6020068220708,-7.));
#10253=CARTESIAN_POINT('Ctrl Pts',(2.78272489511104,33.7714353675303,-7.));
#10254=CARTESIAN_POINT('Ctrl Pts',(4.42732859897461,35.8419617558958,-7.));
#10255=CARTESIAN_POINT('Ctrl Pts',(6.15316472472761,37.8086535077241,-7.));
#10256=CARTESIAN_POINT('Ctrl Pts',(7.8833922056006,39.5978717048045,-7.));
#10257=CARTESIAN_POINT('Ctrl Pts',(9.30529378334717,40.9466594521661,-7.));
#10258=CARTESIAN_POINT('Ctrl Pts',(10.3788307196867,41.9061959186723,-7.));
#10259=CARTESIAN_POINT('Ctrl Pts',(11.0786115612633,42.5089375086665,-7.));
#10260=CARTESIAN_POINT('Ctrl Pts',(11.3903610849778,42.7731314018793,-7.));
#10261=CARTESIAN_POINT('Ctrl Pts',(-3.06594583836276,24.5565407904187,-9.));
#10262=CARTESIAN_POINT('Ctrl Pts',(-2.79796820155556,25.0485460604938,-9.));
#10263=CARTESIAN_POINT('Ctrl Pts',(-2.25600717847217,26.0248798036406,-9.));
#10264=CARTESIAN_POINT('Ctrl Pts',(-1.42504920184992,27.466351058137,-9.));
#10265=CARTESIAN_POINT('Ctrl Pts',(-0.280472565799598,29.3414873426585,
-9.));
#10266=CARTESIAN_POINT('Ctrl Pts',(1.21549481164427,31.6020068220708,-9.));
#10267=CARTESIAN_POINT('Ctrl Pts',(2.78272489511104,33.7714353675303,-9.));
#10268=CARTESIAN_POINT('Ctrl Pts',(4.42732859897461,35.8419617558958,-9.));
#10269=CARTESIAN_POINT('Ctrl Pts',(6.15316472472761,37.8086535077241,-9.));
#10270=CARTESIAN_POINT('Ctrl Pts',(7.8833922056006,39.5978717048045,-9.));
#10271=CARTESIAN_POINT('Ctrl Pts',(9.30529378334717,40.9466594521661,-9.));
#10272=CARTESIAN_POINT('Ctrl Pts',(10.3788307196867,41.9061959186723,-9.));
#10273=CARTESIAN_POINT('Ctrl Pts',(11.0786115612633,42.5089375086665,-9.));
#10274=CARTESIAN_POINT('Ctrl Pts',(11.3903610849778,42.7731314018793,-9.));
#10275=CARTESIAN_POINT('Origin',(18.4703402250714,24.7002462925103,-7.));
#10276=CARTESIAN_POINT('Origin',(18.4703402250714,24.7002462925103,-9.));
#10277=CARTESIAN_POINT('Ctrl Pts',(11.3903610849778,42.7731314018793,7.));
#10278=CARTESIAN_POINT('Ctrl Pts',(11.3903610849778,42.7731314018793,9.));
#10279=CARTESIAN_POINT('Ctrl Pts',(11.0786115612633,42.5089375086665,7.));
#10280=CARTESIAN_POINT('Ctrl Pts',(11.0786115612633,42.5089375086665,9.));
#10281=CARTESIAN_POINT('Ctrl Pts',(10.3788307196867,41.9061959186723,7.));
#10282=CARTESIAN_POINT('Ctrl Pts',(10.3788307196867,41.9061959186723,9.));
#10283=CARTESIAN_POINT('Ctrl Pts',(9.30529378334717,40.9466594521661,7.));
#10284=CARTESIAN_POINT('Ctrl Pts',(9.30529378334717,40.9466594521661,9.));
#10285=CARTESIAN_POINT('Ctrl Pts',(7.8833922056006,39.5978717048045,7.));
#10286=CARTESIAN_POINT('Ctrl Pts',(7.8833922056006,39.5978717048045,9.));
#10287=CARTESIAN_POINT('Ctrl Pts',(6.15316472472761,37.8086535077241,7.));
#10288=CARTESIAN_POINT('Ctrl Pts',(6.15316472472761,37.8086535077241,9.));
#10289=CARTESIAN_POINT('Ctrl Pts',(4.42732859897461,35.8419617558958,7.));
#10290=CARTESIAN_POINT('Ctrl Pts',(4.42732859897461,35.8419617558958,9.));
#10291=CARTESIAN_POINT('Ctrl Pts',(2.78272489511104,33.7714353675303,7.));
#10292=CARTESIAN_POINT('Ctrl Pts',(2.78272489511104,33.7714353675303,9.));
#10293=CARTESIAN_POINT('Ctrl Pts',(1.21549481164427,31.6020068220708,7.));
#10294=CARTESIAN_POINT('Ctrl Pts',(1.21549481164427,31.6020068220708,9.));
#10295=CARTESIAN_POINT('Ctrl Pts',(-0.280472565799598,29.3414873426585,
7.));
#10296=CARTESIAN_POINT('Ctrl Pts',(-0.280472565799598,29.3414873426585,
9.));
#10297=CARTESIAN_POINT('Ctrl Pts',(-1.42504920184992,27.466351058137,7.));
#10298=CARTESIAN_POINT('Ctrl Pts',(-1.42504920184992,27.466351058137,9.));
#10299=CARTESIAN_POINT('Ctrl Pts',(-2.25600717847217,26.0248798036406,7.));
#10300=CARTESIAN_POINT('Ctrl Pts',(-2.25600717847217,26.0248798036406,9.));
#10301=CARTESIAN_POINT('Ctrl Pts',(-2.79796820155556,25.0485460604938,7.));
#10302=CARTESIAN_POINT('Ctrl Pts',(-2.79796820155556,25.0485460604938,9.));
#10303=CARTESIAN_POINT('Ctrl Pts',(-3.06594583836276,24.5565407904187,7.));
#10304=CARTESIAN_POINT('Ctrl Pts',(-3.06594583836276,24.5565407904187,9.));
#10305=CARTESIAN_POINT('Ctrl Pts',(-3.06594583836276,24.5565407904187,7.));
#10306=CARTESIAN_POINT('Ctrl Pts',(-2.79796820155556,25.0485460604938,7.));
#10307=CARTESIAN_POINT('Ctrl Pts',(-2.25600717847217,26.0248798036406,7.));
#10308=CARTESIAN_POINT('Ctrl Pts',(-1.42504920184992,27.466351058137,7.));
#10309=CARTESIAN_POINT('Ctrl Pts',(-0.280472565799598,29.3414873426585,
7.));
#10310=CARTESIAN_POINT('Ctrl Pts',(1.21549481164427,31.6020068220708,7.));
#10311=CARTESIAN_POINT('Ctrl Pts',(2.78272489511104,33.7714353675303,7.));
#10312=CARTESIAN_POINT('Ctrl Pts',(4.42732859897461,35.8419617558958,7.));
#10313=CARTESIAN_POINT('Ctrl Pts',(6.15316472472761,37.8086535077241,7.));
#10314=CARTESIAN_POINT('Ctrl Pts',(7.8833922056006,39.5978717048045,7.));
#10315=CARTESIAN_POINT('Ctrl Pts',(9.30529378334717,40.9466594521661,7.));
#10316=CARTESIAN_POINT('Ctrl Pts',(10.3788307196867,41.9061959186723,7.));
#10317=CARTESIAN_POINT('Ctrl Pts',(11.0786115612633,42.5089375086665,7.));
#10318=CARTESIAN_POINT('Ctrl Pts',(11.3903610849778,42.7731314018793,7.));
#10319=CARTESIAN_POINT('Ctrl Pts',(11.3903610849778,42.7731314018793,9.));
#10320=CARTESIAN_POINT('Ctrl Pts',(11.0786115612633,42.5089375086665,9.));
#10321=CARTESIAN_POINT('Ctrl Pts',(10.3788307196867,41.9061959186723,9.));
#10322=CARTESIAN_POINT('Ctrl Pts',(9.30529378334717,40.9466594521661,9.));
#10323=CARTESIAN_POINT('Ctrl Pts',(7.8833922056006,39.5978717048045,9.));
#10324=CARTESIAN_POINT('Ctrl Pts',(6.15316472472761,37.8086535077241,9.));
#10325=CARTESIAN_POINT('Ctrl Pts',(4.42732859897461,35.8419617558958,9.));
#10326=CARTESIAN_POINT('Ctrl Pts',(2.78272489511104,33.7714353675303,9.));
#10327=CARTESIAN_POINT('Ctrl Pts',(1.21549481164427,31.6020068220708,9.));
#10328=CARTESIAN_POINT('Ctrl Pts',(-0.280472565799598,29.3414873426585,
9.));
#10329=CARTESIAN_POINT('Ctrl Pts',(-1.42504920184992,27.466351058137,9.));
#10330=CARTESIAN_POINT('Ctrl Pts',(-2.25600717847217,26.0248798036406,9.));
#10331=CARTESIAN_POINT('Ctrl Pts',(-2.79796820155556,25.0485460604938,9.));
#10332=CARTESIAN_POINT('Ctrl Pts',(-3.06594583836276,24.5565407904187,9.));
#10333=CARTESIAN_POINT('Ctrl Pts',(26.1947235815961,8.90701240219714,7.));
#10334=CARTESIAN_POINT('Ctrl Pts',(26.1947235815961,8.90701240219714,9.));
#10335=CARTESIAN_POINT('Ctrl Pts',(26.3963002481431,9.27656962420007,7.));
#10336=CARTESIAN_POINT('Ctrl Pts',(26.3963002481431,9.27656962420007,9.));
#10337=CARTESIAN_POINT('Ctrl Pts',(26.7761380400632,10.0290031993439,7.));
#10338=CARTESIAN_POINT('Ctrl Pts',(26.7761380400632,10.0290031993439,9.));
#10339=CARTESIAN_POINT('Ctrl Pts',(27.2759520582675,11.1976135876748,7.));
#10340=CARTESIAN_POINT('Ctrl Pts',(27.2759520582675,11.1976135876748,9.));
#10341=CARTESIAN_POINT('Ctrl Pts',(27.8181267587433,12.844831073697,7.));
#10342=CARTESIAN_POINT('Ctrl Pts',(27.8181267587433,12.844831073697,9.));
#10343=CARTESIAN_POINT('Ctrl Pts',(28.3776647263987,15.0991189178252,7.));
#10344=CARTESIAN_POINT('Ctrl Pts',(28.3776647263987,15.0991189178252,9.));
#10345=CARTESIAN_POINT('Ctrl Pts',(28.9303804465631,17.5972643991788,7.));
#10346=CARTESIAN_POINT('Ctrl Pts',(28.9303804465631,17.5972643991788,9.));
#10347=CARTESIAN_POINT('Ctrl Pts',(29.584405787227,20.3679582250468,7.));
#10348=CARTESIAN_POINT('Ctrl Pts',(29.584405787227,20.3679582250468,9.));
#10349=CARTESIAN_POINT('Ctrl Pts',(30.4169946291283,23.3951873992386,7.));
#10350=CARTESIAN_POINT('Ctrl Pts',(30.4169946291283,23.3951873992386,9.));
#10351=CARTESIAN_POINT('Ctrl Pts',(31.4512667862105,26.5976504195643,7.));
#10352=CARTESIAN_POINT('Ctrl Pts',(31.4512667862105,26.5976504195643,9.));
#10353=CARTESIAN_POINT('Ctrl Pts',(32.6729639935839,29.8518064486468,7.));
#10354=CARTESIAN_POINT('Ctrl Pts',(32.6729639935839,29.8518064486468,9.));
#10355=CARTESIAN_POINT('Ctrl Pts',(34.0420437406353,33.0094566564045,7.));
#10356=CARTESIAN_POINT('Ctrl Pts',(34.0420437406353,33.0094566564045,9.));
#10357=CARTESIAN_POINT('Ctrl Pts',(35.504586008325,35.9158641797347,7.));
#10358=CARTESIAN_POINT('Ctrl Pts',(35.504586008325,35.9158641797347,9.));
#10359=CARTESIAN_POINT('Ctrl Pts',(37.0038293492237,38.4283582165237,7.));
#10360=CARTESIAN_POINT('Ctrl Pts',(37.0038293492237,38.4283582165237,9.));
#10361=CARTESIAN_POINT('Ctrl Pts',(38.212151198359,40.0584834865469,7.));
#10362=CARTESIAN_POINT('Ctrl Pts',(38.212151198359,40.0584834865469,9.));
#10363=CARTESIAN_POINT('Ctrl Pts',(39.1031055994298,41.0216815598149,7.));
#10364=CARTESIAN_POINT('Ctrl Pts',(39.1031055994298,41.0216815598149,9.));
#10365=CARTESIAN_POINT('Ctrl Pts',(39.6922929418507,41.5474178120178,7.));
#10366=CARTESIAN_POINT('Ctrl Pts',(39.6922929418507,41.5474178120178,9.));
#10367=CARTESIAN_POINT('Ctrl Pts',(39.9930205474229,41.7856416761422,7.));
#10368=CARTESIAN_POINT('Ctrl Pts',(39.9930205474229,41.7856416761422,9.));
#10369=CARTESIAN_POINT('Ctrl Pts',(40.0112940501053,41.8000046918149,7.));
#10370=CARTESIAN_POINT('Ctrl Pts',(40.0112940501053,41.8000046918149,9.));
#10371=CARTESIAN_POINT('',(26.1947235815961,8.90701240219714,7.));
#10372=CARTESIAN_POINT('Ctrl Pts',(40.0112940501052,41.8000046918149,7.));
#10373=CARTESIAN_POINT('Ctrl Pts',(39.9930205474229,41.7856416761422,7.));
#10374=CARTESIAN_POINT('Ctrl Pts',(39.6922929418507,41.5474178120178,7.));
#10375=CARTESIAN_POINT('Ctrl Pts',(39.1031055994298,41.0216815598149,7.));
#10376=CARTESIAN_POINT('Ctrl Pts',(38.212151198359,40.0584834865469,7.));
#10377=CARTESIAN_POINT('Ctrl Pts',(37.0038293492237,38.4283582165237,7.));
#10378=CARTESIAN_POINT('Ctrl Pts',(35.504586008325,35.9158641797347,7.));
#10379=CARTESIAN_POINT('Ctrl Pts',(34.0420437406353,33.0094566564045,7.));
#10380=CARTESIAN_POINT('Ctrl Pts',(32.6729639935839,29.8518064486468,7.));
#10381=CARTESIAN_POINT('Ctrl Pts',(31.4512667862105,26.5976504195643,7.));
#10382=CARTESIAN_POINT('Ctrl Pts',(30.4169946291283,23.3951873992386,7.));
#10383=CARTESIAN_POINT('Ctrl Pts',(29.584405787227,20.3679582250468,7.));
#10384=CARTESIAN_POINT('Ctrl Pts',(28.9303804465631,17.5972643991788,7.));
#10385=CARTESIAN_POINT('Ctrl Pts',(28.3776647263987,15.0991189178252,7.));
#10386=CARTESIAN_POINT('Ctrl Pts',(27.8181267587433,12.844831073697,7.));
#10387=CARTESIAN_POINT('Ctrl Pts',(27.2759520582675,11.1976135876748,7.));
#10388=CARTESIAN_POINT('Ctrl Pts',(26.7761380400632,10.0290031993439,7.));
#10389=CARTESIAN_POINT('Ctrl Pts',(26.3963002481431,9.27656962420007,7.));
#10390=CARTESIAN_POINT('Ctrl Pts',(26.1947235815961,8.90701240219714,7.));
#10391=CARTESIAN_POINT('',(26.1947235815961,8.90701240219714,9.));
#10392=CARTESIAN_POINT('Ctrl Pts',(26.1947235815961,8.90701240219714,9.));
#10393=CARTESIAN_POINT('Ctrl Pts',(26.3963002481431,9.27656962420007,9.));
#10394=CARTESIAN_POINT('Ctrl Pts',(26.7761380400632,10.0290031993439,9.));
#10395=CARTESIAN_POINT('Ctrl Pts',(27.2759520582675,11.1976135876748,9.));
#10396=CARTESIAN_POINT('Ctrl Pts',(27.8181267587433,12.844831073697,9.));
#10397=CARTESIAN_POINT('Ctrl Pts',(28.3776647263987,15.0991189178252,9.));
#10398=CARTESIAN_POINT('Ctrl Pts',(28.9303804465631,17.5972643991788,9.));
#10399=CARTESIAN_POINT('Ctrl Pts',(29.584405787227,20.3679582250468,9.));
#10400=CARTESIAN_POINT('Ctrl Pts',(30.4169946291283,23.3951873992386,9.));
#10401=CARTESIAN_POINT('Ctrl Pts',(31.4512667862105,26.5976504195643,9.));
#10402=CARTESIAN_POINT('Ctrl Pts',(32.6729639935839,29.8518064486468,9.));
#10403=CARTESIAN_POINT('Ctrl Pts',(34.0420437406353,33.0094566564045,9.));
#10404=CARTESIAN_POINT('Ctrl Pts',(35.504586008325,35.9158641797347,9.));
#10405=CARTESIAN_POINT('Ctrl Pts',(37.0038293492237,38.4283582165237,9.));
#10406=CARTESIAN_POINT('Ctrl Pts',(38.212151198359,40.0584834865469,9.));
#10407=CARTESIAN_POINT('Ctrl Pts',(39.1031055994298,41.0216815598149,9.));
#10408=CARTESIAN_POINT('Ctrl Pts',(39.6922929418507,41.5474178120178,9.));
#10409=CARTESIAN_POINT('Ctrl Pts',(39.9930205474229,41.7856416761422,9.));
#10410=CARTESIAN_POINT('Ctrl Pts',(40.0112940501052,41.8000046918149,9.));
#10411=CARTESIAN_POINT('',(26.1947235815961,8.90701240219714,7.));
#10412=CARTESIAN_POINT('Ctrl Pts',(18.2334461252871,6.38633632986178,7.));
#10413=CARTESIAN_POINT('Ctrl Pts',(18.2334461252871,6.38633632986178,9.));
#10414=CARTESIAN_POINT('Ctrl Pts',(18.3650359131719,6.42875819013624,7.));
#10415=CARTESIAN_POINT('Ctrl Pts',(18.3650359131719,6.42875819013624,9.));
#10416=CARTESIAN_POINT('Ctrl Pts',(18.6332598311678,6.50848857212771,7.));
#10417=CARTESIAN_POINT('Ctrl Pts',(18.6332598311678,6.50848857212771,9.));
#10418=CARTESIAN_POINT('Ctrl Pts',(19.0507293836782,6.61274279406316,7.));
#10419=CARTESIAN_POINT('Ctrl Pts',(19.0507293836782,6.61274279406316,9.));
#10420=CARTESIAN_POINT('Ctrl Pts',(19.638115415285,6.72057186815376,7.));
#10421=CARTESIAN_POINT('Ctrl Pts',(19.638115415285,6.72057186815376,9.));
#10422=CARTESIAN_POINT('Ctrl Pts',(20.4251534334516,6.80413674276338,7.));
#10423=CARTESIAN_POINT('Ctrl Pts',(20.4251534334516,6.80413674276338,9.));
#10424=CARTESIAN_POINT('Ctrl Pts',(21.2637949287975,6.84481479122637,7.));
#10425=CARTESIAN_POINT('Ctrl Pts',(21.2637949287975,6.84481479122637,9.));
#10426=CARTESIAN_POINT('Ctrl Pts',(22.1467725754945,6.86431740470575,7.));
#10427=CARTESIAN_POINT('Ctrl Pts',(22.1467725754945,6.86431740470575,9.));
#10428=CARTESIAN_POINT('Ctrl Pts',(23.0553150716094,6.90659939905253,7.));
#10429=CARTESIAN_POINT('Ctrl Pts',(23.0553150716094,6.90659939905253,9.));
#10430=CARTESIAN_POINT('Ctrl Pts',(23.9560843342627,7.04240065780579,7.));
#10431=CARTESIAN_POINT('Ctrl Pts',(23.9560843342627,7.04240065780579,9.));
#10432=CARTESIAN_POINT('Ctrl Pts',(24.8097069914053,7.354320119617,7.));
#10433=CARTESIAN_POINT('Ctrl Pts',(24.8097069914053,7.354320119617,9.));
#10434=CARTESIAN_POINT('Ctrl Pts',(25.4236390751136,7.81047209518339,7.));
#10435=CARTESIAN_POINT('Ctrl Pts',(25.4236390751136,7.81047209518339,9.));
#10436=CARTESIAN_POINT('Ctrl Pts',(25.8313393265596,8.2984668493914,7.));
#10437=CARTESIAN_POINT('Ctrl Pts',(25.8313393265596,8.2984668493914,9.));
#10438=CARTESIAN_POINT('Ctrl Pts',(26.0778162629915,8.69268231808874,7.));
#10439=CARTESIAN_POINT('Ctrl Pts',(26.0778162629915,8.69268231808874,9.));
#10440=CARTESIAN_POINT('Ctrl Pts',(26.1947235815961,8.90701240219714,7.));
#10441=CARTESIAN_POINT('Ctrl Pts',(26.1947235815961,8.90701240219714,9.));
#10442=CARTESIAN_POINT('Ctrl Pts',(26.1947235815961,8.90701240219714,7.));
#10443=CARTESIAN_POINT('Ctrl Pts',(26.0778162629915,8.69268231808874,7.));
#10444=CARTESIAN_POINT('Ctrl Pts',(25.8313393265596,8.2984668493914,7.));
#10445=CARTESIAN_POINT('Ctrl Pts',(25.4236390751136,7.81047209518339,7.));
#10446=CARTESIAN_POINT('Ctrl Pts',(24.8097069914053,7.354320119617,7.));
#10447=CARTESIAN_POINT('Ctrl Pts',(23.9560843342627,7.04240065780579,7.));
#10448=CARTESIAN_POINT('Ctrl Pts',(23.0553150716094,6.90659939905253,7.));
#10449=CARTESIAN_POINT('Ctrl Pts',(22.1467725754945,6.86431740470575,7.));
#10450=CARTESIAN_POINT('Ctrl Pts',(21.2637949287975,6.84481479122637,7.));
#10451=CARTESIAN_POINT('Ctrl Pts',(20.4251534334516,6.80413674276338,7.));
#10452=CARTESIAN_POINT('Ctrl Pts',(19.638115415285,6.72057186815376,7.));
#10453=CARTESIAN_POINT('Ctrl Pts',(19.0507293836782,6.61274279406316,7.));
#10454=CARTESIAN_POINT('Ctrl Pts',(18.6332598311678,6.50848857212771,7.));
#10455=CARTESIAN_POINT('Ctrl Pts',(18.3650359131719,6.42875819013624,7.));
#10456=CARTESIAN_POINT('Ctrl Pts',(18.2334461252871,6.38633632986178,7.));
#10457=CARTESIAN_POINT('Ctrl Pts',(18.2334461252871,6.38633632986178,9.));
#10458=CARTESIAN_POINT('Ctrl Pts',(18.3650359131719,6.42875819013624,9.));
#10459=CARTESIAN_POINT('Ctrl Pts',(18.6332598311678,6.50848857212771,9.));
#10460=CARTESIAN_POINT('Ctrl Pts',(19.0507293836782,6.61274279406316,9.));
#10461=CARTESIAN_POINT('Ctrl Pts',(19.638115415285,6.72057186815376,9.));
#10462=CARTESIAN_POINT('Ctrl Pts',(20.4251534334516,6.80413674276338,9.));
#10463=CARTESIAN_POINT('Ctrl Pts',(21.2637949287975,6.84481479122637,9.));
#10464=CARTESIAN_POINT('Ctrl Pts',(22.1467725754945,6.86431740470575,9.));
#10465=CARTESIAN_POINT('Ctrl Pts',(23.0553150716094,6.90659939905253,9.));
#10466=CARTESIAN_POINT('Ctrl Pts',(23.9560843342627,7.04240065780579,9.));
#10467=CARTESIAN_POINT('Ctrl Pts',(24.8097069914053,7.354320119617,9.));
#10468=CARTESIAN_POINT('Ctrl Pts',(25.4236390751136,7.81047209518339,9.));
#10469=CARTESIAN_POINT('Ctrl Pts',(25.8313393265596,8.2984668493914,9.));
#10470=CARTESIAN_POINT('Ctrl Pts',(26.0778162629915,8.69268231808874,9.));
#10471=CARTESIAN_POINT('Ctrl Pts',(26.1947235815961,8.90701240219714,9.));
#10472=CARTESIAN_POINT('Origin',(18.4703402250714,24.7002462925103,9.));
#10473=CARTESIAN_POINT('Origin',(18.4703402250714,24.7002462925103,7.));
#10474=UNCERTAINTY_MEASURE_WITH_UNIT(LENGTH_MEASURE(0.01),#10478,
'DISTANCE_ACCURACY_VALUE',
'Maximum model space distance between geometric entities at asserted c
onnectivities');
#10475=UNCERTAINTY_MEASURE_WITH_UNIT(LENGTH_MEASURE(0.01),#10478,
'DISTANCE_ACCURACY_VALUE',
'Maximum model space distance between geometric entities at asserted c
onnectivities');
#10476=(
GEOMETRIC_REPRESENTATION_CONTEXT(3)
GLOBAL_UNCERTAINTY_ASSIGNED_CONTEXT((#10474))
GLOBAL_UNIT_ASSIGNED_CONTEXT((#10478,#10480,#10481))
REPRESENTATION_CONTEXT('','3D')
);
#10477=(
GEOMETRIC_REPRESENTATION_CONTEXT(3)
GLOBAL_UNCERTAINTY_ASSIGNED_CONTEXT((#10475))
GLOBAL_UNIT_ASSIGNED_CONTEXT((#10478,#10480,#10481))
REPRESENTATION_CONTEXT('','3D')
);
#10478=(
LENGTH_UNIT()
NAMED_UNIT(*)
SI_UNIT(.MILLI.,.METRE.)
);
#10479=(
LENGTH_UNIT()
NAMED_UNIT(*)
SI_UNIT($,.METRE.)
);
#10480=(
NAMED_UNIT(*)
PLANE_ANGLE_UNIT()
SI_UNIT($,.RADIAN.)
);
#10481=(
NAMED_UNIT(*)
SI_UNIT($,.STERADIAN.)
SOLID_ANGLE_UNIT()
);
#10482=SHAPE_DEFINITION_REPRESENTATION(#10483,#10484);
#10483=PRODUCT_DEFINITION_SHAPE('',$,#10486);
#10484=SHAPE_REPRESENTATION('',(#2040,#2027),#10476);
#10485=PRODUCT_DEFINITION_CONTEXT('part definition',#10490,'design');
#10486=PRODUCT_DEFINITION('2026-06-13-13-54-39-724','\X\FCst-kapak',#10487,
#10485);
#10487=PRODUCT_DEFINITION_FORMATION('',$,#10492);
#10488=PRODUCT_RELATED_PRODUCT_CATEGORY('\X\FCst-kapak','\X\FCst-kapak',
(#10492));
#10489=APPLICATION_PROTOCOL_DEFINITION('international standard',
'automotive_design',2009,#10490);
#10490=APPLICATION_CONTEXT(
'Core Data for Automotive Mechanical Design Process');
#10491=PRODUCT_CONTEXT('part definition',#10490,'mechanical');
#10492=PRODUCT('2026-06-13-13-54-39-724','\X\FCst-kapak',$,(#10491));
#10493=PRESENTATION_STYLE_ASSIGNMENT((#10494));
#10494=SURFACE_STYLE_USAGE(.BOTH.,#10495);
#10495=SURFACE_SIDE_STYLE('',(#10496));
#10496=SURFACE_STYLE_FILL_AREA(#10497);
#10497=FILL_AREA_STYLE('Plastik - Parlak (K\X2\0131\X0\rm\X2\0131\X0\z
\X2\0131\X0\)',(#10498));
#10498=FILL_AREA_STYLE_COLOUR('Plastik - Parlak (K\X2\0131\X0\rm\X2\0131\X0\z
\X2\0131\X0\)',#10499);
#10499=COLOUR_RGB('Plastik - Parlak (K\X2\0131\X0\rm\X2\0131\X0\z\X2\0131\X0\)',
0.768627450980392,0.207843137254902,0.152941176470588);
ENDSEC;
END-ISO-10303-21;
